jurisdiction_name,date_collected,document_reference,document_name,agency_name,parent_agency_name,cluster_name,document_id,restrictions,words,shall,must,may_not,prohibited,required,sentence_length,shannon_entropy,conditionals_per_100_sentences,long_word_score_sq
Montana,2020-05-28,"Administration, Chapter 1",organizational rule,administration,,Administration,2300000394,0,3099,0,0,0,0,0,20.0,8.84,1.3605442176870748,44.24913971094288
Montana,2020-05-28,"Administration, Chapter 11",general services division,administration,,Administration,2300000399,2,789,1,0,1,0,0,19.0,7.59,17.94871794871795,33.25271317829457
Montana,2020-05-28,"Administration, Chapter 12",state information technology services division,administration,,Administration,2300000400,12,2183,9,2,0,0,1,29.0,7.95,22.22222222222222,41.80596260737747
Montana,2020-05-28,"Administration, Chapter 13",telecommunications bureau,administration,,Administration,2300000401,56,4269,33,20,0,0,3,23.0,8.04,17.058823529411764,40.41446808510639
Montana,2020-05-28,"Administration, Chapter 2",procedural rules,administration,,Administration,2300000395,0,186,0,0,0,0,0,17.0,5.8,0.0,33.29245283018868
Montana,2020-05-28,"Administration, Chapter 21",state human resources division,administration,,Administration,2300000402,374,28510,221,89,27,3,34,24.0,9.51,22.484134179510427,37.561690938511326
Montana,2020-05-28,"Administration, Chapter 4",state financial services division,administration,,Administration,2300000396,76,4456,31,19,1,0,25,25.0,8.45,20.0,36.17910848549946
Montana,2020-05-28,"Administration, Chapter 43",public employees retirement board,administration,,Administration,2300000403,360,36905,63,209,34,1,53,23.0,9.15,19.312714776632305,32.413596124937364
Montana,2020-05-28,"Administration, Chapter 44",teachers retirement board,administration,,Administration,2300000404,92,9213,35,36,7,0,14,23.0,8.88,18.47826086956521,33.4349619698337
Montana,2020-05-28,"Administration, Chapter 5",state procurement,administration,,Administration,2300000397,149,12360,58,60,5,0,26,21.0,9.04,21.402877697841728,35.149604045415515
Montana,2020-05-28,"Administration, Chapter 51",state tax appeal board,administration,,Administration,2300000405,8,588,8,0,0,0,0,18.0,6.57,27.58620689655172,28.99581589958159
Montana,2020-05-28,"Administration, Chapter 53",board of examiners,administration,,Administration,2300000406,0,312,0,0,0,0,0,17.0,6.47,0.0,33.35514018691589
Montana,2020-05-28,"Administration, Chapter 55",state compensation insurance fund,administration,,Administration,2300000407,77,7678,56,17,2,0,2,22.0,8.85,14.506172839506174,33.62220484753714
Montana,2020-05-28,"Administration, Chapter 59",banking and financial institutions,administration,,Administration,2300000408,493,40603,217,178,32,8,58,31.0,9.82,26.12244897959184,34.18835886460915
Montana,2020-05-28,"Administration, Chapter 6",risk management and tort defense division,administration,,Administration,2300000398,17,1729,4,3,3,0,7,32.0,7.67,30.0,32.872950819672134
Montana,2020-05-28,"Administration, Chapter 60",state banking board,administration,,Administration,2300000409,47,4451,21,19,0,0,7,24.0,8.56,12.06896551724138,33.909707724425886
Montana,2020-05-28,"Administration, Chapter 63",montana state lottery commission,administration,,Administration,2300000410,77,6907,43,15,8,7,4,21.0,8.4,9.966777408637874,30.97530644874756
Montana,2020-05-28,"Administration, Chapter 65",burial preservation board,administration,,Administration,2300000411,53,3916,41,11,1,0,0,32.0,8.37,31.57894736842105,36.00821596244131
Montana,2020-05-28,"Administration, Chapter 67",board of county printing,administration,,Administration,2300000412,9,648,5,3,1,0,0,12.0,7.23,6.122448979591836,29.795454545454547
Montana,2020-05-28,"Administration, Chapter 69",office of the state public defender,administration,,Administration,2300000413,17,999,8,2,0,0,7,17.0,7.54,9.615384615384617,38.8706338939198
Montana,2020-05-28,"Agriculture, Chapter 1",organizational rule,agriculture,,"Industry, Commerce, and Development",2300000414,0,841,0,0,0,0,0,16.0,7.39,2.0408163265306123,42.01081081081081
Montana,2020-05-28,"Agriculture, Chapter 10",agricultural sciences division,agriculture,,"Industry, Commerce, and Development",2300000423,534,29284,236,183,7,6,102,23.0,9.72,11.276948590381426,39.34135966578048
Montana,2020-05-28,"Agriculture, Chapter 11",environmental management,agriculture,,"Industry, Commerce, and Development",2300000424,79,8822,52,6,4,0,17,19.0,8.63,8.904109589041095,37.45166843220339
Montana,2020-05-28,"Agriculture, Chapter 12",agricultural sciences division,agriculture,,"Industry, Commerce, and Development",2300000425,866,47907,673,92,2,19,80,22.0,10.31,16.69921875,33.73069460613116
Montana,2020-05-28,"Agriculture, Chapter 13",state grain laboratory division,agriculture,,"Industry, Commerce, and Development",2300000426,8,2996,4,3,0,0,1,28.0,8.5,22.22222222222222,34.67378640776699
Montana,2020-05-28,"Agriculture, Chapter 14",montana agricultural loan authority,agriculture,,"Industry, Commerce, and Development",2300000427,36,3474,11,19,3,0,3,22.0,8.21,7.38255033557047,35.507879185817465
Montana,2020-05-28,"Agriculture, Chapter 16",montana agriculture development council,agriculture,,"Industry, Commerce, and Development",2300000428,20,2174,7,9,1,0,3,20.0,7.94,12.903225806451612,32.84504504504505
Montana,2020-05-28,"Agriculture, Chapter 17",organic program,agriculture,,"Industry, Commerce, and Development",2300000429,80,5373,24,44,1,6,5,24.0,8.72,18.867924528301888,37.91392670157068
Montana,2020-05-28,"Agriculture, Chapter 19",industrial hemp program,agriculture,,"Industry, Commerce, and Development",2300000430,19,2215,0,11,1,0,7,21.0,8.18,11.458333333333332,33.16740576496674
Montana,2020-05-28,"Agriculture, Chapter 2",procedural rules,agriculture,,"Industry, Commerce, and Development",2300000415,149,9388,74,43,4,1,27,26.0,8.73,32.84023668639053,35.1235530356721
Montana,2020-05-28,"Agriculture, Chapter 20",mediation services,agriculture,,"Industry, Commerce, and Development",2300000431,2,526,0,2,0,0,0,16.0,6.11,22.22222222222222,30.27953890489913
Montana,2020-05-28,"Agriculture, Chapter 21",montana pulse crop committee,agriculture,,"Industry, Commerce, and Development",2300000432,35,1621,31,2,0,1,1,19.0,7.53,8.0,33.0786699107867
Montana,2020-05-28,"Agriculture, Chapter 22",analytical laboratory,agriculture,,"Industry, Commerce, and Development",2300000433,2,655,0,1,1,0,0,41.0,6.86,0.0,26.90566037735849
Montana,2020-05-28,"Agriculture, Chapter 23",student loan assistance program,agriculture,,"Industry, Commerce, and Development",2300000434,6,519,0,5,0,0,1,21.0,7.03,4.761904761904762,41.17293233082707
Montana,2020-05-28,"Agriculture, Chapter 3",agricultural development division,agriculture,,"Industry, Commerce, and Development",2300000416,59,2410,35,18,0,0,6,17.0,7.87,6.0606060606060606,35.73878758008871
Montana,2020-05-28,"Agriculture, Chapter 4",hail insurance program,agriculture,,"Industry, Commerce, and Development",2300000417,25,2101,15,7,1,0,2,22.0,7.76,27.906976744186046,26.22898903775883
Montana,2020-05-28,"Agriculture, Chapter 5",noxious weed management,agriculture,,"Industry, Commerce, and Development",2300000418,89,7794,36,36,2,0,15,21.0,9.17,12.957746478873238,35.69790436835891
Montana,2020-05-28,"Agriculture, Chapter 6",commodity research and market development program,agriculture,,"Industry, Commerce, and Development",2300000419,15,979,10,5,0,0,0,22.0,7.65,7.317073170731707,35.40243902439025
Montana,2020-05-28,"Agriculture, Chapter 7",marketing program,agriculture,,"Industry, Commerce, and Development",2300000420,11,393,9,1,0,0,1,22.0,6.42,12.5,32.03529411764706
Montana,2020-05-28,"Agriculture, Chapter 8",alfalfa seed committee,agriculture,,"Industry, Commerce, and Development",2300000421,24,1139,22,2,0,0,0,13.0,7.51,6.41025641025641,30.174282678002125
Montana,2020-05-28,"Agriculture, Chapter 9",wheat research and marketing committee,agriculture,,"Industry, Commerce, and Development",2300000422,33,1875,29,2,0,1,1,14.0,7.84,5.982905982905983,32.07409879839786
Montana,2020-05-28,"Commerce, Chapter 1",organizational rule,commerce,,"Industry, Commerce, and Development",2300000440,0,600,0,0,0,0,0,12.0,7.22,2.2222222222222223,42.64331210191083
Montana,2020-05-28,"Commerce, Chapter 101",coal board,commerce,,"Industry, Commerce, and Development",2300000446,13,1950,5,7,0,0,1,14.0,8.03,2.459016393442623,33.34640522875817
Montana,2020-05-28,"Commerce, Chapter 104",hard rock mining impact board,commerce,,"Industry, Commerce, and Development",2300000447,79,5152,13,47,3,0,16,23.0,8.32,13.658536585365855,30.65775996437319
Montana,2020-05-28,"Commerce, Chapter 111",board of housing,commerce,,"Industry, Commerce, and Development",2300000448,127,14270,48,55,5,0,19,24.0,9.06,12.56637168141593,33.04296621182586
Montana,2020-05-28,"Commerce, Chapter 112",montana heritage preservation and development commission,commerce,,"Industry, Commerce, and Development",2300000449,23,2301,15,5,0,0,3,22.0,7.74,11.34020618556701,34.68358974358974
Montana,2020-05-28,"Commerce, Chapter 119",montana promotion division,commerce,,"Industry, Commerce, and Development",2300000450,21,3817,12,8,0,0,1,34.0,8.52,17.92452830188679,40.35604523050159
Montana,2020-05-28,"Commerce, Chapter 120",montana health facility authority,commerce,,"Industry, Commerce, and Development",2300000451,3,835,1,1,0,0,1,14.0,7.42,10.909090909090908,35.65315315315316
Montana,2020-05-28,"Commerce, Chapter 2",department rules,commerce,,"Industry, Commerce, and Development",2300000441,164,10452,83,45,5,1,30,29.0,8.85,34.39306358381503,35.53532579997888
Montana,2020-05-28,"Commerce, Chapter 22",board of horse racing,commerce,,"Industry, Commerce, and Development",2300000442,1472,68387,1184,200,11,9,68,21.0,9.57,18.678815489749432,28.83954131291816
Montana,2020-05-28,"Commerce, Chapter 94",community development division,commerce,,"Industry, Commerce, and Development",2300000443,1,2846,0,1,0,0,0,22.0,7.68,0.0,41.97922077922078
Montana,2020-05-28,"Commerce, Chapter 97",board of investments,commerce,,"Industry, Commerce, and Development",2300000444,119,11725,58,35,5,0,21,25.0,8.95,17.88235294117647,33.89580850218514
Montana,2020-05-28,"Commerce, Chapter 99",montana office of tourism and business development division,commerce,,"Industry, Commerce, and Development",2300000445,95,8179,64,16,6,0,9,27.0,8.6,11.846689895470384,36.84650972921486
Montana,2020-05-28,"Corrections, Chapter 1",organizational rule,corrections,,"Security, Justice, and Corrections",2300000537,0,983,0,0,0,0,0,12.0,7.69,1.2987012987012987,43.76674107142857
Montana,2020-05-28,"Corrections, Chapter 12",restitution,corrections,,"Security, Justice, and Corrections",2300000542,22,1201,22,0,0,0,0,26.0,7.36,13.953488372093023,35.85878962536023
Montana,2020-05-28,"Corrections, Chapter 13",offender financial transactions,corrections,,"Security, Justice, and Corrections",2300000543,12,1664,7,2,1,0,2,33.0,8.23,20.833333333333336,35.693943298969074
Montana,2020-05-28,"Corrections, Chapter 15",clinical services,corrections,,"Security, Justice, and Corrections",2300000544,3,650,0,2,1,0,0,30.0,6.87,10.526315789473683,33.79690522243714
Montana,2020-05-28,"Corrections, Chapter 2",overall department rules,corrections,,"Security, Justice, and Corrections",2300000538,1,230,1,0,0,0,0,16.0,6.26,0.0,33.874213836477985
Montana,2020-05-28,"Corrections, Chapter 24",board of crime control,corrections,,"Security, Justice, and Corrections",2300000545,46,3925,16,25,1,1,3,16.0,8.06,5.14018691588785,31.226015705018774
Montana,2020-05-28,"Corrections, Chapter 25",board of pardons and parole,corrections,,"Security, Justice, and Corrections",2300000546,119,12809,38,56,12,4,9,25.0,8.8,36.28865979381443,33.36378551075037
Montana,2020-05-28,"Corrections, Chapter 26",education of exonerated persons,corrections,,"Security, Justice, and Corrections",2300000547,6,995,0,6,0,0,0,32.0,7.22,10.344827586206897,38.05411499436302
Montana,2020-05-28,"Corrections, Chapter 27",private correctional facilities,corrections,,"Security, Justice, and Corrections",2300000548,148,6393,25,116,4,0,3,23.0,8.47,9.448818897637794,36.11289733284618
Montana,2020-05-28,"Corrections, Chapter 28",regional correctional facilities,corrections,,"Security, Justice, and Corrections",2300000549,66,6198,8,53,2,0,3,31.0,8.88,17.94871794871795,36.859926918392205
Montana,2020-05-28,"Corrections, Chapter 4",management of offenders,corrections,,"Security, Justice, and Corrections",2300000539,3,610,3,0,0,0,0,54.0,7.65,27.27272727272727,34.00192307692308
Montana,2020-05-28,"Corrections, Chapter 7",community corrections division,corrections,,"Security, Justice, and Corrections",2300000540,157,9023,76,58,9,5,9,26.0,9.03,12.195121951219512,36.59589126894651
Montana,2020-05-28,"Corrections, Chapter 9",youth services,corrections,,"Security, Justice, and Corrections",2300000541,406,18949,97,265,23,7,14,27.0,9.41,20.958083832335326,35.24086524408068
Montana,2020-05-28,"Education, Chapter 1",organizational rule,education,,Primary and Secondary Education,2300000452,0,322,0,0,0,0,0,12.0,6.78,4.166666666666666,43.4029304029304
Montana,2020-05-28,"Education, Chapter 10",special accounting practices,education,,Primary and Secondary Education,2300000456,214,14426,113,71,16,0,14,25.0,8.73,18.51851851851852,34.87133404133649
Montana,2020-05-28,"Education, Chapter 101",organizational and procedural rules,education,,Primary and Secondary Education,2300000484,15,867,15,0,0,0,0,17.0,7.54,4.25531914893617,34.14383561643836
Montana,2020-05-28,"Education, Chapter 102",substantive rules,education,,Primary and Secondary Education,2300000485,89,8806,78,9,1,0,1,27.0,8.55,7.947019867549669,34.9616515232496
Montana,2020-05-28,"Education, Chapter 11",oil and gas production taxes,education,,Primary and Secondary Education,2300000457,5,1512,1,4,0,0,0,31.0,7.49,2.127659574468085,33.64196625091709
Montana,2020-05-28,"Education, Chapter 111",montana arts council,education,,Primary and Secondary Education,2300000486,41,2675,14,21,2,0,4,21.0,8.74,9.243697478991598,35.43547726341663
Montana,2020-05-28,"Education, Chapter 120",organizational rule,education,,Primary and Secondary Education,2300000487,0,964,0,0,0,0,0,28.0,7.9,0.0,44.26158940397351
Montana,2020-05-28,"Education, Chapter 121",procedural rules,education,,Primary and Secondary Education,2300000488,132,7168,104,16,3,0,9,21.0,9.17,18.04281345565749,35.80542289323679
Montana,2020-05-28,"Education, Chapter 13",traffic education,education,,Primary and Secondary Education,2300000458,78,6268,37,25,0,0,16,38.0,8.85,10.828025477707008,38.171981181390485
Montana,2020-05-28,"Education, Chapter 15",definitions,education,,Primary and Secondary Education,2300000459,3,2860,0,1,1,0,1,25.0,8.04,12.149532710280374,33.05755677368833
Montana,2020-05-28,"Education, Chapter 16",special education,education,,Primary and Secondary Education,2300000460,338,25162,192,93,12,2,39,26.0,9.33,19.122609673790777,38.593208625138224
Montana,2020-05-28,"Education, Chapter 2",procedural rules,education,,Primary and Secondary Education,2300000453,0,65,0,0,0,0,0,8.0,5.4,0.0,34.0
Montana,2020-05-28,"Education, Chapter 20",average number belonging,education,,Primary and Secondary Education,2300000461,34,5704,12,8,4,0,10,33.0,8.13,25.465838509316768,32.63654340518094
Montana,2020-05-28,"Education, Chapter 21",gtba and funding components,education,,Primary and Secondary Education,2300000462,21,5023,5,14,1,0,1,25.0,7.75,13.661202185792352,33.00348605577689
Montana,2020-05-28,"Education, Chapter 22",spending and reserve limits,education,,Primary and Secondary Education,2300000463,27,3253,11,13,3,0,0,28.0,7.83,12.962962962962962,32.031813361611874
Montana,2020-05-28,"Education, Chapter 23",permissive and voted amounts and levies,education,,Primary and Secondary Education,2300000464,10,1801,3,6,1,0,0,24.0,7.59,7.462686567164178,30.515295717199184
Montana,2020-05-28,"Education, Chapter 30",school structure and classification,education,,Primary and Secondary Education,2300000465,29,3272,16,11,0,0,2,33.0,8.04,25.555555555555557,33.18480565371025
Montana,2020-05-28,"Education, Chapter 41",career and vocational technical education,education,,Primary and Secondary Education,2300000466,61,3827,39,13,0,0,9,16.0,7.8,3.3653846153846154,39.70447180816591
Montana,2020-05-28,"Education, Chapter 51",organizational rules,education,,Primary and Secondary Education,2300000467,2,805,0,1,1,0,0,16.0,7.34,0.0,37.91690544412607
Montana,2020-05-28,"Education, Chapter 52",procedural rules,education,,Primary and Secondary Education,2300000468,0,247,0,0,0,0,0,11.0,6.35,5.555555555555555,31.679738562091504
Montana,2020-05-28,"Education, Chapter 53",content standards,education,,Primary and Secondary Education,2300000469,25,68961,7,9,1,0,8,70.0,9.99,32.07150368033649,36.3508766594182
Montana,2020-05-28,"Education, Chapter 54",content standards and performance descriptors,education,,Primary and Secondary Education,2300000470,46,38090,6,35,0,0,5,24.0,8.41,5.17120894479385,40.54824233358265
Montana,2020-05-28,"Education, Chapter 55",standards of accreditation,education,,Primary and Secondary Education,2300000471,293,18553,229,28,2,8,26,24.0,9.26,9.9023709902371,39.571482223335
Montana,2020-05-28,"Education, Chapter 56",assessment,education,,Primary and Secondary Education,2300000472,19,1159,16,2,1,0,0,12.0,7.57,5.681818181818182,40.13903192584964
Montana,2020-05-28,"Education, Chapter 57",educator licensure,education,,Primary and Secondary Education,2300000473,151,16612,75,56,3,0,17,17.0,8.69,6.285714285714287,36.4124655596098
Montana,2020-05-28,"Education, Chapter 58",professional educator preparation program standards,education,,Primary and Secondary Education,2300000474,34,25298,25,4,0,0,5,70.0,9.6,4.651162790697675,47.95716044665223
Montana,2020-05-28,"Education, Chapter 59",school for the deaf and blind foundation,education,,Primary and Secondary Education,2300000475,5,378,4,1,0,0,0,18.0,6.59,0.0,31.753246753246756
Montana,2020-05-28,"Education, Chapter 6",rules of procedure for all school controversy contested cases before the county superintendents of the state of montana,education,,Primary and Secondary Education,2300000454,75,4224,65,5,1,0,4,20.0,7.91,9.375,33.54908579465541
Montana,2020-05-28,"Education, Chapter 60",special education,education,,Primary and Secondary Education,2300000476,9,434,9,0,0,0,0,12.0,6.68,0.0,36.16176470588236
Montana,2020-05-28,"Education, Chapter 61",montana school for the deaf and blind,education,,Primary and Secondary Education,2300000477,33,1747,25,7,0,0,1,16.0,8.0,12.871287128712872,34.806515957446805
Montana,2020-05-28,"Education, Chapter 63",early childhood education,education,,Primary and Secondary Education,2300000478,25,3465,19,5,0,0,1,46.0,8.75,6.944444444444445,42.94853875476493
Montana,2020-05-28,"Education, Chapter 64",transportation,education,,Primary and Secondary Education,2300000479,5,1038,1,2,1,0,1,16.0,7.97,11.666666666666666,33.5140607424072
Montana,2020-05-28,"Education, Chapter 65",hours and days of instruction,education,,Primary and Secondary Education,2300000480,17,1304,11,3,1,0,2,25.0,7.62,12.244897959183673,37.91982378854625
Montana,2020-05-28,"Education, Chapter 66",adult secondary education credentials,education,,Primary and Secondary Education,2300000481,19,2197,6,9,0,0,4,20.0,7.88,10.891089108910892,36.29476584022039
Montana,2020-05-28,"Education, Chapter 67",policy establishing state aid distribution schedule for public school districts,education,,Primary and Secondary Education,2300000482,40,1754,33,4,1,0,2,27.0,7.43,24.59016393442623,31.379647749510763
Montana,2020-05-28,"Education, Chapter 68",policy establishing educational media library,education,,Primary and Secondary Education,2300000483,4,405,4,0,0,0,0,36.0,6.98,18.181818181818183,40.40682414698163
Montana,2020-05-28,"Education, Chapter 7",pupil transportation,education,,Primary and Secondary Education,2300000455,111,8054,14,77,6,1,13,23.0,8.33,18.34862385321101,37.51067512983266
Montana,2020-05-28,"Environmental Quality, Chapter 1",organization of department,environmental quality,,"Environmental Protection, Public Utilities, and Natural Resources",2300000503,0,1635,0,0,0,0,0,15.0,8.41,2.7777777777777777,45.70384615384615
Montana,2020-05-28,"Environmental Quality, Chapter 20",major facility siting,environmental quality,,"Environmental Protection, Public Utilities, and Natural Resources",2300000506,361,21002,127,177,3,0,54,32.0,9.26,18.31442463533225,38.63868593675004
Montana,2020-05-28,"Environmental Quality, Chapter 24",reclamation,environmental quality,,"Environmental Protection, Public Utilities, and Natural Resources",2300000507,2362,140607,644,1322,75,44,277,32.0,10.01,27.081316553727007,35.07872935975929
Montana,2020-05-28,"Environmental Quality, Chapter 30",water quality,environmental quality,,"Environmental Protection, Public Utilities, and Natural Resources",2300000508,1202,108087,384,538,93,4,183,35.0,10.06,32.74914089347079,36.13772592084192
Montana,2020-05-28,"Environmental Quality, Chapter 35",vessel pumpout facilities,environmental quality,,"Environmental Protection, Public Utilities, and Natural Resources",2300000509,1,1124,0,0,0,0,1,23.0,7.73,27.27272727272727,33.556989247311826
Montana,2020-05-28,"Environmental Quality, Chapter 36",subdivisions on site subsurface wastewater treatment,environmental quality,,"Environmental Protection, Public Utilities, and Natural Resources",2300000510,329,23664,87,185,29,2,26,26.0,9.07,28.621089223638467,34.36573595311961
Montana,2020-05-28,"Environmental Quality, Chapter 38",public water and sewage system requirements,environmental quality,,"Environmental Protection, Public Utilities, and Natural Resources",2300000511,253,20775,71,121,13,1,47,30.0,9.21,20.91194968553459,35.8350297346752
Montana,2020-05-28,"Environmental Quality, Chapter 4",procedural rules,environmental quality,,"Environmental Protection, Public Utilities, and Natural Resources",2300000504,227,16535,97,79,8,1,42,35.0,9.17,37.641723356009074,35.38231639977913
Montana,2020-05-28,"Environmental Quality, Chapter 40",water treatment systems and operators,environmental quality,,"Environmental Protection, Public Utilities, and Natural Resources",2300000512,118,10902,54,39,6,0,19,32.0,9.09,23.197492163009404,36.907980540316736
Montana,2020-05-28,"Environmental Quality, Chapter 50",solid waste management,environmental quality,,"Environmental Protection, Public Utilities, and Natural Resources",2300000513,1002,68311,358,355,89,3,197,35.0,10.0,27.074235807860266,36.00343810567119
Montana,2020-05-28,"Environmental Quality, Chapter 53",hazardous waste,environmental quality,,"Environmental Protection, Public Utilities, and Natural Resources",2300000514,177,16522,46,91,6,1,33,28.0,8.95,15.913200723327304,35.03592007782684
Montana,2020-05-28,"Environmental Quality, Chapter 55",cecra remediation,environmental quality,,"Environmental Protection, Public Utilities, and Natural Resources",2300000515,97,6475,43,17,3,0,34,47.0,8.55,42.42424242424242,36.485949280329
Montana,2020-05-28,"Environmental Quality, Chapter 56",underground storage tanks petroleum and chemical substances,environmental quality,,"Environmental Protection, Public Utilities, and Natural Resources",2300000516,733,60340,232,364,25,4,108,35.0,9.95,24.81617647058824,35.43928538022636
Montana,2020-05-28,"Environmental Quality, Chapter 57",aboveground storage tanks,environmental quality,,"Environmental Protection, Public Utilities, and Natural Resources",2300000517,41,3043,7,29,0,1,4,33.0,8.72,10.344827586206897,39.14559528197567
Montana,2020-05-28,"Environmental Quality, Chapter 58",montana petroleum tank release compensation board,environmental quality,,"Environmental Protection, Public Utilities, and Natural Resources",2300000518,155,10122,93,41,5,0,16,28.0,9.08,22.71386430678466,32.70596946912736
Montana,2020-05-28,"Environmental Quality, Chapter 74",noise asbestos control methamphetamine cleanup,environmental quality,,"Environmental Protection, Public Utilities, and Natural Resources",2300000519,186,12171,70,74,15,0,27,32.0,8.91,21.875,37.59106976744186
Montana,2020-05-28,"Environmental Quality, Chapter 8",air quality,environmental quality,,"Environmental Protection, Public Utilities, and Natural Resources",2300000505,1387,100318,723,298,55,22,289,34.0,9.84,29.132452695465904,36.13794837795204
Montana,2020-05-28,"Environmental Quality, Chapter 80",air and water quality tax certification,environmental quality,,"Environmental Protection, Public Utilities, and Natural Resources",2300000520,84,5374,53,18,0,0,13,37.0,8.51,33.33333333333333,38.92169162282477
Montana,2020-05-28,"Environmental Quality, Chapter 84",renewable energy grant and loan program,environmental quality,,"Environmental Protection, Public Utilities, and Natural Resources",2300000521,38,3469,28,5,0,0,5,18.0,7.84,6.779661016949152,36.37298459333572
Montana,2020-05-28,"Environmental Quality, Chapter 85",alternative energy revolving loan program,environmental quality,,"Environmental Protection, Public Utilities, and Natural Resources",2300000522,42,2756,24,10,5,0,3,26.0,8.26,30.303030303030305,35.44651162790698
Montana,2020-05-28,"Environmental Quality, Chapter 86",energy,environmental quality,,"Environmental Protection, Public Utilities, and Natural Resources",2300000523,80,3768,36,25,5,0,14,32.0,8.23,25.0,35.559633027522935
Montana,2020-05-28,"Fish Wildlife And Parks, Chapter 1",organizational rule,fish wildlife and parks,,"Environmental Protection, Public Utilities, and Natural Resources",2300000489,0,1507,0,0,0,0,0,15.0,8.11,1.0526315789473684,44.53511947863867
Montana,2020-05-28,"Fish Wildlife And Parks, Chapter 10",conservation education division,fish wildlife and parks,,"Environmental Protection, Public Utilities, and Natural Resources",2300000498,17,1156,1,14,1,0,1,20.0,7.54,11.76470588235294,35.07276736493936
Montana,2020-05-28,"Fish Wildlife And Parks, Chapter 11",recreational water use,fish wildlife and parks,,"Environmental Protection, Public Utilities, and Natural Resources",2300000499,159,25629,78,45,12,13,11,22.0,8.8,11.068334937439843,30.668427260140504
Montana,2020-05-28,"Fish Wildlife And Parks, Chapter 14",commercial use,fish wildlife and parks,,"Environmental Protection, Public Utilities, and Natural Resources",2300000500,56,5966,31,11,3,2,9,27.0,8.4,28.09523809523809,35.282368371744425
Montana,2020-05-28,"Fish Wildlife And Parks, Chapter 2",overall department rules,fish wildlife and parks,,"Environmental Protection, Public Utilities, and Natural Resources",2300000490,169,11389,84,50,4,1,30,28.0,9.08,30.256410256410252,35.68912621359223
Montana,2020-05-28,"Fish Wildlife And Parks, Chapter 3",licensing,fish wildlife and parks,,"Environmental Protection, Public Utilities, and Natural Resources",2300000491,155,12953,59,71,12,2,11,25.0,9.12,24.53222453222453,32.77401526449689
Montana,2020-05-28,"Fish Wildlife And Parks, Chapter 4",stream access rules,fish wildlife and parks,,"Environmental Protection, Public Utilities, and Natural Resources",2300000492,40,4955,20,14,5,0,1,28.0,8.71,20.833333333333336,35.2938646139914
Montana,2020-05-28,"Fish Wildlife And Parks, Chapter 5",resource protection,fish wildlife and parks,,"Environmental Protection, Public Utilities, and Natural Resources",2300000493,23,2662,5,15,0,2,1,26.0,8.46,25.53191489361702,36.61088977423639
Montana,2020-05-28,"Fish Wildlife And Parks, Chapter 6",enforcement division,fish wildlife and parks,,"Environmental Protection, Public Utilities, and Natural Resources",2300000494,504,28007,182,224,43,26,29,24.0,9.77,20.16728624535316,32.703143474538265
Montana,2020-05-28,"Fish Wildlife And Parks, Chapter 7",fisheries division,fish wildlife and parks,,"Environmental Protection, Public Utilities, and Natural Resources",2300000495,148,11896,60,62,8,3,15,21.0,9.34,15.56420233463035,35.83980343980344
Montana,2020-05-28,"Fish Wildlife And Parks, Chapter 8",parks division,fish wildlife and parks,,"Environmental Protection, Public Utilities, and Natural Resources",2300000496,158,13317,90,19,4,33,12,23.0,9.37,26.56546489563567,34.12149451315102
Montana,2020-05-28,"Fish Wildlife And Parks, Chapter 9",wildlife division,fish wildlife and parks,,"Environmental Protection, Public Utilities, and Natural Resources",2300000497,175,20623,66,83,13,0,13,31.0,9.8,27.375201288244767,36.4033212134368
Montana,2020-05-28,"General Provisions, Chapter 1",foreword,general provisions,,Administration,2300000391,2,450,1,0,0,0,1,19.0,6.98,0.0,38.83622828784119
Montana,2020-05-28,"General Provisions, Chapter 2",general provisions,general provisions,,Administration,2300000392,43,6928,2,36,2,0,3,16.0,8.29,6.299212598425196,30.07222650231125
Montana,2020-05-28,"General Provisions, Chapter 3",model rules,general provisions,,Administration,2300000393,149,11450,57,76,3,1,12,19.0,8.75,16.453382084095065,32.04399833576035
Montana,2020-05-28,"Governor, Chapter 6",sage grouse stewardship,governor,,"Environmental Protection, Public Utilities, and Natural Resources",2300000501,21,2600,17,4,0,0,0,33.0,7.95,21.91780821917808,37.25843656557027
Montana,2020-05-28,"Governor, Chapter 8",energy shortages,governor,,"Environmental Protection, Public Utilities, and Natural Resources",2300000502,213,12044,176,4,3,1,29,23.0,9.08,17.827868852459016,36.56681724073029
Montana,2020-05-28,"Justice, Chapter 1",organizational rule,justice,,"Security, Justice, and Corrections",2300000550,2,3794,0,0,0,0,2,22.0,9.14,4.142011834319527,46.09531680440772
Montana,2020-05-28,"Justice, Chapter 12",division of criminal investigation,justice,,"Security, Justice, and Corrections",2300000555,232,15407,145,58,1,9,19,22.0,9.62,14.573643410852712,36.43134408191335
Montana,2020-05-28,"Justice, Chapter 13",public safety officer standards and training,justice,,"Security, Justice, and Corrections",2300000556,131,13210,10,103,3,1,14,29.0,9.0,19.76744186046512,34.930018256107104
Montana,2020-05-28,"Justice, Chapter 15",office of victims services,justice,,"Security, Justice, and Corrections",2300000557,30,4857,0,25,3,0,2,19.0,8.61,19.327731092436977,33.00073728188744
Montana,2020-05-28,"Justice, Chapter 16",gambling control division,justice,,"Security, Justice, and Corrections",2300000558,922,59377,231,477,79,15,120,24.0,9.55,17.501088376142796,30.87920362704514
Montana,2020-05-28,"Justice, Chapter 18",miscellaneous duties of the department,justice,,"Security, Justice, and Corrections",2300000559,105,7023,43,42,3,0,17,32.0,8.93,19.047619047619047,38.10020612018392
Montana,2020-05-28,"Justice, Chapter 19",consumer protection office,justice,,"Security, Justice, and Corrections",2300000560,186,11190,151,22,2,3,8,28.0,9.13,27.127659574468083,34.380725577624645
Montana,2020-05-28,"Justice, Chapter 2",procedural rules,justice,,"Security, Justice, and Corrections",2300000551,25,3748,10,13,0,0,2,18.0,9.04,27.17948717948718,34.88657338493599
Montana,2020-05-28,"Justice, Chapter 3",motor vehicle division,justice,,"Security, Justice, and Corrections",2300000552,603,50595,128,355,28,3,89,26.0,10.08,29.164420485175203,33.10793721473895
Montana,2020-05-28,"Justice, Chapter 4",forensic science division,justice,,"Security, Justice, and Corrections",2300000553,109,6465,64,31,3,0,11,19.0,8.69,13.79310344827586,36.11623872310895
Montana,2020-05-28,"Justice, Chapter 6",highway patrol division,justice,,"Security, Justice, and Corrections",2300000554,69,3594,23,38,2,0,6,25.0,8.35,18.248175182481752,32.90312596719282
Montana,2020-05-28,"Labor And Industry, Chapter 1",organizational rule,labor and industry,,Labor and Workforce Development,2300000561,1,3963,0,1,0,0,0,17.0,9.24,1.7391304347826086,47.17851542080502
Montana,2020-05-28,"Labor And Industry, Chapter 101",business standards division,labor and industry,,Labor and Workforce Development,2300000583,39,4359,6,21,3,0,9,29.0,8.68,14.482758620689657,39.74713256868498
Montana,2020-05-28,"Labor And Industry, Chapter 11",unemployment insurance division,labor and industry,,Labor and Workforce Development,2300000567,281,35797,141,106,9,1,24,29.0,9.4,29.074889867841406,34.03106847678163
Montana,2020-05-28,"Labor And Industry, Chapter 111",alternative health care board,labor and industry,,Labor and Workforce Development,2300000584,177,13019,78,61,0,1,37,32.0,9.61,12.987012987012983,38.96604992145226
Montana,2020-05-28,"Labor And Industry, Chapter 114",board of architects and landscape architects,labor and industry,,Labor and Workforce Development,2300000585,48,5266,10,29,0,0,9,18.0,8.65,5.343511450381679,38.18939574874612
Montana,2020-05-28,"Labor And Industry, Chapter 118",board of athletic trainers,labor and industry,,Labor and Workforce Development,2300000586,19,2298,3,8,1,0,7,32.0,8.28,7.575757575757576,39.94890137966275
Montana,2020-05-28,"Labor And Industry, Chapter 12",displaced homemaker,labor and industry,,Labor and Workforce Development,2300000568,7,1245,3,4,0,0,0,22.0,7.8,11.538461538461538,43.08514664143803
Montana,2020-05-28,"Labor And Industry, Chapter 121",board of barbers and cosmetologists,labor and industry,,Labor and Workforce Development,2300000587,338,18137,156,123,8,12,39,27.0,9.45,13.679245283018869,35.04788390231428
Montana,2020-05-28,"Labor And Industry, Chapter 122",boiler operating engineers,labor and industry,,Labor and Workforce Development,2300000588,29,2261,15,6,0,0,8,27.0,8.12,20.77922077922078,34.91734693877551
Montana,2020-05-28,"Labor And Industry, Chapter 126",board of chiropractors,labor and industry,,Labor and Workforce Development,2300000589,74,6259,33,31,2,0,8,20.0,8.8,11.188811188811188,35.87737547509502
Montana,2020-05-28,"Labor And Industry, Chapter 129",board of clinical laboratory science practitioners,labor and industry,,Labor and Workforce Development,2300000590,44,2872,19,16,1,0,8,22.0,8.24,3.389830508474576,37.394372294372296
Montana,2020-05-28,"Labor And Industry, Chapter 13",montana help act,labor and industry,,Labor and Workforce Development,2300000569,3,878,1,2,0,0,0,33.0,7.45,4.0,36.82179487179487
Montana,2020-05-28,"Labor And Industry, Chapter 131",construction blasters,labor and industry,,Labor and Workforce Development,2300000591,15,1158,3,12,0,0,0,21.0,7.67,13.725490196078432,35.11771058315335
Montana,2020-05-28,"Labor And Industry, Chapter 135",crane and hoisting operating engineers,labor and industry,,Labor and Workforce Development,2300000592,36,3220,18,9,2,0,7,22.0,7.96,18.51851851851852,32.81306387585709
Montana,2020-05-28,"Labor And Industry, Chapter 138",board of dentistry,labor and industry,,Labor and Workforce Development,2300000593,289,23981,177,80,9,2,21,22.0,9.37,13.245702730030334,37.12070363986616
Montana,2020-05-28,"Labor And Industry, Chapter 141",state electrical board,labor and industry,,Labor and Workforce Development,2300000594,73,4836,30,24,3,0,16,20.0,8.47,6.696428571428571,36.49987440341623
Montana,2020-05-28,"Labor And Industry, Chapter 142",elevator licensing program,labor and industry,,Labor and Workforce Development,2300000595,46,3604,15,17,3,1,10,26.0,8.14,13.709677419354838,38.36909151860543
Montana,2020-05-28,"Labor And Industry, Chapter 144",fire protection and fireworks wholesalers,labor and industry,,Labor and Workforce Development,2300000596,57,3643,27,26,0,0,4,24.0,8.56,8.450704225352112,38.86388140161725
Montana,2020-05-28,"Labor And Industry, Chapter 147",board of funeral service,labor and industry,,Labor and Workforce Development,2300000597,222,16944,89,103,14,0,16,26.0,9.27,19.063545150501675,34.54436164229471
Montana,2020-05-28,"Labor And Industry, Chapter 15",employment relations division,labor and industry,,Labor and Workforce Development,2300000570,0,170,0,0,0,0,0,21.0,5.9,0.0,37.47328244274809
Montana,2020-05-28,"Labor And Industry, Chapter 150",board of hearing aid dispensers,labor and industry,,Labor and Workforce Development,2300000598,62,4678,31,19,2,1,9,17.0,8.5,8.032128514056225,32.213300220750554
Montana,2020-05-28,"Labor And Industry, Chapter 155",board of massage therapy,labor and industry,,Labor and Workforce Development,2300000599,26,3518,8,13,1,0,4,32.0,8.57,15.68627450980392,36.70849933598937
Montana,2020-05-28,"Labor And Industry, Chapter 156",board of medical examiners,labor and industry,,Labor and Workforce Development,2300000600,295,28559,138,86,13,0,58,28.0,9.34,11.822125813449023,36.81563666528412
Montana,2020-05-28,"Labor And Industry, Chapter 159",board of nursing,labor and industry,,Labor and Workforce Development,2300000601,293,28548,135,116,13,3,26,21.0,9.19,9.257781324820431,35.67280747275558
Montana,2020-05-28,"Labor And Industry, Chapter 16",wages and hours,labor and industry,,Labor and Workforce Development,2300000571,270,41337,53,123,27,0,67,26.0,9.37,30.608240680183123,29.88156762535527
Montana,2020-05-28,"Labor And Industry, Chapter 162",board of nursing home administrators,labor and industry,,Labor and Workforce Development,2300000602,42,3641,16,19,0,1,6,16.0,8.41,3.333333333333333,33.77287066246057
Montana,2020-05-28,"Labor And Industry, Chapter 165",board of occupational therapy practice,labor and industry,,Labor and Workforce Development,2300000603,52,6184,14,28,4,0,6,21.0,8.79,9.505703422053232,41.145849960095774
Montana,2020-05-28,"Labor And Industry, Chapter 168",board of optometry,labor and industry,,Labor and Workforce Development,2300000604,26,3601,12,12,0,1,1,16.0,8.33,3.5532994923857872,33.97230320699708
Montana,2020-05-28,"Labor And Industry, Chapter 17",prevailing wages for public works projects,labor and industry,,Labor and Workforce Development,2300000572,141,17229,50,63,2,4,22,29.0,9.02,37.147887323943664,35.15531174035871
Montana,2020-05-28,"Labor And Industry, Chapter 171",board of outfitters,labor and industry,,Labor and Workforce Development,2300000605,138,10826,71,26,4,0,37,28.0,8.89,23.48066298342541,32.53393860786857
Montana,2020-05-28,"Labor And Industry, Chapter 174",board of pharmacy,labor and industry,,Labor and Workforce Development,2300000606,673,37952,360,227,10,2,74,24.0,9.51,13.818424566088115,36.639538442703234
Montana,2020-05-28,"Labor And Industry, Chapter 177",board of physical therapy examiners,labor and industry,,Labor and Workforce Development,2300000607,63,5360,24,29,1,0,9,19.0,8.79,8.015267175572518,37.7647855530474
Montana,2020-05-28,"Labor And Industry, Chapter 180",board of plumbers,labor and industry,,Labor and Workforce Development,2300000608,92,6556,41,27,3,0,21,21.0,8.66,10.76388888888889,34.1805168246886
Montana,2020-05-28,"Labor And Industry, Chapter 182",board of private security,labor and industry,,Labor and Workforce Development,2300000609,134,8578,54,48,8,0,24,24.0,8.86,8.722741433021806,37.29829381145171
Montana,2020-05-28,"Labor And Industry, Chapter 183",board of professional engineers and professional land surveyors,labor and industry,,Labor and Workforce Development,2300000610,301,19860,90,148,7,1,55,24.0,9.51,19.1958495460441,35.05558112773303
Montana,2020-05-28,"Labor And Industry, Chapter 189",board of psychologists,labor and industry,,Labor and Workforce Development,2300000611,474,23503,339,96,10,0,29,30.0,9.56,23.26530612244898,39.67915592028136
Montana,2020-05-28,"Labor And Industry, Chapter 2",overall department rules,labor and industry,,Labor and Workforce Development,2300000562,13,724,12,0,0,0,1,27.0,7.31,32.0,30.10641627543036
Montana,2020-05-28,"Labor And Industry, Chapter 201",board of public accountants,labor and industry,,Labor and Workforce Development,2300000612,120,12567,35,53,6,0,26,18.0,8.76,8.77742946708464,33.42153413089374
Montana,2020-05-28,"Labor And Industry, Chapter 204",board of radiologic technologists,labor and industry,,Labor and Workforce Development,2300000613,85,6544,48,23,0,0,14,20.0,8.83,7.38255033557047,36.92862426035503
Montana,2020-05-28,"Labor And Industry, Chapter 207",board of real estate appraisers,labor and industry,,Labor and Workforce Development,2300000614,80,7405,27,33,2,0,18,22.0,8.59,6.8181818181818175,36.41734747088476
Montana,2020-05-28,"Labor And Industry, Chapter 21",apprenticeship,labor and industry,,Labor and Workforce Development,2300000573,40,4951,11,17,6,0,6,27.0,8.66,18.285714285714285,41.72058487548549
Montana,2020-05-28,"Labor And Industry, Chapter 210",board of realty regulation,labor and industry,,Labor and Workforce Development,2300000615,308,20259,107,122,15,1,63,22.0,9.06,16.587677725118482,34.031021679243025
Montana,2020-05-28,"Labor And Industry, Chapter 213",board of respiratory care practitioners,labor and industry,,Labor and Workforce Development,2300000616,32,3782,12,12,3,0,5,24.0,8.6,9.15492957746479,38.80890661349285
Montana,2020-05-28,"Labor And Industry, Chapter 216",board of sanitarians,labor and industry,,Labor and Workforce Development,2300000617,25,2329,9,13,1,0,2,15.0,7.96,3.007518796992481,35.46912181303116
Montana,2020-05-28,"Labor And Industry, Chapter 219",board of behavioral health,labor and industry,,Labor and Workforce Development,2300000618,369,25972,129,171,10,1,58,28.0,9.35,17.972350230414747,38.00314107524924
Montana,2020-05-28,"Labor And Industry, Chapter 22",workforce development,labor and industry,,Labor and Workforce Development,2300000574,38,2616,10,13,4,0,11,30.0,8.08,26.506024096385545,35.08164128595601
Montana,2020-05-28,"Labor And Industry, Chapter 222",board of speech language pathologists and audiologists,labor and industry,,Labor and Workforce Development,2300000619,69,7000,16,35,3,2,13,24.0,8.83,11.71875,40.67004465819306
Montana,2020-05-28,"Labor And Industry, Chapter 225",board of veterinary medicine,labor and industry,,Labor and Workforce Development,2300000620,134,9955,44,60,7,0,23,21.0,9.03,11.574074074074074,35.73586497890295
Montana,2020-05-28,"Labor And Industry, Chapter 25",labor and industry collective bargaining for nurses,labor and industry,,Labor and Workforce Development,2300000575,68,3363,60,5,0,0,3,18.0,7.55,13.414634146341465,29.963006690279418
Montana,2020-05-28,"Labor And Industry, Chapter 26",board of personnel appeals,labor and industry,,Labor and Workforce Development,2300000576,336,17804,261,58,3,0,14,22.0,8.89,22.5201072386059,32.067301546721204
Montana,2020-05-28,"Labor And Industry, Chapter 28",workers compensation mediation,labor and industry,,Labor and Workforce Development,2300000577,29,1670,18,9,1,0,1,17.0,7.57,24.17582417582417,33.50249110320285
Montana,2020-05-28,"Labor And Industry, Chapter 29",workers compensation and occupational disease,labor and industry,,Labor and Workforce Development,2300000578,667,61482,185,330,26,0,126,26.0,9.77,22.087813620071685,34.96480266198355
Montana,2020-05-28,"Labor And Industry, Chapter 30",industrial safety and health,labor and industry,,Labor and Workforce Development,2300000579,33,5621,17,13,1,0,2,26.0,9.01,27.58620689655172,35.56364724660814
Montana,2020-05-28,"Labor And Industry, Chapter 301",building codes,labor and industry,,Labor and Workforce Development,2300000621,645,44908,411,79,18,8,129,23.0,9.84,17.80821917808219,34.30007398795053
Montana,2020-05-28,"Labor And Industry, Chapter 320",carbon monoxide detector standard as required by the landlord tenant act,labor and industry,,Labor and Workforce Development,2300000622,4,162,0,2,1,0,1,29.0,6.23,0.0,36.7
Montana,2020-05-28,"Labor And Industry, Chapter 321",wildland urban interface fire mitigation,labor and industry,,Labor and Workforce Development,2300000623,32,1698,30,0,1,0,1,25.0,7.92,26.229508196721312,33.5409377186844
Montana,2020-05-28,"Labor And Industry, Chapter 33",construction contractors and home inspectors,labor and industry,,Labor and Workforce Development,2300000580,53,3992,17,16,3,0,17,25.0,8.39,11.920529801324504,39.13327500729076
Montana,2020-05-28,"Labor And Industry, Chapter 35",independent contractors,labor and industry,,Labor and Workforce Development,2300000581,45,5415,19,11,1,2,12,29.0,8.54,19.186046511627907,35.69500438212095
Montana,2020-05-28,"Labor And Industry, Chapter 351",weights and measures bureau,labor and industry,,Labor and Workforce Development,2300000624,56,4877,19,31,1,1,4,22.0,8.7,10.24390243902439,33.83641225085076
Montana,2020-05-28,"Labor And Industry, Chapter 38",professional employer organizations,labor and industry,,Labor and Workforce Development,2300000582,6,496,2,3,0,0,1,26.0,6.67,23.52941176470588,36.44717444717445
Montana,2020-05-28,"Labor And Industry, Chapter 5",office of the workers compensation judge,labor and industry,,Labor and Workforce Development,2300000563,194,17144,153,29,6,0,6,22.0,8.72,25.558659217877093,28.955371113681203
Montana,2020-05-28,"Labor And Industry, Chapter 7",unemployment insurance appeals board,labor and industry,,Labor and Workforce Development,2300000564,35,2795,23,9,1,0,2,20.0,7.91,16.129032258064516,30.29787234042553
Montana,2020-05-28,"Labor And Industry, Chapter 8",human rights bureau,labor and industry,,Labor and Workforce Development,2300000565,97,9149,59,25,4,1,8,26.0,8.63,25.4601226993865,33.96941387253647
Montana,2020-05-28,"Labor And Industry, Chapter 9",human rights commission,labor and industry,,Labor and Workforce Development,2300000566,151,16189,79,39,7,7,19,24.0,9.35,21.39384116693679,35.98107483386305
Montana,2020-05-28,"Livestock, Chapter 1",organizational rule,livestock,,"Industry, Commerce, and Development",2300000625,0,1182,0,0,0,0,0,12.0,8.0,0.0,41.41263940520446
Montana,2020-05-28,"Livestock, Chapter 10",tester licensing,livestock,,"Industry, Commerce, and Development",2300000633,17,1272,6,8,0,0,3,13.0,6.66,2.5,35.00314795383001
Montana,2020-05-28,"Livestock, Chapter 12",eggs,livestock,,"Industry, Commerce, and Development",2300000634,172,8784,19,125,21,1,6,17.0,8.9,19.587628865979383,28.786613566289827
Montana,2020-05-28,"Livestock, Chapter 15",marketing of livestock,livestock,,"Industry, Commerce, and Development",2300000635,108,5081,17,79,5,0,7,19.0,8.48,11.95219123505976,32.36310461192351
Montana,2020-05-28,"Livestock, Chapter 18",branding and inspection,livestock,,"Industry, Commerce, and Development",2300000636,58,3446,15,31,0,1,11,21.0,8.17,22.0,29.445395412529955
Montana,2020-05-28,"Livestock, Chapter 2",overall department rules,livestock,,"Industry, Commerce, and Development",2300000626,173,13900,65,69,6,1,32,29.0,9.36,31.963470319634705,34.89093831965479
Montana,2020-05-28,"Livestock, Chapter 22",vertebrate pest control,livestock,,"Industry, Commerce, and Development",2300000637,14,1074,3,9,0,1,1,18.0,7.61,11.538461538461538,31.882488479262676
Montana,2020-05-28,"Livestock, Chapter 24",board of milk control,livestock,,"Industry, Commerce, and Development",2300000638,90,12478,0,73,5,1,11,30.0,8.91,18.25,30.024747610113465
Montana,2020-05-28,"Livestock, Chapter 3",disease control,livestock,,"Industry, Commerce, and Development",2300000627,376,29475,130,194,16,4,32,21.0,9.3,12.16320246343341,34.52722192546329
Montana,2020-05-28,"Livestock, Chapter 4",alternative livestock regulations,livestock,,"Industry, Commerce, and Development",2300000628,210,10840,53,116,4,9,28,24.0,8.56,14.182692307692308,36.009560229445505
Montana,2020-05-28,"Livestock, Chapter 5",laboratory activities,livestock,,"Industry, Commerce, and Development",2300000629,10,1348,1,7,1,0,1,19.0,7.83,19.696969696969692,35.02044293015332
Montana,2020-05-28,"Livestock, Chapter 6",animal feeding slaughter and disposal,livestock,,"Industry, Commerce, and Development",2300000630,65,4294,7,49,6,1,2,18.0,8.64,11.627906976744184,32.31944444444444
Montana,2020-05-28,"Livestock, Chapter 8",fluid milk and grade a milk products,livestock,,"Industry, Commerce, and Development",2300000631,16,1757,3,8,1,0,4,17.0,7.87,9.473684210526317,29.345017182130583
Montana,2020-05-28,"Livestock, Chapter 9",general licensing and provisions,livestock,,"Industry, Commerce, and Development",2300000632,487,15237,23,421,22,1,20,17.0,9.15,14.199759326113115,33.898479394696245
Montana,2020-05-28,"Military Affairs, Chapter 3",emergency and disaster relief,military affairs,,"Security, Justice, and Corrections",2300000639,19,1561,9,8,0,0,2,17.0,7.98,9.090909090909092,36.567077592458304
Montana,2020-05-28,"Military Affairs, Chapter 5",montana veterans affairs division montana state veterans cemetery,military affairs,,"Security, Justice, and Corrections",2300000640,16,1262,9,4,2,0,1,9.0,6.72,1.639344262295082,27.106870229007637
Montana,2020-05-28,"Military Affairs, Chapter 7",insurance premium reimbursement program,military affairs,,"Security, Justice, and Corrections",2300000641,3,392,0,1,1,0,1,17.0,6.13,5.263157894736842,38.9003984063745
Montana,2020-05-28,"Military Affairs, Chapter 8",montana military family relief fund,military affairs,,"Security, Justice, and Corrections",2300000642,13,909,2,8,0,1,2,19.0,7.13,12.195121951219512,35.559774964838255
Montana,2020-05-28,"Natural Resources And Conservation, Chapter 1",organizational rule,natural resources and conservation,,"Environmental Protection, Public Utilities, and Natural Resources",2300000643,0,2443,0,0,0,0,0,16.0,8.66,2.0,43.37157534246575
Montana,2020-05-28,"Natural Resources And Conservation, Chapter 10",fire management,natural resources and conservation,,"Environmental Protection, Public Utilities, and Natural Resources",2300000647,43,4200,14,23,0,1,5,19.0,8.82,14.975845410628018,33.8957158962796
Montana,2020-05-28,"Natural Resources And Conservation, Chapter 11",forest management,natural resources and conservation,,"Environmental Protection, Public Utilities, and Natural Resources",2300000648,502,28679,416,54,4,8,20,27.0,9.71,29.22465208747515,36.57294766496052
Montana,2020-05-28,"Natural Resources And Conservation, Chapter 12",water rights bureau,natural resources and conservation,,"Environmental Protection, Public Utilities, and Natural Resources",2300000649,540,41189,248,219,14,2,57,27.0,9.85,20.043572984749456,33.57865744674617
Montana,2020-05-28,"Natural Resources And Conservation, Chapter 13",water measurement,natural resources and conservation,,"Environmental Protection, Public Utilities, and Natural Resources",2300000650,27,2070,6,20,0,0,1,21.0,7.88,6.25,37.101340482573725
Montana,2020-05-28,"Natural Resources And Conservation, Chapter 14",dam safety,natural resources and conservation,,"Environmental Protection, Public Utilities, and Natural Resources",2300000651,170,10496,63,95,0,0,12,30.0,9.04,21.13095238095238,35.015963032976266
Montana,2020-05-28,"Natural Resources And Conservation, Chapter 15",floodplain management,natural resources and conservation,,"Environmental Protection, Public Utilities, and Natural Resources",2300000652,113,7937,62,30,1,9,11,26.0,8.95,29.92957746478873,36.994887089902
Montana,2020-05-28,"Natural Resources And Conservation, Chapter 16",water reservations water resources division,natural resources and conservation,,"Environmental Protection, Public Utilities, and Natural Resources",2300000653,150,7709,65,49,3,0,33,25.0,8.61,21.875,35.040597014925375
Montana,2020-05-28,"Natural Resources And Conservation, Chapter 17",renewable resource grants and loans,natural resources and conservation,,"Environmental Protection, Public Utilities, and Natural Resources",2300000654,37,2708,20,13,3,0,1,29.0,8.41,23.07692307692308,37.042270531400966
Montana,2020-05-28,"Natural Resources And Conservation, Chapter 19",reclamation and development grants program water development bureau,natural resources and conservation,,"Environmental Protection, Public Utilities, and Natural Resources",2300000655,18,1771,17,1,0,0,0,18.0,7.75,9.090909090909092,37.97388849682428
Montana,2020-05-28,"Natural Resources And Conservation, Chapter 2",procedural rules,natural resources and conservation,,"Environmental Protection, Public Utilities, and Natural Resources",2300000644,233,15539,127,61,7,2,36,27.0,9.3,32.11678832116788,36.01091277010913
Montana,2020-05-28,"Natural Resources And Conservation, Chapter 20",weather modification water resources division,natural resources and conservation,,"Environmental Protection, Public Utilities, and Natural Resources",2300000656,28,2986,19,4,0,0,5,26.0,8.28,14.285714285714285,35.85549363057325
Montana,2020-05-28,"Natural Resources And Conservation, Chapter 21",board of water well contractors,natural resources and conservation,,"Environmental Protection, Public Utilities, and Natural Resources",2300000657,300,16403,237,25,4,1,33,19.0,9.27,12.923462986198246,31.570243761719315
Montana,2020-05-28,"Natural Resources And Conservation, Chapter 22",oil and gas conservation,natural resources and conservation,,"Environmental Protection, Public Utilities, and Natural Resources",2300000658,458,29234,195,197,5,3,58,25.0,9.55,18.012999071494892,31.09100144570781
Montana,2020-05-28,"Natural Resources And Conservation, Chapter 23",drinking water state revolving fund act,natural resources and conservation,,"Environmental Protection, Public Utilities, and Natural Resources",2300000659,132,12728,76,37,4,1,14,49.0,8.99,49.80392156862745,33.91879949979158
Montana,2020-05-28,"Natural Resources And Conservation, Chapter 24",water pollution control state revolving fund act,natural resources and conservation,,"Environmental Protection, Public Utilities, and Natural Resources",2300000660,121,11182,75,31,1,0,14,48.0,8.95,44.54148471615721,33.26894082171127
Montana,2020-05-28,"Natural Resources And Conservation, Chapter 25",state land leasing,natural resources and conservation,,"Environmental Protection, Public Utilities, and Natural Resources",2300000661,1200,73829,824,222,43,7,104,30.0,9.74,28.14472023559108,31.563460588737072
Montana,2020-05-28,"Natural Resources And Conservation, Chapter 26",yellowstone river compact,natural resources and conservation,,"Environmental Protection, Public Utilities, and Natural Resources",2300000662,14,899,14,0,0,0,0,15.0,7.14,12.727272727272728,39.31906614785992
Montana,2020-05-28,"Natural Resources And Conservation, Chapter 27",land administration,natural resources and conservation,,"Environmental Protection, Public Utilities, and Natural Resources",2300000663,45,2666,32,5,0,1,7,25.0,8.2,18.81188118811881,33.834639175257735
Montana,2020-05-28,"Natural Resources And Conservation, Chapter 30",state water projects,natural resources and conservation,,"Environmental Protection, Public Utilities, and Natural Resources",2300000664,4,657,3,0,1,0,0,32.0,6.3,15.789473684210526,32.82608695652174
Montana,2020-05-28,"Natural Resources And Conservation, Chapter 6",soil conservation districts,natural resources and conservation,,"Environmental Protection, Public Utilities, and Natural Resources",2300000645,12,310,12,0,0,0,0,18.0,6.3,11.76470588235294,32.908127208480565
Montana,2020-05-28,"Natural Resources And Conservation, Chapter 9",forestry,natural resources and conservation,,"Environmental Protection, Public Utilities, and Natural Resources",2300000646,0,66,0,0,0,0,0,5.0,5.34,0.0,28.069767441860463
Montana,2020-05-28,"Public Health And Human Services, Chapter 1",organizational rule,public health and human services,,Health Services,2300000665,1,2070,0,0,0,0,1,16.0,8.28,1.6528925619834711,44.36420722135008
Montana,2020-05-28,"Public Health And Human Services, Chapter 10",emergency health services,public health and human services,,Health Services,2300000669,2,778,0,2,0,0,0,23.0,7.35,6.451612903225806,33.14200298953662
Montana,2020-05-28,"Public Health And Human Services, Chapter 100",licensure of community residences,public health and human services,,Health Services,2300000718,395,21038,105,248,7,10,25,24.0,9.45,15.731707317073171,33.465324264981525
Montana,2020-05-28,"Public Health And Human Services, Chapter 104",emergency medical services,public health and human services,,Health Services,2300000719,198,16187,22,128,3,1,44,31.0,9.18,21.616161616161616,35.040942751352894
Montana,2020-05-28,"Public Health And Human Services, Chapter 106",health care facilities,public health and human services,,Health Services,2300000720,2174,124391,499,1472,49,15,139,30.0,10.02,20.851279452748923,36.08107155445894
Montana,2020-05-28,"Public Health And Human Services, Chapter 107",marijuana registry,public health and human services,,Health Services,2300000721,253,13870,22,180,14,1,36,30.0,9.26,23.653395784543328,38.28428204490845
Montana,2020-05-28,"Public Health And Human Services, Chapter 108",managed care quality assurance,public health and human services,,Health Services,2300000722,115,8102,44,53,6,0,12,25.0,8.64,20.53872053872054,35.166785867543986
Montana,2020-05-28,"Public Health And Human Services, Chapter 109",montana community health center support act,public health and human services,,Health Services,2300000723,31,3160,8,23,0,0,0,29.0,8.39,23.300970873786408,38.17099719101124
Montana,2020-05-28,"Public Health And Human Services, Chapter 110",food and drug standards,public health and human services,,Health Services,2300000724,266,16861,129,113,7,2,15,31.0,9.6,22.440944881889763,36.24535889015482
Montana,2020-05-28,"Public Health And Human Services, Chapter 111",public accommodations,public health and human services,,Health Services,2300000725,762,38205,66,597,38,15,46,26.0,9.85,21.723646723646723,34.188700299524285
Montana,2020-05-28,"Public Health And Human Services, Chapter 112",body art and cosmetics,public health and human services,,Health Services,2300000726,175,7828,8,145,10,5,7,23.0,9.21,22.570532915360506,33.87350869627713
Montana,2020-05-28,"Public Health And Human Services, Chapter 113",montana clean indoor air act,public health and human services,,Health Services,2300000727,4,638,0,3,0,1,0,29.0,7.12,40.0,31.71698113207547
Montana,2020-05-28,"Public Health And Human Services, Chapter 114",communicable disease control,public health and human services,,Health Services,2300000728,173,14603,2,141,1,0,29,25.0,9.08,16.221374045801525,35.844354703011945
Montana,2020-05-28,"Public Health And Human Services, Chapter 115",pools spas and other water features,public health and human services,,Health Services,2300000729,1,647,0,1,0,0,0,16.0,7.25,5.263157894736842,38.99095840867993
Montana,2020-05-28,"Public Health And Human Services, Chapter 116",dead human bodies,public health and human services,,Health Services,2300000730,12,1522,0,9,2,0,1,25.0,7.99,28.07017543859649,32.595990747879725
Montana,2020-05-28,"Public Health And Human Services, Chapter 117",tobacco settlement accounts,public health and human services,,Health Services,2300000731,0,169,0,0,0,0,0,20.0,6.05,12.5,52.47651006711409
Montana,2020-05-28,"Public Health And Human Services, Chapter 12",laboratories,public health and human services,,Health Services,2300000670,115,9668,33,59,1,0,22,29.0,8.86,22.22222222222222,37.116089372266224
Montana,2020-05-28,"Public Health And Human Services, Chapter 14",radiation control,public health and human services,,Health Services,2300000671,920,67627,781,16,4,8,111,25.0,9.78,18.64965006175381,35.54315408120323
Montana,2020-05-28,"Public Health And Human Services, Chapter 19",family planning programs,public health and human services,,Health Services,2300000672,3,826,2,1,0,0,0,20.0,7.36,20.51282051282051,38.7683284457478
Montana,2020-05-28,"Public Health And Human Services, Chapter 2",department procedures,public health and human services,,Health Services,2300000666,109,12484,45,56,3,0,5,25.0,9.15,15.032679738562091,34.225290562529054
Montana,2020-05-28,"Public Health And Human Services, Chapter 21",documentation and study of abortion,public health and human services,,Health Services,2300000673,15,1158,12,0,0,0,3,17.0,7.61,30.15873015873016,31.934442270058707
Montana,2020-05-28,"Public Health And Human Services, Chapter 25",residential alcohol and drug treatment for indigent juveniles,public health and human services,,Health Services,2300000674,13,1362,11,2,0,0,0,15.0,7.3,7.142857142857142,33.0
Montana,2020-05-28,"Public Health And Human Services, Chapter 27",chemical dependency programs,public health and human services,,Health Services,2300000675,142,11094,56,68,3,0,15,19.0,9.2,9.191176470588236,38.7126763529164
Montana,2020-05-28,"Public Health And Human Services, Chapter 30",vocational rehabilitation program,public health and human services,,Health Services,2300000676,77,17811,45,22,5,0,5,25.0,9.19,14.021571648690292,38.01606611570248
Montana,2020-05-28,"Public Health And Human Services, Chapter 31",independent living rehabilitation program,public health and human services,,Health Services,2300000677,1,1051,0,0,0,0,1,23.0,7.36,7.317073170731707,41.74296205630355
Montana,2020-05-28,"Public Health And Human Services, Chapter 34",developmental disabilities program,public health and human services,,Health Services,2300000678,457,41326,14,384,23,2,34,27.0,9.43,14.365411436541144,38.30561382203577
Montana,2020-05-28,"Public Health And Human Services, Chapter 36",telecommunications access program,public health and human services,,Health Services,2300000679,52,3624,13,29,1,0,9,24.0,8.35,22.53521126760564,35.75423728813559
Montana,2020-05-28,"Public Health And Human Services, Chapter 40",senior and long term care services,public health and human services,,Health Services,2300000680,534,59159,56,359,34,0,85,27.0,9.68,17.24815724815725,35.95499544723638
Montana,2020-05-28,"Public Health And Human Services, Chapter 41",aging services,public health and human services,,Health Services,2300000681,40,7288,29,5,1,1,4,21.0,8.59,10.658307210031348,33.351827461310506
Montana,2020-05-28,"Public Health And Human Services, Chapter 43",supplemental security income payments,public health and human services,,Health Services,2300000682,5,1542,1,2,0,0,2,19.0,7.99,2.702702702702702,35.18745098039216
Montana,2020-05-28,"Public Health And Human Services, Chapter 45",veterans facilities,public health and human services,,Health Services,2300000683,3,1051,0,2,0,0,1,16.0,7.39,10.0,32.5731843575419
Montana,2020-05-28,"Public Health And Human Services, Chapter 47",protective services,public health and human services,,Health Services,2300000684,40,6419,19,17,0,1,3,20.0,8.73,13.013698630136986,35.60130475302889
Montana,2020-05-28,"Public Health And Human Services, Chapter 49",iv e foster care services,public health and human services,,Health Services,2300000685,36,7475,9,19,1,0,7,29.0,8.71,23.504273504273502,29.493716619541317
Montana,2020-05-28,"Public Health And Human Services, Chapter 5",fair hearings and contested case proceedings,public health and human services,,Health Services,2300000667,191,20338,90,76,10,0,15,33.0,8.89,33.6996336996337,35.395509499136445
Montana,2020-05-28,"Public Health And Human Services, Chapter 50",foster care services and guardianship services,public health and human services,,Health Services,2300000686,76,9221,39,33,1,0,3,21.0,8.73,12.03931203931204,34.1845471156356
Montana,2020-05-28,"Public Health And Human Services, Chapter 51",youth foster homes,public health and human services,,Health Services,2300000687,241,11194,119,92,5,1,24,30.0,8.39,26.923076923076923,32.85558972106303
Montana,2020-05-28,"Public Health And Human Services, Chapter 52",adoptive services,public health and human services,,Health Services,2300000688,18,1732,0,16,2,0,0,13.0,7.48,14.4,30.11182795698925
Montana,2020-05-28,"Public Health And Human Services, Chapter 55",end stage renal disease,public health and human services,,Health Services,2300000689,17,2902,2,13,1,0,1,22.0,8.25,17.647058823529413,31.968076285240464
Montana,2020-05-28,"Public Health And Human Services, Chapter 57",maternal and child health,public health and human services,,Health Services,2300000690,108,9251,28,56,3,0,21,27.0,9.02,22.082018927444796,33.77704714640198
Montana,2020-05-28,"Public Health And Human Services, Chapter 59",special supplemental nutrition program for women infants and children,public health and human services,,Health Services,2300000691,10,4998,0,8,0,0,2,33.0,8.69,11.267605633802818,37.69993226461956
Montana,2020-05-28,"Public Health And Human Services, Chapter 62",child support services,public health and human services,,Health Services,2300000692,264,33017,133,88,13,3,27,28.0,9.04,35.305164319248824,30.824984980474618
Montana,2020-05-28,"Public Health And Human Services, Chapter 66",mental health inpatient facilities,public health and human services,,Health Services,2300000693,29,4023,11,12,2,0,4,23.0,8.45,16.9811320754717,35.60756914119359
Montana,2020-05-28,"Public Health And Human Services, Chapter 70",low income home energy assistance program,public health and human services,,Health Services,2300000694,43,11750,4,28,5,1,5,20.0,8.8,16.911764705882355,31.433869480586004
Montana,2020-05-28,"Public Health And Human Services, Chapter 71",low income weatherization assistance program,public health and human services,,Health Services,2300000695,16,3463,4,11,0,0,1,19.0,8.37,22.699386503067483,35.4234202070689
Montana,2020-05-28,"Public Health And Human Services, Chapter 74",refugee assistance,public health and human services,,Health Services,2300000696,5,1110,1,3,1,0,0,23.0,7.98,19.565217391304348,32.89248434237996
Montana,2020-05-28,"Public Health And Human Services, Chapter 75",child and adult care food program,public health and human services,,Health Services,2300000697,97,7310,8,72,4,1,12,27.0,8.89,22.957198443579767,33.367173252279635
Montana,2020-05-28,"Public Health And Human Services, Chapter 76",food and nutrition services,public health and human services,,Health Services,2300000698,41,3410,37,2,0,0,2,20.0,8.36,22.58064516129032,33.84199511684688
Montana,2020-05-28,"Public Health And Human Services, Chapter 78",temporary assistance for needy families,public health and human services,,Health Services,2300000699,165,24949,55,50,9,0,51,32.0,9.41,32.10382513661202,32.944259149266685
Montana,2020-05-28,"Public Health And Human Services, Chapter 79",healthy montana kids,public health and human services,,Health Services,2300000700,38,8906,10,16,6,0,6,22.0,8.63,15.803814713896458,33.44430743937526
Montana,2020-05-28,"Public Health And Human Services, Chapter 8",records and statistics,public health and human services,,Health Services,2300000668,177,11935,20,127,7,0,23,26.0,8.81,28.971962616822427,30.974741120681312
Montana,2020-05-28,"Public Health And Human Services, Chapter 80",child care assistance,public health and human services,,Health Services,2300000701,79,9164,1,59,5,1,13,22.0,8.53,18.65284974093264,31.126580628340506
Montana,2020-05-28,"Public Health And Human Services, Chapter 81",pharmacy access prescription drug benefit program,public health and human services,,Health Services,2300000702,27,5159,1,20,0,0,6,19.0,8.41,14.056224899598394,35.03214971209213
Montana,2020-05-28,"Public Health And Human Services, Chapter 82",medicaid eligibility,public health and human services,,Health Services,2300000703,110,27900,38,50,7,1,14,28.0,9.43,22.376873661670235,36.16572063178677
Montana,2020-05-28,"Public Health And Human Services, Chapter 83",medicaid for certain medicare beneficiaries and others,public health and human services,,Health Services,2300000704,18,4008,4,11,3,0,0,21.0,8.03,9.411764705882351,37.39938271604938
Montana,2020-05-28,"Public Health And Human Services, Chapter 84",medicaid expansion,public health and human services,,Health Services,2300000705,6,2187,0,5,0,0,1,30.0,8.35,17.647058823529413,35.73365748244192
Montana,2020-05-28,"Public Health And Human Services, Chapter 85",general medicaid services,public health and human services,,Health Services,2300000706,166,21213,48,70,16,0,32,26.0,9.44,19.160104986876643,34.78520950420121
Montana,2020-05-28,"Public Health And Human Services, Chapter 86",medicaid primary care services,public health and human services,,Health Services,2300000707,547,84913,50,398,19,0,80,22.0,9.66,13.716430840311869,35.07533755697618
Montana,2020-05-28,"Public Health And Human Services, Chapter 87",children s mental health services,public health and human services,,Health Services,2300000708,114,13755,2,95,6,0,11,27.0,8.91,12.008733624454148,35.67718657624761
Montana,2020-05-28,"Public Health And Human Services, Chapter 88",medicaid mental health services,public health and human services,,Health Services,2300000709,18,3153,4,8,1,0,5,22.0,8.13,12.0,34.64983844911147
Montana,2020-05-28,"Public Health And Human Services, Chapter 89",mental health services,public health and human services,,Health Services,2300000710,53,10345,8,32,3,0,10,29.0,8.96,19.148936170212767,37.52183356195702
Montana,2020-05-28,"Public Health And Human Services, Chapter 90",mental health medicaid funded 1115 and 1915 waivers,public health and human services,,Health Services,2300000711,34,8287,0,24,5,0,5,31.0,8.64,14.814814814814811,37.47867098409123
Montana,2020-05-28,"Public Health And Human Services, Chapter 91",certification of mental health professional persons,public health and human services,,Health Services,2300000712,22,2667,0,20,0,0,2,24.0,7.72,2.9702970297029703,40.940285204991085
Montana,2020-05-28,"Public Health And Human Services, Chapter 93",licensure of child placing agencies,public health and human services,,Health Services,2300000713,155,6718,133,14,2,0,6,24.0,8.38,13.703703703703704,32.99950843847288
Montana,2020-05-28,"Public Health And Human Services, Chapter 95",licensure of day care facilities,public health and human services,,Health Services,2300000714,603,29592,211,311,19,10,52,27.0,9.53,20.461095100864554,31.292291471415183
Montana,2020-05-28,"Public Health And Human Services, Chapter 97",licensure of youth care facilities,public health and human services,,Health Services,2300000715,413,18293,125,236,23,7,22,27.0,9.22,20.063694267515924,33.11322543937287
Montana,2020-05-28,"Public Health And Human Services, Chapter 98",outdoor behavioral program,public health and human services,,Health Services,2300000716,671,22327,214,402,30,5,20,23.0,9.45,15.690376569037657,34.63583394027677
Montana,2020-05-28,"Public Health And Human Services, Chapter 99",private alternative adolescent residential programs or private outdoor programs,public health and human services,,Health Services,2300000717,450,18049,6,396,19,7,22,30.0,9.12,18.27768014059754,38.03402587708385
Montana,2020-05-28,"Public Service Regulation, Chapter 1",organizational rule,public service regulation,,Administration,2300000732,0,680,0,0,0,0,0,12.0,7.32,0.0,47.00343642611684
Montana,2020-05-28,"Public Service Regulation, Chapter 2",procedural rules,public service regulation,,Administration,2300000733,282,17205,203,58,1,0,20,23.0,8.57,21.47058823529412,34.59514624395034
Montana,2020-05-28,"Public Service Regulation, Chapter 3",motor carriers,public service regulation,,Administration,2300000734,469,27219,221,185,15,5,43,23.0,9.25,26.25,32.33654245165574
Montana,2020-05-28,"Public Service Regulation, Chapter 4",railroads,public service regulation,,Administration,2300000735,134,6291,111,8,0,0,15,21.0,8.72,29.328621908127207,31.992082058664742
Montana,2020-05-28,"Public Service Regulation, Chapter 5",utility division,public service regulation,,Administration,2300000736,1565,104081,903,405,59,16,182,25.0,9.96,20.738045738045734,37.18096996792691
Montana,2020-05-28,"Public Service Regulation, Chapter 6",energy conservation,public service regulation,,Administration,2300000737,10,1060,9,0,1,0,0,21.0,8.04,6.382978723404255,37.46840958605664
Montana,2020-05-28,"Public Service Regulation, Chapter 7",pipe line companies,public service regulation,,Administration,2300000738,9,460,8,0,0,0,1,20.0,6.91,0.0,31.98540145985401
Montana,2020-05-28,"Public Service Regulation, Chapter 8",cost of service information,public service regulation,,Administration,2300000739,0,105,0,0,0,0,0,19.0,6.25,0.0,34.55696202531646
Montana,2020-05-28,"Public Service Regulation, Chapter 9",transportation of radioactive and transuranic waste,public service regulation,,Administration,2300000740,34,2176,18,9,0,0,7,23.0,7.64,9.195402298850574,43.70277626565052
Montana,2020-05-28,"Revenue, Chapter 1",organizational rule,revenue,,Taxes and Public Finance,2300000741,0,1461,0,0,0,0,0,13.0,8.15,0.9433962264150944,42.69076923076923
Montana,2020-05-28,"Revenue, Chapter 10",collections,revenue,,Taxes and Public Finance,2300000748,18,1274,14,4,0,0,0,27.0,7.11,25.58139534883721,33.00380228136882
Montana,2020-05-28,"Revenue, Chapter 11",agency liquor stores and vendors,revenue,,Taxes and Public Finance,2300000749,73,7641,42,22,4,1,4,21.0,8.53,14.285714285714285,31.067428208789465
Montana,2020-05-28,"Revenue, Chapter 12",liquor licenses and permits,revenue,,Taxes and Public Finance,2300000750,272,24346,109,106,18,6,33,27.0,9.18,25.96944770857814,33.845451138386586
Montana,2020-05-28,"Revenue, Chapter 13",regulation of licensees,revenue,,Taxes and Public Finance,2300000751,198,16128,105,64,6,8,15,29.0,9.07,17.84313725490196,33.66392970325555
Montana,2020-05-28,"Revenue, Chapter 14",lodging facility use tax and rental vehicle use sales tax,revenue,,Taxes and Public Finance,2300000752,84,6575,18,28,0,0,38,25.0,8.44,17.5,29.42044198895028
Montana,2020-05-28,"Revenue, Chapter 15",income tax,revenue,,Taxes and Public Finance,2300000753,214,23332,47,128,5,0,34,25.0,8.93,26.613816534541336,31.112833981514218
Montana,2020-05-28,"Revenue, Chapter 17",withholding and estimated tax payments,revenue,,Taxes and Public Finance,2300000754,139,11741,27,68,3,0,41,21.0,8.68,19.844357976653697,31.39298682435937
Montana,2020-05-28,"Revenue, Chapter 18",montana appraisal plan,revenue,,Taxes and Public Finance,2300000755,74,4457,36,18,0,0,20,23.0,8.41,30.81081081081081,39.05693319838057
Montana,2020-05-28,"Revenue, Chapter 19",general property tax provisions,revenue,,Taxes and Public Finance,2300000756,90,11635,17,50,1,0,22,28.0,9.03,28.05194805194805,33.889729620661825
Montana,2020-05-28,"Revenue, Chapter 2",general department rules,revenue,,Taxes and Public Finance,2300000742,218,25916,103,56,6,1,52,25.0,9.54,25.42372881355932,33.47473915431082
Montana,2020-05-28,"Revenue, Chapter 20",real property,revenue,,Taxes and Public Finance,2300000757,234,33655,93,118,3,1,19,28.0,9.63,21.334503950834065,33.75289273073782
Montana,2020-05-28,"Revenue, Chapter 21",personal property,revenue,,Taxes and Public Finance,2300000758,43,6226,15,19,0,0,9,23.0,8.7,21.91235059760956,32.23802193573216
Montana,2020-05-28,"Revenue, Chapter 22",centrally assessed property,revenue,,Taxes and Public Finance,2300000759,139,11972,98,16,1,0,24,20.0,9.26,15.313653136531366,35.1911066195048
Montana,2020-05-28,"Revenue, Chapter 23",corporate income tax general,revenue,,Taxes and Public Finance,2300000760,114,9318,18,72,5,0,19,21.0,8.72,19.85645933014354,31.541126086408863
Montana,2020-05-28,"Revenue, Chapter 25",natural resources taxes,revenue,,Taxes and Public Finance,2300000761,90,14467,40,42,4,0,4,21.0,9.1,16.560509554140125,30.83364979773797
Montana,2020-05-28,"Revenue, Chapter 26",corporate multistate activities,revenue,,Taxes and Public Finance,2300000762,330,47610,269,40,5,1,15,29.0,9.17,34.88529014844804,33.90208384407943
Montana,2020-05-28,"Revenue, Chapter 29",universal system benefits programs,revenue,,Taxes and Public Finance,2300000763,37,3289,24,11,0,0,2,24.0,8.43,18.75,38.11095983662355
Montana,2020-05-28,"Revenue, Chapter 3",waiver of penalty and interest,revenue,,Taxes and Public Finance,2300000743,12,3304,9,2,1,0,0,26.0,7.76,34.57943925233645,29.559322033898304
Montana,2020-05-28,"Revenue, Chapter 30",taxation of estates and trusts,revenue,,Taxes and Public Finance,2300000764,60,6257,3,34,1,0,22,36.0,8.17,50.31055900621118,29.75906221821461
Montana,2020-05-28,"Revenue, Chapter 31",miscellaneous tax commercial activities,revenue,,Taxes and Public Finance,2300000765,120,10489,38,51,2,0,29,19.0,8.67,11.468812877263582,32.29509194982341
Montana,2020-05-28,"Revenue, Chapter 38",unclaimed property,revenue,,Taxes and Public Finance,2300000766,17,2026,5,8,1,0,3,24.0,8.03,17.94871794871795,33.386390532544375
Montana,2020-05-28,"Revenue, Chapter 4",tax credits,revenue,,Taxes and Public Finance,2300000744,193,27771,61,89,17,0,26,27.0,9.44,21.57894736842105,32.43304526396851
Montana,2020-05-28,"Revenue, Chapter 5",filing and remittance,revenue,,Taxes and Public Finance,2300000745,16,1484,10,3,0,0,3,24.0,7.73,16.363636363636363,33.373644703919936
Montana,2020-05-28,"Revenue, Chapter 8",board of review,revenue,,Taxes and Public Finance,2300000746,5,795,4,0,0,0,1,17.0,6.97,7.5,37.780033840947546
Montana,2020-05-28,"Revenue, Chapter 9",pass through entities,revenue,,Taxes and Public Finance,2300000747,111,11635,5,62,2,0,42,33.0,8.34,33.5423197492163,32.05453278933227
Montana,2020-05-28,"Secretary Of State, Chapter 1",organizational rule,secretary of state,,Administration,2300000767,0,1638,0,0,0,0,0,31.0,8.12,0.0,39.20910840282232
Montana,2020-05-28,"Secretary Of State, Chapter 10",commissioner of political practices,secretary of state,,Administration,2300000772,20,1571,11,7,0,0,2,16.0,7.83,10.75268817204301,34.270207852194
Montana,2020-05-28,"Secretary Of State, Chapter 11",commissioner of political practices,secretary of state,,Administration,2300000773,290,24407,170,64,7,2,47,30.0,9.0,21.03174603174603,35.37772894472842
Montana,2020-05-28,"Secretary Of State, Chapter 12",commissioner of political practices lobbyist disclosure,secretary of state,,Administration,2300000774,90,8653,45,32,2,0,11,33.0,8.53,30.241935483870968,34.85960721868365
Montana,2020-05-28,"Secretary Of State, Chapter 14",records and information management,secretary of state,,Administration,2300000775,9,2149,4,5,0,0,0,20.0,7.82,5.376344086021505,33.19882275997384
Montana,2020-05-28,"Secretary Of State, Chapter 15",notaries public,secretary of state,,Administration,2300000776,31,2338,22,8,0,0,1,39.0,7.98,47.368421052631575,31.805423406279733
Montana,2020-05-28,"Secretary Of State, Chapter 17",administrative rules of montana,secretary of state,,Administration,2300000777,0,115,0,0,0,0,0,21.0,5.98,0.0,40.17021276595744
Montana,2020-05-28,"Secretary Of State, Chapter 2",overall office rules,secretary of state,,Administration,2300000768,14,1388,4,4,0,0,6,27.0,8.06,21.27659574468085,33.789958158995816
Montana,2020-05-28,"Secretary Of State, Chapter 3",elections,secretary of state,,Administration,2300000769,427,23475,313,66,11,3,34,27.0,9.01,27.889447236180903,33.51054455445544
Montana,2020-05-28,"Secretary Of State, Chapter 5",businesses,secretary of state,,Administration,2300000770,20,3949,1,14,0,0,5,23.0,8.0,19.727891156462583,35.83814048184595
Montana,2020-05-28,"Secretary Of State, Chapter 6",uniform commercial code,secretary of state,,Administration,2300000771,17,2903,2,10,3,0,2,23.0,8.46,20.175438596491222,30.872635561160152
Montana,2020-05-28,"State Auditor, Chapter 1",organizational rule,state auditor,,Taxes and Public Finance,2300000435,0,638,0,0,0,0,0,14.0,7.16,2.272727272727273,42.418088737201366
Montana,2020-05-28,"State Auditor, Chapter 10",securities department,state auditor,,Taxes and Public Finance,2300000438,188,15649,100,21,5,5,57,43.0,9.25,36.231884057971016,35.07183241519281
Montana,2020-05-28,"State Auditor, Chapter 12",securities department,state auditor,,Taxes and Public Finance,2300000439,9,874,4,2,0,0,3,20.0,6.98,17.5,30.42937062937063
Montana,2020-05-28,"State Auditor, Chapter 2",overall office rules,state auditor,,Taxes and Public Finance,2300000436,4,1189,2,2,0,0,0,22.0,7.33,20.40816326530612,30.130252100840337
Montana,2020-05-28,"State Auditor, Chapter 6",insurance department,state auditor,,Taxes and Public Finance,2300000437,2649,222299,1553,586,133,28,349,34.0,10.2,31.638141809290957,35.11084909435271
Montana,2020-05-28,"Transportation, Chapter 1",organizational rule,transportation,,Transportation,2300000524,1,1939,0,1,0,0,0,15.0,8.36,1.639344262295082,45.843414358394575
Montana,2020-05-28,"Transportation, Chapter 12",aeronautics division,transportation,,Transportation,2300000532,26,2424,2,20,0,0,4,26.0,8.03,11.76470588235294,35.32332332332332
Montana,2020-05-28,"Transportation, Chapter 13",board of aeronautics,transportation,,Transportation,2300000533,24,2345,2,20,0,0,2,22.0,8.02,9.803921568627452,35.212207916070575
Montana,2020-05-28,"Transportation, Chapter 14",planning,transportation,,Transportation,2300000534,29,1848,9,16,1,0,3,23.0,7.99,6.756756756756757,38.46785486950986
Montana,2020-05-28,"Transportation, Chapter 15",motor fuels tax,transportation,,Transportation,2300000535,166,14941,56,87,8,1,14,20.0,8.94,16.545718432510885,30.055765130392
Montana,2020-05-28,"Transportation, Chapter 16",bridge and road safety and accountability program,transportation,,Transportation,2300000536,38,1982,7,24,2,0,5,25.0,7.43,10.81081081081081,37.05194063926941
Montana,2020-05-28,"Transportation, Chapter 2",overall department rules,transportation,,Transportation,2300000525,162,11725,69,55,7,1,30,31.0,9.17,39.226519337016576,35.85246977223732
Montana,2020-05-28,"Transportation, Chapter 3",contractor debarment,transportation,,Transportation,2300000526,65,5555,39,13,2,2,9,30.0,8.88,26.111111111111114,36.00248470948012
Montana,2020-05-28,"Transportation, Chapter 4",engineering division,transportation,,Transportation,2300000527,6,460,0,5,0,0,1,17.0,6.13,9.523809523809524,35.261648745519715
Montana,2020-05-28,"Transportation, Chapter 5",preconstruction bureau,transportation,,Transportation,2300000528,19,801,15,3,0,0,1,18.0,7.19,5.0,33.666666666666664
Montana,2020-05-28,"Transportation, Chapter 6",right of way bureau,transportation,,Transportation,2300000529,389,23105,162,167,18,12,30,26.0,9.37,23.08598351001178,33.233821882456056
Montana,2020-05-28,"Transportation, Chapter 7",maintenance,transportation,,Transportation,2300000530,209,11182,137,47,2,1,22,25.0,9.2,25.355450236966824,36.63891839690971
Montana,2020-05-28,"Transportation, Chapter 8",motor carrier services division,transportation,,Transportation,2300000531,250,18653,108,73,10,9,50,21.0,9.17,15.23096129837703,32.92391376893813
Montana,2021-05-26,"Administration, Chapter 1",organizational rule,administration,,Administration,2300000781,0,3099,0,0,0,0,0,20.0,8.84,1.3605442176870748,44.24913971094288
Montana,2021-05-26,"Administration, Chapter 11",general services division,administration,,Administration,2300000786,2,789,1,0,1,0,0,19.0,7.59,17.94871794871795,33.25271317829457
Montana,2021-05-26,"Administration, Chapter 12",state information technology services division,administration,,Administration,2300000787,12,2183,9,2,0,0,1,29.0,7.95,22.22222222222222,41.80596260737747
Montana,2021-05-26,"Administration, Chapter 13",telecommunications bureau,administration,,Administration,2300000788,56,4448,33,20,0,0,3,23.0,8.12,16.477272727272727,40.5224043715847
Montana,2021-05-26,"Administration, Chapter 2",procedural rules,administration,,Administration,2300000782,0,186,0,0,0,0,0,17.0,5.8,0.0,33.29245283018868
Montana,2021-05-26,"Administration, Chapter 21",state human resources division,administration,,Administration,2300000789,374,28510,221,89,27,3,34,24.0,9.51,22.484134179510427,37.561690938511326
Montana,2021-05-26,"Administration, Chapter 4",state financial services division,administration,,Administration,2300000783,76,4456,31,19,1,0,25,25.0,8.45,20.0,36.17910848549946
Montana,2021-05-26,"Administration, Chapter 43",public employees retirement board,administration,,Administration,2300000790,360,36959,63,209,34,1,53,23.0,9.15,19.23340177960301,32.39263660335792
Montana,2021-05-26,"Administration, Chapter 44",teachers retirement board,administration,,Administration,2300000791,92,9213,35,36,7,0,14,23.0,8.88,18.47826086956521,33.4349619698337
Montana,2021-05-26,"Administration, Chapter 5",state procurement,administration,,Administration,2300000784,149,12360,58,60,5,0,26,21.0,9.04,21.402877697841728,35.149604045415515
Montana,2021-05-26,"Administration, Chapter 51",state tax appeal board,administration,,Administration,2300000792,8,588,8,0,0,0,0,18.0,6.57,27.58620689655172,28.99581589958159
Montana,2021-05-26,"Administration, Chapter 53",board of examiners,administration,,Administration,2300000793,0,312,0,0,0,0,0,17.0,6.47,0.0,33.35514018691589
Montana,2021-05-26,"Administration, Chapter 55",state compensation insurance fund,administration,,Administration,2300000794,77,7678,56,17,2,0,2,22.0,8.85,14.506172839506174,33.62220484753714
Montana,2021-05-26,"Administration, Chapter 59",banking and financial institutions,administration,,Administration,2300000795,538,43946,251,181,32,8,66,30.0,9.8,24.94432071269488,33.965361485333126
Montana,2021-05-26,"Administration, Chapter 6",risk management and tort defense division,administration,,Administration,2300000785,17,1729,4,3,3,0,7,32.0,7.67,30.0,32.872950819672134
Montana,2021-05-26,"Administration, Chapter 60",state banking board,administration,,Administration,2300000796,46,4341,21,19,0,0,6,24.0,8.54,12.352941176470589,34.024051309460184
Montana,2021-05-26,"Administration, Chapter 63",montana state lottery commission,administration,,Administration,2300000797,77,6907,43,15,8,7,4,21.0,8.4,9.966777408637874,30.97530644874756
Montana,2021-05-26,"Administration, Chapter 65",burial preservation board,administration,,Administration,2300000798,53,3916,41,11,1,0,0,32.0,8.37,31.57894736842105,36.00821596244131
Montana,2021-05-26,"Administration, Chapter 67",board of county printing,administration,,Administration,2300000799,9,648,5,3,1,0,0,12.0,7.23,6.122448979591836,29.795454545454547
Montana,2021-05-26,"Administration, Chapter 69",office of the state public defender,administration,,Administration,2300000800,17,999,8,2,0,0,7,17.0,7.54,9.615384615384617,38.8706338939198
Montana,2021-05-26,"Agriculture, Chapter 1",organizational rule,agriculture,,"Industry, Commerce, and Development",2300000801,0,841,0,0,0,0,0,16.0,7.39,2.0408163265306123,42.01081081081081
Montana,2021-05-26,"Agriculture, Chapter 10",agricultural sciences division,agriculture,,"Industry, Commerce, and Development",2300000810,534,29284,236,183,7,6,102,23.0,9.72,11.276948590381426,39.34135966578048
Montana,2021-05-26,"Agriculture, Chapter 11",environmental management,agriculture,,"Industry, Commerce, and Development",2300000811,79,8822,52,6,4,0,17,19.0,8.63,8.904109589041095,37.45166843220339
Montana,2021-05-26,"Agriculture, Chapter 12",agricultural sciences division,agriculture,,"Industry, Commerce, and Development",2300000812,869,48746,667,95,2,19,86,22.0,10.32,16.714836223506744,33.74686985762324
Montana,2021-05-26,"Agriculture, Chapter 13",state grain laboratory division,agriculture,,"Industry, Commerce, and Development",2300000813,8,2996,4,3,0,0,1,28.0,8.5,22.22222222222222,34.67378640776699
Montana,2021-05-26,"Agriculture, Chapter 14",montana agricultural loan authority,agriculture,,"Industry, Commerce, and Development",2300000814,36,3474,11,19,3,0,3,22.0,8.21,7.38255033557047,35.507879185817465
Montana,2021-05-26,"Agriculture, Chapter 16",montana agriculture development council,agriculture,,"Industry, Commerce, and Development",2300000815,20,2174,7,9,1,0,3,20.0,7.94,12.903225806451612,32.84504504504505
Montana,2021-05-26,"Agriculture, Chapter 17",organic program,agriculture,,"Industry, Commerce, and Development",2300000816,80,5373,24,44,1,6,5,24.0,8.72,18.867924528301888,37.91392670157068
Montana,2021-05-26,"Agriculture, Chapter 19",industrial hemp program,agriculture,,"Industry, Commerce, and Development",2300000817,31,2823,4,17,2,0,8,20.0,8.06,11.11111111111111,32.204446381865736
Montana,2021-05-26,"Agriculture, Chapter 2",procedural rules,agriculture,,"Industry, Commerce, and Development",2300000802,149,9388,74,43,4,1,27,26.0,8.73,32.84023668639053,35.1235530356721
Montana,2021-05-26,"Agriculture, Chapter 20",mediation services,agriculture,,"Industry, Commerce, and Development",2300000818,2,526,0,2,0,0,0,16.0,6.11,22.22222222222222,30.27953890489913
Montana,2021-05-26,"Agriculture, Chapter 21",montana pulse crop committee,agriculture,,"Industry, Commerce, and Development",2300000819,34,1722,30,2,0,1,1,19.0,7.58,7.59493670886076,32.93068535825545
Montana,2021-05-26,"Agriculture, Chapter 22",analytical laboratory,agriculture,,"Industry, Commerce, and Development",2300000820,2,655,0,1,1,0,0,41.0,6.86,0.0,26.90566037735849
Montana,2021-05-26,"Agriculture, Chapter 23",student loan assistance program,agriculture,,"Industry, Commerce, and Development",2300000821,6,519,0,5,0,0,1,21.0,7.03,4.761904761904762,41.17293233082707
Montana,2021-05-26,"Agriculture, Chapter 3",agricultural development division,agriculture,,"Industry, Commerce, and Development",2300000803,59,2410,35,18,0,0,6,17.0,7.87,6.0606060606060606,35.73878758008871
Montana,2021-05-26,"Agriculture, Chapter 4",hail insurance program,agriculture,,"Industry, Commerce, and Development",2300000804,25,2101,15,7,1,0,2,22.0,7.76,27.906976744186046,26.22898903775883
Montana,2021-05-26,"Agriculture, Chapter 5",noxious weed management,agriculture,,"Industry, Commerce, and Development",2300000805,89,7794,36,36,2,0,15,21.0,9.17,12.957746478873238,35.69790436835891
Montana,2021-05-26,"Agriculture, Chapter 6",commodity research and market development program,agriculture,,"Industry, Commerce, and Development",2300000806,26,1507,18,8,0,0,0,20.0,7.77,7.352941176470589,35.99042298483639
Montana,2021-05-26,"Agriculture, Chapter 7",marketing program,agriculture,,"Industry, Commerce, and Development",2300000807,11,393,9,1,0,0,1,22.0,6.42,12.5,32.03529411764706
Montana,2021-05-26,"Agriculture, Chapter 8",alfalfa seed committee,agriculture,,"Industry, Commerce, and Development",2300000808,24,1139,22,2,0,0,0,13.0,7.51,6.41025641025641,30.174282678002125
Montana,2021-05-26,"Agriculture, Chapter 9",wheat research and marketing committee,agriculture,,"Industry, Commerce, and Development",2300000809,32,1973,28,2,0,1,1,15.0,7.88,5.88235294117647,32.029107373868044
Montana,2021-05-26,"Commerce, Chapter 1",organizational rule,commerce,,"Industry, Commerce, and Development",2300000827,0,600,0,0,0,0,0,12.0,7.22,2.2222222222222223,42.64331210191083
Montana,2021-05-26,"Commerce, Chapter 101",coal board,commerce,,"Industry, Commerce, and Development",2300000833,13,1950,5,7,0,0,1,14.0,8.03,2.459016393442623,33.34640522875817
Montana,2021-05-26,"Commerce, Chapter 104",hard rock mining impact board,commerce,,"Industry, Commerce, and Development",2300000834,79,5152,13,47,3,0,16,23.0,8.32,13.658536585365855,30.65775996437319
Montana,2021-05-26,"Commerce, Chapter 111",board of housing,commerce,,"Industry, Commerce, and Development",2300000835,127,14292,48,55,5,0,19,23.0,9.07,12.522045855379188,33.043492372606295
Montana,2021-05-26,"Commerce, Chapter 112",montana heritage preservation and development commission,commerce,,"Industry, Commerce, and Development",2300000836,23,2301,15,5,0,0,3,22.0,7.74,11.34020618556701,34.68358974358974
Montana,2021-05-26,"Commerce, Chapter 119",montana promotion division,commerce,,"Industry, Commerce, and Development",2300000837,21,3817,12,8,0,0,1,34.0,8.52,17.92452830188679,40.35604523050159
Montana,2021-05-26,"Commerce, Chapter 120",montana health facility authority,commerce,,"Industry, Commerce, and Development",2300000838,3,835,1,1,0,0,1,14.0,7.42,10.909090909090908,35.65315315315316
Montana,2021-05-26,"Commerce, Chapter 2",department rules,commerce,,"Industry, Commerce, and Development",2300000828,164,10452,83,45,5,1,30,29.0,8.85,34.39306358381503,35.53532579997888
Montana,2021-05-26,"Commerce, Chapter 22",board of horse racing,commerce,,"Industry, Commerce, and Development",2300000829,1470,68360,1182,200,11,9,68,21.0,9.57,18.678815489749432,28.833142370772908
Montana,2021-05-26,"Commerce, Chapter 94",community development division,commerce,,"Industry, Commerce, and Development",2300000830,1,2478,0,1,0,0,0,19.0,7.6,0.0,40.78770949720671
Montana,2021-05-26,"Commerce, Chapter 97",board of investments,commerce,,"Industry, Commerce, and Development",2300000831,119,11725,58,35,5,0,21,25.0,8.95,17.88235294117647,33.89580850218514
Montana,2021-05-26,"Commerce, Chapter 99",montana office of tourism and business development division,commerce,,"Industry, Commerce, and Development",2300000832,95,8179,64,16,6,0,9,27.0,8.6,11.846689895470384,36.84650972921486
Montana,2021-05-26,"Corrections, Chapter 1",organizational rule,corrections,,"Security, Justice, and Corrections",2300000924,0,983,0,0,0,0,0,12.0,7.69,1.2987012987012987,43.76674107142857
Montana,2021-05-26,"Corrections, Chapter 12",restitution,corrections,,"Security, Justice, and Corrections",2300000929,22,1201,22,0,0,0,0,26.0,7.36,13.953488372093023,35.85878962536023
Montana,2021-05-26,"Corrections, Chapter 13",offender financial transactions,corrections,,"Security, Justice, and Corrections",2300000930,12,1664,7,2,1,0,2,33.0,8.23,20.833333333333336,35.693943298969074
Montana,2021-05-26,"Corrections, Chapter 15",clinical services,corrections,,"Security, Justice, and Corrections",2300000931,3,650,0,2,1,0,0,30.0,6.87,10.526315789473683,33.79690522243714
Montana,2021-05-26,"Corrections, Chapter 2",overall department rules,corrections,,"Security, Justice, and Corrections",2300000925,1,230,1,0,0,0,0,16.0,6.26,0.0,33.874213836477985
Montana,2021-05-26,"Corrections, Chapter 24",board of crime control,corrections,,"Security, Justice, and Corrections",2300000932,46,3925,16,25,1,1,3,16.0,8.06,5.14018691588785,31.226015705018774
Montana,2021-05-26,"Corrections, Chapter 25",board of pardons and parole,corrections,,"Security, Justice, and Corrections",2300000933,121,13540,38,56,12,4,11,25.0,8.9,35.30571992110454,33.576897959183675
Montana,2021-05-26,"Corrections, Chapter 26",education of exonerated persons,corrections,,"Security, Justice, and Corrections",2300000934,6,995,0,6,0,0,0,32.0,7.22,10.344827586206897,38.05411499436302
Montana,2021-05-26,"Corrections, Chapter 27",private correctional facilities,corrections,,"Security, Justice, and Corrections",2300000935,148,6393,25,116,4,0,3,23.0,8.47,9.448818897637794,36.11289733284618
Montana,2021-05-26,"Corrections, Chapter 28",regional correctional facilities,corrections,,"Security, Justice, and Corrections",2300000936,66,6198,8,53,2,0,3,31.0,8.88,17.94871794871795,36.859926918392205
Montana,2021-05-26,"Corrections, Chapter 4",management of offenders,corrections,,"Security, Justice, and Corrections",2300000926,3,610,3,0,0,0,0,54.0,7.65,27.27272727272727,34.00192307692308
Montana,2021-05-26,"Corrections, Chapter 7",community corrections division,corrections,,"Security, Justice, and Corrections",2300000927,157,9023,76,58,9,5,9,26.0,9.03,12.195121951219512,36.59589126894651
Montana,2021-05-26,"Corrections, Chapter 9",youth services,corrections,,"Security, Justice, and Corrections",2300000928,406,18949,97,265,23,7,14,27.0,9.41,20.958083832335326,35.24086524408068
Montana,2021-05-26,"Education, Chapter 1",organizational rule,education,,Primary and Secondary Education,2300000839,0,573,0,0,0,0,0,15.0,7.54,2.702702702702702,45.04061895551257
Montana,2021-05-26,"Education, Chapter 10",special accounting practices,education,,Primary and Secondary Education,2300000843,214,14426,113,71,16,0,14,25.0,8.73,18.51851851851852,34.87133404133649
Montana,2021-05-26,"Education, Chapter 101",organizational and procedural rules,education,,Primary and Secondary Education,2300000871,15,867,15,0,0,0,0,17.0,7.54,4.25531914893617,34.14383561643836
Montana,2021-05-26,"Education, Chapter 102",substantive rules,education,,Primary and Secondary Education,2300000872,89,8806,78,9,1,0,1,27.0,8.55,7.947019867549669,34.9616515232496
Montana,2021-05-26,"Education, Chapter 11",oil and gas production taxes,education,,Primary and Secondary Education,2300000844,5,1512,1,4,0,0,0,31.0,7.49,2.127659574468085,33.64196625091709
Montana,2021-05-26,"Education, Chapter 111",montana arts council,education,,Primary and Secondary Education,2300000873,41,2675,14,21,2,0,4,21.0,8.74,9.243697478991598,35.43547726341663
Montana,2021-05-26,"Education, Chapter 120",organizational rule,education,,Primary and Secondary Education,2300000874,0,964,0,0,0,0,0,28.0,7.9,0.0,44.26158940397351
Montana,2021-05-26,"Education, Chapter 121",procedural rules,education,,Primary and Secondary Education,2300000875,132,7168,104,16,3,0,9,21.0,9.17,18.04281345565749,35.80542289323679
Montana,2021-05-26,"Education, Chapter 13",traffic education,education,,Primary and Secondary Education,2300000845,81,6372,40,25,0,0,16,38.0,8.86,10.625,38.18262959148644
Montana,2021-05-26,"Education, Chapter 15",definitions,education,,Primary and Secondary Education,2300000846,3,2860,0,1,1,0,1,25.0,8.04,12.149532710280374,33.05755677368833
Montana,2021-05-26,"Education, Chapter 16",special education,education,,Primary and Secondary Education,2300000847,338,25162,192,93,12,2,39,26.0,9.33,19.122609673790777,38.593208625138224
Montana,2021-05-26,"Education, Chapter 2",procedural rules,education,,Primary and Secondary Education,2300000840,0,65,0,0,0,0,0,8.0,5.4,0.0,34.0
Montana,2021-05-26,"Education, Chapter 20",average number belonging,education,,Primary and Secondary Education,2300000848,34,5704,12,8,4,0,10,33.0,8.13,25.465838509316768,32.63654340518094
Montana,2021-05-26,"Education, Chapter 21",gtba and funding components,education,,Primary and Secondary Education,2300000849,21,5023,5,14,1,0,1,25.0,7.75,13.661202185792352,33.00348605577689
Montana,2021-05-26,"Education, Chapter 22",spending and reserve limits,education,,Primary and Secondary Education,2300000850,27,3253,11,13,3,0,0,28.0,7.83,12.962962962962962,32.031813361611874
Montana,2021-05-26,"Education, Chapter 23",permissive and voted amounts and levies,education,,Primary and Secondary Education,2300000851,10,1801,3,6,1,0,0,24.0,7.59,7.462686567164178,30.515295717199184
Montana,2021-05-26,"Education, Chapter 30",school structure and classification,education,,Primary and Secondary Education,2300000852,29,3272,16,11,0,0,2,33.0,8.04,25.555555555555557,33.18480565371025
Montana,2021-05-26,"Education, Chapter 41",career and vocational technical education,education,,Primary and Secondary Education,2300000853,61,3827,39,13,0,0,9,16.0,7.8,3.3653846153846154,39.70447180816591
Montana,2021-05-26,"Education, Chapter 51",organizational rules,education,,Primary and Secondary Education,2300000854,2,805,0,1,1,0,0,16.0,7.34,0.0,37.91690544412607
Montana,2021-05-26,"Education, Chapter 52",procedural rules,education,,Primary and Secondary Education,2300000855,0,247,0,0,0,0,0,11.0,6.35,5.555555555555555,31.679738562091504
Montana,2021-05-26,"Education, Chapter 53",content standards,education,,Primary and Secondary Education,2300000856,25,68961,7,9,1,0,8,70.0,9.99,32.07150368033649,36.3508766594182
Montana,2021-05-26,"Education, Chapter 54",content standards and performance descriptors,education,,Primary and Secondary Education,2300000857,46,38089,6,35,0,0,5,24.0,8.41,5.17120894479385,40.54943089430894
Montana,2021-05-26,"Education, Chapter 55",standards of accreditation,education,,Primary and Secondary Education,2300000858,293,18553,229,28,2,8,26,24.0,9.26,9.9023709902371,39.571482223335
Montana,2021-05-26,"Education, Chapter 56",assessment,education,,Primary and Secondary Education,2300000859,19,1159,16,2,1,0,0,12.0,7.57,5.681818181818182,40.13903192584964
Montana,2021-05-26,"Education, Chapter 57",educator licensure,education,,Primary and Secondary Education,2300000860,151,16612,75,56,3,0,17,17.0,8.69,6.285714285714287,36.4124655596098
Montana,2021-05-26,"Education, Chapter 58",professional educator preparation program standards,education,,Primary and Secondary Education,2300000861,34,25298,25,4,0,0,5,70.0,9.6,4.651162790697675,47.95716044665223
Montana,2021-05-26,"Education, Chapter 59",school for the deaf and blind foundation,education,,Primary and Secondary Education,2300000862,5,378,4,1,0,0,0,18.0,6.59,0.0,31.753246753246756
Montana,2021-05-26,"Education, Chapter 6",rules of procedure for all school controversy contested cases before the county superintendents of the state of montana,education,,Primary and Secondary Education,2300000841,75,4224,65,5,1,0,4,20.0,7.91,9.375,33.54908579465541
Montana,2021-05-26,"Education, Chapter 60",special education,education,,Primary and Secondary Education,2300000863,9,434,9,0,0,0,0,12.0,6.68,0.0,36.16176470588236
Montana,2021-05-26,"Education, Chapter 61",montana school for the deaf and blind,education,,Primary and Secondary Education,2300000864,33,1747,25,7,0,0,1,16.0,8.0,12.871287128712872,34.806515957446805
Montana,2021-05-26,"Education, Chapter 63",early childhood education,education,,Primary and Secondary Education,2300000865,25,3465,19,5,0,0,1,46.0,8.75,6.944444444444445,42.94853875476493
Montana,2021-05-26,"Education, Chapter 64",transportation,education,,Primary and Secondary Education,2300000866,5,1038,1,2,1,0,1,16.0,7.97,11.666666666666666,33.5140607424072
Montana,2021-05-26,"Education, Chapter 65",hours and days of instruction,education,,Primary and Secondary Education,2300000867,17,1304,11,3,1,0,2,25.0,7.62,12.244897959183673,37.91982378854625
Montana,2021-05-26,"Education, Chapter 66",adult secondary education credentials,education,,Primary and Secondary Education,2300000868,19,2197,6,9,0,0,4,20.0,7.88,10.891089108910892,36.29476584022039
Montana,2021-05-26,"Education, Chapter 67",policy establishing state aid distribution schedule for public school districts,education,,Primary and Secondary Education,2300000869,40,1754,33,4,1,0,2,27.0,7.43,24.59016393442623,31.379647749510763
Montana,2021-05-26,"Education, Chapter 68",policy establishing educational media library,education,,Primary and Secondary Education,2300000870,4,405,4,0,0,0,0,36.0,6.98,18.181818181818183,40.40682414698163
Montana,2021-05-26,"Education, Chapter 7",pupil transportation,education,,Primary and Secondary Education,2300000842,111,8054,14,77,6,1,13,23.0,8.33,18.34862385321101,37.51067512983266
Montana,2021-05-26,"Environmental Quality, Chapter 1",organization of department,environmental quality,,"Environmental Protection, Public Utilities, and Natural Resources",2300000890,0,1635,0,0,0,0,0,15.0,8.41,2.7777777777777777,45.70384615384615
Montana,2021-05-26,"Environmental Quality, Chapter 20",major facility siting,environmental quality,,"Environmental Protection, Public Utilities, and Natural Resources",2300000893,361,21002,127,177,3,0,54,32.0,9.26,18.31442463533225,38.63868593675004
Montana,2021-05-26,"Environmental Quality, Chapter 24",reclamation,environmental quality,,"Environmental Protection, Public Utilities, and Natural Resources",2300000894,2362,140607,644,1322,75,44,277,32.0,10.01,27.081316553727007,35.07872935975929
Montana,2021-05-26,"Environmental Quality, Chapter 30",water quality,environmental quality,,"Environmental Protection, Public Utilities, and Natural Resources",2300000895,1209,109191,389,538,95,4,183,35.0,10.07,32.54477864143291,36.1167057951316
Montana,2021-05-26,"Environmental Quality, Chapter 35",vessel pumpout facilities,environmental quality,,"Environmental Protection, Public Utilities, and Natural Resources",2300000896,1,1124,0,0,0,0,1,23.0,7.73,27.27272727272727,33.556989247311826
Montana,2021-05-26,"Environmental Quality, Chapter 36",subdivisions on site subsurface wastewater treatment,environmental quality,,"Environmental Protection, Public Utilities, and Natural Resources",2300000897,329,23664,87,185,29,2,26,26.0,9.07,28.621089223638467,34.36573595311961
Montana,2021-05-26,"Environmental Quality, Chapter 38",public water and sewage system requirements,environmental quality,,"Environmental Protection, Public Utilities, and Natural Resources",2300000898,253,20775,71,121,13,1,47,30.0,9.21,20.91194968553459,35.8350297346752
Montana,2021-05-26,"Environmental Quality, Chapter 4",procedural rules,environmental quality,,"Environmental Protection, Public Utilities, and Natural Resources",2300000891,227,16535,97,79,8,1,42,35.0,9.17,37.641723356009074,35.38231639977913
Montana,2021-05-26,"Environmental Quality, Chapter 40",water treatment systems and operators,environmental quality,,"Environmental Protection, Public Utilities, and Natural Resources",2300000899,118,10902,54,39,6,0,19,32.0,9.09,23.197492163009404,36.907980540316736
Montana,2021-05-26,"Environmental Quality, Chapter 50",solid waste management,environmental quality,,"Environmental Protection, Public Utilities, and Natural Resources",2300000900,1052,72398,384,369,93,3,203,34.0,10.02,26.482617586912067,36.04602483880189
Montana,2021-05-26,"Environmental Quality, Chapter 53",hazardous waste,environmental quality,,"Environmental Protection, Public Utilities, and Natural Resources",2300000901,177,16522,46,91,6,1,33,28.0,8.95,15.913200723327304,35.03592007782684
Montana,2021-05-26,"Environmental Quality, Chapter 55",cecra remediation,environmental quality,,"Environmental Protection, Public Utilities, and Natural Resources",2300000902,97,6475,43,17,3,0,34,47.0,8.55,42.42424242424242,36.485949280329
Montana,2021-05-26,"Environmental Quality, Chapter 56",underground storage tanks petroleum and chemical substances,environmental quality,,"Environmental Protection, Public Utilities, and Natural Resources",2300000903,733,60340,232,364,25,4,108,35.0,9.95,24.81617647058824,35.43928538022636
Montana,2021-05-26,"Environmental Quality, Chapter 57",aboveground storage tanks,environmental quality,,"Environmental Protection, Public Utilities, and Natural Resources",2300000904,41,3043,7,29,0,1,4,33.0,8.72,10.344827586206897,39.14559528197567
Montana,2021-05-26,"Environmental Quality, Chapter 58",montana petroleum tank release compensation board,environmental quality,,"Environmental Protection, Public Utilities, and Natural Resources",2300000905,155,10122,93,41,5,0,16,28.0,9.08,22.71386430678466,32.70596946912736
Montana,2021-05-26,"Environmental Quality, Chapter 74",noise asbestos control methamphetamine cleanup,environmental quality,,"Environmental Protection, Public Utilities, and Natural Resources",2300000906,188,13011,74,72,17,0,25,33.0,9.0,22.25201072386059,37.5181834000348
Montana,2021-05-26,"Environmental Quality, Chapter 8",air quality,environmental quality,,"Environmental Protection, Public Utilities, and Natural Resources",2300000892,1388,100475,723,299,55,22,289,34.0,9.84,29.14143213395084,36.12609013287064
Montana,2021-05-26,"Environmental Quality, Chapter 80",air and water quality tax certification,environmental quality,,"Environmental Protection, Public Utilities, and Natural Resources",2300000907,84,5374,53,18,0,0,13,37.0,8.51,33.33333333333333,38.92169162282477
Montana,2021-05-26,"Environmental Quality, Chapter 84",renewable energy grant and loan program,environmental quality,,"Environmental Protection, Public Utilities, and Natural Resources",2300000908,38,3469,28,5,0,0,5,18.0,7.84,6.779661016949152,36.37298459333572
Montana,2021-05-26,"Environmental Quality, Chapter 85",alternative energy revolving loan program,environmental quality,,"Environmental Protection, Public Utilities, and Natural Resources",2300000909,42,2756,24,10,5,0,3,26.0,8.26,30.303030303030305,35.44651162790698
Montana,2021-05-26,"Environmental Quality, Chapter 86",energy,environmental quality,,"Environmental Protection, Public Utilities, and Natural Resources",2300000910,68,4366,42,13,1,0,12,31.0,8.27,28.35820895522388,34.745426436485445
Montana,2021-05-26,"Fish Wildlife And Parks, Chapter 1",organizational rule,fish wildlife and parks,,"Environmental Protection, Public Utilities, and Natural Resources",2300000876,0,1507,0,0,0,0,0,15.0,8.11,1.0526315789473684,44.53511947863867
Montana,2021-05-26,"Fish Wildlife And Parks, Chapter 10",conservation education division,fish wildlife and parks,,"Environmental Protection, Public Utilities, and Natural Resources",2300000885,17,1156,1,14,1,0,1,20.0,7.54,11.76470588235294,35.07276736493936
Montana,2021-05-26,"Fish Wildlife And Parks, Chapter 11",recreational water use,fish wildlife and parks,,"Environmental Protection, Public Utilities, and Natural Resources",2300000886,168,26619,81,46,12,17,12,21.0,8.83,10.87557603686636,30.67905873047261
Montana,2021-05-26,"Fish Wildlife And Parks, Chapter 14",commercial use,fish wildlife and parks,,"Environmental Protection, Public Utilities, and Natural Resources",2300000887,56,5966,31,11,3,2,9,27.0,8.4,28.09523809523809,35.282368371744425
Montana,2021-05-26,"Fish Wildlife And Parks, Chapter 2",overall department rules,fish wildlife and parks,,"Environmental Protection, Public Utilities, and Natural Resources",2300000877,184,12713,89,58,5,1,31,28.0,9.17,29.4392523364486,35.20936088919764
Montana,2021-05-26,"Fish Wildlife And Parks, Chapter 3",licensing,fish wildlife and parks,,"Environmental Protection, Public Utilities, and Natural Resources",2300000878,151,12826,56,72,11,2,10,25.0,9.11,24.63465553235908,32.84279630943932
Montana,2021-05-26,"Fish Wildlife And Parks, Chapter 4",stream access rules,fish wildlife and parks,,"Environmental Protection, Public Utilities, and Natural Resources",2300000879,40,4955,20,14,5,0,1,28.0,8.71,20.833333333333336,35.2938646139914
Montana,2021-05-26,"Fish Wildlife And Parks, Chapter 5",resource protection,fish wildlife and parks,,"Environmental Protection, Public Utilities, and Natural Resources",2300000880,23,2662,5,15,0,2,1,26.0,8.46,25.53191489361702,36.61088977423639
Montana,2021-05-26,"Fish Wildlife And Parks, Chapter 6",enforcement division,fish wildlife and parks,,"Environmental Protection, Public Utilities, and Natural Resources",2300000881,497,27233,177,223,42,26,29,24.0,9.77,19.942473633748804,32.62193434788077
Montana,2021-05-26,"Fish Wildlife And Parks, Chapter 7",fisheries division,fish wildlife and parks,,"Environmental Protection, Public Utilities, and Natural Resources",2300000882,148,11896,60,62,8,3,15,21.0,9.34,15.56420233463035,35.83980343980344
Montana,2021-05-26,"Fish Wildlife And Parks, Chapter 8",parks division,fish wildlife and parks,,"Environmental Protection, Public Utilities, and Natural Resources",2300000883,158,13317,90,19,4,33,12,23.0,9.37,26.56546489563567,34.12149451315102
Montana,2021-05-26,"Fish Wildlife And Parks, Chapter 9",wildlife division,fish wildlife and parks,,"Environmental Protection, Public Utilities, and Natural Resources",2300000884,175,20623,66,83,13,0,13,31.0,9.8,27.375201288244767,36.4033212134368
Montana,2021-05-26,"General Provisions, Chapter 1",foreword,general provisions,,Administration,2300000778,2,450,1,0,0,0,1,19.0,6.98,0.0,38.83622828784119
Montana,2021-05-26,"General Provisions, Chapter 2",general provisions,general provisions,,Administration,2300000779,43,6937,2,36,2,0,3,16.0,8.29,6.282722513089005,30.045804464973056
Montana,2021-05-26,"General Provisions, Chapter 3",model rules,general provisions,,Administration,2300000780,149,11450,57,76,3,1,12,19.0,8.75,16.453382084095065,32.04399833576035
Montana,2021-05-26,"Governor, Chapter 6",sage grouse stewardship,governor,,"Environmental Protection, Public Utilities, and Natural Resources",2300000888,21,2600,17,4,0,0,0,33.0,7.95,21.91780821917808,37.25843656557027
Montana,2021-05-26,"Governor, Chapter 8",energy shortages,governor,,"Environmental Protection, Public Utilities, and Natural Resources",2300000889,25,1358,15,2,1,0,7,24.0,7.56,18.0,37.23736462093863
Montana,2021-05-26,"Justice, Chapter 1",organizational rule,justice,,"Security, Justice, and Corrections",2300000937,2,3888,0,0,0,0,2,21.0,9.13,4.545454545454546,46.23153370937416
Montana,2021-05-26,"Justice, Chapter 12",division of criminal investigation,justice,,"Security, Justice, and Corrections",2300000942,232,15407,145,58,1,9,19,22.0,9.62,14.573643410852712,36.43134408191335
Montana,2021-05-26,"Justice, Chapter 13",public safety officer standards and training,justice,,"Security, Justice, and Corrections",2300000943,131,13211,10,103,3,1,14,29.0,9.0,19.76744186046512,34.928372739916554
Montana,2021-05-26,"Justice, Chapter 15",office of victims services,justice,,"Security, Justice, and Corrections",2300000944,30,4857,0,25,3,0,2,19.0,8.61,19.327731092436977,33.00073728188744
Montana,2021-05-26,"Justice, Chapter 16",gambling control division,justice,,"Security, Justice, and Corrections",2300000945,922,59377,231,477,79,15,120,24.0,9.55,17.501088376142796,30.87920362704514
Montana,2021-05-26,"Justice, Chapter 18",miscellaneous duties of the department,justice,,"Security, Justice, and Corrections",2300000946,150,10466,63,56,4,1,26,29.0,9.1,24.11764705882353,36.433072531190525
Montana,2021-05-26,"Justice, Chapter 19",consumer protection office,justice,,"Security, Justice, and Corrections",2300000947,186,11190,151,22,2,3,8,28.0,9.13,27.127659574468083,34.380725577624645
Montana,2021-05-26,"Justice, Chapter 2",procedural rules,justice,,"Security, Justice, and Corrections",2300000938,25,3748,10,13,0,0,2,18.0,9.04,27.17948717948718,34.88657338493599
Montana,2021-05-26,"Justice, Chapter 3",motor vehicle division,justice,,"Security, Justice, and Corrections",2300000939,599,50486,124,355,28,3,89,26.0,10.07,29.14193200215866,33.09470441150206
Montana,2021-05-26,"Justice, Chapter 4",forensic science division,justice,,"Security, Justice, and Corrections",2300000940,109,6465,64,31,3,0,11,19.0,8.69,13.79310344827586,36.11623872310895
Montana,2021-05-26,"Justice, Chapter 6",highway patrol division,justice,,"Security, Justice, and Corrections",2300000941,69,3594,23,38,2,0,6,25.0,8.35,18.248175182481752,32.90312596719282
Montana,2021-05-26,"Labor And Industry, Chapter 1",organizational rule,labor and industry,,Labor and Workforce Development,2300000948,1,3963,0,1,0,0,0,17.0,9.24,1.7391304347826086,47.17851542080502
Montana,2021-05-26,"Labor And Industry, Chapter 101",business standards division,labor and industry,,Labor and Workforce Development,2300000969,43,4850,8,22,3,0,10,29.0,8.89,21.11801242236025,41.088185957344834
Montana,2021-05-26,"Labor And Industry, Chapter 11",unemployment insurance division,labor and industry,,Labor and Workforce Development,2300000954,282,36484,142,106,9,1,24,29.0,9.42,29.42708333333333,33.98148991541965
Montana,2021-05-26,"Labor And Industry, Chapter 111",alternative health care board,labor and industry,,Labor and Workforce Development,2300000970,176,12646,78,60,0,1,37,31.0,9.59,12.43523316062176,39.03166726813425
Montana,2021-05-26,"Labor And Industry, Chapter 114",board of architects and landscape architects,labor and industry,,Labor and Workforce Development,2300000971,48,5313,11,27,0,0,10,18.0,8.65,4.49438202247191,37.9873296677026
Montana,2021-05-26,"Labor And Industry, Chapter 118",board of athletic trainers,labor and industry,,Labor and Workforce Development,2300000972,10,1290,2,3,1,0,4,26.0,7.84,2.2222222222222223,39.21811100292113
Montana,2021-05-26,"Labor And Industry, Chapter 12",displaced homemaker,labor and industry,,Labor and Workforce Development,2300000955,7,1245,3,4,0,0,0,22.0,7.8,11.538461538461538,43.08514664143803
Montana,2021-05-26,"Labor And Industry, Chapter 121",board of barbers and cosmetologists,labor and industry,,Labor and Workforce Development,2300000973,336,17667,155,124,8,11,38,26.0,9.41,11.616954474097332,34.899247326026675
Montana,2021-05-26,"Labor And Industry, Chapter 122",boiler operating engineers,labor and industry,,Labor and Workforce Development,2300000974,27,2015,13,6,0,0,8,27.0,8.06,20.28985507246377,34.752146536920435
Montana,2021-05-26,"Labor And Industry, Chapter 126",board of chiropractors,labor and industry,,Labor and Workforce Development,2300000975,78,6238,33,33,3,0,9,18.0,8.74,10.197368421052632,35.91104294478528
Montana,2021-05-26,"Labor And Industry, Chapter 129",board of clinical laboratory science practitioners,labor and industry,,Labor and Workforce Development,2300000976,44,2721,19,16,1,0,8,20.0,8.13,3.278688524590164,37.59925268566091
Montana,2021-05-26,"Labor And Industry, Chapter 13",montana help act,labor and industry,,Labor and Workforce Development,2300000956,19,2435,7,11,0,0,1,25.0,8.32,10.869565217391305,34.782830626450114
Montana,2021-05-26,"Labor And Industry, Chapter 131",construction blasters,labor and industry,,Labor and Workforce Development,2300000977,11,936,3,8,0,0,0,17.0,7.36,12.5,33.76495726495727
Montana,2021-05-26,"Labor And Industry, Chapter 135",crane and hoisting operating engineers,labor and industry,,Labor and Workforce Development,2300000978,36,3288,18,9,2,0,7,22.0,7.95,17.73049645390071,32.864153627311524
Montana,2021-05-26,"Labor And Industry, Chapter 138",board of dentistry,labor and industry,,Labor and Workforce Development,2300000979,266,22484,156,79,9,2,20,22.0,9.36,13.091309130913093,37.236566115255705
Montana,2021-05-26,"Labor And Industry, Chapter 141",state electrical board,labor and industry,,Labor and Workforce Development,2300000980,73,4749,30,24,3,0,16,19.0,8.43,5.676855895196507,36.6646861276156
Montana,2021-05-26,"Labor And Industry, Chapter 142",elevator licensing program,labor and industry,,Labor and Workforce Development,2300000981,42,3353,12,17,3,1,9,24.0,8.09,12.903225806451612,37.98170508598609
Montana,2021-05-26,"Labor And Industry, Chapter 144",fire protection and fireworks wholesalers,labor and industry,,Labor and Workforce Development,2300000982,26,1987,15,7,1,0,3,20.0,8.0,7.608695652173914,36.184110970996215
Montana,2021-05-26,"Labor And Industry, Chapter 147",board of funeral service,labor and industry,,Labor and Workforce Development,2300000983,227,17200,72,128,8,0,19,26.0,9.16,18.30065359477124,34.48202096967138
Montana,2021-05-26,"Labor And Industry, Chapter 15",employment relations division,labor and industry,,Labor and Workforce Development,2300000957,0,170,0,0,0,0,0,21.0,5.9,0.0,37.47328244274809
Montana,2021-05-26,"Labor And Industry, Chapter 150",board of hearing aid dispensers,labor and industry,,Labor and Workforce Development,2300000984,63,4788,31,20,2,1,9,17.0,8.51,7.8125,32.37930100243836
Montana,2021-05-26,"Labor And Industry, Chapter 155",board of massage therapy,labor and industry,,Labor and Workforce Development,2300000985,47,5194,20,17,1,1,8,35.0,8.96,20.0,38.07820986313274
Montana,2021-05-26,"Labor And Industry, Chapter 156",board of medical examiners,labor and industry,,Labor and Workforce Development,2300000986,286,28051,131,87,15,0,53,28.0,9.3,10.75268817204301,36.49416192635046
Montana,2021-05-26,"Labor And Industry, Chapter 159",board of nursing,labor and industry,,Labor and Workforce Development,2300000987,292,28318,134,117,13,3,25,20.0,9.17,9.033280507131538,35.60189926042624
Montana,2021-05-26,"Labor And Industry, Chapter 16",wages and hours,labor and industry,,Labor and Workforce Development,2300000958,270,41337,53,123,27,0,67,26.0,9.37,30.608240680183123,29.88156762535527
Montana,2021-05-26,"Labor And Industry, Chapter 162",board of nursing home administrators,labor and industry,,Labor and Workforce Development,2300000988,42,3488,16,19,0,1,6,14.0,8.33,3.255813953488372,33.619686800894854
Montana,2021-05-26,"Labor And Industry, Chapter 165",board of occupational therapy practice,labor and industry,,Labor and Workforce Development,2300000989,53,6129,14,29,4,0,6,20.0,8.73,8.955223880597014,41.2226745369428
Montana,2021-05-26,"Labor And Industry, Chapter 168",board of optometry,labor and industry,,Labor and Workforce Development,2300000990,19,3397,11,7,0,0,1,15.0,8.25,3.0927835051546397,34.07457358191194
Montana,2021-05-26,"Labor And Industry, Chapter 17",prevailing wages for public works projects,labor and industry,,Labor and Workforce Development,2300000959,141,17238,50,63,2,4,22,28.0,9.02,37.08260105448154,35.14791461412151
Montana,2021-05-26,"Labor And Industry, Chapter 171",board of outfitters,labor and industry,,Labor and Workforce Development,2300000991,139,10830,70,28,4,0,37,27.0,8.89,20.967741935483872,32.651857484249405
Montana,2021-05-26,"Labor And Industry, Chapter 174",board of pharmacy,labor and industry,,Labor and Workforce Development,2300000992,674,38157,360,228,10,2,74,23.0,9.51,13.859416445623344,36.65342190261442
Montana,2021-05-26,"Labor And Industry, Chapter 177",board of physical therapy examiners,labor and industry,,Labor and Workforce Development,2300000993,57,5393,24,24,1,0,8,18.0,8.78,7.664233576642336,37.36576494657877
Montana,2021-05-26,"Labor And Industry, Chapter 180",board of plumbers,labor and industry,,Labor and Workforce Development,2300000994,90,6481,40,29,3,0,18,20.0,8.64,10.40268456375839,33.683990895295906
Montana,2021-05-26,"Labor And Industry, Chapter 182",board of private security,labor and industry,,Labor and Workforce Development,2300000995,131,8202,52,48,8,0,23,23.0,8.79,6.832298136645963,37.22768335630072
Montana,2021-05-26,"Labor And Industry, Chapter 183",board of professional engineers and professional land surveyors,labor and industry,,Labor and Workforce Development,2300000996,302,19970,90,149,7,1,55,24.0,9.51,19.047619047619047,35.07978449017023
Montana,2021-05-26,"Labor And Industry, Chapter 189",board of psychologists,labor and industry,,Labor and Workforce Development,2300000997,445,22246,323,88,10,0,24,30.0,9.5,22.861150070126225,39.85736418611625
Montana,2021-05-26,"Labor And Industry, Chapter 2",overall department rules,labor and industry,,Labor and Workforce Development,2300000949,13,724,12,0,0,0,1,27.0,7.31,32.0,30.10641627543036
Montana,2021-05-26,"Labor And Industry, Chapter 201",board of public accountants,labor and industry,,Labor and Workforce Development,2300000998,122,12806,35,55,6,0,26,18.0,8.78,8.715596330275229,33.45733149389042
Montana,2021-05-26,"Labor And Industry, Chapter 204",board of radiologic technologists,labor and industry,,Labor and Workforce Development,2300000999,86,6654,48,24,0,0,14,20.0,8.83,7.213114754098362,36.98283105022831
Montana,2021-05-26,"Labor And Industry, Chapter 207",board of real estate appraisers,labor and industry,,Labor and Workforce Development,2300001000,81,7516,27,34,2,0,18,21.0,8.59,6.645569620253164,36.48366574965612
Montana,2021-05-26,"Labor And Industry, Chapter 21",apprenticeship,labor and industry,,Labor and Workforce Development,2300000960,41,4928,12,17,6,0,6,26.0,8.65,18.07909604519774,41.48506598749711
Montana,2021-05-26,"Labor And Industry, Chapter 210",board of realty regulation,labor and industry,,Labor and Workforce Development,2300001001,307,19750,106,123,15,1,62,22.0,9.02,14.898688915375446,33.84308034335824
Montana,2021-05-26,"Labor And Industry, Chapter 213",board of respiratory care practitioners,labor and industry,,Labor and Workforce Development,2300001002,33,3892,12,13,3,0,5,24.0,8.59,8.783783783783784,38.86443433029909
Montana,2021-05-26,"Labor And Industry, Chapter 216",board of sanitarians,labor and industry,,Labor and Workforce Development,2300001003,26,2439,9,14,1,0,2,15.0,7.97,2.857142857142857,35.68449781659389
Montana,2021-05-26,"Labor And Industry, Chapter 219",board of behavioral health,labor and industry,,Labor and Workforce Development,2300001004,318,19449,110,155,13,0,40,27.0,9.15,18.153846153846157,38.22980864811133
Montana,2021-05-26,"Labor And Industry, Chapter 22",workforce development,labor and industry,,Labor and Workforce Development,2300000961,82,6514,37,25,4,0,16,26.0,8.61,17.24137931034483,36.24576558265583
Montana,2021-05-26,"Labor And Industry, Chapter 222",board of speech language pathologists and audiologists,labor and industry,,Labor and Workforce Development,2300001005,69,6937,16,35,3,2,13,24.0,8.8,11.494252873563218,40.76983435047951
Montana,2021-05-26,"Labor And Industry, Chapter 225",board of veterinary medicine,labor and industry,,Labor and Workforce Development,2300001006,136,10634,29,73,8,0,26,21.0,9.01,13.88888888888889,36.15492476060192
Montana,2021-05-26,"Labor And Industry, Chapter 26",board of personnel appeals,labor and industry,,Labor and Workforce Development,2300000962,364,18450,284,56,8,1,15,24.0,8.74,22.375690607734807,32.42588279725562
Montana,2021-05-26,"Labor And Industry, Chapter 28",workers compensation mediation,labor and industry,,Labor and Workforce Development,2300000963,29,1670,18,9,1,0,1,17.0,7.57,24.17582417582417,33.50249110320285
Montana,2021-05-26,"Labor And Industry, Chapter 29",workers compensation and occupational disease,labor and industry,,Labor and Workforce Development,2300000964,667,61619,185,330,26,0,126,26.0,9.77,22.023276633840645,34.942543802965126
Montana,2021-05-26,"Labor And Industry, Chapter 30",industrial safety and health,labor and industry,,Labor and Workforce Development,2300000965,33,5621,17,13,1,0,2,26.0,9.01,27.58620689655172,35.56364724660814
Montana,2021-05-26,"Labor And Industry, Chapter 301",building codes,labor and industry,,Labor and Workforce Development,2300001007,637,44745,409,77,17,8,126,23.0,9.83,17.96276013143483,34.27695532208426
Montana,2021-05-26,"Labor And Industry, Chapter 320",carbon monoxide detector standard as required by the landlord tenant act,labor and industry,,Labor and Workforce Development,2300001008,4,162,0,2,1,0,1,29.0,6.23,0.0,36.7
Montana,2021-05-26,"Labor And Industry, Chapter 321",wildland urban interface fire mitigation,labor and industry,,Labor and Workforce Development,2300001009,32,1698,30,0,1,0,1,25.0,7.92,26.229508196721312,33.5409377186844
Montana,2021-05-26,"Labor And Industry, Chapter 33",construction contractors and home inspectors,labor and industry,,Labor and Workforce Development,2300000966,53,3992,17,16,3,0,17,25.0,8.39,11.920529801324504,39.13327500729076
Montana,2021-05-26,"Labor And Industry, Chapter 35",independent contractors,labor and industry,,Labor and Workforce Development,2300000967,45,5415,19,11,1,2,12,29.0,8.54,19.186046511627907,35.69500438212095
Montana,2021-05-26,"Labor And Industry, Chapter 351",weights and measures bureau,labor and industry,,Labor and Workforce Development,2300001010,56,4877,19,31,1,1,4,22.0,8.7,10.24390243902439,33.83641225085076
Montana,2021-05-26,"Labor And Industry, Chapter 38",professional employer organizations,labor and industry,,Labor and Workforce Development,2300000968,6,496,2,3,0,0,1,26.0,6.67,23.52941176470588,36.44717444717445
Montana,2021-05-26,"Labor And Industry, Chapter 5",office of the workers compensation judge,labor and industry,,Labor and Workforce Development,2300000950,194,17144,153,29,6,0,6,22.0,8.72,25.558659217877093,28.955371113681203
Montana,2021-05-26,"Labor And Industry, Chapter 7",unemployment insurance appeals board,labor and industry,,Labor and Workforce Development,2300000951,35,2795,23,9,1,0,2,20.0,7.91,16.129032258064516,30.29787234042553
Montana,2021-05-26,"Labor And Industry, Chapter 8",human rights bureau,labor and industry,,Labor and Workforce Development,2300000952,97,9149,59,25,4,1,8,26.0,8.63,25.4601226993865,33.96941387253647
Montana,2021-05-26,"Labor And Industry, Chapter 9",human rights commission,labor and industry,,Labor and Workforce Development,2300000953,151,16189,79,39,7,7,19,24.0,9.35,21.39384116693679,35.98107483386305
Montana,2021-05-26,"Livestock, Chapter 1",organizational rule,livestock,,"Industry, Commerce, and Development",2300001011,0,1019,0,0,0,0,0,16.0,7.87,0.0,41.25107296137339
Montana,2021-05-26,"Livestock, Chapter 10",tester licensing,livestock,,"Industry, Commerce, and Development",2300001019,17,1272,6,8,0,0,3,13.0,6.66,2.5,35.00314795383001
Montana,2021-05-26,"Livestock, Chapter 12",eggs,livestock,,"Industry, Commerce, and Development",2300001020,172,8784,19,125,21,1,6,17.0,8.9,19.587628865979383,28.786613566289827
Montana,2021-05-26,"Livestock, Chapter 15",marketing of livestock,livestock,,"Industry, Commerce, and Development",2300001021,108,5081,17,79,5,0,7,19.0,8.48,11.95219123505976,32.36310461192351
Montana,2021-05-26,"Livestock, Chapter 18",branding and inspection,livestock,,"Industry, Commerce, and Development",2300001022,58,3446,15,31,0,1,11,21.0,8.17,22.0,29.445395412529955
Montana,2021-05-26,"Livestock, Chapter 2",overall department rules,livestock,,"Industry, Commerce, and Development",2300001012,173,13947,65,69,6,1,32,29.0,9.37,31.818181818181817,34.84545991063148
Montana,2021-05-26,"Livestock, Chapter 22",vertebrate pest control,livestock,,"Industry, Commerce, and Development",2300001023,14,1074,3,9,0,1,1,18.0,7.61,11.538461538461538,31.882488479262676
Montana,2021-05-26,"Livestock, Chapter 24",board of milk control,livestock,,"Industry, Commerce, and Development",2300001024,90,12487,0,73,5,1,11,30.0,8.91,18.204488778054863,30.01652228275431
Montana,2021-05-26,"Livestock, Chapter 3",disease control,livestock,,"Industry, Commerce, and Development",2300001013,375,29215,128,195,16,4,32,20.0,9.28,11.855273287143955,34.58677033094961
Montana,2021-05-26,"Livestock, Chapter 4",alternative livestock regulations,livestock,,"Industry, Commerce, and Development",2300001014,211,10868,53,117,4,9,28,24.0,8.56,13.77672209026128,35.96484333510356
Montana,2021-05-26,"Livestock, Chapter 5",laboratory activities,livestock,,"Industry, Commerce, and Development",2300001015,10,1348,1,7,1,0,1,19.0,7.83,19.696969696969692,35.02044293015332
Montana,2021-05-26,"Livestock, Chapter 6",animal feeding slaughter and disposal,livestock,,"Industry, Commerce, and Development",2300001016,73,5153,7,55,7,1,3,20.0,8.83,14.767932489451477,33.63687275985663
Montana,2021-05-26,"Livestock, Chapter 8",fluid milk and grade a milk products,livestock,,"Industry, Commerce, and Development",2300001017,16,1757,3,8,1,0,4,17.0,7.87,9.473684210526317,29.345017182130583
Montana,2021-05-26,"Livestock, Chapter 9",general licensing and provisions,livestock,,"Industry, Commerce, and Development",2300001018,487,15237,23,421,22,1,20,17.0,9.15,14.199759326113115,33.898479394696245
Montana,2021-05-26,"Military Affairs, Chapter 3",emergency and disaster relief,military affairs,,"Security, Justice, and Corrections",2300001025,19,1561,9,8,0,0,2,17.0,7.98,9.090909090909092,36.567077592458304
Montana,2021-05-26,"Military Affairs, Chapter 5",montana veterans affairs division montana state veterans cemetery,military affairs,,"Security, Justice, and Corrections",2300001026,16,1262,9,4,2,0,1,9.0,6.72,1.639344262295082,27.106870229007637
Montana,2021-05-26,"Military Affairs, Chapter 7",insurance premium reimbursement program,military affairs,,"Security, Justice, and Corrections",2300001027,3,392,0,1,1,0,1,17.0,6.13,5.263157894736842,38.9003984063745
Montana,2021-05-26,"Military Affairs, Chapter 8",montana military family relief fund,military affairs,,"Security, Justice, and Corrections",2300001028,13,909,2,8,0,1,2,19.0,7.13,12.195121951219512,35.559774964838255
Montana,2021-05-26,"Natural Resources And Conservation, Chapter 1",organizational rule,natural resources and conservation,,"Environmental Protection, Public Utilities, and Natural Resources",2300001029,0,2863,0,0,0,0,0,17.0,8.89,1.8072289156626504,43.27041942604856
Montana,2021-05-26,"Natural Resources And Conservation, Chapter 10",fire management,natural resources and conservation,,"Environmental Protection, Public Utilities, and Natural Resources",2300001033,43,4200,14,23,0,1,5,19.0,8.82,14.975845410628018,33.8957158962796
Montana,2021-05-26,"Natural Resources And Conservation, Chapter 11",forest management,natural resources and conservation,,"Environmental Protection, Public Utilities, and Natural Resources",2300001034,459,31771,359,59,5,12,24,35.0,9.88,42.48826291079813,36.4745590349616
Montana,2021-05-26,"Natural Resources And Conservation, Chapter 12",water rights bureau,natural resources and conservation,,"Environmental Protection, Public Utilities, and Natural Resources",2300001035,540,41189,248,219,14,2,57,27.0,9.85,20.043572984749456,33.57865744674617
Montana,2021-05-26,"Natural Resources And Conservation, Chapter 13",water measurement,natural resources and conservation,,"Environmental Protection, Public Utilities, and Natural Resources",2300001036,27,2070,6,20,0,0,1,21.0,7.88,6.25,37.101340482573725
Montana,2021-05-26,"Natural Resources And Conservation, Chapter 14",dam safety,natural resources and conservation,,"Environmental Protection, Public Utilities, and Natural Resources",2300001037,170,10496,63,95,0,0,12,30.0,9.04,21.13095238095238,35.015963032976266
Montana,2021-05-26,"Natural Resources And Conservation, Chapter 15",floodplain management,natural resources and conservation,,"Environmental Protection, Public Utilities, and Natural Resources",2300001038,113,7937,62,30,1,9,11,26.0,8.95,29.92957746478873,36.994887089902
Montana,2021-05-26,"Natural Resources And Conservation, Chapter 16",water reservations water resources division,natural resources and conservation,,"Environmental Protection, Public Utilities, and Natural Resources",2300001039,150,7709,65,49,3,0,33,25.0,8.61,21.875,35.040597014925375
Montana,2021-05-26,"Natural Resources And Conservation, Chapter 17",renewable resource grants and loans,natural resources and conservation,,"Environmental Protection, Public Utilities, and Natural Resources",2300001040,37,2708,20,13,3,0,1,29.0,8.41,23.07692307692308,37.042270531400966
Montana,2021-05-26,"Natural Resources And Conservation, Chapter 19",reclamation and development grants program water development bureau,natural resources and conservation,,"Environmental Protection, Public Utilities, and Natural Resources",2300001041,18,1771,17,1,0,0,0,18.0,7.75,9.090909090909092,37.97388849682428
Montana,2021-05-26,"Natural Resources And Conservation, Chapter 2",procedural rules,natural resources and conservation,,"Environmental Protection, Public Utilities, and Natural Resources",2300001030,233,15539,127,61,7,2,36,27.0,9.3,32.11678832116788,36.01091277010913
Montana,2021-05-26,"Natural Resources And Conservation, Chapter 20",weather modification water resources division,natural resources and conservation,,"Environmental Protection, Public Utilities, and Natural Resources",2300001042,28,2986,19,4,0,0,5,26.0,8.28,14.285714285714285,35.85549363057325
Montana,2021-05-26,"Natural Resources And Conservation, Chapter 21",board of water well contractors,natural resources and conservation,,"Environmental Protection, Public Utilities, and Natural Resources",2300001043,300,16403,237,25,4,1,33,19.0,9.27,12.923462986198246,31.570243761719315
Montana,2021-05-26,"Natural Resources And Conservation, Chapter 22",oil and gas conservation,natural resources and conservation,,"Environmental Protection, Public Utilities, and Natural Resources",2300001044,458,29234,195,197,5,3,58,25.0,9.55,18.012999071494892,31.09100144570781
Montana,2021-05-26,"Natural Resources And Conservation, Chapter 23",drinking water state revolving fund act,natural resources and conservation,,"Environmental Protection, Public Utilities, and Natural Resources",2300001045,132,12728,76,37,4,1,14,49.0,8.99,49.80392156862745,33.91879949979158
Montana,2021-05-26,"Natural Resources And Conservation, Chapter 24",water pollution control state revolving fund act,natural resources and conservation,,"Environmental Protection, Public Utilities, and Natural Resources",2300001046,121,11182,75,31,1,0,14,48.0,8.95,44.54148471615721,33.26894082171127
Montana,2021-05-26,"Natural Resources And Conservation, Chapter 25",state land leasing,natural resources and conservation,,"Environmental Protection, Public Utilities, and Natural Resources",2300001047,1200,73829,824,222,43,7,104,30.0,9.74,28.14472023559108,31.563460588737072
Montana,2021-05-26,"Natural Resources And Conservation, Chapter 26",yellowstone river compact,natural resources and conservation,,"Environmental Protection, Public Utilities, and Natural Resources",2300001048,14,899,14,0,0,0,0,15.0,7.14,12.727272727272728,39.31906614785992
Montana,2021-05-26,"Natural Resources And Conservation, Chapter 27",land administration,natural resources and conservation,,"Environmental Protection, Public Utilities, and Natural Resources",2300001049,45,2666,32,5,0,1,7,25.0,8.2,18.81188118811881,33.834639175257735
Montana,2021-05-26,"Natural Resources And Conservation, Chapter 30",state water projects,natural resources and conservation,,"Environmental Protection, Public Utilities, and Natural Resources",2300001050,4,657,3,0,1,0,0,32.0,6.3,15.789473684210526,32.82608695652174
Montana,2021-05-26,"Natural Resources And Conservation, Chapter 31",rangeland resources program,natural resources and conservation,,"Environmental Protection, Public Utilities, and Natural Resources",2300001051,13,891,2,9,0,0,2,39.0,7.86,9.090909090909092,38.02948402948403
Montana,2021-05-26,"Natural Resources And Conservation, Chapter 6",soil conservation districts,natural resources and conservation,,"Environmental Protection, Public Utilities, and Natural Resources",2300001031,12,310,12,0,0,0,0,18.0,6.3,11.76470588235294,32.908127208480565
Montana,2021-05-26,"Natural Resources And Conservation, Chapter 9",forestry,natural resources and conservation,,"Environmental Protection, Public Utilities, and Natural Resources",2300001032,0,66,0,0,0,0,0,5.0,5.34,0.0,28.069767441860463
Montana,2021-05-26,"Public Health And Human Services, Chapter 1",organizational rule,public health and human services,,Health Services,2300001052,1,2070,0,0,0,0,1,16.0,8.27,1.6528925619834711,44.24489795918368
Montana,2021-05-26,"Public Health And Human Services, Chapter 10",emergency health services,public health and human services,,Health Services,2300001056,2,779,0,2,0,0,0,23.0,7.32,6.451612903225806,33.3044776119403
Montana,2021-05-26,"Public Health And Human Services, Chapter 100",licensure of community residences,public health and human services,,Health Services,2300001105,395,21038,105,248,7,10,25,24.0,9.45,15.731707317073171,33.465324264981525
Montana,2021-05-26,"Public Health And Human Services, Chapter 104",emergency medical services,public health and human services,,Health Services,2300001106,195,16234,22,126,3,1,43,30.0,9.2,21.626984126984127,35.113958288846185
Montana,2021-05-26,"Public Health And Human Services, Chapter 106",health care facilities,public health and human services,,Health Services,2300001107,2173,124525,498,1472,49,15,139,30.0,10.02,20.81963066025803,36.07773494280478
Montana,2021-05-26,"Public Health And Human Services, Chapter 107",marijuana registry,public health and human services,,Health Services,2300001108,265,14593,23,187,17,2,36,30.0,9.28,22.737306843267103,38.07692307692308
Montana,2021-05-26,"Public Health And Human Services, Chapter 108",managed care quality assurance,public health and human services,,Health Services,2300001109,115,8102,44,53,6,0,12,25.0,8.64,20.53872053872054,35.166785867543986
Montana,2021-05-26,"Public Health And Human Services, Chapter 109",montana community health center support act,public health and human services,,Health Services,2300001110,31,3160,8,23,0,0,0,29.0,8.39,23.300970873786408,38.17099719101124
Montana,2021-05-26,"Public Health And Human Services, Chapter 110",food and drug standards,public health and human services,,Health Services,2300001111,266,16861,129,113,7,2,15,31.0,9.6,22.440944881889763,36.24535889015482
Montana,2021-05-26,"Public Health And Human Services, Chapter 111",public accommodations,public health and human services,,Health Services,2300001112,770,38523,66,605,38,15,46,26.0,9.85,21.610169491525426,34.2233807082945
Montana,2021-05-26,"Public Health And Human Services, Chapter 112",body art and cosmetics,public health and human services,,Health Services,2300001113,175,7828,8,145,10,5,7,23.0,9.21,22.570532915360506,33.87350869627713
Montana,2021-05-26,"Public Health And Human Services, Chapter 113",montana clean indoor air act,public health and human services,,Health Services,2300001114,4,638,0,3,0,1,0,29.0,7.12,40.0,31.71698113207547
Montana,2021-05-26,"Public Health And Human Services, Chapter 114",communicable disease control,public health and human services,,Health Services,2300001115,173,14603,2,141,1,0,29,25.0,9.08,16.221374045801525,35.844354703011945
Montana,2021-05-26,"Public Health And Human Services, Chapter 115",pools spas and other water features,public health and human services,,Health Services,2300001116,2,674,1,1,0,0,0,16.0,7.34,5.128205128205128,38.29809358752166
Montana,2021-05-26,"Public Health And Human Services, Chapter 116",dead human bodies,public health and human services,,Health Services,2300001117,12,1522,0,9,2,0,1,25.0,7.99,28.07017543859649,32.595990747879725
Montana,2021-05-26,"Public Health And Human Services, Chapter 117",tobacco settlement accounts,public health and human services,,Health Services,2300001118,0,169,0,0,0,0,0,20.0,6.05,12.5,52.47651006711409
Montana,2021-05-26,"Public Health And Human Services, Chapter 12",laboratories,public health and human services,,Health Services,2300001057,115,9677,33,59,1,0,22,29.0,8.86,22.15189873417721,37.1018551341132
Montana,2021-05-26,"Public Health And Human Services, Chapter 14",radiation control,public health and human services,,Health Services,2300001058,920,67627,781,16,4,8,111,25.0,9.78,18.64965006175381,35.54315408120323
Montana,2021-05-26,"Public Health And Human Services, Chapter 19",family planning programs,public health and human services,,Health Services,2300001059,3,826,2,1,0,0,0,20.0,7.36,20.51282051282051,38.7683284457478
Montana,2021-05-26,"Public Health And Human Services, Chapter 2",department procedures,public health and human services,,Health Services,2300001053,109,12484,45,56,3,0,5,25.0,9.15,15.032679738562091,34.225290562529054
Montana,2021-05-26,"Public Health And Human Services, Chapter 21",documentation and study of abortion,public health and human services,,Health Services,2300001060,15,1158,12,0,0,0,3,17.0,7.61,30.15873015873016,31.934442270058707
Montana,2021-05-26,"Public Health And Human Services, Chapter 25",residential alcohol and drug treatment for indigent juveniles,public health and human services,,Health Services,2300001061,13,1362,11,2,0,0,0,15.0,7.3,7.142857142857142,33.0
Montana,2021-05-26,"Public Health And Human Services, Chapter 27",chemical dependency programs,public health and human services,,Health Services,2300001062,158,11802,64,76,3,0,15,19.0,9.23,9.773123909249565,38.795928451428
Montana,2021-05-26,"Public Health And Human Services, Chapter 30",vocational rehabilitation program,public health and human services,,Health Services,2300001063,77,17811,45,22,5,0,5,25.0,9.19,14.021571648690292,38.01606611570248
Montana,2021-05-26,"Public Health And Human Services, Chapter 31",independent living rehabilitation program,public health and human services,,Health Services,2300001064,1,1051,0,0,0,0,1,23.0,7.36,7.317073170731707,41.74296205630355
Montana,2021-05-26,"Public Health And Human Services, Chapter 34",developmental disabilities program,public health and human services,,Health Services,2300001065,457,41335,14,384,23,2,34,27.0,9.43,14.355400696864113,38.3021580748427
Montana,2021-05-26,"Public Health And Human Services, Chapter 36",telecommunications access program,public health and human services,,Health Services,2300001066,52,3633,13,29,1,0,9,24.0,8.35,22.377622377622377,35.716796875
Montana,2021-05-26,"Public Health And Human Services, Chapter 40",senior and long term care services,public health and human services,,Health Services,2300001067,535,59204,56,359,34,0,86,27.0,9.68,17.214320745463464,35.97215067299312
Montana,2021-05-26,"Public Health And Human Services, Chapter 41",aging services,public health and human services,,Health Services,2300001068,40,7288,29,5,1,1,4,21.0,8.59,10.658307210031348,33.351827461310506
Montana,2021-05-26,"Public Health And Human Services, Chapter 43",supplemental security income payments,public health and human services,,Health Services,2300001069,5,1542,1,2,0,0,2,19.0,7.99,2.702702702702702,35.18745098039216
Montana,2021-05-26,"Public Health And Human Services, Chapter 45",veterans facilities,public health and human services,,Health Services,2300001070,3,1051,0,2,0,0,1,16.0,7.39,10.0,32.5731843575419
Montana,2021-05-26,"Public Health And Human Services, Chapter 47",protective services,public health and human services,,Health Services,2300001071,43,7315,19,20,0,1,3,21.0,8.73,13.4375,35.495477717480675
Montana,2021-05-26,"Public Health And Human Services, Chapter 49",iv e foster care services,public health and human services,,Health Services,2300001072,36,7475,9,19,1,0,7,29.0,8.71,23.504273504273502,29.493716619541317
Montana,2021-05-26,"Public Health And Human Services, Chapter 5",fair hearings and contested case proceedings,public health and human services,,Health Services,2300001054,191,20355,90,76,10,0,15,33.0,8.89,33.51548269581057,35.37468401257784
Montana,2021-05-26,"Public Health And Human Services, Chapter 50",foster care services and guardianship services,public health and human services,,Health Services,2300001073,86,10420,44,37,1,0,4,22.0,8.92,12.32876712328767,34.78547550432277
Montana,2021-05-26,"Public Health And Human Services, Chapter 51",youth foster homes,public health and human services,,Health Services,2300001074,241,11194,119,92,5,1,24,30.0,8.39,26.923076923076923,32.85558972106303
Montana,2021-05-26,"Public Health And Human Services, Chapter 52",adoptive services,public health and human services,,Health Services,2300001075,18,1732,0,16,2,0,0,13.0,7.48,14.4,30.11182795698925
Montana,2021-05-26,"Public Health And Human Services, Chapter 55",end stage renal disease,public health and human services,,Health Services,2300001076,17,2902,2,13,1,0,1,22.0,8.25,17.647058823529413,31.968076285240464
Montana,2021-05-26,"Public Health And Human Services, Chapter 57",maternal and child health,public health and human services,,Health Services,2300001077,108,9265,28,56,3,0,21,27.0,9.02,21.9435736677116,33.76254802329905
Montana,2021-05-26,"Public Health And Human Services, Chapter 59",special supplemental nutrition program for women infants and children,public health and human services,,Health Services,2300001078,10,4998,0,8,0,0,2,33.0,8.69,11.267605633802818,37.69993226461956
Montana,2021-05-26,"Public Health And Human Services, Chapter 62",child support services,public health and human services,,Health Services,2300001079,264,33420,133,88,13,3,27,28.0,9.01,35.80952380952381,30.688465133669844
Montana,2021-05-26,"Public Health And Human Services, Chapter 66",mental health inpatient facilities,public health and human services,,Health Services,2300001080,29,4023,11,12,2,0,4,23.0,8.45,16.9811320754717,35.60756914119359
Montana,2021-05-26,"Public Health And Human Services, Chapter 70",low income home energy assistance program,public health and human services,,Health Services,2300001081,43,11773,4,28,5,1,5,20.0,8.78,16.2748643761302,31.30252618607517
Montana,2021-05-26,"Public Health And Human Services, Chapter 71",low income weatherization assistance program,public health and human services,,Health Services,2300001082,16,3463,4,11,0,0,1,19.0,8.37,22.699386503067483,35.4234202070689
Montana,2021-05-26,"Public Health And Human Services, Chapter 74",refugee assistance,public health and human services,,Health Services,2300001083,5,1110,1,3,1,0,0,23.0,7.98,19.565217391304348,32.89248434237996
Montana,2021-05-26,"Public Health And Human Services, Chapter 75",child and adult care food program,public health and human services,,Health Services,2300001084,97,7310,8,72,4,1,12,27.0,8.89,22.957198443579767,33.367173252279635
Montana,2021-05-26,"Public Health And Human Services, Chapter 76",food and nutrition services,public health and human services,,Health Services,2300001085,41,3410,37,2,0,0,2,20.0,8.36,22.58064516129032,33.84199511684688
Montana,2021-05-26,"Public Health And Human Services, Chapter 78",temporary assistance for needy families,public health and human services,,Health Services,2300001086,165,24967,55,50,9,0,51,32.0,9.41,32.01634877384196,32.9269696277689
Montana,2021-05-26,"Public Health And Human Services, Chapter 79",healthy montana kids,public health and human services,,Health Services,2300001087,38,8915,10,16,6,0,6,22.0,8.63,15.760869565217392,33.42982336026291
Montana,2021-05-26,"Public Health And Human Services, Chapter 8",records and statistics,public health and human services,,Health Services,2300001055,177,11935,20,127,7,0,23,26.0,8.81,28.971962616822427,30.974741120681312
Montana,2021-05-26,"Public Health And Human Services, Chapter 80",child care assistance,public health and human services,,Health Services,2300001088,75,8885,1,57,3,1,13,22.0,8.52,18.817204301075268,31.25420988818537
Montana,2021-05-26,"Public Health And Human Services, Chapter 81",pharmacy access prescription drug benefit program,public health and human services,,Health Services,2300001089,27,5168,1,20,0,0,6,19.0,8.41,14.000000000000002,35.005273250239696
Montana,2021-05-26,"Public Health And Human Services, Chapter 82",medicaid eligibility,public health and human services,,Health Services,2300001090,110,27968,38,50,7,1,14,28.0,9.44,22.4119530416222,36.14519637214265
Montana,2021-05-26,"Public Health And Human Services, Chapter 83",medicaid for certain medicare beneficiaries and others,public health and human services,,Health Services,2300001091,18,4008,4,11,3,0,0,21.0,8.03,9.411764705882351,37.39938271604938
Montana,2021-05-26,"Public Health And Human Services, Chapter 84",medicaid expansion,public health and human services,,Health Services,2300001092,54,4727,45,5,0,0,4,25.0,8.22,23.809523809523807,38.64897435897436
Montana,2021-05-26,"Public Health And Human Services, Chapter 85",general medicaid services,public health and human services,,Health Services,2300001093,166,21290,48,70,16,0,32,26.0,9.44,18.96103896103896,34.73603553581344
Montana,2021-05-26,"Public Health And Human Services, Chapter 86",medicaid primary care services,public health and human services,,Health Services,2300001094,548,84956,50,399,19,0,80,22.0,9.66,13.783160322952712,35.078635588728275
Montana,2021-05-26,"Public Health And Human Services, Chapter 87",children s mental health services,public health and human services,,Health Services,2300001095,146,15154,8,120,6,0,12,27.0,8.94,16.247582205029012,35.66305364940736
Montana,2021-05-26,"Public Health And Human Services, Chapter 88",medicaid mental health services,public health and human services,,Health Services,2300001096,18,3180,4,8,1,0,5,22.0,8.13,11.71875,34.506832797427656
Montana,2021-05-26,"Public Health And Human Services, Chapter 89",mental health services,public health and human services,,Health Services,2300001097,53,10345,8,32,3,0,10,29.0,8.96,19.148936170212767,37.52183356195702
Montana,2021-05-26,"Public Health And Human Services, Chapter 90",mental health medicaid funded 1115 and 1915 waivers,public health and human services,,Health Services,2300001098,75,8739,0,63,5,0,7,29.0,8.81,8.450704225352112,36.73978326152239
Montana,2021-05-26,"Public Health And Human Services, Chapter 91",certification of mental health professional persons,public health and human services,,Health Services,2300001099,22,2667,0,20,0,0,2,24.0,7.72,2.9702970297029703,40.940285204991085
Montana,2021-05-26,"Public Health And Human Services, Chapter 93",licensure of child placing agencies,public health and human services,,Health Services,2300001100,155,6718,133,14,2,0,6,24.0,8.38,13.703703703703704,32.99950843847288
Montana,2021-05-26,"Public Health And Human Services, Chapter 95",licensure of day care facilities,public health and human services,,Health Services,2300001101,603,29592,211,311,19,10,52,27.0,9.53,20.461095100864554,31.292291471415183
Montana,2021-05-26,"Public Health And Human Services, Chapter 97",licensure of youth care facilities,public health and human services,,Health Services,2300001102,413,18293,125,236,23,7,22,27.0,9.22,20.063694267515924,33.11322543937287
Montana,2021-05-26,"Public Health And Human Services, Chapter 98",outdoor behavioral program,public health and human services,,Health Services,2300001103,671,22327,214,402,30,5,20,23.0,9.45,15.690376569037657,34.63583394027677
Montana,2021-05-26,"Public Health And Human Services, Chapter 99",private alternative adolescent residential programs or private outdoor programs,public health and human services,,Health Services,2300001104,450,18049,6,396,19,7,22,30.0,9.12,18.27768014059754,38.03402587708385
Montana,2021-05-26,"Public Service Regulation, Chapter 1",organizational rule,public service regulation,,Administration,2300001119,0,680,0,0,0,0,0,12.0,7.32,0.0,47.00343642611684
Montana,2021-05-26,"Public Service Regulation, Chapter 2",procedural rules,public service regulation,,Administration,2300001120,277,17391,196,60,1,0,20,23.0,8.61,21.511627906976745,34.66354166666667
Montana,2021-05-26,"Public Service Regulation, Chapter 3",motor carriers,public service regulation,,Administration,2300001121,469,27219,221,185,15,5,43,23.0,9.25,26.25,32.33654245165574
Montana,2021-05-26,"Public Service Regulation, Chapter 4",railroads,public service regulation,,Administration,2300001122,134,6291,111,8,0,0,15,21.0,8.72,29.328621908127207,31.992082058664742
Montana,2021-05-26,"Public Service Regulation, Chapter 5",utility division,public service regulation,,Administration,2300001123,1566,104274,903,406,59,16,182,25.0,9.96,20.700389105058363,37.174821857852805
Montana,2021-05-26,"Public Service Regulation, Chapter 6",energy conservation,public service regulation,,Administration,2300001124,10,1060,9,0,1,0,0,21.0,8.04,6.382978723404255,37.46840958605664
Montana,2021-05-26,"Public Service Regulation, Chapter 7",pipe line companies,public service regulation,,Administration,2300001125,9,460,8,0,0,0,1,20.0,6.91,0.0,31.98540145985401
Montana,2021-05-26,"Public Service Regulation, Chapter 8",cost of service information,public service regulation,,Administration,2300001126,0,105,0,0,0,0,0,19.0,6.25,0.0,34.55696202531646
Montana,2021-05-26,"Public Service Regulation, Chapter 9",transportation of radioactive and transuranic waste,public service regulation,,Administration,2300001127,34,2176,18,9,0,0,7,23.0,7.64,9.195402298850574,43.70277626565052
Montana,2021-05-26,"Revenue, Chapter 1",organizational rule,revenue,,Taxes and Public Finance,2300001128,0,1461,0,0,0,0,0,13.0,8.15,0.9433962264150944,42.69076923076923
Montana,2021-05-26,"Revenue, Chapter 10",collections,revenue,,Taxes and Public Finance,2300001135,18,1274,14,4,0,0,0,27.0,7.11,25.58139534883721,33.00380228136882
Montana,2021-05-26,"Revenue, Chapter 11",agency liquor stores and vendors,revenue,,Taxes and Public Finance,2300001136,73,7642,40,22,6,1,4,20.0,8.52,13.881019830028327,30.9406429026098
Montana,2021-05-26,"Revenue, Chapter 12",liquor licenses and permits,revenue,,Taxes and Public Finance,2300001137,252,23278,105,92,19,7,29,27.0,9.14,26.328800988875155,33.78416133792425
Montana,2021-05-26,"Revenue, Chapter 13",regulation of licensees,revenue,,Taxes and Public Finance,2300001138,201,16590,106,65,7,8,15,29.0,9.09,17.97323135755258,33.82241029586626
Montana,2021-05-26,"Revenue, Chapter 14",lodging facility use tax and rental vehicle use sales tax,revenue,,Taxes and Public Finance,2300001139,84,6575,18,28,0,0,38,25.0,8.44,17.5,29.42044198895028
Montana,2021-05-26,"Revenue, Chapter 15",income tax,revenue,,Taxes and Public Finance,2300001140,211,23562,41,132,5,0,33,24.0,8.93,25.583982202447164,31.2980643210001
Montana,2021-05-26,"Revenue, Chapter 17",withholding and estimated tax payments,revenue,,Taxes and Public Finance,2300001141,139,11741,27,68,3,0,41,21.0,8.68,19.844357976653697,31.39298682435937
Montana,2021-05-26,"Revenue, Chapter 18",montana appraisal plan,revenue,,Taxes and Public Finance,2300001142,74,4454,36,18,0,0,20,22.0,8.41,30.64516129032258,39.034665991902834
Montana,2021-05-26,"Revenue, Chapter 19",general property tax provisions,revenue,,Taxes and Public Finance,2300001143,89,11617,17,49,1,0,22,28.0,9.03,28.05194805194805,33.88087774294671
Montana,2021-05-26,"Revenue, Chapter 2",general department rules,revenue,,Taxes and Public Finance,2300001129,218,25398,103,56,6,1,52,25.0,9.53,25.454545454545453,33.58765293733072
Montana,2021-05-26,"Revenue, Chapter 20",real property,revenue,,Taxes and Public Finance,2300001144,184,28935,62,106,1,1,14,27.0,9.63,21.8052738336714,34.33093865950896
Montana,2021-05-26,"Revenue, Chapter 21",personal property,revenue,,Taxes and Public Finance,2300001145,43,6235,15,19,0,0,9,23.0,8.7,21.825396825396822,32.21861180542204
Montana,2021-05-26,"Revenue, Chapter 22",centrally assessed property,revenue,,Taxes and Public Finance,2300001146,130,10744,90,15,1,0,24,21.0,9.22,16.701902748414376,35.25252858399296
Montana,2021-05-26,"Revenue, Chapter 23",corporate income tax general,revenue,,Taxes and Public Finance,2300001147,114,9318,18,72,5,0,19,21.0,8.72,19.85645933014354,31.541126086408863
Montana,2021-05-26,"Revenue, Chapter 25",natural resources taxes,revenue,,Taxes and Public Finance,2300001148,90,14496,40,42,4,0,4,21.0,9.09,16.534181240063592,30.824915547499383
Montana,2021-05-26,"Revenue, Chapter 26",corporate multistate activities,revenue,,Taxes and Public Finance,2300001149,330,47610,269,40,5,1,15,29.0,9.17,34.88529014844804,33.90208384407943
Montana,2021-05-26,"Revenue, Chapter 29",universal system benefits programs,revenue,,Taxes and Public Finance,2300001150,37,3289,24,11,0,0,2,24.0,8.43,18.75,38.11095983662355
Montana,2021-05-26,"Revenue, Chapter 3",waiver of penalty and interest,revenue,,Taxes and Public Finance,2300001130,12,3304,9,2,1,0,0,26.0,7.76,34.57943925233645,29.559322033898304
Montana,2021-05-26,"Revenue, Chapter 30",taxation of estates and trusts,revenue,,Taxes and Public Finance,2300001151,60,6257,3,34,1,0,22,36.0,8.17,50.31055900621118,29.75906221821461
Montana,2021-05-26,"Revenue, Chapter 31",miscellaneous tax commercial activities,revenue,,Taxes and Public Finance,2300001152,120,10489,38,51,2,0,29,19.0,8.67,11.468812877263582,32.29509194982341
Montana,2021-05-26,"Revenue, Chapter 38",unclaimed property,revenue,,Taxes and Public Finance,2300001153,17,2026,5,8,1,0,3,24.0,8.03,17.94871794871795,33.386390532544375
Montana,2021-05-26,"Revenue, Chapter 4",tax credits,revenue,,Taxes and Public Finance,2300001131,303,36434,71,162,23,0,47,28.0,9.47,23.789991796554556,33.068063827754244
Montana,2021-05-26,"Revenue, Chapter 5",filing and remittance,revenue,,Taxes and Public Finance,2300001132,16,1484,10,3,0,0,3,24.0,7.73,16.363636363636363,33.373644703919936
Montana,2021-05-26,"Revenue, Chapter 8",board of review,revenue,,Taxes and Public Finance,2300001133,5,795,4,0,0,0,1,17.0,6.97,7.5,37.780033840947546
Montana,2021-05-26,"Revenue, Chapter 9",pass through entities,revenue,,Taxes and Public Finance,2300001134,111,11635,5,62,2,0,42,33.0,8.34,33.5423197492163,32.05453278933227
Montana,2021-05-26,"Secretary Of State, Chapter 1",organizational rule,secretary of state,,Administration,2300001154,0,1638,0,0,0,0,0,31.0,8.12,0.0,39.20910840282232
Montana,2021-05-26,"Secretary Of State, Chapter 10",commissioner of political practices,secretary of state,,Administration,2300001159,20,1571,11,7,0,0,2,16.0,7.83,10.75268817204301,34.270207852194
Montana,2021-05-26,"Secretary Of State, Chapter 11",commissioner of political practices,secretary of state,,Administration,2300001160,290,24407,170,64,7,2,47,30.0,9.0,21.03174603174603,35.37772894472842
Montana,2021-05-26,"Secretary Of State, Chapter 12",commissioner of political practices lobbyist disclosure,secretary of state,,Administration,2300001161,90,8662,45,32,2,0,11,33.0,8.54,30.120481927710845,34.8448275862069
Montana,2021-05-26,"Secretary Of State, Chapter 14",records and information management,secretary of state,,Administration,2300001162,9,2149,4,5,0,0,0,20.0,7.82,5.376344086021505,33.19882275997384
Montana,2021-05-26,"Secretary Of State, Chapter 15",notaries public,secretary of state,,Administration,2300001163,31,2338,22,8,0,0,1,39.0,7.98,47.368421052631575,31.805423406279733
Montana,2021-05-26,"Secretary Of State, Chapter 17",administrative rules of montana,secretary of state,,Administration,2300001164,0,115,0,0,0,0,0,21.0,5.98,0.0,40.17021276595744
Montana,2021-05-26,"Secretary Of State, Chapter 2",overall office rules,secretary of state,,Administration,2300001155,14,1388,4,4,0,0,6,27.0,8.06,21.27659574468085,33.789958158995816
Montana,2021-05-26,"Secretary Of State, Chapter 3",elections,secretary of state,,Administration,2300001156,427,23475,313,66,11,3,34,27.0,9.01,27.889447236180903,33.51054455445544
Montana,2021-05-26,"Secretary Of State, Chapter 5",businesses,secretary of state,,Administration,2300001157,20,3949,1,14,0,0,5,23.0,8.0,19.727891156462583,35.83814048184595
Montana,2021-05-26,"Secretary Of State, Chapter 6",uniform commercial code,secretary of state,,Administration,2300001158,17,2903,2,10,3,0,2,23.0,8.46,20.175438596491222,30.872635561160152
Montana,2021-05-26,"State Auditor, Chapter 1",organizational rule,state auditor,,Taxes and Public Finance,2300000822,0,638,0,0,0,0,0,14.0,7.16,2.272727272727273,42.418088737201366
Montana,2021-05-26,"State Auditor, Chapter 10",securities department,state auditor,,Taxes and Public Finance,2300000825,243,19950,124,37,5,6,71,44.0,9.3,35.18518518518518,35.60621529141191
Montana,2021-05-26,"State Auditor, Chapter 12",securities department,state auditor,,Taxes and Public Finance,2300000826,9,874,4,2,0,0,3,20.0,6.98,17.5,30.42937062937063
Montana,2021-05-26,"State Auditor, Chapter 2",overall office rules,state auditor,,Taxes and Public Finance,2300000823,4,1189,2,2,0,0,0,22.0,7.33,20.40816326530612,30.130252100840337
Montana,2021-05-26,"State Auditor, Chapter 6",insurance department,state auditor,,Taxes and Public Finance,2300000824,2694,224546,1565,612,137,29,351,34.0,10.21,31.63841807909605,35.08224861441013
Montana,2021-05-26,"Transportation, Chapter 1",organizational rule,transportation,,Transportation,2300000911,1,1782,0,1,0,0,0,15.0,8.35,1.7391304347826086,47.22732919254658
Montana,2021-05-26,"Transportation, Chapter 12",aeronautics division,transportation,,Transportation,2300000919,26,2424,2,20,0,0,4,26.0,8.03,11.76470588235294,35.32332332332332
Montana,2021-05-26,"Transportation, Chapter 13",board of aeronautics,transportation,,Transportation,2300000920,24,2345,2,20,0,0,2,22.0,8.02,9.803921568627452,35.212207916070575
Montana,2021-05-26,"Transportation, Chapter 14",planning,transportation,,Transportation,2300000921,29,1848,9,16,1,0,3,23.0,7.99,6.756756756756757,38.46785486950986
Montana,2021-05-26,"Transportation, Chapter 15",motor fuels tax,transportation,,Transportation,2300000922,148,14137,52,74,8,1,13,19.0,8.9,15.868263473053892,29.97368190192122
Montana,2021-05-26,"Transportation, Chapter 16",bridge and road safety and accountability program,transportation,,Transportation,2300000923,38,1982,7,24,2,0,5,25.0,7.43,10.81081081081081,37.05194063926941
Montana,2021-05-26,"Transportation, Chapter 2",overall department rules,transportation,,Transportation,2300000912,162,11851,69,55,7,1,30,31.0,9.19,38.96457765667575,35.94900613041055
Montana,2021-05-26,"Transportation, Chapter 3",contractor debarment,transportation,,Transportation,2300000913,65,5555,39,13,2,2,9,30.0,8.88,26.111111111111114,36.00248470948012
Montana,2021-05-26,"Transportation, Chapter 4",engineering division,transportation,,Transportation,2300000914,6,460,0,5,0,0,1,17.0,6.13,9.523809523809524,35.261648745519715
Montana,2021-05-26,"Transportation, Chapter 5",preconstruction bureau,transportation,,Transportation,2300000915,19,801,15,3,0,0,1,18.0,7.19,5.0,33.666666666666664
Montana,2021-05-26,"Transportation, Chapter 6",right of way bureau,transportation,,Transportation,2300000916,389,23105,162,167,18,12,30,26.0,9.37,23.08598351001178,33.233821882456056
Montana,2021-05-26,"Transportation, Chapter 7",maintenance,transportation,,Transportation,2300000917,209,11182,137,47,2,1,22,25.0,9.2,25.355450236966824,36.63891839690971
Montana,2021-05-26,"Transportation, Chapter 8",motor carrier services division,transportation,,Transportation,2300000918,232,17080,90,83,11,8,40,20.0,9.09,13.066666666666665,32.69307077287533
Montana,2022-04-12,"Administration, Chapter 1",organizational rule,administration,,Administration,2300001974,0,2975,0,0,0,0,0,17.0,8.79,1.2195121951219512,44.33834048640916
Montana,2022-04-12,"Administration, Chapter 11",general services division,administration,,Administration,2300001980,2,771,1,0,1,0,0,17.0,7.55,16.666666666666664,33.17817014446228
Montana,2022-04-12,"Administration, Chapter 12",state information technology services division,administration,,Administration,2300001981,12,2183,9,2,0,0,1,29.0,7.95,22.22222222222222,41.80596260737747
Montana,2022-04-12,"Administration, Chapter 13",telecommunications bureau,administration,,Administration,2300001982,56,4448,33,20,0,0,3,23.0,8.12,16.477272727272727,40.5224043715847
Montana,2022-04-12,"Administration, Chapter 2",procedural rules,administration,,Administration,2300001975,0,186,0,0,0,0,0,17.0,5.8,0.0,33.29245283018868
Montana,2022-04-12,"Administration, Chapter 21",state human resources division,administration,,Administration,2300001983,374,28514,221,89,27,3,34,23.0,9.51,21.773485513608428,37.54671574178936
Montana,2022-04-12,"Administration, Chapter 3",emergency and disaster relief,administration,,Administration,2300001976,0,40,0,0,0,0,0,6.0,4.84,0.0,28.714285714285715
Montana,2022-04-12,"Administration, Chapter 4",state financial services division,administration,,Administration,2300001977,76,4456,31,19,1,0,25,25.0,8.45,20.0,36.17910848549946
Montana,2022-04-12,"Administration, Chapter 41",board of housing,administration,,Administration,2300001984,0,453,0,0,0,0,0,6.0,5.37,0.0,18.52380952380953
Montana,2022-04-12,"Administration, Chapter 43",public employees retirement board,administration,,Administration,2300001985,362,37022,63,210,35,1,53,22.0,9.15,18.70456047587574,32.40074619407709
Montana,2022-04-12,"Administration, Chapter 44",teachers retirement board,administration,,Administration,2300001986,92,9214,35,36,7,0,14,23.0,8.88,18.37837837837838,33.42214488270173
Montana,2022-04-12,"Administration, Chapter 5",state procurement,administration,,Administration,2300001978,149,12361,58,60,5,0,26,20.0,9.04,20.98765432098765,35.142053043312345
Montana,2022-04-12,"Administration, Chapter 51",state tax appeal board,administration,,Administration,2300001987,8,588,8,0,0,0,0,18.0,6.57,27.58620689655172,28.99581589958159
Montana,2022-04-12,"Administration, Chapter 53",board of examiners,administration,,Administration,2300001988,0,312,0,0,0,0,0,15.0,6.47,0.0,33.35514018691589
Montana,2022-04-12,"Administration, Chapter 55",state compensation insurance fund,administration,,Administration,2300001989,77,7678,56,17,2,0,2,22.0,8.85,14.329268292682926,33.62220484753714
Montana,2022-04-12,"Administration, Chapter 59",banking and financial institutions,administration,,Administration,2300001990,665,55125,305,226,36,11,87,30.0,9.8,26.864801864801866,34.31757289204098
Montana,2022-04-12,"Administration, Chapter 6",risk management and tort defense division,administration,,Administration,2300001979,17,1730,4,3,3,0,7,30.0,7.67,28.30188679245283,32.82047781569966
Montana,2022-04-12,"Administration, Chapter 60",state banking board,administration,,Administration,2300001991,46,4341,21,19,0,0,6,23.0,8.54,12.0,34.024051309460184
Montana,2022-04-12,"Administration, Chapter 63",montana state lottery commission,administration,,Administration,2300001992,78,6997,44,15,8,7,4,21.0,8.4,9.740259740259742,30.93905865823674
Montana,2022-04-12,"Administration, Chapter 65",burial preservation board,administration,,Administration,2300001993,53,3926,41,11,1,0,0,29.0,8.38,28.346456692913385,35.95077644301201
Montana,2022-04-12,"Administration, Chapter 67",board of county printing,administration,,Administration,2300001994,9,648,5,3,1,0,0,12.0,7.23,6.122448979591836,29.795454545454547
Montana,2022-04-12,"Administration, Chapter 69",office of the state public defender,administration,,Administration,2300001995,17,999,8,2,0,0,7,17.0,7.54,9.615384615384617,38.8706338939198
Montana,2022-04-12,"Agriculture, Chapter 1",organizational rule,agriculture,,"Industry, Commerce, and Development",2300001996,0,841,0,0,0,0,0,16.0,7.39,2.0408163265306123,42.01081081081081
Montana,2022-04-12,"Agriculture, Chapter 10",agricultural sciences division,agriculture,,"Industry, Commerce, and Development",2300002005,534,29292,236,183,7,6,102,23.0,9.72,11.202635914332784,39.31650087326297
Montana,2022-04-12,"Agriculture, Chapter 11",environmental management,agriculture,,"Industry, Commerce, and Development",2300002006,79,8822,52,6,4,0,17,19.0,8.63,8.904109589041095,37.45166843220339
Montana,2022-04-12,"Agriculture, Chapter 12",agricultural sciences division,agriculture,,"Industry, Commerce, and Development",2300002007,869,48795,667,95,2,19,86,22.0,10.32,16.422148603880736,33.72624779520427
Montana,2022-04-12,"Agriculture, Chapter 13",state grain laboratory division,agriculture,,"Industry, Commerce, and Development",2300002008,8,2996,4,3,0,0,1,28.0,8.5,22.22222222222222,34.67378640776699
Montana,2022-04-12,"Agriculture, Chapter 14",montana agricultural loan authority,agriculture,,"Industry, Commerce, and Development",2300002009,36,3474,11,19,3,0,3,22.0,8.21,7.38255033557047,35.507879185817465
Montana,2022-04-12,"Agriculture, Chapter 16",montana agriculture development council,agriculture,,"Industry, Commerce, and Development",2300002010,20,2174,7,9,1,0,3,18.0,7.94,11.428571428571429,32.84504504504505
Montana,2022-04-12,"Agriculture, Chapter 17",organic program,agriculture,,"Industry, Commerce, and Development",2300002011,80,5373,24,44,1,6,5,24.0,8.72,18.6046511627907,37.91392670157068
Montana,2022-04-12,"Agriculture, Chapter 19",industrial hemp program,agriculture,,"Industry, Commerce, and Development",2300002012,31,2823,4,17,2,0,8,20.0,8.06,11.11111111111111,32.204446381865736
Montana,2022-04-12,"Agriculture, Chapter 2",procedural rules,agriculture,,"Industry, Commerce, and Development",2300001997,149,9389,74,43,4,1,27,26.0,8.73,33.13609467455622,35.1146805243888
Montana,2022-04-12,"Agriculture, Chapter 20",mediation services,agriculture,,"Industry, Commerce, and Development",2300002013,2,526,0,2,0,0,0,16.0,6.11,22.22222222222222,30.27953890489913
Montana,2022-04-12,"Agriculture, Chapter 21",montana pulse crop committee,agriculture,,"Industry, Commerce, and Development",2300002014,34,1727,30,2,0,1,1,19.0,7.58,7.59493670886076,32.729247478665634
Montana,2022-04-12,"Agriculture, Chapter 22",analytical laboratory,agriculture,,"Industry, Commerce, and Development",2300002015,2,655,0,1,1,0,0,41.0,6.86,0.0,26.90566037735849
Montana,2022-04-12,"Agriculture, Chapter 23",student loan assistance program,agriculture,,"Industry, Commerce, and Development",2300002016,6,519,0,5,0,0,1,21.0,7.03,4.761904761904762,41.17293233082707
Montana,2022-04-12,"Agriculture, Chapter 3",agricultural development division,agriculture,,"Industry, Commerce, and Development",2300001998,59,2410,35,18,0,0,6,17.0,7.87,6.0606060606060606,35.73878758008871
Montana,2022-04-12,"Agriculture, Chapter 4",hail insurance program,agriculture,,"Industry, Commerce, and Development",2300001999,25,2101,15,7,1,0,2,22.0,7.76,27.906976744186046,26.22898903775883
Montana,2022-04-12,"Agriculture, Chapter 5",noxious weed management,agriculture,,"Industry, Commerce, and Development",2300002000,119,10494,36,57,4,2,20,21.0,9.19,14.468085106382976,35.809181897302004
Montana,2022-04-12,"Agriculture, Chapter 6",commodity research and market development program,agriculture,,"Industry, Commerce, and Development",2300002001,26,1507,18,8,0,0,0,20.0,7.77,7.352941176470589,35.99042298483639
Montana,2022-04-12,"Agriculture, Chapter 7",marketing program,agriculture,,"Industry, Commerce, and Development",2300002002,11,393,9,1,0,0,1,22.0,6.42,12.5,32.03529411764706
Montana,2022-04-12,"Agriculture, Chapter 8",alfalfa seed committee,agriculture,,"Industry, Commerce, and Development",2300002003,24,1139,22,2,0,0,0,13.0,7.51,6.41025641025641,30.174282678002125
Montana,2022-04-12,"Agriculture, Chapter 9",wheat research and marketing committee,agriculture,,"Industry, Commerce, and Development",2300002004,32,1978,28,2,0,1,1,15.0,7.88,5.88235294117647,31.86460348162476
Montana,2022-04-12,"Commerce, Chapter 1",organizational rule,commerce,,"Industry, Commerce, and Development",2300002022,0,606,0,0,0,0,0,11.0,7.21,2.1739130434782608,42.20886075949367
Montana,2022-04-12,"Commerce, Chapter 101",coal board,commerce,,"Industry, Commerce, and Development",2300002030,13,1950,5,7,0,0,1,14.0,8.03,2.4390243902439024,33.34640522875817
Montana,2022-04-12,"Commerce, Chapter 104",hard rock mining impact board,commerce,,"Industry, Commerce, and Development",2300002031,79,5152,13,47,3,0,16,23.0,8.32,13.658536585365855,30.65775996437319
Montana,2022-04-12,"Commerce, Chapter 111",board of housing,commerce,,"Industry, Commerce, and Development",2300002032,121,13605,44,54,5,0,18,23.0,9.02,12.142857142857142,32.64327535732736
Montana,2022-04-12,"Commerce, Chapter 112",montana heritage preservation and development commission,commerce,,"Industry, Commerce, and Development",2300002033,23,2303,15,5,0,0,3,20.0,7.74,10.185185185185183,34.580430327868854
Montana,2022-04-12,"Commerce, Chapter 119",montana promotion division,commerce,,"Industry, Commerce, and Development",2300002034,21,3844,12,8,0,0,1,34.0,8.55,18.69158878504673,40.1126476519735
Montana,2022-04-12,"Commerce, Chapter 120",montana health facility authority,commerce,,"Industry, Commerce, and Development",2300002035,3,835,1,1,0,0,1,14.0,7.42,10.909090909090908,35.65315315315316
Montana,2022-04-12,"Commerce, Chapter 2",department rules,commerce,,"Industry, Commerce, and Development",2300002023,164,10452,83,45,5,1,30,29.0,8.85,34.293948126801155,35.53532579997888
Montana,2022-04-12,"Commerce, Chapter 22",board of horse racing,commerce,,"Industry, Commerce, and Development",2300002024,1470,68365,1182,200,11,9,68,21.0,9.57,18.600129617628,28.82903157171149
Montana,2022-04-12,"Commerce, Chapter 79",milk control bureau,commerce,,"Industry, Commerce, and Development",2300002025,0,454,0,0,0,0,0,6.0,5.92,0.0,17.308056872037916
Montana,2022-04-12,"Commerce, Chapter 86",board of milk control,commerce,,"Industry, Commerce, and Development",2300002026,0,1134,0,0,0,0,0,6.0,5.99,0.0,16.80839416058394
Montana,2022-04-12,"Commerce, Chapter 94",community development division,commerce,,"Industry, Commerce, and Development",2300002027,2,2804,0,2,0,0,0,19.0,7.64,0.0,40.40939900587438
Montana,2022-04-12,"Commerce, Chapter 97",board of investments,commerce,,"Industry, Commerce, and Development",2300002028,70,7381,38,21,2,0,9,27.0,8.91,24.11067193675889,34.57610729881472
Montana,2022-04-12,"Commerce, Chapter 99",montana office of tourism and business development division,commerce,,"Industry, Commerce, and Development",2300002029,95,8180,64,16,6,0,9,27.0,8.6,11.724137931034482,36.83551020408163
Montana,2022-04-12,"Corrections, Chapter 1",organizational rule,corrections,,"Security, Justice, and Corrections",2300002121,0,734,0,0,0,0,0,12.0,7.63,1.818181818181818,41.99089529590288
Montana,2022-04-12,"Corrections, Chapter 12",restitution,corrections,,"Security, Justice, and Corrections",2300002126,22,1201,22,0,0,0,0,26.0,7.36,13.953488372093023,35.85878962536023
Montana,2022-04-12,"Corrections, Chapter 13",offender financial transactions,corrections,,"Security, Justice, and Corrections",2300002127,12,1664,7,2,1,0,2,33.0,8.23,20.833333333333336,35.693943298969074
Montana,2022-04-12,"Corrections, Chapter 15",clinical services,corrections,,"Security, Justice, and Corrections",2300002128,3,650,0,2,1,0,0,26.0,6.87,9.090909090909092,33.79690522243714
Montana,2022-04-12,"Corrections, Chapter 2",overall department rules,corrections,,"Security, Justice, and Corrections",2300002122,1,230,1,0,0,0,0,16.0,6.26,0.0,33.874213836477985
Montana,2022-04-12,"Corrections, Chapter 24",board of crime control,corrections,,"Security, Justice, and Corrections",2300002129,46,3926,16,25,1,1,3,16.0,8.06,5.14018691588785,31.19283276450512
Montana,2022-04-12,"Corrections, Chapter 25",board of pardons and parole,corrections,,"Security, Justice, and Corrections",2300002130,121,13541,38,56,12,4,11,25.0,8.9,34.689922480620154,33.56876989633499
Montana,2022-04-12,"Corrections, Chapter 26",education of exonerated persons,corrections,,"Security, Justice, and Corrections",2300002131,6,996,0,6,0,0,0,28.0,7.22,8.823529411764707,37.93693693693694
Montana,2022-04-12,"Corrections, Chapter 27",private correctional facilities,corrections,,"Security, Justice, and Corrections",2300002132,148,6393,25,116,4,0,3,23.0,8.47,9.448818897637794,36.11289733284618
Montana,2022-04-12,"Corrections, Chapter 28",regional correctional facilities,corrections,,"Security, Justice, and Corrections",2300002133,66,6199,8,53,2,0,3,31.0,8.88,17.94871794871795,36.84585942936673
Montana,2022-04-12,"Corrections, Chapter 4",management of offenders,corrections,,"Security, Justice, and Corrections",2300002123,3,610,3,0,0,0,0,54.0,7.65,27.27272727272727,34.00192307692308
Montana,2022-04-12,"Corrections, Chapter 7",community corrections division,corrections,,"Security, Justice, and Corrections",2300002124,157,9027,76,58,9,5,9,25.0,9.03,11.869436201780417,36.55001878051834
Montana,2022-04-12,"Corrections, Chapter 9",youth services,corrections,,"Security, Justice, and Corrections",2300002125,406,18954,97,265,23,7,14,26.0,9.41,20.23121387283237,35.212565751022794
Montana,2022-04-12,"Education, Chapter 1",organizational rule,education,,Primary and Secondary Education,2300002036,0,573,0,0,0,0,0,15.0,7.54,2.702702702702702,45.04061895551257
Montana,2022-04-12,"Education, Chapter 10",special accounting practices,education,,Primary and Secondary Education,2300002040,214,14426,113,71,16,0,14,24.0,8.73,18.148820326678766,34.87133404133649
Montana,2022-04-12,"Education, Chapter 101",organizational and procedural rules,education,,Primary and Secondary Education,2300002068,15,867,15,0,0,0,0,17.0,7.54,4.25531914893617,34.14383561643836
Montana,2022-04-12,"Education, Chapter 102",substantive rules,education,,Primary and Secondary Education,2300002069,89,8807,78,9,1,0,1,26.0,8.55,7.59493670886076,34.95110220440882
Montana,2022-04-12,"Education, Chapter 11",oil and gas production taxes,education,,Primary and Secondary Education,2300002041,5,1513,1,4,0,0,0,30.0,7.49,2.0408163265306123,33.56891495601173
Montana,2022-04-12,"Education, Chapter 111",montana arts council,education,,Primary and Secondary Education,2300002070,41,2675,14,21,2,0,4,21.0,8.74,8.94308943089431,35.43547726341663
Montana,2022-04-12,"Education, Chapter 120",organizational rule,education,,Primary and Secondary Education,2300002071,0,964,0,0,0,0,0,28.0,7.9,0.0,44.26158940397351
Montana,2022-04-12,"Education, Chapter 121",procedural rules,education,,Primary and Secondary Education,2300002072,132,7168,104,16,3,0,9,21.0,9.17,18.04281345565749,35.80542289323679
Montana,2022-04-12,"Education, Chapter 13",traffic education,education,,Primary and Secondary Education,2300002042,81,6372,40,25,0,0,16,36.0,8.86,10.11904761904762,38.18262959148644
Montana,2022-04-12,"Education, Chapter 15",definitions,education,,Primary and Secondary Education,2300002043,3,2861,0,1,1,0,1,25.0,8.04,12.037037037037036,33.01878669275929
Montana,2022-04-12,"Education, Chapter 16",special education,education,,Primary and Secondary Education,2300002044,338,25163,192,93,12,2,39,26.0,9.33,18.867924528301888,38.58838977194195
Montana,2022-04-12,"Education, Chapter 2",procedural rules,education,,Primary and Secondary Education,2300002037,0,65,0,0,0,0,0,8.0,5.4,0.0,34.0
Montana,2022-04-12,"Education, Chapter 20",average number belonging,education,,Primary and Secondary Education,2300002045,34,5704,12,8,4,0,10,33.0,8.13,25.0,32.63654340518094
Montana,2022-04-12,"Education, Chapter 21",gtba and funding components,education,,Primary and Secondary Education,2300002046,21,5023,5,14,1,0,1,24.0,7.75,13.513513513513514,33.00348605577689
Montana,2022-04-12,"Education, Chapter 22",spending and reserve limits,education,,Primary and Secondary Education,2300002047,27,3253,11,13,3,0,0,28.0,7.83,12.844036697247708,32.031813361611874
Montana,2022-04-12,"Education, Chapter 23",permissive and voted amounts and levies,education,,Primary and Secondary Education,2300002048,10,1801,3,6,1,0,0,24.0,7.59,7.352941176470589,30.515295717199184
Montana,2022-04-12,"Education, Chapter 30",school structure and classification,education,,Primary and Secondary Education,2300002049,29,3272,16,11,0,0,2,33.0,8.04,25.555555555555557,33.18480565371025
Montana,2022-04-12,"Education, Chapter 41",career and vocational technical education,education,,Primary and Secondary Education,2300002050,61,3827,39,13,0,0,9,16.0,7.8,3.3653846153846154,39.70447180816591
Montana,2022-04-12,"Education, Chapter 51",organizational rules,education,,Primary and Secondary Education,2300002051,2,805,0,1,1,0,0,16.0,7.34,0.0,37.91690544412607
Montana,2022-04-12,"Education, Chapter 52",procedural rules,education,,Primary and Secondary Education,2300002052,0,247,0,0,0,0,0,11.0,6.35,5.555555555555555,31.679738562091504
Montana,2022-04-12,"Education, Chapter 53",content standards,education,,Primary and Secondary Education,2300002053,27,84332,7,9,2,0,9,49.0,10.04,20.34918723660445,36.93284963722792
Montana,2022-04-12,"Education, Chapter 54",content standards and performance descriptors,education,,Primary and Secondary Education,2300002054,15,6581,6,9,0,0,0,19.0,7.58,2.287581699346405,38.9285308056872
Montana,2022-04-12,"Education, Chapter 55",standards of accreditation,education,,Primary and Secondary Education,2300002055,295,18950,231,28,2,8,26,23.0,9.27,9.244791666666668,39.54265039553566
Montana,2022-04-12,"Education, Chapter 56",assessment,education,,Primary and Secondary Education,2300002056,19,1159,16,2,1,0,0,12.0,7.57,5.681818181818182,40.13903192584964
Montana,2022-04-12,"Education, Chapter 57",educator licensure,education,,Primary and Secondary Education,2300002057,151,16614,75,56,3,0,17,17.0,8.69,6.179775280898876,36.41285086739632
Montana,2022-04-12,"Education, Chapter 58",professional educator preparation program standards,education,,Primary and Secondary Education,2300002058,34,25298,25,4,0,0,5,64.0,9.6,4.244031830238726,47.95716044665223
Montana,2022-04-12,"Education, Chapter 59",school for the deaf and blind foundation,education,,Primary and Secondary Education,2300002059,5,378,4,1,0,0,0,17.0,6.59,0.0,31.753246753246756
Montana,2022-04-12,"Education, Chapter 6",rules of procedure for all school controversy contested cases before the county superintendents of the state of montana,education,,Primary and Secondary Education,2300002038,75,4224,65,5,1,0,4,20.0,7.91,9.375,33.54908579465541
Montana,2022-04-12,"Education, Chapter 60",special education,education,,Primary and Secondary Education,2300002060,9,434,9,0,0,0,0,12.0,6.68,0.0,36.16176470588236
Montana,2022-04-12,"Education, Chapter 61",montana school for the deaf and blind,education,,Primary and Secondary Education,2300002061,33,1747,25,7,0,0,1,16.0,8.0,12.871287128712872,34.806515957446805
Montana,2022-04-12,"Education, Chapter 63",early childhood education,education,,Primary and Secondary Education,2300002062,25,3465,19,5,0,0,1,39.0,8.75,5.88235294117647,42.94853875476493
Montana,2022-04-12,"Education, Chapter 64",transportation,education,,Primary and Secondary Education,2300002063,5,1038,1,2,1,0,1,16.0,7.97,11.666666666666666,33.5140607424072
Montana,2022-04-12,"Education, Chapter 65",hours and days of instruction,education,,Primary and Secondary Education,2300002064,17,1304,11,3,1,0,2,25.0,7.62,12.244897959183673,37.91982378854625
Montana,2022-04-12,"Education, Chapter 66",adult secondary education credentials,education,,Primary and Secondary Education,2300002065,19,2219,6,9,0,0,4,18.0,7.9,9.821428571428571,36.20306513409962
Montana,2022-04-12,"Education, Chapter 67",policy establishing state aid distribution schedule for public school districts,education,,Primary and Secondary Education,2300002066,40,1754,33,4,1,0,2,27.0,7.43,24.59016393442623,31.379647749510763
Montana,2022-04-12,"Education, Chapter 68",policy establishing educational media library,education,,Primary and Secondary Education,2300002067,4,405,4,0,0,0,0,36.0,6.98,18.181818181818183,40.40682414698163
Montana,2022-04-12,"Education, Chapter 7",pupil transportation,education,,Primary and Secondary Education,2300002039,111,8054,14,77,6,1,13,23.0,8.33,18.29268292682927,37.51067512983266
Montana,2022-04-12,"Environmental Quality, Chapter 1",organization of department,environmental quality,,"Environmental Protection, Public Utilities, and Natural Resources",2300002087,0,1635,0,0,0,0,0,15.0,8.41,2.7777777777777777,45.70384615384615
Montana,2022-04-12,"Environmental Quality, Chapter 20",major facility siting,environmental quality,,"Environmental Protection, Public Utilities, and Natural Resources",2300002090,361,21005,127,177,3,0,54,32.0,9.26,18.47649918962723,38.62957235789698
Montana,2022-04-12,"Environmental Quality, Chapter 24",reclamation,environmental quality,,"Environmental Protection, Public Utilities, and Natural Resources",2300002091,2362,140625,644,1322,75,44,277,32.0,10.01,26.89075630252101,35.07198335309347
Montana,2022-04-12,"Environmental Quality, Chapter 30",water quality,environmental quality,,"Environmental Protection, Public Utilities, and Natural Resources",2300002092,1216,109719,389,543,95,4,185,35.0,10.07,32.29689067201605,36.14458288079674
Montana,2022-04-12,"Environmental Quality, Chapter 35",vessel pumpout facilities,environmental quality,,"Environmental Protection, Public Utilities, and Natural Resources",2300002093,1,1124,0,0,0,0,1,20.0,7.73,23.07692307692308,33.556989247311826
Montana,2022-04-12,"Environmental Quality, Chapter 36",subdivisions on site subsurface wastewater treatment,environmental quality,,"Environmental Protection, Public Utilities, and Natural Resources",2300002094,329,23667,87,185,29,2,26,25.0,9.07,27.90960451977401,34.35347119645495
Montana,2022-04-12,"Environmental Quality, Chapter 38",public water and sewage system requirements,environmental quality,,"Environmental Protection, Public Utilities, and Natural Resources",2300002095,253,20779,71,121,13,1,47,30.0,9.21,20.367534456355283,35.82277612622914
Montana,2022-04-12,"Environmental Quality, Chapter 4",procedural rules,environmental quality,,"Environmental Protection, Public Utilities, and Natural Resources",2300002088,227,16535,97,79,8,1,42,35.0,9.17,37.21973094170404,35.38231639977913
Montana,2022-04-12,"Environmental Quality, Chapter 40",water treatment systems and operators,environmental quality,,"Environmental Protection, Public Utilities, and Natural Resources",2300002096,118,10903,54,39,6,0,19,32.0,9.09,22.910216718266252,36.89960670668599
Montana,2022-04-12,"Environmental Quality, Chapter 50",solid waste management,environmental quality,,"Environmental Protection, Public Utilities, and Natural Resources",2300002097,1052,72471,384,369,93,3,203,34.0,10.01,26.067302862882972,36.0138009803455
Montana,2022-04-12,"Environmental Quality, Chapter 53",hazardous waste,environmental quality,,"Environmental Protection, Public Utilities, and Natural Resources",2300002098,177,16522,46,91,6,1,33,28.0,8.95,15.884476534296027,35.03592007782684
Montana,2022-04-12,"Environmental Quality, Chapter 55",cecra remediation,environmental quality,,"Environmental Protection, Public Utilities, and Natural Resources",2300002099,97,6476,43,17,3,0,34,46.0,8.55,41.7910447761194,36.47216035634744
Montana,2022-04-12,"Environmental Quality, Chapter 56",underground storage tanks petroleum and chemical substances,environmental quality,,"Environmental Protection, Public Utilities, and Natural Resources",2300002100,733,60398,232,364,25,4,108,34.0,9.94,24.413710162357187,35.37663745258162
Montana,2022-04-12,"Environmental Quality, Chapter 57",aboveground storage tanks,environmental quality,,"Environmental Protection, Public Utilities, and Natural Resources",2300002101,41,3043,7,29,0,1,4,33.0,8.72,10.344827586206897,39.14559528197567
Montana,2022-04-12,"Environmental Quality, Chapter 58",montana petroleum tank release compensation board,environmental quality,,"Environmental Protection, Public Utilities, and Natural Resources",2300002102,155,10199,93,41,5,0,16,27.0,9.08,21.910112359550563,32.69591305332277
Montana,2022-04-12,"Environmental Quality, Chapter 74",noise asbestos control methamphetamine cleanup,environmental quality,,"Environmental Protection, Public Utilities, and Natural Resources",2300002103,188,13017,74,72,17,0,25,31.0,9.0,21.06598984771573,37.488521739130434
Montana,2022-04-12,"Environmental Quality, Chapter 8",air quality,environmental quality,,"Environmental Protection, Public Utilities, and Natural Resources",2300002089,1388,100570,723,299,55,22,289,34.0,9.84,29.011689691817217,36.08324021072316
Montana,2022-04-12,"Environmental Quality, Chapter 80",air and water quality tax certification,environmental quality,,"Environmental Protection, Public Utilities, and Natural Resources",2300002104,84,5375,53,18,0,0,13,36.0,8.51,32.16783216783217,38.904916042888935
Montana,2022-04-12,"Environmental Quality, Chapter 84",renewable energy grant and loan program,environmental quality,,"Environmental Protection, Public Utilities, and Natural Resources",2300002105,38,3469,28,5,0,0,5,18.0,7.84,6.779661016949152,36.37298459333572
Montana,2022-04-12,"Environmental Quality, Chapter 85",alternative energy revolving loan program,environmental quality,,"Environmental Protection, Public Utilities, and Natural Resources",2300002106,42,2757,24,10,5,0,3,24.0,8.26,29.245283018867923,35.375739644970416
Montana,2022-04-12,"Environmental Quality, Chapter 86",energy,environmental quality,,"Environmental Protection, Public Utilities, and Natural Resources",2300002107,68,4367,42,13,1,0,12,31.0,8.27,28.35820895522388,34.725141679546624
Montana,2022-04-12,"Fish Wildlife And Parks, Chapter 1",organizational rule,fish wildlife and parks,,"Environmental Protection, Public Utilities, and Natural Resources",2300002073,1,1532,0,1,0,0,0,15.0,8.14,1.020408163265306,43.78071428571429
Montana,2022-04-12,"Fish Wildlife And Parks, Chapter 10",conservation education division,fish wildlife and parks,,"Environmental Protection, Public Utilities, and Natural Resources",2300002082,17,1156,1,14,1,0,1,19.0,7.54,11.320754716981131,35.07276736493936
Montana,2022-04-12,"Fish Wildlife And Parks, Chapter 11",recreational water use,fish wildlife and parks,,"Environmental Protection, Public Utilities, and Natural Resources",2300002083,168,26632,81,46,12,17,12,21.0,8.83,10.59245960502693,30.66401462739672
Montana,2022-04-12,"Fish Wildlife And Parks, Chapter 14",commercial use,fish wildlife and parks,,"Environmental Protection, Public Utilities, and Natural Resources",2300002084,56,5966,31,11,3,2,9,26.0,8.4,27.06422018348624,35.282368371744425
Montana,2022-04-12,"Fish Wildlife And Parks, Chapter 2",overall department rules,fish wildlife and parks,,"Environmental Protection, Public Utilities, and Natural Resources",2300002074,184,12713,89,58,5,1,31,28.0,9.17,29.30232558139535,35.20936088919764
Montana,2022-04-12,"Fish Wildlife And Parks, Chapter 3",licensing,fish wildlife and parks,,"Environmental Protection, Public Utilities, and Natural Resources",2300002075,94,7939,31,50,5,2,6,20.0,8.5,17.039106145251395,31.422910216718265
Montana,2022-04-12,"Fish Wildlife And Parks, Chapter 4",stream access rules,fish wildlife and parks,,"Environmental Protection, Public Utilities, and Natural Resources",2300002076,40,4955,20,14,5,0,1,28.0,8.71,20.833333333333336,35.2938646139914
Montana,2022-04-12,"Fish Wildlife And Parks, Chapter 5",resource protection,fish wildlife and parks,,"Environmental Protection, Public Utilities, and Natural Resources",2300002077,23,2662,5,15,0,2,1,26.0,8.46,25.26315789473684,36.61088977423639
Montana,2022-04-12,"Fish Wildlife And Parks, Chapter 6",enforcement division,fish wildlife and parks,,"Environmental Protection, Public Utilities, and Natural Resources",2300002078,498,27639,177,223,42,26,30,24.0,9.8,19.69981238273921,32.62825601587696
Montana,2022-04-12,"Fish Wildlife And Parks, Chapter 7",fisheries division,fish wildlife and parks,,"Environmental Protection, Public Utilities, and Natural Resources",2300002079,148,11897,60,62,8,3,15,21.0,9.34,15.065913370998116,35.831957547169814
Montana,2022-04-12,"Fish Wildlife And Parks, Chapter 8",parks division,fish wildlife and parks,,"Environmental Protection, Public Utilities, and Natural Resources",2300002080,158,13317,90,19,4,33,12,22.0,9.37,24.9554367201426,34.12149451315102
Montana,2022-04-12,"Fish Wildlife And Parks, Chapter 9",wildlife division,fish wildlife and parks,,"Environmental Protection, Public Utilities, and Natural Resources",2300002081,165,20255,57,82,13,0,13,30.0,9.79,26.31578947368421,36.39856154910097
Montana,2022-04-12,"General Provisions, Chapter 1",foreword,general provisions,,Administration,2300001971,2,455,1,0,0,0,1,18.0,6.99,0.0,38.70617283950617
Montana,2022-04-12,"General Provisions, Chapter 2",general provisions,general provisions,,Administration,2300001972,43,7017,2,36,2,0,3,16.0,8.25,6.25,29.988931297709925
Montana,2022-04-12,"General Provisions, Chapter 3",model rules,general provisions,,Administration,2300001973,151,11591,58,76,4,1,12,19.0,8.75,16.366906474820144,31.94217512089721
Montana,2022-04-12,"Governor, Chapter 6",sage grouse stewardship,governor,,"Environmental Protection, Public Utilities, and Natural Resources",2300002085,21,2601,17,4,0,0,0,33.0,7.96,23.28767123287671,37.18616567036721
Montana,2022-04-12,"Governor, Chapter 8",energy shortages,governor,,"Environmental Protection, Public Utilities, and Natural Resources",2300002086,25,1359,15,2,1,0,7,24.0,7.56,18.0,37.16411181244364
Montana,2022-04-12,"Justice, Chapter 1",organizational rule,justice,,"Security, Justice, and Corrections",2300002134,2,3889,0,0,0,0,2,21.0,9.13,4.545454545454546,46.1890440386681
Montana,2022-04-12,"Justice, Chapter 12",division of criminal investigation,justice,,"Security, Justice, and Corrections",2300002139,243,16206,156,58,1,9,19,21.0,9.66,13.940256045519202,36.33369652066536
Montana,2022-04-12,"Justice, Chapter 13",public safety officer standards and training,justice,,"Security, Justice, and Corrections",2300002140,137,13670,11,106,3,1,16,28.0,9.07,19.290465631929045,35.13514419852448
Montana,2022-04-12,"Justice, Chapter 15",office of victims services,justice,,"Security, Justice, and Corrections",2300002141,30,4857,0,25,3,0,2,19.0,8.61,19.246861924686197,33.00073728188744
Montana,2022-04-12,"Justice, Chapter 16",gambling control division,justice,,"Security, Justice, and Corrections",2300002142,919,59614,230,479,73,15,122,24.0,9.55,17.078364565587734,30.872616848146546
Montana,2022-04-12,"Justice, Chapter 18",miscellaneous duties of the department,justice,,"Security, Justice, and Corrections",2300002143,92,6110,40,27,4,1,20,25.0,8.48,20.982142857142858,35.20123664980326
Montana,2022-04-12,"Justice, Chapter 19",consumer protection office,justice,,"Security, Justice, and Corrections",2300002144,186,11190,151,22,2,3,8,28.0,9.13,27.055702917771885,34.380725577624645
Montana,2022-04-12,"Justice, Chapter 2",procedural rules,justice,,"Security, Justice, and Corrections",2300002135,25,3748,10,13,0,0,2,18.0,9.04,27.17948717948718,34.88657338493599
Montana,2022-04-12,"Justice, Chapter 3",motor vehicle division,justice,,"Security, Justice, and Corrections",2300002136,599,50493,124,355,28,3,89,26.0,10.07,28.96145610278373,33.07823835353468
Montana,2022-04-12,"Justice, Chapter 4",forensic science division,justice,,"Security, Justice, and Corrections",2300002137,109,6466,64,31,3,0,11,19.0,8.69,14.0625,36.087077189939286
Montana,2022-04-12,"Justice, Chapter 6",highway patrol division,justice,,"Security, Justice, and Corrections",2300002138,69,3594,23,38,2,0,6,24.0,8.35,17.857142857142858,32.90312596719282
Montana,2022-04-12,"Labor And Industry, Chapter 1",organizational rule,labor and industry,,Labor and Workforce Development,2300002145,1,3963,0,1,0,0,0,17.0,9.24,1.7391304347826086,47.17851542080502
Montana,2022-04-12,"Labor And Industry, Chapter 101",business standards division,labor and industry,,Labor and Workforce Development,2300002167,43,4928,8,22,3,0,10,29.0,8.84,20.98765432098765,39.97786151672162
Montana,2022-04-12,"Labor And Industry, Chapter 11",unemployment insurance division,labor and industry,,Labor and Workforce Development,2300002151,271,35277,135,103,9,1,23,28.0,9.39,27.729636048526864,33.88407901401317
Montana,2022-04-12,"Labor And Industry, Chapter 111",alternative health care board,labor and industry,,Labor and Workforce Development,2300002168,176,12652,78,60,0,1,37,30.0,9.59,12.307692307692308,39.01109107303878
Montana,2022-04-12,"Labor And Industry, Chapter 114",board of architects and landscape architects,labor and industry,,Labor and Workforce Development,2300002169,48,5322,11,27,0,0,10,18.0,8.64,4.411764705882353,37.9577262956771
Montana,2022-04-12,"Labor And Industry, Chapter 118",board of athletic trainers,labor and industry,,Labor and Workforce Development,2300002170,10,1290,2,3,1,0,4,25.0,7.84,2.127659574468085,39.21811100292113
Montana,2022-04-12,"Labor And Industry, Chapter 12",displaced homemaker,labor and industry,,Labor and Workforce Development,2300002152,7,1246,3,4,0,0,0,20.0,7.8,10.344827586206897,43.002835538752365
Montana,2022-04-12,"Labor And Industry, Chapter 121",board of barbers and cosmetologists,labor and industry,,Labor and Workforce Development,2300002171,328,18345,133,138,8,9,40,26.0,9.4,12.5,34.52325211527451
Montana,2022-04-12,"Labor And Industry, Chapter 122",boiler operating engineers,labor and industry,,Labor and Workforce Development,2300002172,28,2053,13,6,0,0,9,26.0,8.05,18.91891891891892,34.65197740112994
Montana,2022-04-12,"Labor And Industry, Chapter 126",board of chiropractors,labor and industry,,Labor and Workforce Development,2300002173,70,5626,29,30,3,0,8,18.0,8.72,9.854014598540148,36.34745186862967
Montana,2022-04-12,"Labor And Industry, Chapter 129",board of clinical laboratory science practitioners,labor and industry,,Labor and Workforce Development,2300002174,44,2721,19,16,1,0,8,20.0,8.13,3.278688524590164,37.59925268566091
Montana,2022-04-12,"Labor And Industry, Chapter 13",montana help act,labor and industry,,Labor and Workforce Development,2300002153,20,2055,7,12,0,0,1,21.0,8.15,10.112359550561797,34.75013912075682
Montana,2022-04-12,"Labor And Industry, Chapter 131",construction blasters,labor and industry,,Labor and Workforce Development,2300002175,11,936,3,8,0,0,0,17.0,7.36,12.5,33.76495726495727
Montana,2022-04-12,"Labor And Industry, Chapter 135",crane and hoisting operating engineers,labor and industry,,Labor and Workforce Development,2300002176,36,3289,18,9,2,0,7,22.0,7.96,17.73049645390071,32.82900817632421
Montana,2022-04-12,"Labor And Industry, Chapter 138",board of dentistry,labor and industry,,Labor and Workforce Development,2300002177,263,22403,154,78,9,2,20,22.0,9.36,12.962962962962962,37.235955666630446
Montana,2022-04-12,"Labor And Industry, Chapter 141",state electrical board,labor and industry,,Labor and Workforce Development,2300002178,73,4749,30,24,3,0,16,18.0,8.43,5.531914893617021,36.6646861276156
Montana,2022-04-12,"Labor And Industry, Chapter 142",elevator licensing program,labor and industry,,Labor and Workforce Development,2300002179,33,2932,12,9,3,1,8,24.0,7.91,12.149532710280374,37.76985830828682
Montana,2022-04-12,"Labor And Industry, Chapter 144",fire protection and fireworks wholesalers,labor and industry,,Labor and Workforce Development,2300002180,26,1989,15,7,1,0,3,20.0,8.0,7.608695652173914,36.08186397984887
Montana,2022-04-12,"Labor And Industry, Chapter 147",board of funeral service,labor and industry,,Labor and Workforce Development,2300002181,227,17202,72,128,8,0,19,25.0,9.16,18.064516129032256,34.47379159924013
Montana,2022-04-12,"Labor And Industry, Chapter 148",genetic counselors,labor and industry,,Labor and Workforce Development,2300002182,3,478,1,2,0,0,0,22.0,7.19,0.0,41.2148337595908
Montana,2022-04-12,"Labor And Industry, Chapter 15",employment relations division,labor and industry,,Labor and Workforce Development,2300002154,0,170,0,0,0,0,0,19.0,5.9,0.0,37.47328244274809
Montana,2022-04-12,"Labor And Industry, Chapter 150",board of hearing aid dispensers,labor and industry,,Labor and Workforce Development,2300002183,63,4788,31,20,2,1,9,17.0,8.51,7.751937984496124,32.37930100243836
Montana,2022-04-12,"Labor And Industry, Chapter 154",licensed addiction counselors,labor and industry,,Labor and Workforce Development,2300002184,0,172,0,0,0,0,0,10.0,5.73,0.0,21.355263157894736
Montana,2022-04-12,"Labor And Industry, Chapter 155",board of massage therapy,labor and industry,,Labor and Workforce Development,2300002185,47,5195,20,17,1,1,8,33.0,8.96,18.79194630872483,38.04257167680278
Montana,2022-04-12,"Labor And Industry, Chapter 156",board of medical examiners,labor and industry,,Labor and Workforce Development,2300002186,286,28090,129,89,16,0,52,27.0,9.3,10.438413361169102,36.465989587778445
Montana,2022-04-12,"Labor And Industry, Chapter 159",board of nursing,labor and industry,,Labor and Workforce Development,2300002187,283,27561,126,118,13,3,23,19.0,9.15,8.256880733944955,35.44541800280024
Montana,2022-04-12,"Labor And Industry, Chapter 16",wages and hours,labor and industry,,Labor and Workforce Development,2300002155,263,40906,50,118,27,0,68,26.0,9.35,30.16722408026756,30.0122591943958
Montana,2022-04-12,"Labor And Industry, Chapter 162",board of nursing home administrators,labor and industry,,Labor and Workforce Development,2300002188,42,3488,16,19,0,1,6,14.0,8.33,3.2407407407407405,33.619686800894854
Montana,2022-04-12,"Labor And Industry, Chapter 165",board of occupational therapy practice,labor and industry,,Labor and Workforce Development,2300002189,53,5993,14,29,4,0,6,20.0,8.74,9.125475285171104,41.11698817672682
Montana,2022-04-12,"Labor And Industry, Chapter 168",board of optometry,labor and industry,,Labor and Workforce Development,2300002190,19,3398,11,7,0,0,1,15.0,8.25,3.0927835051546397,34.03489294210944
Montana,2022-04-12,"Labor And Industry, Chapter 17",prevailing wages for public works projects,labor and industry,,Labor and Workforce Development,2300002156,117,14777,49,44,2,4,18,30.0,8.91,38.08510638297872,35.65788876276958
Montana,2022-04-12,"Labor And Industry, Chapter 171",board of outfitters,labor and industry,,Labor and Workforce Development,2300002191,133,10541,64,32,3,0,34,25.0,8.83,17.783505154639176,32.78565782044043
Montana,2022-04-12,"Labor And Industry, Chapter 174",board of pharmacy,labor and industry,,Labor and Workforce Development,2300002192,681,39305,350,241,12,2,76,23.0,9.51,13.34610472541507,36.67535587188612
Montana,2022-04-12,"Labor And Industry, Chapter 177",board of physical therapy examiners,labor and industry,,Labor and Workforce Development,2300002193,57,5460,24,24,1,0,8,18.0,8.78,7.526881720430108,37.4720789414667
Montana,2022-04-12,"Labor And Industry, Chapter 180",board of plumbers,labor and industry,,Labor and Workforce Development,2300002194,90,6481,40,29,3,0,18,20.0,8.64,10.231023102310232,33.683990895295906
Montana,2022-04-12,"Labor And Industry, Chapter 182",board of private security,labor and industry,,Labor and Workforce Development,2300002195,131,8202,52,48,8,0,23,23.0,8.79,6.769230769230769,37.22768335630072
Montana,2022-04-12,"Labor And Industry, Chapter 183",board of professional engineers and professional land surveyors,labor and industry,,Labor and Workforce Development,2300002196,304,20064,91,150,7,1,55,24.0,9.51,18.860759493670887,35.099982879643896
Montana,2022-04-12,"Labor And Industry, Chapter 189",board of psychologists,labor and industry,,Labor and Workforce Development,2300002197,438,21416,319,84,11,0,24,30.0,9.5,22.12518195050946,39.87300269765512
Montana,2022-04-12,"Labor And Industry, Chapter 2",overall department rules,labor and industry,,Labor and Workforce Development,2300002146,13,724,12,0,0,0,1,27.0,7.31,32.0,30.10641627543036
Montana,2022-04-12,"Labor And Industry, Chapter 201",board of public accountants,labor and industry,,Labor and Workforce Development,2300002198,115,11962,30,53,6,0,26,18.0,8.78,8.717105263157894,33.64861460957179
Montana,2022-04-12,"Labor And Industry, Chapter 204",board of radiologic technologists,labor and industry,,Labor and Workforce Development,2300002199,86,6654,48,24,0,0,14,20.0,8.83,7.096774193548387,36.98283105022831
Montana,2022-04-12,"Labor And Industry, Chapter 207",board of real estate appraisers,labor and industry,,Labor and Workforce Development,2300002200,81,7522,27,34,2,0,18,21.0,8.59,6.5625,36.46631144723273
Montana,2022-04-12,"Labor And Industry, Chapter 21",apprenticeship,labor and industry,,Labor and Workforce Development,2300002157,54,5607,22,18,6,0,8,25.0,8.65,18.932038834951456,42.16061224489796
Montana,2022-04-12,"Labor And Industry, Chapter 210",board of realty regulation,labor and industry,,Labor and Workforce Development,2300002201,296,19541,105,120,15,1,55,21.0,9.02,14.184397163120568,33.698159126365056
Montana,2022-04-12,"Labor And Industry, Chapter 213",board of respiratory care practitioners,labor and industry,,Labor and Workforce Development,2300002202,33,3893,12,13,3,0,5,22.0,8.59,8.280254777070063,38.83815404614885
Montana,2022-04-12,"Labor And Industry, Chapter 216",board of sanitarians,labor and industry,,Labor and Workforce Development,2300002203,26,2439,9,14,1,0,2,15.0,7.97,2.7777777777777777,35.68449781659389
Montana,2022-04-12,"Labor And Industry, Chapter 219",board of behavioral health,labor and industry,,Labor and Workforce Development,2300002204,310,19184,110,151,12,0,37,26.0,9.14,17.92168674698795,38.20228045861157
Montana,2022-04-12,"Labor And Industry, Chapter 22",workforce development,labor and industry,,Labor and Workforce Development,2300002158,82,6517,37,25,4,0,16,26.0,8.61,17.167381974248926,36.19756221432199
Montana,2022-04-12,"Labor And Industry, Chapter 222",board of speech language pathologists and audiologists,labor and industry,,Labor and Workforce Development,2300002205,69,6937,16,35,3,2,13,23.0,8.8,11.320754716981131,40.76983435047951
Montana,2022-04-12,"Labor And Industry, Chapter 225",board of veterinary medicine,labor and industry,,Labor and Workforce Development,2300002206,136,10634,29,73,8,0,26,21.0,9.01,13.800424628450106,36.15492476060192
Montana,2022-04-12,"Labor And Industry, Chapter 23",job growth incentive tax credit,labor and industry,,Labor and Workforce Development,2300002159,18,816,4,12,0,0,2,21.0,7.5,18.91891891891892,36.04950495049505
Montana,2022-04-12,"Labor And Industry, Chapter 250",sexual offender evaluator license endorsement,labor and industry,,Labor and Workforce Development,2300002207,6,347,1,4,0,0,1,31.0,6.61,0.0,39.95759717314488
Montana,2022-04-12,"Labor And Industry, Chapter 26",board of personnel appeals,labor and industry,,Labor and Workforce Development,2300002160,328,16452,252,52,8,1,15,23.0,8.68,20.42682926829268,32.20469249911127
Montana,2022-04-12,"Labor And Industry, Chapter 28",workers compensation mediation,labor and industry,,Labor and Workforce Development,2300002161,29,1670,18,9,1,0,1,17.0,7.57,24.17582417582417,33.50249110320285
Montana,2022-04-12,"Labor And Industry, Chapter 29",workers compensation and occupational disease,labor and industry,,Labor and Workforce Development,2300002162,667,61819,185,330,26,0,126,26.0,9.77,21.723834652594547,34.905153195644566
Montana,2022-04-12,"Labor And Industry, Chapter 30",industrial safety and health,labor and industry,,Labor and Workforce Development,2300002163,33,5621,17,13,1,0,2,26.0,9.01,27.450980392156865,35.56364724660814
Montana,2022-04-12,"Labor And Industry, Chapter 301",building codes,labor and industry,,Labor and Workforce Development,2300002208,638,44826,409,77,17,8,127,22.0,9.83,17.558886509635975,34.25530449524516
Montana,2022-04-12,"Labor And Industry, Chapter 320",carbon monoxide detector standard as required by the landlord tenant act,labor and industry,,Labor and Workforce Development,2300002209,4,162,0,2,1,0,1,29.0,6.23,0.0,36.7
Montana,2022-04-12,"Labor And Industry, Chapter 321",wildland urban interface fire mitigation,labor and industry,,Labor and Workforce Development,2300002210,32,1698,30,0,1,0,1,21.0,7.92,22.22222222222222,33.5409377186844
Montana,2022-04-12,"Labor And Industry, Chapter 33",construction contractors and home inspectors,labor and industry,,Labor and Workforce Development,2300002164,52,3952,17,15,3,0,17,24.0,8.38,12.582781456953644,38.911590774689536
Montana,2022-04-12,"Labor And Industry, Chapter 35",independent contractors,labor and industry,,Labor and Workforce Development,2300002165,43,5553,17,11,1,2,12,29.0,8.5,19.774011299435028,35.89821390144179
Montana,2022-04-12,"Labor And Industry, Chapter 351",weights and measures bureau,labor and industry,,Labor and Workforce Development,2300002211,56,4880,19,31,1,1,4,22.0,8.7,10.194174757281552,33.79062424095215
Montana,2022-04-12,"Labor And Industry, Chapter 38",professional employer organizations,labor and industry,,Labor and Workforce Development,2300002166,6,496,2,3,0,0,1,22.0,6.67,20.0,36.44717444717445
Montana,2022-04-12,"Labor And Industry, Chapter 5",office of the workers compensation judge,labor and industry,,Labor and Workforce Development,2300002147,194,17145,153,29,6,0,6,22.0,8.72,25.03419972640219,28.943877551020407
Montana,2022-04-12,"Labor And Industry, Chapter 7",unemployment insurance appeals board,labor and industry,,Labor and Workforce Development,2300002148,18,1497,10,4,2,0,2,18.0,7.56,13.513513513513514,28.423423423423426
Montana,2022-04-12,"Labor And Industry, Chapter 8",human rights bureau,labor and industry,,Labor and Workforce Development,2300002149,97,9150,59,25,4,1,8,25.0,8.63,24.629080118694365,33.95662188099808
Montana,2022-04-12,"Labor And Industry, Chapter 9",human rights commission,labor and industry,,Labor and Workforce Development,2300002150,151,16190,79,39,7,7,19,24.0,9.35,21.35922330097087,35.9737089201878
Montana,2022-04-12,"Livestock, Chapter 1",organizational rule,livestock,,"Industry, Commerce, and Development",2300002212,0,1019,0,0,0,0,0,16.0,7.87,0.0,41.25107296137339
Montana,2022-04-12,"Livestock, Chapter 10",tester licensing,livestock,,"Industry, Commerce, and Development",2300002220,17,1272,6,8,0,0,3,13.0,6.66,2.5,35.00314795383001
Montana,2022-04-12,"Livestock, Chapter 12",eggs,livestock,,"Industry, Commerce, and Development",2300002221,172,8784,19,125,21,1,6,17.0,8.9,19.54732510288066,28.786613566289827
Montana,2022-04-12,"Livestock, Chapter 15",marketing of livestock,livestock,,"Industry, Commerce, and Development",2300002222,108,5081,17,79,5,0,7,18.0,8.48,11.71875,32.36310461192351
Montana,2022-04-12,"Livestock, Chapter 18",branding and inspection,livestock,,"Industry, Commerce, and Development",2300002223,58,3437,15,31,0,1,11,20.0,8.17,20.0,29.37048503611971
Montana,2022-04-12,"Livestock, Chapter 2",overall department rules,livestock,,"Industry, Commerce, and Development",2300002213,173,14081,65,69,6,1,32,29.0,9.38,31.60270880361174,34.87488485051503
Montana,2022-04-12,"Livestock, Chapter 22",vertebrate pest control,livestock,,"Industry, Commerce, and Development",2300002224,14,1074,3,9,0,1,1,16.0,7.61,10.16949152542373,31.882488479262676
Montana,2022-04-12,"Livestock, Chapter 24",board of milk control,livestock,,"Industry, Commerce, and Development",2300002225,90,12612,0,73,5,1,11,29.0,8.91,18.33740831295844,29.94426171215219
Montana,2022-04-12,"Livestock, Chapter 3",disease control,livestock,,"Industry, Commerce, and Development",2300002214,375,29216,128,195,16,4,32,20.0,9.28,11.501120238984315,34.583503097326734
Montana,2022-04-12,"Livestock, Chapter 4",alternative livestock regulations,livestock,,"Industry, Commerce, and Development",2300002215,211,10870,53,117,4,9,28,24.0,8.56,13.51981351981352,35.947860252734415
Montana,2022-04-12,"Livestock, Chapter 5",laboratory activities,livestock,,"Industry, Commerce, and Development",2300002216,10,1348,1,7,1,0,1,19.0,7.83,19.402985074626866,35.02044293015332
Montana,2022-04-12,"Livestock, Chapter 6",animal feeding slaughter and disposal,livestock,,"Industry, Commerce, and Development",2300002217,73,5154,7,55,7,1,3,20.0,8.83,14.767932489451477,33.61948488241881
Montana,2022-04-12,"Livestock, Chapter 8",fluid milk and grade a milk products,livestock,,"Industry, Commerce, and Development",2300002218,16,1798,3,8,1,0,4,17.0,7.87,9.375,29.05088195386703
Montana,2022-04-12,"Livestock, Chapter 9",general licensing and provisions,livestock,,"Industry, Commerce, and Development",2300002219,487,15237,23,421,22,1,20,17.0,9.15,14.199759326113115,33.898479394696245
Montana,2022-04-12,"Military Affairs, Chapter 3",emergency and disaster relief,military affairs,,"Security, Justice, and Corrections",2300002226,19,1561,9,8,0,0,2,17.0,7.98,9.090909090909092,36.567077592458304
Montana,2022-04-12,"Military Affairs, Chapter 5",montana veterans affairs division montana state veterans cemetery,military affairs,,"Security, Justice, and Corrections",2300002227,16,1262,9,4,2,0,1,9.0,6.72,1.639344262295082,27.106870229007637
Montana,2022-04-12,"Military Affairs, Chapter 7",insurance premium reimbursement program,military affairs,,"Security, Justice, and Corrections",2300002228,3,392,0,1,1,0,1,17.0,6.13,5.263157894736842,38.9003984063745
Montana,2022-04-12,"Military Affairs, Chapter 8",montana military family relief fund,military affairs,,"Security, Justice, and Corrections",2300002229,13,910,2,8,0,1,2,19.0,7.13,12.195121951219512,35.41713483146067
Montana,2022-04-12,"Natural Resources And Conservation, Chapter 1",organizational rule,natural resources and conservation,,"Environmental Protection, Public Utilities, and Natural Resources",2300002230,0,2863,0,0,0,0,0,17.0,8.89,1.8072289156626504,43.27041942604856
Montana,2022-04-12,"Natural Resources And Conservation, Chapter 10",fire management,natural resources and conservation,,"Environmental Protection, Public Utilities, and Natural Resources",2300002234,43,4201,14,23,0,1,5,18.0,8.82,15.311004784688995,33.848971541279234
Montana,2022-04-12,"Natural Resources And Conservation, Chapter 11",forest management,natural resources and conservation,,"Environmental Protection, Public Utilities, and Natural Resources",2300002235,459,31772,359,59,5,12,24,35.0,9.88,42.555685814771394,36.468651378077006
Montana,2022-04-12,"Natural Resources And Conservation, Chapter 12",water rights bureau,natural resources and conservation,,"Environmental Protection, Public Utilities, and Natural Resources",2300002236,540,41201,248,219,14,2,57,27.0,9.85,19.771591720199854,33.55168272751237
Montana,2022-04-12,"Natural Resources And Conservation, Chapter 13",water measurement,natural resources and conservation,,"Environmental Protection, Public Utilities, and Natural Resources",2300002237,27,2070,6,20,0,0,1,21.0,7.88,6.25,37.101340482573725
Montana,2022-04-12,"Natural Resources And Conservation, Chapter 14",dam safety,natural resources and conservation,,"Environmental Protection, Public Utilities, and Natural Resources",2300002238,170,10506,63,95,0,0,12,30.0,9.04,21.06824925816024,34.97775912715065
Montana,2022-04-12,"Natural Resources And Conservation, Chapter 15",floodplain management,natural resources and conservation,,"Environmental Protection, Public Utilities, and Natural Resources",2300002239,113,7937,62,30,1,9,11,26.0,8.95,29.92957746478873,36.994887089902
Montana,2022-04-12,"Natural Resources And Conservation, Chapter 16",water reservations water resources division,natural resources and conservation,,"Environmental Protection, Public Utilities, and Natural Resources",2300002240,150,7710,65,49,3,0,33,24.0,8.62,21.62162162162162,35.01566930308909
Montana,2022-04-12,"Natural Resources And Conservation, Chapter 17",renewable resource grants and loans,natural resources and conservation,,"Environmental Protection, Public Utilities, and Natural Resources",2300002241,39,3512,21,13,4,0,1,31.0,8.75,25.471698113207548,37.55162523900574
Montana,2022-04-12,"Natural Resources And Conservation, Chapter 19",reclamation and development grants program water development bureau,natural resources and conservation,,"Environmental Protection, Public Utilities, and Natural Resources",2300002242,18,1771,17,1,0,0,0,18.0,7.75,9.090909090909092,37.97388849682428
Montana,2022-04-12,"Natural Resources And Conservation, Chapter 2",procedural rules,natural resources and conservation,,"Environmental Protection, Public Utilities, and Natural Resources",2300002231,233,15541,127,61,7,2,36,27.0,9.3,32.11678832116788,36.00751499385794
Montana,2022-04-12,"Natural Resources And Conservation, Chapter 20",weather modification water resources division,natural resources and conservation,,"Environmental Protection, Public Utilities, and Natural Resources",2300002243,28,2986,19,4,0,0,5,26.0,8.28,14.285714285714285,35.85549363057325
Montana,2022-04-12,"Natural Resources And Conservation, Chapter 21",board of water well contractors,natural resources and conservation,,"Environmental Protection, Public Utilities, and Natural Resources",2300002244,300,16407,237,25,4,1,33,19.0,9.27,12.669126691266912,31.554434030281183
Montana,2022-04-12,"Natural Resources And Conservation, Chapter 22",oil and gas conservation,natural resources and conservation,,"Environmental Protection, Public Utilities, and Natural Resources",2300002245,458,29238,195,197,5,3,58,25.0,9.55,18.005540166204987,31.075907332890573
Montana,2022-04-12,"Natural Resources And Conservation, Chapter 23",drinking water state revolving fund act,natural resources and conservation,,"Environmental Protection, Public Utilities, and Natural Resources",2300002246,132,12729,76,37,4,1,14,49.0,8.99,49.80392156862745,33.91230410136712
Montana,2022-04-12,"Natural Resources And Conservation, Chapter 24",water pollution control state revolving fund act,natural resources and conservation,,"Environmental Protection, Public Utilities, and Natural Resources",2300002247,121,11183,75,31,1,0,14,48.0,8.95,44.54148471615721,33.26392160557806
Montana,2022-04-12,"Natural Resources And Conservation, Chapter 25",state land leasing,natural resources and conservation,,"Environmental Protection, Public Utilities, and Natural Resources",2300002248,1202,73935,825,222,43,7,105,29.0,9.74,27.644628099173552,31.54281103374077
Montana,2022-04-12,"Natural Resources And Conservation, Chapter 26",yellowstone river compact,natural resources and conservation,,"Environmental Protection, Public Utilities, and Natural Resources",2300002249,14,899,14,0,0,0,0,15.0,7.14,12.727272727272728,39.31906614785992
Montana,2022-04-12,"Natural Resources And Conservation, Chapter 27",land administration,natural resources and conservation,,"Environmental Protection, Public Utilities, and Natural Resources",2300002250,45,2666,32,5,0,1,7,25.0,8.2,18.81188118811881,33.834639175257735
Montana,2022-04-12,"Natural Resources And Conservation, Chapter 30",state water projects,natural resources and conservation,,"Environmental Protection, Public Utilities, and Natural Resources",2300002251,4,657,3,0,1,0,0,32.0,6.3,15.789473684210526,32.82608695652174
Montana,2022-04-12,"Natural Resources And Conservation, Chapter 31",rangeland resources program,natural resources and conservation,,"Environmental Protection, Public Utilities, and Natural Resources",2300002252,13,892,2,9,0,0,2,39.0,7.87,9.090909090909092,37.92883435582822
Montana,2022-04-12,"Natural Resources And Conservation, Chapter 6",soil conservation districts,natural resources and conservation,,"Environmental Protection, Public Utilities, and Natural Resources",2300002232,12,310,12,0,0,0,0,18.0,6.3,11.76470588235294,32.908127208480565
Montana,2022-04-12,"Natural Resources And Conservation, Chapter 9",forestry,natural resources and conservation,,"Environmental Protection, Public Utilities, and Natural Resources",2300002233,0,66,0,0,0,0,0,5.0,5.34,0.0,28.069767441860463
Montana,2022-04-12,"Public Health And Human Services, Chapter 1",organizational rule,public health and human services,,Health Services,2300002253,1,2070,0,0,0,0,1,16.0,8.27,1.6528925619834711,44.24489795918368
Montana,2022-04-12,"Public Health And Human Services, Chapter 10",emergency health services,public health and human services,,Health Services,2300002257,2,779,0,2,0,0,0,23.0,7.32,6.451612903225806,33.3044776119403
Montana,2022-04-12,"Public Health And Human Services, Chapter 100",licensure of community residences,public health and human services,,Health Services,2300002306,395,21038,105,248,7,10,25,23.0,9.45,15.19434628975265,33.465324264981525
Montana,2022-04-12,"Public Health And Human Services, Chapter 104",emergency medical services,public health and human services,,Health Services,2300002307,195,16237,22,126,3,1,43,29.0,9.2,21.001926782273603,35.09393680614859
Montana,2022-04-12,"Public Health And Human Services, Chapter 106",health care facilities,public health and human services,,Health Services,2300002308,2175,124636,499,1474,48,15,139,29.0,10.02,20.349839862034987,36.02809744297925
Montana,2022-04-12,"Public Health And Human Services, Chapter 107",marijuana registry,public health and human services,,Health Services,2300002309,97,7149,39,40,3,1,14,32.0,8.84,22.48803827751196,40.30490914886835
Montana,2022-04-12,"Public Health And Human Services, Chapter 108",managed care quality assurance,public health and human services,,Health Services,2300002310,115,8104,44,53,6,0,12,25.0,8.64,20.469798657718123,35.137852137852136
Montana,2022-04-12,"Public Health And Human Services, Chapter 109",montana community health center support act,public health and human services,,Health Services,2300002311,31,3160,8,23,0,0,0,29.0,8.39,23.300970873786408,38.17099719101124
Montana,2022-04-12,"Public Health And Human Services, Chapter 110",food and drug standards,public health and human services,,Health Services,2300002312,266,16865,129,113,7,2,15,30.0,9.6,21.673003802281368,36.22840871021776
Montana,2022-04-12,"Public Health And Human Services, Chapter 111",public accommodations,public health and human services,,Health Services,2300002313,778,38903,66,613,38,15,46,26.0,9.86,21.275121275121275,34.165157718701344
Montana,2022-04-12,"Public Health And Human Services, Chapter 112",body art and cosmetics,public health and human services,,Health Services,2300002314,175,7828,8,145,10,5,7,22.0,9.21,21.62162162162162,33.87350869627713
Montana,2022-04-12,"Public Health And Human Services, Chapter 113",montana clean indoor air act,public health and human services,,Health Services,2300002315,4,638,0,3,0,1,0,29.0,7.12,40.0,31.71698113207547
Montana,2022-04-12,"Public Health And Human Services, Chapter 114",communicable disease control,public health and human services,,Health Services,2300002316,155,13965,2,126,1,0,26,25.0,9.06,14.814814814814811,36.026236749116606
Montana,2022-04-12,"Public Health And Human Services, Chapter 115",pools spas and other water features,public health and human services,,Health Services,2300002317,2,674,1,1,0,0,0,16.0,7.34,5.128205128205128,38.29809358752166
Montana,2022-04-12,"Public Health And Human Services, Chapter 116",dead human bodies,public health and human services,,Health Services,2300002318,12,1523,0,9,2,0,1,25.0,8.0,28.07017543859649,32.52003081664098
Montana,2022-04-12,"Public Health And Human Services, Chapter 117",tobacco settlement accounts,public health and human services,,Health Services,2300002319,0,169,0,0,0,0,0,20.0,6.05,12.5,52.47651006711409
Montana,2022-04-12,"Public Health And Human Services, Chapter 12",laboratories,public health and human services,,Health Services,2300002258,115,9678,33,59,1,0,22,27.0,8.86,20.8955223880597,37.08967391304348
Montana,2022-04-12,"Public Health And Human Services, Chapter 14",radiation control,public health and human services,,Health Services,2300002259,920,67760,781,16,4,8,111,26.0,9.77,18.626644736842103,35.49760791761011
Montana,2022-04-12,"Public Health And Human Services, Chapter 19",family planning programs,public health and human services,,Health Services,2300002260,3,827,2,1,0,0,0,20.0,7.36,20.51282051282051,38.64714494875549
Montana,2022-04-12,"Public Health And Human Services, Chapter 2",department procedures,public health and human services,,Health Services,2300002254,114,14115,49,57,3,0,5,26.0,9.24,15.705765407554672,34.49226546906188
Montana,2022-04-12,"Public Health And Human Services, Chapter 21",documentation and study of abortion,public health and human services,,Health Services,2300002261,15,1158,12,0,0,0,3,17.0,7.61,30.15873015873016,31.934442270058707
Montana,2022-04-12,"Public Health And Human Services, Chapter 25",residential alcohol and drug treatment for indigent juveniles,public health and human services,,Health Services,2300002262,13,1363,11,2,0,0,0,15.0,7.3,7.142857142857142,32.91444342226311
Montana,2022-04-12,"Public Health And Human Services, Chapter 27",chemical dependency programs,public health and human services,,Health Services,2300002263,157,11781,64,76,3,0,14,19.0,9.22,9.649122807017545,38.79272763301298
Montana,2022-04-12,"Public Health And Human Services, Chapter 30",vocational rehabilitation program,public health and human services,,Health Services,2300002264,77,17811,45,22,5,0,5,25.0,9.19,13.871951219512196,38.01606611570248
Montana,2022-04-12,"Public Health And Human Services, Chapter 31",independent living rehabilitation program,public health and human services,,Health Services,2300002265,1,1051,0,0,0,0,1,22.0,7.36,7.142857142857142,41.74296205630355
Montana,2022-04-12,"Public Health And Human Services, Chapter 34",developmental disabilities program,public health and human services,,Health Services,2300002266,457,41348,14,384,23,2,34,25.0,9.43,13.437703848662752,38.285592098002425
Montana,2022-04-12,"Public Health And Human Services, Chapter 36",telecommunications access program,public health and human services,,Health Services,2300002267,52,3661,13,29,1,0,9,23.0,8.35,21.7687074829932,35.91551557982653
Montana,2022-04-12,"Public Health And Human Services, Chapter 40",senior and long term care services,public health and human services,,Health Services,2300002268,535,59224,56,359,34,0,86,26.0,9.68,16.706330318895766,35.96290057120728
Montana,2022-04-12,"Public Health And Human Services, Chapter 41",aging services,public health and human services,,Health Services,2300002269,40,7295,29,5,1,1,4,21.0,8.59,10.658307210031348,33.24897220851834
Montana,2022-04-12,"Public Health And Human Services, Chapter 43",supplemental security income payments,public health and human services,,Health Services,2300002270,5,1542,1,2,0,0,2,19.0,7.99,2.702702702702702,35.18745098039216
Montana,2022-04-12,"Public Health And Human Services, Chapter 45",veterans facilities,public health and human services,,Health Services,2300002271,3,1051,0,2,0,0,1,16.0,7.39,10.0,32.5731843575419
Montana,2022-04-12,"Public Health And Human Services, Chapter 47",protective services,public health and human services,,Health Services,2300002272,43,7317,19,20,0,1,3,21.0,8.73,13.190184049079754,35.46572414926845
Montana,2022-04-12,"Public Health And Human Services, Chapter 49",iv e foster care services,public health and human services,,Health Services,2300002273,36,7476,9,19,1,0,7,29.0,8.71,23.504273504273502,29.47871839170724
Montana,2022-04-12,"Public Health And Human Services, Chapter 5",fair hearings and contested case proceedings,public health and human services,,Health Services,2300002255,191,20367,90,76,10,0,15,32.0,8.89,33.15315315315316,35.345556514236414
Montana,2022-04-12,"Public Health And Human Services, Chapter 50",foster care services and guardianship services,public health and human services,,Health Services,2300002274,86,10422,44,37,1,0,4,21.0,8.92,12.18961625282167,34.764780454073986
Montana,2022-04-12,"Public Health And Human Services, Chapter 51",youth foster homes,public health and human services,,Health Services,2300002275,240,11187,120,91,4,1,24,29.0,8.39,26.39296187683284,32.87039278248432
Montana,2022-04-12,"Public Health And Human Services, Chapter 52",adoptive services,public health and human services,,Health Services,2300002276,18,1734,0,16,2,0,0,12.0,7.47,14.285714285714285,30.0
Montana,2022-04-12,"Public Health And Human Services, Chapter 55",end stage renal disease,public health and human services,,Health Services,2300002277,17,2902,2,13,1,0,1,22.0,8.25,17.647058823529413,31.968076285240464
Montana,2022-04-12,"Public Health And Human Services, Chapter 57",maternal and child health,public health and human services,,Health Services,2300002278,108,9267,28,56,3,0,21,26.0,9.02,21.27659574468085,33.73237517036303
Montana,2022-04-12,"Public Health And Human Services, Chapter 59",special supplemental nutrition program for women infants and children,public health and human services,,Health Services,2300002279,10,4999,0,8,0,0,2,31.0,8.69,10.32258064516129,37.66162528216704
Montana,2022-04-12,"Public Health And Human Services, Chapter 62",child support services,public health and human services,,Health Services,2300002280,264,33426,133,88,13,3,27,28.0,9.01,35.338345864661655,30.664573286979927
Montana,2022-04-12,"Public Health And Human Services, Chapter 66",mental health inpatient facilities,public health and human services,,Health Services,2300002281,29,4023,11,12,2,0,4,23.0,8.45,16.666666666666664,35.60756914119359
Montana,2022-04-12,"Public Health And Human Services, Chapter 70",low income home energy assistance program,public health and human services,,Health Services,2300002282,43,11836,4,28,5,1,5,19.0,8.77,16.0427807486631,31.23284865861151
Montana,2022-04-12,"Public Health And Human Services, Chapter 71",low income weatherization assistance program,public health and human services,,Health Services,2300002283,16,3483,4,11,0,0,1,19.0,8.36,22.424242424242426,35.35584784927124
Montana,2022-04-12,"Public Health And Human Services, Chapter 74",refugee assistance,public health and human services,,Health Services,2300002284,5,1110,1,3,1,0,0,23.0,7.98,19.565217391304348,32.89248434237996
Montana,2022-04-12,"Public Health And Human Services, Chapter 75",child and adult care food program,public health and human services,,Health Services,2300002285,97,7311,8,72,4,1,12,27.0,8.89,22.868217054263564,33.352074152864304
Montana,2022-04-12,"Public Health And Human Services, Chapter 76",food and nutrition services,public health and human services,,Health Services,2300002286,41,3410,37,2,0,0,2,20.0,8.36,22.58064516129032,33.84199511684688
Montana,2022-04-12,"Public Health And Human Services, Chapter 78",temporary assistance for needy families,public health and human services,,Health Services,2300002287,165,24971,55,50,9,0,51,32.0,9.41,31.71390013495277,32.90862596465592
Montana,2022-04-12,"Public Health And Human Services, Chapter 79",healthy montana kids,public health and human services,,Health Services,2300002288,38,8916,10,16,6,0,6,21.0,8.63,14.987080103359174,33.41922234392114
Montana,2022-04-12,"Public Health And Human Services, Chapter 8",records and statistics,public health and human services,,Health Services,2300002256,177,11833,20,127,7,0,23,26.0,8.78,28.80184331797235,30.7909731740748
Montana,2022-04-12,"Public Health And Human Services, Chapter 80",child care assistance,public health and human services,,Health Services,2300002289,75,8886,1,57,3,1,13,22.0,8.52,18.71657754010695,31.244073275862068
Montana,2022-04-12,"Public Health And Human Services, Chapter 81",pharmacy access prescription drug benefit program,public health and human services,,Health Services,2300002290,27,5179,1,20,0,0,6,18.0,8.41,13.83399209486166,34.940641455241746
Montana,2022-04-12,"Public Health And Human Services, Chapter 82",medicaid eligibility,public health and human services,,Health Services,2300002291,110,27970,38,50,7,1,14,28.0,9.44,22.316684378320936,36.14153227461119
Montana,2022-04-12,"Public Health And Human Services, Chapter 83",medicaid for certain medicare beneficiaries and others,public health and human services,,Health Services,2300002292,18,4008,4,11,3,0,0,21.0,8.03,9.411764705882351,37.39938271604938
Montana,2022-04-12,"Public Health And Human Services, Chapter 84",medicaid expansion,public health and human services,,Health Services,2300002293,54,4728,45,5,0,0,4,25.0,8.22,23.809523809523807,38.62676236862343
Montana,2022-04-12,"Public Health And Human Services, Chapter 85",general medicaid services,public health and human services,,Health Services,2300002294,166,21337,48,70,16,0,32,25.0,9.44,18.55146124523507,34.686990291262134
Montana,2022-04-12,"Public Health And Human Services, Chapter 86",medicaid primary care services,public health and human services,,Health Services,2300002295,548,84988,50,399,19,0,80,22.0,9.66,13.610478359908884,35.066022198353025
Montana,2022-04-12,"Public Health And Human Services, Chapter 87",children s mental health services,public health and human services,,Health Services,2300002296,140,15199,8,116,5,0,11,26.0,8.94,15.858208955223882,35.665992060403205
Montana,2022-04-12,"Public Health And Human Services, Chapter 88",medicaid mental health services,public health and human services,,Health Services,2300002297,18,3180,4,8,1,0,5,22.0,8.13,11.71875,34.506832797427656
Montana,2022-04-12,"Public Health And Human Services, Chapter 89",mental health services,public health and human services,,Health Services,2300002298,53,10347,8,32,3,0,10,28.0,8.96,18.694362017804156,37.5032
Montana,2022-04-12,"Public Health And Human Services, Chapter 90",mental health medicaid funded 1115 and 1915 waivers,public health and human services,,Health Services,2300002299,76,8749,0,64,5,0,7,28.0,8.79,8.041958041958042,36.66771078047507
Montana,2022-04-12,"Public Health And Human Services, Chapter 91",certification of mental health professional persons,public health and human services,,Health Services,2300002300,22,2667,0,20,0,0,2,23.0,7.72,2.727272727272727,40.940285204991085
Montana,2022-04-12,"Public Health And Human Services, Chapter 93",licensure of child placing agencies,public health and human services,,Health Services,2300002301,155,6720,133,14,2,0,6,24.0,8.38,13.703703703703704,32.97886977886978
Montana,2022-04-12,"Public Health And Human Services, Chapter 95",licensure of day care facilities,public health and human services,,Health Services,2300002302,619,30154,213,319,20,12,55,26.0,9.52,19.68576709796673,31.25205563667102
Montana,2022-04-12,"Public Health And Human Services, Chapter 97",licensure of youth care facilities,public health and human services,,Health Services,2300002303,430,19159,116,262,23,7,22,26.0,9.23,18.80466472303207,33.07723797483595
Montana,2022-04-12,"Public Health And Human Services, Chapter 98",outdoor behavioral program,public health and human services,,Health Services,2300002304,671,22328,214,402,30,5,20,23.0,9.45,15.690376569037657,34.63094775684599
Montana,2022-04-12,"Public Health And Human Services, Chapter 99",private alternative adolescent residential programs or private outdoor programs,public health and human services,,Health Services,2300002305,450,18049,6,396,19,7,22,30.0,9.12,18.27768014059754,38.03402587708385
Montana,2022-04-12,"Public Service Regulation, Chapter 1",organizational rule,public service regulation,,Administration,2300002320,2,1913,1,0,0,0,1,14.0,8.31,3.149606299212598,46.12340188993885
Montana,2022-04-12,"Public Service Regulation, Chapter 2",procedural rules,public service regulation,,Administration,2300002321,271,17569,181,68,2,0,20,23.0,8.71,21.91977077363897,34.65529941344973
Montana,2022-04-12,"Public Service Regulation, Chapter 3",motor carriers,public service regulation,,Administration,2300002322,467,26964,220,184,15,5,43,22.0,9.23,25.9094942324756,32.32268773374795
Montana,2022-04-12,"Public Service Regulation, Chapter 4",railroads,public service regulation,,Administration,2300002323,134,6291,111,8,0,0,15,21.0,8.72,29.328621908127207,31.992082058664742
Montana,2022-04-12,"Public Service Regulation, Chapter 5",utility division,public service regulation,,Administration,2300002324,1580,104915,911,411,59,16,183,25.0,9.96,20.68788501026694,37.14632683015674
Montana,2022-04-12,"Public Service Regulation, Chapter 6",energy conservation,public service regulation,,Administration,2300002325,10,1060,9,0,1,0,0,20.0,8.04,6.25,37.46840958605664
Montana,2022-04-12,"Public Service Regulation, Chapter 7",pipe line companies,public service regulation,,Administration,2300002326,9,460,8,0,0,0,1,19.0,6.91,0.0,31.98540145985401
Montana,2022-04-12,"Public Service Regulation, Chapter 8",cost of service information,public service regulation,,Administration,2300002327,0,105,0,0,0,0,0,19.0,6.25,0.0,34.55696202531646
Montana,2022-04-12,"Public Service Regulation, Chapter 9",transportation of radioactive and transuranic waste,public service regulation,,Administration,2300002328,34,2176,18,9,0,0,7,23.0,7.64,9.195402298850574,43.70277626565052
Montana,2022-04-12,"Revenue, Chapter 1",organizational rule,revenue,,Taxes and Public Finance,2300002329,0,1640,0,0,0,0,0,13.0,8.25,0.0,41.99931833674165
Montana,2022-04-12,"Revenue, Chapter 10",collections,revenue,,Taxes and Public Finance,2300002336,36,2078,24,12,0,0,0,23.0,7.38,26.82926829268293,32.88864142538976
Montana,2022-04-12,"Revenue, Chapter 11",agency liquor stores and vendors,revenue,,Taxes and Public Finance,2300002337,73,7644,40,22,6,1,4,19.0,8.52,13.535911602209945,30.913299395482024
Montana,2022-04-12,"Revenue, Chapter 12",liquor licenses and permits,revenue,,Taxes and Public Finance,2300002338,254,23235,105,93,20,7,29,26.0,9.13,25.728155339805824,33.76247347381928
Montana,2022-04-12,"Revenue, Chapter 13",regulation of licensees,revenue,,Taxes and Public Finance,2300002339,202,16826,106,66,7,8,15,29.0,9.09,17.27941176470588,33.70695238751464
Montana,2022-04-12,"Revenue, Chapter 14",lodging facility use tax and rental vehicle use sales tax,revenue,,Taxes and Public Finance,2300002340,84,6577,18,28,0,0,38,24.0,8.44,16.600790513833992,29.385309278350515
Montana,2022-04-12,"Revenue, Chapter 15",income tax,revenue,,Taxes and Public Finance,2300002341,211,23569,41,132,5,0,33,24.0,8.93,25.164113785557984,31.264852607709752
Montana,2022-04-12,"Revenue, Chapter 17",withholding and estimated tax payments,revenue,,Taxes and Public Finance,2300002342,139,11742,27,68,3,0,41,21.0,8.68,19.50286806883365,31.382883817427388
Montana,2022-04-12,"Revenue, Chapter 18",montana appraisal plan,revenue,,Taxes and Public Finance,2300002343,74,4456,36,18,0,0,20,22.0,8.41,29.84293193717277,38.981537683358624
Montana,2022-04-12,"Revenue, Chapter 19",general property tax provisions,revenue,,Taxes and Public Finance,2300002344,90,11549,17,50,1,0,22,27.0,8.98,27.877237851662407,33.806879109762264
Montana,2022-04-12,"Revenue, Chapter 2",general department rules,revenue,,Taxes and Public Finance,2300002330,218,25497,103,56,6,1,52,24.0,9.53,24.6900826446281,33.60330540037244
Montana,2022-04-12,"Revenue, Chapter 20",real property,revenue,,Taxes and Public Finance,2300002345,184,28943,62,106,1,1,14,27.0,9.63,21.564694082246746,34.30242285533896
Montana,2022-04-12,"Revenue, Chapter 21",personal property,revenue,,Taxes and Public Finance,2300002346,34,5934,9,16,0,0,9,22.0,8.67,22.040816326530614,31.97479674796748
Montana,2022-04-12,"Revenue, Chapter 22",centrally assessed property,revenue,,Taxes and Public Finance,2300002347,130,10764,90,15,1,0,24,21.0,9.22,16.255144032921812,35.24300296345077
Montana,2022-04-12,"Revenue, Chapter 23",corporate income tax general,revenue,,Taxes and Public Finance,2300002348,114,9319,18,72,5,0,19,21.0,8.72,19.71496437054632,31.52884130982368
Montana,2022-04-12,"Revenue, Chapter 25",natural resources taxes,revenue,,Taxes and Public Finance,2300002349,90,14500,40,42,4,0,4,21.0,9.09,16.25,30.79482744419735
Montana,2022-04-12,"Revenue, Chapter 26",corporate multistate activities,revenue,,Taxes and Public Finance,2300002350,330,47614,269,40,5,1,15,29.0,9.17,34.697986577181204,33.892288081580624
Montana,2022-04-12,"Revenue, Chapter 27",motor fuel tax division gasoline tax,revenue,,Taxes and Public Finance,2300002351,0,97,0,0,0,0,0,5.0,5.28,0.0,21.729166666666668
Montana,2022-04-12,"Revenue, Chapter 29",universal system benefits programs,revenue,,Taxes and Public Finance,2300002352,37,3290,24,11,0,0,2,24.0,8.43,18.3206106870229,38.07553589656346
Montana,2022-04-12,"Revenue, Chapter 3",waiver of penalty and interest,revenue,,Taxes and Public Finance,2300002331,12,3305,9,2,1,0,0,24.0,7.76,32.45614035087719,29.5198347107438
Montana,2022-04-12,"Revenue, Chapter 30",taxation of estates and trusts,revenue,,Taxes and Public Finance,2300002353,60,6270,3,34,1,0,22,35.0,8.18,48.50299401197605,29.73605613530047
Montana,2022-04-12,"Revenue, Chapter 31",miscellaneous tax commercial activities,revenue,,Taxes and Public Finance,2300002354,126,11535,38,53,2,0,33,20.0,8.77,13.193116634799235,32.41018913304909
Montana,2022-04-12,"Revenue, Chapter 38",unclaimed property,revenue,,Taxes and Public Finance,2300002355,17,2028,5,8,1,0,3,22.0,8.03,16.867469879518072,33.33687943262412
Montana,2022-04-12,"Revenue, Chapter 39",cannabis control,revenue,,Taxes and Public Finance,2300002356,280,16820,83,135,27,2,33,29.0,9.25,21.3768115942029,36.85485821798145
Montana,2022-04-12,"Revenue, Chapter 4",tax credits,revenue,,Taxes and Public Finance,2300002332,277,33772,47,162,22,0,46,27.0,9.42,23.65684575389948,32.73911258595327
Montana,2022-04-12,"Revenue, Chapter 5",filing and remittance,revenue,,Taxes and Public Finance,2300002333,16,1486,10,3,0,0,3,22.0,7.73,14.754098360655735,33.30391340549542
Montana,2022-04-12,"Revenue, Chapter 8",board of review,revenue,,Taxes and Public Finance,2300002334,5,796,4,0,0,0,1,16.0,6.97,6.8181818181818175,37.604729729729726
Montana,2022-04-12,"Revenue, Chapter 9",pass through entities,revenue,,Taxes and Public Finance,2300002335,111,11638,5,62,2,0,42,32.0,8.34,32.22891566265061,32.04058893752487
Montana,2022-04-12,"Secretary Of State, Chapter 1",organizational rule,secretary of state,,Administration,2300002357,0,1638,0,0,0,0,0,31.0,8.12,0.0,39.20910840282232
Montana,2022-04-12,"Secretary Of State, Chapter 10",commissioner of political practices,secretary of state,,Administration,2300002362,20,1571,11,7,0,0,2,16.0,7.83,10.75268817204301,34.270207852194
Montana,2022-04-12,"Secretary Of State, Chapter 11",commissioner of political practices,secretary of state,,Administration,2300002363,285,24169,165,62,8,2,48,29.0,8.99,20.282413350449293,35.266553890768485
Montana,2022-04-12,"Secretary Of State, Chapter 12",commissioner of political practices lobbyist disclosure,secretary of state,,Administration,2300002364,90,8662,45,32,2,0,11,33.0,8.54,30.120481927710845,34.8448275862069
Montana,2022-04-12,"Secretary Of State, Chapter 14",records and information management,secretary of state,,Administration,2300002365,9,1629,4,5,0,0,0,22.0,7.96,7.575757575757576,35.906772908366534
Montana,2022-04-12,"Secretary Of State, Chapter 15",notaries public,secretary of state,,Administration,2300002366,31,2338,22,8,0,0,1,38.0,7.98,46.55172413793103,31.805423406279733
Montana,2022-04-12,"Secretary Of State, Chapter 17",administrative rules of montana,secretary of state,,Administration,2300002367,0,115,0,0,0,0,0,21.0,5.98,0.0,40.17021276595744
Montana,2022-04-12,"Secretary Of State, Chapter 2",overall office rules,secretary of state,,Administration,2300002358,14,1388,4,4,0,0,6,26.0,8.06,20.0,33.789958158995816
Montana,2022-04-12,"Secretary Of State, Chapter 3",elections,secretary of state,,Administration,2300002359,434,24151,317,69,11,3,34,26.0,9.01,25.40415704387991,33.77450176132799
Montana,2022-04-12,"Secretary Of State, Chapter 5",businesses,secretary of state,,Administration,2300002360,20,3967,1,14,0,0,5,22.0,8.0,18.125,35.760067681895094
Montana,2022-04-12,"Secretary Of State, Chapter 6",uniform commercial code,secretary of state,,Administration,2300002361,17,2903,2,10,3,0,2,23.0,8.46,19.65811965811966,30.872635561160152
Montana,2022-04-12,"State Auditor, Chapter 1",organizational rule,state auditor,,Taxes and Public Finance,2300002017,0,638,0,0,0,0,0,14.0,7.16,2.272727272727273,42.418088737201366
Montana,2022-04-12,"State Auditor, Chapter 10",securities department,state auditor,,Taxes and Public Finance,2300002020,243,19952,124,37,5,6,71,43.0,9.3,34.86238532110092,35.5960513769701
Montana,2022-04-12,"State Auditor, Chapter 12",securities department,state auditor,,Taxes and Public Finance,2300002021,9,874,4,2,0,0,3,20.0,6.98,17.5,30.42937062937063
Montana,2022-04-12,"State Auditor, Chapter 2",overall office rules,state auditor,,Taxes and Public Finance,2300002018,4,1190,2,2,0,0,0,22.0,7.33,20.40816326530612,30.029380902413436
Montana,2022-04-12,"State Auditor, Chapter 6",insurance department,state auditor,,Taxes and Public Finance,2300002019,2710,226978,1564,623,138,30,355,34.0,10.21,31.17973079968329,35.066259494166474
Montana,2022-04-12,"Transportation, Chapter 1",organizational rule,transportation,,Transportation,2300002108,1,1782,0,1,0,0,0,15.0,8.35,1.7391304347826086,47.22732919254658
Montana,2022-04-12,"Transportation, Chapter 12",aeronautics division,transportation,,Transportation,2300002116,36,2893,3,28,0,0,5,25.0,8.25,9.523809523809524,35.72004991680532
Montana,2022-04-12,"Transportation, Chapter 13",board of aeronautics,transportation,,Transportation,2300002117,24,2345,2,20,0,0,2,22.0,8.02,9.70873786407767,35.212207916070575
Montana,2022-04-12,"Transportation, Chapter 14",planning,transportation,,Transportation,2300002118,29,1849,9,16,1,0,3,22.0,7.99,6.493506493506493,38.40139949109415
Montana,2022-04-12,"Transportation, Chapter 15",motor fuels tax,transportation,,Transportation,2300002119,148,14142,52,74,8,1,13,19.0,8.9,15.703703703703702,29.971764293230446
Montana,2022-04-12,"Transportation, Chapter 16",bridge and road safety and accountability program,transportation,,Transportation,2300002120,38,1982,7,24,2,0,5,25.0,7.43,10.81081081081081,37.05194063926941
Montana,2022-04-12,"Transportation, Chapter 2",overall department rules,transportation,,Transportation,2300002109,162,11851,69,55,7,1,30,30.0,9.19,38.23529411764706,35.94900613041055
Montana,2022-04-12,"Transportation, Chapter 3",contractor debarment,transportation,,Transportation,2300002110,65,5555,39,13,2,2,9,30.0,8.88,26.111111111111114,36.00248470948012
Montana,2022-04-12,"Transportation, Chapter 4",engineering division,transportation,,Transportation,2300002111,6,461,0,5,0,0,1,16.0,6.14,9.090909090909092,34.9
Montana,2022-04-12,"Transportation, Chapter 5",preconstruction bureau,transportation,,Transportation,2300002112,19,801,15,3,0,0,1,16.0,7.19,4.545454545454546,33.666666666666664
Montana,2022-04-12,"Transportation, Chapter 6",right of way bureau,transportation,,Transportation,2300002113,389,23108,162,167,18,12,30,25.0,9.37,22.73781902552204,33.233821882456056
Montana,2022-04-12,"Transportation, Chapter 7",maintenance,transportation,,Transportation,2300002114,210,11436,137,48,2,1,22,25.0,9.21,24.76851851851852,36.79154849688032
Montana,2022-04-12,"Transportation, Chapter 8",motor carrier services division,transportation,,Transportation,2300002115,232,17119,90,83,11,8,40,20.0,9.09,12.777053455019557,32.6629711751663
Montana,2023-05-17,"Administration, Chapter 1",organizational rule,administration,,Administration,2300002371,0,2975,0,0,0,0,0,17.0,8.79,1.2195121951219512,44.33834048640916
Montana,2023-05-17,"Administration, Chapter 11",general services division,administration,,Administration,2300002377,2,771,1,0,1,0,0,17.0,7.55,16.666666666666664,33.17817014446228
Montana,2023-05-17,"Administration, Chapter 12",state information technology services division,administration,,Administration,2300002378,9,842,7,1,0,0,1,33.0,7.29,24.0,40.77920410783055
Montana,2023-05-17,"Administration, Chapter 13",telecommunications bureau,administration,,Administration,2300002379,10,875,3,6,0,0,1,20.0,7.22,5.0,45.206896551724135
Montana,2023-05-17,"Administration, Chapter 2",procedural rules,administration,,Administration,2300002372,2,425,2,0,0,0,0,26.0,6.81,14.285714285714285,32.77142857142857
Montana,2023-05-17,"Administration, Chapter 21",state human resources division,administration,,Administration,2300002380,374,28514,221,89,27,3,34,23.0,9.51,21.773485513608428,37.54671574178936
Montana,2023-05-17,"Administration, Chapter 3",emergency and disaster relief,administration,,Administration,2300002373,0,40,0,0,0,0,0,6.0,4.84,0.0,28.714285714285715
Montana,2023-05-17,"Administration, Chapter 4",state financial services division,administration,,Administration,2300002374,73,4283,30,18,1,0,24,26.0,8.4,19.35483870967742,36.48498331479421
Montana,2023-05-17,"Administration, Chapter 41",board of housing,administration,,Administration,2300002381,0,453,0,0,0,0,0,6.0,5.37,0.0,18.52380952380953
Montana,2023-05-17,"Administration, Chapter 43",public employees retirement board,administration,,Administration,2300002382,362,37055,63,210,35,1,53,22.0,9.15,18.65524060646012,32.38770685579196
Montana,2023-05-17,"Administration, Chapter 44",teachers retirement board,administration,,Administration,2300002383,92,9214,35,36,7,0,14,23.0,8.88,18.37837837837838,33.42214488270173
Montana,2023-05-17,"Administration, Chapter 5",state procurement,administration,,Administration,2300002375,149,12407,58,60,5,0,26,20.0,9.04,20.804195804195803,35.03806985818978
Montana,2023-05-17,"Administration, Chapter 51",state tax appeal board,administration,,Administration,2300002384,8,588,8,0,0,0,0,18.0,6.57,27.58620689655172,28.99581589958159
Montana,2023-05-17,"Administration, Chapter 53",board of examiners,administration,,Administration,2300002385,0,312,0,0,0,0,0,15.0,6.47,0.0,33.35514018691589
Montana,2023-05-17,"Administration, Chapter 55",state compensation insurance fund,administration,,Administration,2300002386,77,7678,56,17,2,0,2,22.0,8.85,14.329268292682926,33.62220484753714
Montana,2023-05-17,"Administration, Chapter 59",banking and financial institutions,administration,,Administration,2300002387,664,55136,304,226,36,11,87,30.0,9.8,26.771196283391408,34.303419955617315
Montana,2023-05-17,"Administration, Chapter 6",risk management and tort defense division,administration,,Administration,2300002376,17,1730,4,3,3,0,7,30.0,7.67,28.30188679245283,32.82047781569966
Montana,2023-05-17,"Administration, Chapter 60",state banking board,administration,,Administration,2300002388,46,4341,21,19,0,0,6,23.0,8.54,12.0,34.024051309460184
Montana,2023-05-17,"Administration, Chapter 63",montana state lottery commission,administration,,Administration,2300002389,79,7061,44,16,8,7,4,21.0,8.41,9.646302250803858,30.989552498694064
Montana,2023-05-17,"Administration, Chapter 65",burial preservation board,administration,,Administration,2300002390,53,3926,41,11,1,0,0,29.0,8.38,28.346456692913385,35.95077644301201
Montana,2023-05-17,"Administration, Chapter 67",board of county printing,administration,,Administration,2300002391,9,648,5,3,1,0,0,12.0,7.23,6.122448979591836,29.795454545454547
Montana,2023-05-17,"Administration, Chapter 69",office of the state public defender,administration,,Administration,2300002392,17,999,8,2,0,0,7,17.0,7.54,9.615384615384617,38.8706338939198
Montana,2023-05-17,"Agriculture, Chapter 1",organizational rule,agriculture,,"Industry, Commerce, and Development",2300002393,0,846,0,0,0,0,0,16.0,7.39,2.0,41.960916442048514
Montana,2023-05-17,"Agriculture, Chapter 10",agricultural sciences division,agriculture,,"Industry, Commerce, and Development",2300002402,534,29292,236,183,7,6,102,23.0,9.72,11.202635914332784,39.31650087326297
Montana,2023-05-17,"Agriculture, Chapter 11",environmental management,agriculture,,"Industry, Commerce, and Development",2300002403,79,8822,52,6,4,0,17,19.0,8.63,8.904109589041095,37.45166843220339
Montana,2023-05-17,"Agriculture, Chapter 12",agricultural sciences division,agriculture,,"Industry, Commerce, and Development",2300002404,869,48777,667,95,2,19,86,22.0,10.32,16.422148603880736,33.72742447003839
Montana,2023-05-17,"Agriculture, Chapter 13",state grain laboratory division,agriculture,,"Industry, Commerce, and Development",2300002405,6,3104,2,3,0,0,1,29.0,8.56,19.607843137254903,34.6613144137416
Montana,2023-05-17,"Agriculture, Chapter 14",montana agricultural loan authority,agriculture,,"Industry, Commerce, and Development",2300002406,36,3474,11,19,3,0,3,22.0,8.21,7.38255033557047,35.507879185817465
Montana,2023-05-17,"Agriculture, Chapter 16",montana agriculture development council,agriculture,,"Industry, Commerce, and Development",2300002407,20,2174,7,9,1,0,3,18.0,7.94,11.428571428571429,32.84504504504505
Montana,2023-05-17,"Agriculture, Chapter 17",organic program,agriculture,,"Industry, Commerce, and Development",2300002408,80,5373,24,44,1,6,5,24.0,8.72,18.6046511627907,37.91392670157068
Montana,2023-05-17,"Agriculture, Chapter 19",industrial hemp program,agriculture,,"Industry, Commerce, and Development",2300002409,25,2503,4,14,2,0,5,21.0,7.99,11.926605504587156,31.7898406374502
Montana,2023-05-17,"Agriculture, Chapter 2",procedural rules,agriculture,,"Industry, Commerce, and Development",2300002394,149,9389,74,43,4,1,27,26.0,8.73,33.13609467455622,35.1146805243888
Montana,2023-05-17,"Agriculture, Chapter 20",mediation services,agriculture,,"Industry, Commerce, and Development",2300002410,2,526,0,2,0,0,0,16.0,6.11,22.22222222222222,30.27953890489913
Montana,2023-05-17,"Agriculture, Chapter 21",montana pulse crop committee,agriculture,,"Industry, Commerce, and Development",2300002411,34,1727,30,2,0,1,1,19.0,7.58,7.59493670886076,32.729247478665634
Montana,2023-05-17,"Agriculture, Chapter 22",analytical laboratory,agriculture,,"Industry, Commerce, and Development",2300002412,2,655,0,1,1,0,0,41.0,6.86,0.0,26.90566037735849
Montana,2023-05-17,"Agriculture, Chapter 23",student loan assistance program,agriculture,,"Industry, Commerce, and Development",2300002413,6,519,0,5,0,0,1,21.0,7.03,4.761904761904762,41.17293233082707
Montana,2023-05-17,"Agriculture, Chapter 3",agricultural development division,agriculture,,"Industry, Commerce, and Development",2300002395,59,2410,35,18,0,0,6,17.0,7.87,6.0606060606060606,35.73878758008871
Montana,2023-05-17,"Agriculture, Chapter 4",hail insurance program,agriculture,,"Industry, Commerce, and Development",2300002396,25,2101,15,7,1,0,2,22.0,7.76,27.906976744186046,26.22898903775883
Montana,2023-05-17,"Agriculture, Chapter 5",noxious weed management,agriculture,,"Industry, Commerce, and Development",2300002397,119,10494,36,57,4,2,20,21.0,9.19,14.468085106382976,35.809181897302004
Montana,2023-05-17,"Agriculture, Chapter 6",commodity research and market development program,agriculture,,"Industry, Commerce, and Development",2300002398,25,1522,17,8,0,0,0,20.0,7.79,7.246376811594203,35.73950910530483
Montana,2023-05-17,"Agriculture, Chapter 7",marketing program,agriculture,,"Industry, Commerce, and Development",2300002399,11,393,9,1,0,0,1,22.0,6.42,12.5,32.03529411764706
Montana,2023-05-17,"Agriculture, Chapter 8",alfalfa seed committee,agriculture,,"Industry, Commerce, and Development",2300002400,24,1139,22,2,0,0,0,13.0,7.51,6.41025641025641,30.174282678002125
Montana,2023-05-17,"Agriculture, Chapter 9",wheat research and marketing committee,agriculture,,"Industry, Commerce, and Development",2300002401,32,1987,28,2,0,1,1,15.0,7.88,5.833333333333333,31.80064308681672
Montana,2023-05-17,"Commerce, Chapter 1",organizational rule,commerce,,"Industry, Commerce, and Development",2300002419,0,606,0,0,0,0,0,11.0,7.21,2.1739130434782608,42.20886075949367
Montana,2023-05-17,"Commerce, Chapter 101",coal board,commerce,,"Industry, Commerce, and Development",2300002427,13,1950,5,7,0,0,1,14.0,8.03,2.4390243902439024,33.34640522875817
Montana,2023-05-17,"Commerce, Chapter 104",hard rock mining impact board,commerce,,"Industry, Commerce, and Development",2300002428,79,5152,13,47,3,0,16,23.0,8.32,13.658536585365855,30.65775996437319
Montana,2023-05-17,"Commerce, Chapter 111",board of housing,commerce,,"Industry, Commerce, and Development",2300002429,136,14455,54,56,7,0,19,23.0,9.06,12.649572649572647,32.72040998942487
Montana,2023-05-17,"Commerce, Chapter 112",montana heritage preservation and development commission,commerce,,"Industry, Commerce, and Development",2300002430,23,2303,15,5,0,0,3,20.0,7.74,10.185185185185183,34.580430327868854
Montana,2023-05-17,"Commerce, Chapter 119",montana promotion division,commerce,,"Industry, Commerce, and Development",2300002431,21,3844,12,8,0,0,1,34.0,8.55,18.69158878504673,40.1126476519735
Montana,2023-05-17,"Commerce, Chapter 120",montana health facility authority,commerce,,"Industry, Commerce, and Development",2300002432,3,835,1,1,0,0,1,14.0,7.42,10.909090909090908,35.65315315315316
Montana,2023-05-17,"Commerce, Chapter 2",department rules,commerce,,"Industry, Commerce, and Development",2300002420,164,10717,83,45,5,1,30,29.0,8.9,34.770114942528735,35.6332510795805
Montana,2023-05-17,"Commerce, Chapter 22",board of horse racing,commerce,,"Industry, Commerce, and Development",2300002421,1470,68365,1182,200,11,9,68,21.0,9.57,18.600129617628,28.82903157171149
Montana,2023-05-17,"Commerce, Chapter 79",milk control bureau,commerce,,"Industry, Commerce, and Development",2300002422,0,454,0,0,0,0,0,6.0,5.92,0.0,17.308056872037916
Montana,2023-05-17,"Commerce, Chapter 86",board of milk control,commerce,,"Industry, Commerce, and Development",2300002423,0,1134,0,0,0,0,0,6.0,5.99,0.0,16.80839416058394
Montana,2023-05-17,"Commerce, Chapter 94",community development division,commerce,,"Industry, Commerce, and Development",2300002424,2,2898,0,2,0,0,0,18.0,7.64,0.0,39.29238221047997
Montana,2023-05-17,"Commerce, Chapter 97",board of investments,commerce,,"Industry, Commerce, and Development",2300002425,69,7252,37,21,2,0,9,27.0,8.91,23.715415019762844,34.74585987261146
Montana,2023-05-17,"Commerce, Chapter 99",montana office of tourism and business development division,commerce,,"Industry, Commerce, and Development",2300002426,95,8180,64,16,6,0,9,27.0,8.6,11.724137931034482,36.83551020408163
Montana,2023-05-17,"Corrections, Chapter 1",organizational rule,corrections,,"Security, Justice, and Corrections",2300002518,0,734,0,0,0,0,0,12.0,7.63,1.818181818181818,41.99089529590288
Montana,2023-05-17,"Corrections, Chapter 12",restitution,corrections,,"Security, Justice, and Corrections",2300002523,22,1201,22,0,0,0,0,26.0,7.36,13.953488372093023,35.85878962536023
Montana,2023-05-17,"Corrections, Chapter 13",offender financial transactions,corrections,,"Security, Justice, and Corrections",2300002524,12,1664,7,2,1,0,2,33.0,8.23,20.833333333333336,35.693943298969074
Montana,2023-05-17,"Corrections, Chapter 15",clinical services,corrections,,"Security, Justice, and Corrections",2300002525,3,650,0,2,1,0,0,26.0,6.87,9.090909090909092,33.79690522243714
Montana,2023-05-17,"Corrections, Chapter 2",overall department rules,corrections,,"Security, Justice, and Corrections",2300002519,1,230,1,0,0,0,0,16.0,6.26,0.0,33.874213836477985
Montana,2023-05-17,"Corrections, Chapter 25",board of pardons and parole,corrections,,"Security, Justice, and Corrections",2300002526,105,10828,28,53,11,3,10,23.0,8.76,26.96629213483146,33.154222505849816
Montana,2023-05-17,"Corrections, Chapter 26",education of exonerated persons,corrections,,"Security, Justice, and Corrections",2300002527,6,996,0,6,0,0,0,28.0,7.22,8.823529411764707,37.93693693693694
Montana,2023-05-17,"Corrections, Chapter 27",private correctional facilities,corrections,,"Security, Justice, and Corrections",2300002528,148,6393,25,116,4,0,3,23.0,8.47,9.448818897637794,36.11289733284618
Montana,2023-05-17,"Corrections, Chapter 28",regional correctional facilities,corrections,,"Security, Justice, and Corrections",2300002529,66,6199,8,53,2,0,3,31.0,8.88,17.94871794871795,36.84585942936673
Montana,2023-05-17,"Corrections, Chapter 4",management of offenders,corrections,,"Security, Justice, and Corrections",2300002520,3,610,3,0,0,0,0,54.0,7.65,27.27272727272727,34.00192307692308
Montana,2023-05-17,"Corrections, Chapter 7",community corrections division,corrections,,"Security, Justice, and Corrections",2300002521,157,9027,76,58,9,5,9,25.0,9.03,11.869436201780417,36.55001878051834
Montana,2023-05-17,"Corrections, Chapter 9",youth services,corrections,,"Security, Justice, and Corrections",2300002522,406,18954,97,265,23,7,14,26.0,9.41,20.23121387283237,35.212565751022794
Montana,2023-05-17,"Education, Chapter 1",organizational rule,education,,Primary and Secondary Education,2300002433,0,573,0,0,0,0,0,15.0,7.54,2.702702702702702,45.04061895551257
Montana,2023-05-17,"Education, Chapter 10",special accounting practices,education,,Primary and Secondary Education,2300002437,214,14426,113,71,16,0,14,24.0,8.73,18.148820326678766,34.87133404133649
Montana,2023-05-17,"Education, Chapter 101",organizational and procedural rules,education,,Primary and Secondary Education,2300002465,15,867,15,0,0,0,0,17.0,7.54,4.25531914893617,34.14383561643836
Montana,2023-05-17,"Education, Chapter 102",substantive rules,education,,Primary and Secondary Education,2300002466,82,6039,78,1,1,0,2,22.0,8.61,6.692913385826772,34.82826948480845
Montana,2023-05-17,"Education, Chapter 11",oil and gas production taxes,education,,Primary and Secondary Education,2300002438,5,1513,1,4,0,0,0,30.0,7.49,2.0408163265306123,33.56891495601173
Montana,2023-05-17,"Education, Chapter 111",montana arts council,education,,Primary and Secondary Education,2300002467,41,2675,14,21,2,0,4,21.0,8.74,8.94308943089431,35.43547726341663
Montana,2023-05-17,"Education, Chapter 120",organizational rule,education,,Primary and Secondary Education,2300002468,0,964,0,0,0,0,0,28.0,7.9,0.0,44.26158940397351
Montana,2023-05-17,"Education, Chapter 121",procedural rules,education,,Primary and Secondary Education,2300002469,132,7168,104,16,3,0,9,21.0,9.17,18.04281345565749,35.80542289323679
Montana,2023-05-17,"Education, Chapter 13",traffic education,education,,Primary and Secondary Education,2300002439,81,6372,40,25,0,0,16,36.0,8.86,10.11904761904762,38.18262959148644
Montana,2023-05-17,"Education, Chapter 15",definitions,education,,Primary and Secondary Education,2300002440,3,2861,0,1,1,0,1,25.0,8.04,12.037037037037036,33.01878669275929
Montana,2023-05-17,"Education, Chapter 16",special education,education,,Primary and Secondary Education,2300002441,338,25163,192,93,12,2,39,26.0,9.33,18.867924528301888,38.58838977194195
Montana,2023-05-17,"Education, Chapter 2",procedural rules,education,,Primary and Secondary Education,2300002434,0,65,0,0,0,0,0,8.0,5.4,0.0,34.0
Montana,2023-05-17,"Education, Chapter 20",average number belonging,education,,Primary and Secondary Education,2300002442,34,5704,12,8,4,0,10,33.0,8.13,25.0,32.63654340518094
Montana,2023-05-17,"Education, Chapter 21",gtba and funding components,education,,Primary and Secondary Education,2300002443,21,5023,5,14,1,0,1,24.0,7.75,13.513513513513514,33.00348605577689
Montana,2023-05-17,"Education, Chapter 22",spending and reserve limits,education,,Primary and Secondary Education,2300002444,27,3253,11,13,3,0,0,28.0,7.83,12.844036697247708,32.031813361611874
Montana,2023-05-17,"Education, Chapter 23",permissive and voted amounts and levies,education,,Primary and Secondary Education,2300002445,10,1801,3,6,1,0,0,24.0,7.59,7.352941176470589,30.515295717199184
Montana,2023-05-17,"Education, Chapter 30",school structure and classification,education,,Primary and Secondary Education,2300002446,29,3272,16,11,0,0,2,33.0,8.04,25.555555555555557,33.18480565371025
Montana,2023-05-17,"Education, Chapter 41",career and vocational technical education,education,,Primary and Secondary Education,2300002447,61,3827,39,13,0,0,9,16.0,7.8,3.3653846153846154,39.70447180816591
Montana,2023-05-17,"Education, Chapter 51",organizational rules,education,,Primary and Secondary Education,2300002448,2,805,0,1,1,0,0,16.0,7.34,0.0,37.91690544412607
Montana,2023-05-17,"Education, Chapter 52",procedural rules,education,,Primary and Secondary Education,2300002449,0,247,0,0,0,0,0,11.0,6.35,5.555555555555555,31.679738562091504
Montana,2023-05-17,"Education, Chapter 53",content standards,education,,Primary and Secondary Education,2300002450,27,84332,7,9,2,0,9,49.0,10.04,20.34918723660445,36.93284963722792
Montana,2023-05-17,"Education, Chapter 54",content standards and performance descriptors,education,,Primary and Secondary Education,2300002451,15,6581,6,9,0,0,0,19.0,7.58,2.287581699346405,38.9285308056872
Montana,2023-05-17,"Education, Chapter 55",standards of accreditation,education,,Primary and Secondary Education,2300002452,295,18950,231,28,2,8,26,23.0,9.27,9.244791666666668,39.54265039553566
Montana,2023-05-17,"Education, Chapter 56",assessment,education,,Primary and Secondary Education,2300002453,19,1159,16,2,1,0,0,12.0,7.57,5.681818181818182,40.13903192584964
Montana,2023-05-17,"Education, Chapter 57",educator licensure,education,,Primary and Secondary Education,2300002454,158,17348,79,60,3,1,15,16.0,8.76,5.510204081632653,35.68079800498753
Montana,2023-05-17,"Education, Chapter 58",professional educator preparation program standards,education,,Primary and Secondary Education,2300002455,34,25298,25,4,0,0,5,64.0,9.6,4.244031830238726,47.95716044665223
Montana,2023-05-17,"Education, Chapter 59",school for the deaf and blind foundation,education,,Primary and Secondary Education,2300002456,5,378,4,1,0,0,0,17.0,6.59,0.0,31.753246753246756
Montana,2023-05-17,"Education, Chapter 6",rules of procedure for all school controversy contested cases before the county superintendents of the state of montana,education,,Primary and Secondary Education,2300002435,75,4224,65,5,1,0,4,20.0,7.91,9.375,33.54908579465541
Montana,2023-05-17,"Education, Chapter 60",special education,education,,Primary and Secondary Education,2300002457,9,434,9,0,0,0,0,12.0,6.68,0.0,36.16176470588236
Montana,2023-05-17,"Education, Chapter 61",montana school for the deaf and blind,education,,Primary and Secondary Education,2300002458,33,1747,25,7,0,0,1,16.0,8.0,12.871287128712872,34.806515957446805
Montana,2023-05-17,"Education, Chapter 63",early childhood education,education,,Primary and Secondary Education,2300002459,25,3465,19,5,0,0,1,39.0,8.75,5.88235294117647,42.94853875476493
Montana,2023-05-17,"Education, Chapter 64",transportation,education,,Primary and Secondary Education,2300002460,5,1047,1,2,1,0,1,16.0,7.97,11.475409836065571,33.3952967525196
Montana,2023-05-17,"Education, Chapter 65",hours and days of instruction,education,,Primary and Secondary Education,2300002461,17,1304,11,3,1,0,2,25.0,7.62,12.244897959183673,37.91982378854625
Montana,2023-05-17,"Education, Chapter 66",adult secondary education credentials,education,,Primary and Secondary Education,2300002462,20,2522,6,9,0,0,5,19.0,7.99,12.71186440677966,36.41328236980411
Montana,2023-05-17,"Education, Chapter 67",policy establishing state aid distribution schedule for public school districts,education,,Primary and Secondary Education,2300002463,40,1754,33,4,1,0,2,27.0,7.43,24.59016393442623,31.379647749510763
Montana,2023-05-17,"Education, Chapter 68",policy establishing educational media library,education,,Primary and Secondary Education,2300002464,4,405,4,0,0,0,0,36.0,6.98,18.181818181818183,40.40682414698163
Montana,2023-05-17,"Education, Chapter 7",pupil transportation,education,,Primary and Secondary Education,2300002436,111,8054,14,77,6,1,13,23.0,8.33,18.29268292682927,37.51067512983266
Montana,2023-05-17,"Environmental Quality, Chapter 1",organization of department,environmental quality,,"Environmental Protection, Public Utilities, and Natural Resources",2300002484,0,1754,0,0,0,0,0,15.0,8.47,2.6785714285714284,45.97967722653915
Montana,2023-05-17,"Environmental Quality, Chapter 20",major facility siting,environmental quality,,"Environmental Protection, Public Utilities, and Natural Resources",2300002487,361,21005,127,177,3,0,54,32.0,9.26,18.47649918962723,38.62957235789698
Montana,2023-05-17,"Environmental Quality, Chapter 24",reclamation,environmental quality,,"Environmental Protection, Public Utilities, and Natural Resources",2300002488,2395,141655,640,1352,75,43,285,32.0,10.0,26.625679829746986,35.03778606067893
Montana,2023-05-17,"Environmental Quality, Chapter 30",water quality,environmental quality,,"Environmental Protection, Public Utilities, and Natural Resources",2300002489,1230,110573,401,545,95,4,185,35.0,10.07,32.173624917163686,36.16667513696472
Montana,2023-05-17,"Environmental Quality, Chapter 35",vessel pumpout facilities,environmental quality,,"Environmental Protection, Public Utilities, and Natural Resources",2300002490,1,1124,0,0,0,0,1,20.0,7.73,23.07692307692308,33.556989247311826
Montana,2023-05-17,"Environmental Quality, Chapter 36",subdivisions on site subsurface wastewater treatment,environmental quality,,"Environmental Protection, Public Utilities, and Natural Resources",2300002491,268,21189,62,160,19,2,25,25.0,9.09,24.193548387096776,34.09804030731544
Montana,2023-05-17,"Environmental Quality, Chapter 38",public water and sewage system requirements,environmental quality,,"Environmental Protection, Public Utilities, and Natural Resources",2300002492,253,20806,71,121,13,1,47,30.0,9.22,20.27439024390244,35.80730118829982
Montana,2023-05-17,"Environmental Quality, Chapter 4",procedural rules,environmental quality,,"Environmental Protection, Public Utilities, and Natural Resources",2300002485,227,16535,97,79,8,1,42,35.0,9.17,37.21973094170404,35.38231639977913
Montana,2023-05-17,"Environmental Quality, Chapter 40",water treatment systems and operators,environmental quality,,"Environmental Protection, Public Utilities, and Natural Resources",2300002493,118,10903,54,39,6,0,19,32.0,9.09,22.910216718266252,36.89960670668599
Montana,2023-05-17,"Environmental Quality, Chapter 50",solid waste management,environmental quality,,"Environmental Protection, Public Utilities, and Natural Resources",2300002494,1052,72471,384,369,93,3,203,34.0,10.01,26.067302862882972,36.0138009803455
Montana,2023-05-17,"Environmental Quality, Chapter 53",hazardous waste,environmental quality,,"Environmental Protection, Public Utilities, and Natural Resources",2300002495,180,16902,47,93,6,1,33,27.0,8.94,15.789473684210526,34.766196562362275
Montana,2023-05-17,"Environmental Quality, Chapter 55",cecra remediation,environmental quality,,"Environmental Protection, Public Utilities, and Natural Resources",2300002496,97,6476,43,17,3,0,34,46.0,8.55,41.7910447761194,36.47216035634744
Montana,2023-05-17,"Environmental Quality, Chapter 56",underground storage tanks petroleum and chemical substances,environmental quality,,"Environmental Protection, Public Utilities, and Natural Resources",2300002497,733,60398,232,364,25,4,108,34.0,9.94,24.413710162357187,35.37663745258162
Montana,2023-05-17,"Environmental Quality, Chapter 57",aboveground storage tanks,environmental quality,,"Environmental Protection, Public Utilities, and Natural Resources",2300002498,41,3043,7,29,0,1,4,33.0,8.72,10.344827586206897,39.14559528197567
Montana,2023-05-17,"Environmental Quality, Chapter 58",montana petroleum tank release compensation board,environmental quality,,"Environmental Protection, Public Utilities, and Natural Resources",2300002499,155,10199,93,41,5,0,16,27.0,9.08,21.910112359550563,32.69591305332277
Montana,2023-05-17,"Environmental Quality, Chapter 74",noise asbestos control methamphetamine cleanup,environmental quality,,"Environmental Protection, Public Utilities, and Natural Resources",2300002500,224,15363,97,82,17,0,28,32.0,9.01,20.3579418344519,39.55716172585853
Montana,2023-05-17,"Environmental Quality, Chapter 8",air quality,environmental quality,,"Environmental Protection, Public Utilities, and Natural Resources",2300002486,1388,100589,723,299,55,22,289,34.0,9.84,29.0014164305949,36.08295708487253
Montana,2023-05-17,"Environmental Quality, Chapter 80",air and water quality tax certification,environmental quality,,"Environmental Protection, Public Utilities, and Natural Resources",2300002501,84,5375,53,18,0,0,13,36.0,8.51,32.16783216783217,38.904916042888935
Montana,2023-05-17,"Environmental Quality, Chapter 84",renewable energy grant and loan program,environmental quality,,"Environmental Protection, Public Utilities, and Natural Resources",2300002502,38,3469,28,5,0,0,5,18.0,7.84,6.779661016949152,36.37298459333572
Montana,2023-05-17,"Environmental Quality, Chapter 85",alternative energy revolving loan program,environmental quality,,"Environmental Protection, Public Utilities, and Natural Resources",2300002503,42,2757,24,10,5,0,3,24.0,8.26,29.245283018867923,35.375739644970416
Montana,2023-05-17,"Environmental Quality, Chapter 86",energy,environmental quality,,"Environmental Protection, Public Utilities, and Natural Resources",2300002504,68,4367,42,13,1,0,12,31.0,8.27,28.35820895522388,34.725141679546624
Montana,2023-05-17,"Fish Wildlife And Parks, Chapter 1",organizational rule,fish wildlife and parks,,"Environmental Protection, Public Utilities, and Natural Resources",2300002470,1,1532,0,1,0,0,0,15.0,8.14,1.020408163265306,43.78071428571429
Montana,2023-05-17,"Fish Wildlife And Parks, Chapter 10",conservation education division,fish wildlife and parks,,"Environmental Protection, Public Utilities, and Natural Resources",2300002479,17,1156,1,14,1,0,1,19.0,7.54,11.320754716981131,35.07276736493936
Montana,2023-05-17,"Fish Wildlife And Parks, Chapter 11",recreational water use,fish wildlife and parks,,"Environmental Protection, Public Utilities, and Natural Resources",2300002480,166,26572,81,46,12,15,12,21.0,8.82,10.512129380053908,30.661018628616727
Montana,2023-05-17,"Fish Wildlife And Parks, Chapter 14",commercial use,fish wildlife and parks,,"Environmental Protection, Public Utilities, and Natural Resources",2300002481,56,5966,31,11,3,2,9,26.0,8.4,27.06422018348624,35.282368371744425
Montana,2023-05-17,"Fish Wildlife And Parks, Chapter 2",overall department rules,fish wildlife and parks,,"Environmental Protection, Public Utilities, and Natural Resources",2300002471,184,12795,89,58,5,1,31,28.0,9.17,29.357798165137616,35.17740961256364
Montana,2023-05-17,"Fish Wildlife And Parks, Chapter 3",licensing,fish wildlife and parks,,"Environmental Protection, Public Utilities, and Natural Resources",2300002472,94,7939,31,50,5,2,6,20.0,8.5,17.039106145251395,31.422910216718265
Montana,2023-05-17,"Fish Wildlife And Parks, Chapter 4",stream access rules,fish wildlife and parks,,"Environmental Protection, Public Utilities, and Natural Resources",2300002473,40,4955,20,14,5,0,1,28.0,8.71,20.833333333333336,35.2938646139914
Montana,2023-05-17,"Fish Wildlife And Parks, Chapter 5",resource protection,fish wildlife and parks,,"Environmental Protection, Public Utilities, and Natural Resources",2300002474,19,2559,5,11,1,2,0,26.0,8.46,28.57142857142857,36.74018264840183
Montana,2023-05-17,"Fish Wildlife And Parks, Chapter 6",enforcement division,fish wildlife and parks,,"Environmental Protection, Public Utilities, and Natural Resources",2300002475,498,27654,177,223,42,26,30,24.0,9.8,19.6813495782568,32.62278889072574
Montana,2023-05-17,"Fish Wildlife And Parks, Chapter 7",fisheries division,fish wildlife and parks,,"Environmental Protection, Public Utilities, and Natural Resources",2300002476,148,11897,60,62,8,3,15,21.0,9.34,15.065913370998116,35.831957547169814
Montana,2023-05-17,"Fish Wildlife And Parks, Chapter 8",parks division,fish wildlife and parks,,"Environmental Protection, Public Utilities, and Natural Resources",2300002477,158,13317,90,19,4,33,12,22.0,9.37,24.9554367201426,34.12149451315102
Montana,2023-05-17,"Fish Wildlife And Parks, Chapter 9",wildlife division,fish wildlife and parks,,"Environmental Protection, Public Utilities, and Natural Resources",2300002478,165,20316,57,82,13,0,13,31.0,9.79,26.43312101910828,36.374489683327816
Montana,2023-05-17,"General Provisions, Chapter 1",foreword,general provisions,,Administration,2300002368,2,455,1,0,0,0,1,18.0,6.99,0.0,38.70617283950617
Montana,2023-05-17,"General Provisions, Chapter 2",general provisions,general provisions,,Administration,2300002369,43,7030,2,36,2,0,3,16.0,8.25,6.185567010309279,29.95998475609756
Montana,2023-05-17,"General Provisions, Chapter 3",model rules,general provisions,,Administration,2300002370,151,11592,58,76,4,1,12,19.0,8.75,16.366906474820144,31.936831275720163
Montana,2023-05-17,"Governor, Chapter 6",sage grouse stewardship,governor,,"Environmental Protection, Public Utilities, and Natural Resources",2300002482,21,2601,17,4,0,0,0,33.0,7.96,23.28767123287671,37.18616567036721
Montana,2023-05-17,"Governor, Chapter 8",energy shortages,governor,,"Environmental Protection, Public Utilities, and Natural Resources",2300002483,25,1359,15,2,1,0,7,24.0,7.56,18.0,37.16411181244364
Montana,2023-05-17,"Justice, Chapter 1",organizational rule,justice,,"Security, Justice, and Corrections",2300002530,2,3889,0,0,0,0,2,21.0,9.13,4.545454545454546,46.1890440386681
Montana,2023-05-17,"Justice, Chapter 12",division of criminal investigation,justice,,"Security, Justice, and Corrections",2300002536,280,17720,177,59,1,8,35,20.0,9.77,13.46389228886169,36.097649784839454
Montana,2023-05-17,"Justice, Chapter 13",public safety officer standards and training,justice,,"Security, Justice, and Corrections",2300002537,140,14173,12,107,4,1,16,28.0,9.1,19.78494623655914,35.16241935483871
Montana,2023-05-17,"Justice, Chapter 15",office of victims services,justice,,"Security, Justice, and Corrections",2300002538,30,4857,0,25,3,0,2,19.0,8.61,19.246861924686197,33.00073728188744
Montana,2023-05-17,"Justice, Chapter 16",gambling control division,justice,,"Security, Justice, and Corrections",2300002539,919,59612,230,479,73,15,122,24.0,9.54,17.08564124414146,30.881035703051275
Montana,2023-05-17,"Justice, Chapter 18",miscellaneous duties of the department,justice,,"Security, Justice, and Corrections",2300002540,92,6110,40,27,4,1,20,25.0,8.48,20.982142857142858,35.20123664980326
Montana,2023-05-17,"Justice, Chapter 19",consumer protection office,justice,,"Security, Justice, and Corrections",2300002541,186,11190,151,22,2,3,8,28.0,9.13,27.055702917771885,34.380725577624645
Montana,2023-05-17,"Justice, Chapter 2",procedural rules,justice,,"Security, Justice, and Corrections",2300002531,25,3748,10,13,0,0,2,18.0,9.04,27.17948717948718,34.88657338493599
Montana,2023-05-17,"Justice, Chapter 3",motor vehicle division,justice,,"Security, Justice, and Corrections",2300002532,599,50646,124,355,28,3,89,25.0,10.07,28.700265251989386,33.038714422626875
Montana,2023-05-17,"Justice, Chapter 4",forensic science division,justice,,"Security, Justice, and Corrections",2300002533,108,6477,64,31,2,0,11,19.0,8.61,13.79310344827586,35.84984249212461
Montana,2023-05-17,"Justice, Chapter 6",highway patrol division,justice,,"Security, Justice, and Corrections",2300002534,69,3594,23,38,2,0,6,24.0,8.35,17.857142857142858,32.90312596719282
Montana,2023-05-17,"Justice, Chapter 8",telecommunications bureau,justice,,"Security, Justice, and Corrections",2300002535,46,3768,30,14,0,0,2,22.0,7.82,17.880794701986755,38.61992619926199
Montana,2023-05-17,"Labor And Industry, Chapter 1",organizational rule,labor and industry,,Labor and Workforce Development,2300002542,1,3963,0,1,0,0,0,17.0,9.24,1.7391304347826086,47.17851542080502
Montana,2023-05-17,"Labor And Industry, Chapter 101",business standards division,labor and industry,,Labor and Workforce Development,2300002563,43,5016,8,22,3,0,10,29.0,8.85,20.60606060606061,40.09533750869868
Montana,2023-05-17,"Labor And Industry, Chapter 11",unemployment insurance division,labor and industry,,Labor and Workforce Development,2300002548,270,35059,134,103,9,1,23,28.0,9.38,27.83595113438045,33.8418923971043
Montana,2023-05-17,"Labor And Industry, Chapter 111",alternative health care board,labor and industry,,Labor and Workforce Development,2300002564,176,12660,78,60,0,1,37,30.0,9.59,12.213740458015266,38.98088712585648
Montana,2023-05-17,"Labor And Industry, Chapter 114",board of architects and landscape architects,labor and industry,,Labor and Workforce Development,2300002565,47,5283,11,27,0,0,9,17.0,8.63,3.6630036630036633,37.98504582730342
Montana,2023-05-17,"Labor And Industry, Chapter 118",board of athletic trainers,labor and industry,,Labor and Workforce Development,2300002566,10,1408,2,3,1,0,4,23.0,7.82,1.818181818181818,38.37272727272728
Montana,2023-05-17,"Labor And Industry, Chapter 12",displaced homemaker,labor and industry,,Labor and Workforce Development,2300002549,7,1246,3,4,0,0,0,20.0,7.8,10.344827586206897,43.002835538752365
Montana,2023-05-17,"Labor And Industry, Chapter 121",board of barbers and cosmetologists,labor and industry,,Labor and Workforce Development,2300002567,328,18416,133,138,8,9,40,26.0,9.4,12.405446293494704,34.5094818291368
Montana,2023-05-17,"Labor And Industry, Chapter 122",boiler operating engineers,labor and industry,,Labor and Workforce Development,2300002568,28,2053,13,6,0,0,9,26.0,8.05,18.91891891891892,34.65197740112994
Montana,2023-05-17,"Labor And Industry, Chapter 126",board of chiropractors,labor and industry,,Labor and Workforce Development,2300002569,70,5648,29,30,3,0,8,18.0,8.72,9.747292418772563,36.2636815920398
Montana,2023-05-17,"Labor And Industry, Chapter 129",board of clinical laboratory science practitioners,labor and industry,,Labor and Workforce Development,2300002570,44,2759,19,16,1,0,8,20.0,8.15,3.1746031746031744,37.38119499768411
Montana,2023-05-17,"Labor And Industry, Chapter 13",montana help act,labor and industry,,Labor and Workforce Development,2300002550,20,2055,7,12,0,0,1,21.0,8.15,10.112359550561797,34.75013912075682
Montana,2023-05-17,"Labor And Industry, Chapter 131",construction blasters,labor and industry,,Labor and Workforce Development,2300002571,11,936,3,8,0,0,0,17.0,7.36,12.5,33.76495726495727
Montana,2023-05-17,"Labor And Industry, Chapter 135",crane and hoisting operating engineers,labor and industry,,Labor and Workforce Development,2300002572,36,3289,18,9,2,0,7,22.0,7.96,17.73049645390071,32.82900817632421
Montana,2023-05-17,"Labor And Industry, Chapter 138",board of dentistry,labor and industry,,Labor and Workforce Development,2300002573,257,22282,149,78,9,2,19,22.0,9.36,12.962962962962962,37.21808045474421
Montana,2023-05-17,"Labor And Industry, Chapter 141",state electrical board,labor and industry,,Labor and Workforce Development,2300002574,73,4771,30,24,3,0,16,18.0,8.42,5.46218487394958,36.56741428203145
Montana,2023-05-17,"Labor And Industry, Chapter 142",elevator licensing program,labor and industry,,Labor and Workforce Development,2300002575,33,2932,12,9,3,1,8,24.0,7.91,12.149532710280374,37.76985830828682
Montana,2023-05-17,"Labor And Industry, Chapter 144",fire protection and fireworks wholesalers,labor and industry,,Labor and Workforce Development,2300002576,26,1989,15,7,1,0,3,20.0,8.0,7.608695652173914,36.08186397984887
Montana,2023-05-17,"Labor And Industry, Chapter 147",board of funeral service,labor and industry,,Labor and Workforce Development,2300002577,227,17224,72,128,8,0,19,25.0,9.17,17.97752808988764,34.44774964838256
Montana,2023-05-17,"Labor And Industry, Chapter 148",genetic counselors,labor and industry,,Labor and Workforce Development,2300002578,3,478,1,2,0,0,0,22.0,7.19,0.0,41.2148337595908
Montana,2023-05-17,"Labor And Industry, Chapter 150",board of hearing aid dispensers,labor and industry,,Labor and Workforce Development,2300002579,63,4810,31,20,2,1,9,16.0,8.51,7.662835249042145,32.27872397945391
Montana,2023-05-17,"Labor And Industry, Chapter 154",licensed addiction counselors,labor and industry,,Labor and Workforce Development,2300002580,0,172,0,0,0,0,0,10.0,5.73,0.0,21.355263157894736
Montana,2023-05-17,"Labor And Industry, Chapter 155",board of massage therapy,labor and industry,,Labor and Workforce Development,2300002581,47,5215,20,17,1,1,8,32.0,8.96,18.421052631578945,37.9382582322357
Montana,2023-05-17,"Labor And Industry, Chapter 156",board of medical examiners,labor and industry,,Labor and Workforce Development,2300002582,208,18880,100,66,8,0,34,25.0,9.24,11.730205278592376,36.93732029902242
Montana,2023-05-17,"Labor And Industry, Chapter 159",board of nursing,labor and industry,,Labor and Workforce Development,2300002583,231,22839,104,96,13,3,15,21.0,9.23,9.46215139442231,35.8834385364288
Montana,2023-05-17,"Labor And Industry, Chapter 16",wages and hours,labor and industry,,Labor and Workforce Development,2300002551,263,40906,50,118,27,0,68,26.0,9.35,30.16722408026756,30.0122591943958
Montana,2023-05-17,"Labor And Industry, Chapter 162",board of nursing home administrators,labor and industry,,Labor and Workforce Development,2300002584,42,3510,16,19,0,1,6,14.0,8.33,3.1963470319634704,33.482527881040895
Montana,2023-05-17,"Labor And Industry, Chapter 165",board of occupational therapy practice,labor and industry,,Labor and Workforce Development,2300002585,53,6019,14,29,4,0,6,20.0,8.75,9.022556390977442,41.0235878336437
Montana,2023-05-17,"Labor And Industry, Chapter 168",board of optometry,labor and industry,,Labor and Workforce Development,2300002586,19,3420,11,7,0,0,1,15.0,8.25,3.045685279187817,33.88967971530249
Montana,2023-05-17,"Labor And Industry, Chapter 17",prevailing wages for public works projects,labor and industry,,Labor and Workforce Development,2300002552,117,14786,49,44,2,4,18,30.0,8.91,38.004246284501065,35.64921703608442
Montana,2023-05-17,"Labor And Industry, Chapter 171",board of outfitters,labor and industry,,Labor and Workforce Development,2300002587,139,10158,64,37,3,0,35,24.0,8.77,17.616580310880828,32.77044543954749
Montana,2023-05-17,"Labor And Industry, Chapter 174",board of pharmacy,labor and industry,,Labor and Workforce Development,2300002588,665,38779,333,243,11,2,76,23.0,9.49,12.812299807815505,36.525555153270574
Montana,2023-05-17,"Labor And Industry, Chapter 177",board of physical therapy examiners,labor and industry,,Labor and Workforce Development,2300002589,57,5485,24,24,1,0,8,18.0,8.78,7.446808510638298,37.37203579418345
Montana,2023-05-17,"Labor And Industry, Chapter 180",board of plumbers,labor and industry,,Labor and Workforce Development,2300002590,90,6504,40,29,3,0,18,19.0,8.64,10.130718954248366,33.60992236318879
Montana,2023-05-17,"Labor And Industry, Chapter 182",board of private security,labor and industry,,Labor and Workforce Development,2300002591,131,8221,52,48,8,0,23,23.0,8.79,6.727828746177369,37.192172450695615
Montana,2023-05-17,"Labor And Industry, Chapter 183",board of professional engineers and professional land surveyors,labor and industry,,Labor and Workforce Development,2300002592,304,20071,91,150,7,1,55,24.0,9.51,18.765743073047854,35.088448581054074
Montana,2023-05-17,"Labor And Industry, Chapter 189",board of psychologists,labor and industry,,Labor and Workforce Development,2300002593,435,21386,317,84,11,0,23,29.0,9.49,22.02898550724637,39.83720809278618
Montana,2023-05-17,"Labor And Industry, Chapter 2",overall department rules,labor and industry,,Labor and Workforce Development,2300002543,11,1002,10,0,0,0,1,28.0,7.74,18.181818181818183,34.57223476297968
Montana,2023-05-17,"Labor And Industry, Chapter 201",board of public accountants,labor and industry,,Labor and Workforce Development,2300002594,114,11919,30,53,6,0,25,18.0,8.77,8.374384236453201,33.63999578325954
Montana,2023-05-17,"Labor And Industry, Chapter 204",board of radiologic technologists,labor and industry,,Labor and Workforce Development,2300002595,86,6678,48,24,0,0,14,19.0,8.83,7.028753993610224,36.91411378555799
Montana,2023-05-17,"Labor And Industry, Chapter 207",board of real estate appraisers,labor and industry,,Labor and Workforce Development,2300002596,76,7413,23,33,2,0,18,21.0,8.55,6.5625,36.390372452565
Montana,2023-05-17,"Labor And Industry, Chapter 21",apprenticeship,labor and industry,,Labor and Workforce Development,2300002553,54,5607,22,18,6,0,8,25.0,8.65,18.932038834951456,42.16061224489796
Montana,2023-05-17,"Labor And Industry, Chapter 210",board of realty regulation,labor and industry,,Labor and Workforce Development,2300002597,295,19169,105,120,15,1,54,21.0,9.03,14.320388349514564,33.729287698913865
Montana,2023-05-17,"Labor And Industry, Chapter 213",board of respiratory care practitioners,labor and industry,,Labor and Workforce Development,2300002598,33,3853,12,13,3,0,5,23.0,8.61,8.441558441558442,39.02384841555048
Montana,2023-05-17,"Labor And Industry, Chapter 216",board of sanitarians,labor and industry,,Labor and Workforce Development,2300002599,26,2461,9,14,1,0,2,14.0,7.97,2.7210884353741496,35.48558999456226
Montana,2023-05-17,"Labor And Industry, Chapter 219",board of behavioral health,labor and industry,,Labor and Workforce Development,2300002600,309,19149,110,151,12,0,36,26.0,9.13,17.593984962406015,38.20917014020462
Montana,2023-05-17,"Labor And Industry, Chapter 22",workforce development,labor and industry,,Labor and Workforce Development,2300002554,43,4186,11,16,4,0,12,27.0,8.36,20.689655172413797,36.27502634351949
Montana,2023-05-17,"Labor And Industry, Chapter 222",board of speech language pathologists and audiologists,labor and industry,,Labor and Workforce Development,2300002601,69,6959,16,35,3,2,13,23.0,8.8,11.194029850746269,40.695629461953686
Montana,2023-05-17,"Labor And Industry, Chapter 225",board of veterinary medicine,labor and industry,,Labor and Workforce Development,2300002602,142,11248,29,78,8,1,26,21.0,9.09,14.052953156822811,36.60864410433283
Montana,2023-05-17,"Labor And Industry, Chapter 23",job growth incentive tax credit,labor and industry,,Labor and Workforce Development,2300002555,18,816,4,12,0,0,2,21.0,7.5,18.91891891891892,36.04950495049505
Montana,2023-05-17,"Labor And Industry, Chapter 250",sexual offender evaluator license endorsement,labor and industry,,Labor and Workforce Development,2300002603,6,347,1,4,0,0,1,31.0,6.61,0.0,39.95759717314488
Montana,2023-05-17,"Labor And Industry, Chapter 26",board of personnel appeals,labor and industry,,Labor and Workforce Development,2300002556,328,16489,252,52,8,1,15,23.0,8.68,20.212765957446805,32.22707268597388
Montana,2023-05-17,"Labor And Industry, Chapter 28",workers compensation mediation,labor and industry,,Labor and Workforce Development,2300002557,2,340,0,2,0,0,0,16.0,6.66,0.0,35.24825174825175
Montana,2023-05-17,"Labor And Industry, Chapter 29",workers compensation and occupational disease,labor and industry,,Labor and Workforce Development,2300002558,668,61174,186,330,26,0,126,25.0,9.77,21.657167908811925,34.80821765479919
Montana,2023-05-17,"Labor And Industry, Chapter 30",industrial safety and health,labor and industry,,Labor and Workforce Development,2300002559,33,5621,17,13,1,0,2,26.0,9.01,27.450980392156865,35.56364724660814
Montana,2023-05-17,"Labor And Industry, Chapter 301",building codes,labor and industry,,Labor and Workforce Development,2300002604,656,44757,420,79,17,8,132,22.0,9.79,16.69291338582677,34.21092937001361
Montana,2023-05-17,"Labor And Industry, Chapter 320",carbon monoxide detector standard as required by the landlord tenant act,labor and industry,,Labor and Workforce Development,2300002605,4,162,0,2,1,0,1,29.0,6.23,0.0,36.7
Montana,2023-05-17,"Labor And Industry, Chapter 321",wildland urban interface fire mitigation,labor and industry,,Labor and Workforce Development,2300002606,32,1698,30,0,1,0,1,21.0,7.92,22.22222222222222,33.5409377186844
Montana,2023-05-17,"Labor And Industry, Chapter 33",construction contractors and home inspectors,labor and industry,,Labor and Workforce Development,2300002560,52,3952,17,15,3,0,17,24.0,8.38,12.582781456953644,38.911590774689536
Montana,2023-05-17,"Labor And Industry, Chapter 35",independent contractors,labor and industry,,Labor and Workforce Development,2300002561,43,5553,17,11,1,2,12,29.0,8.5,19.774011299435028,35.89821390144179
Montana,2023-05-17,"Labor And Industry, Chapter 351",weights and measures bureau,labor and industry,,Labor and Workforce Development,2300002607,56,4880,19,31,1,1,4,22.0,8.7,10.194174757281552,33.79062424095215
Montana,2023-05-17,"Labor And Industry, Chapter 38",professional employer organizations,labor and industry,,Labor and Workforce Development,2300002562,10,710,0,7,0,0,3,20.0,7.22,15.625,35.31083481349911
Montana,2023-05-17,"Labor And Industry, Chapter 5",office of the workers compensation judge,labor and industry,,Labor and Workforce Development,2300002544,194,17145,153,29,6,0,6,22.0,8.72,25.03419972640219,28.943877551020407
Montana,2023-05-17,"Labor And Industry, Chapter 7",unemployment insurance appeals board,labor and industry,,Labor and Workforce Development,2300002545,18,1550,10,4,2,0,2,18.0,7.6,13.157894736842104,28.736716891356068
Montana,2023-05-17,"Labor And Industry, Chapter 8",human rights bureau,labor and industry,,Labor and Workforce Development,2300002546,97,9150,59,25,4,1,8,25.0,8.63,24.629080118694365,33.95662188099808
Montana,2023-05-17,"Labor And Industry, Chapter 9",human rights commission,labor and industry,,Labor and Workforce Development,2300002547,151,16239,79,39,7,7,19,24.0,9.35,21.35922330097087,35.969022404725884
Montana,2023-05-17,"Livestock, Chapter 1",organizational rule,livestock,,"Industry, Commerce, and Development",2300002608,0,1019,0,0,0,0,0,16.0,7.87,0.0,41.25107296137339
Montana,2023-05-17,"Livestock, Chapter 10",tester licensing,livestock,,"Industry, Commerce, and Development",2300002616,17,1272,6,8,0,0,3,13.0,6.66,2.5,35.00314795383001
Montana,2023-05-17,"Livestock, Chapter 12",eggs,livestock,,"Industry, Commerce, and Development",2300002617,172,8784,19,125,21,1,6,17.0,8.9,19.54732510288066,28.786613566289827
Montana,2023-05-17,"Livestock, Chapter 15",marketing of livestock,livestock,,"Industry, Commerce, and Development",2300002618,108,5081,17,79,5,0,7,18.0,8.48,11.71875,32.36310461192351
Montana,2023-05-17,"Livestock, Chapter 18",branding and inspection,livestock,,"Industry, Commerce, and Development",2300002619,58,3437,15,31,0,1,11,20.0,8.17,20.0,29.37048503611971
Montana,2023-05-17,"Livestock, Chapter 2",overall department rules,livestock,,"Industry, Commerce, and Development",2300002609,173,14207,65,69,6,1,32,29.0,9.45,31.46067415730337,35.02677309387212
Montana,2023-05-17,"Livestock, Chapter 22",vertebrate pest control,livestock,,"Industry, Commerce, and Development",2300002620,14,1074,3,9,0,1,1,16.0,7.61,10.16949152542373,31.882488479262676
Montana,2023-05-17,"Livestock, Chapter 24",board of milk control,livestock,,"Industry, Commerce, and Development",2300002621,90,12480,0,73,5,1,11,29.0,8.9,18.09290953545232,29.86863415511967
Montana,2023-05-17,"Livestock, Chapter 3",disease control,livestock,,"Industry, Commerce, and Development",2300002610,376,29046,127,196,17,4,32,20.0,9.29,11.475409836065571,34.52978857023236
Montana,2023-05-17,"Livestock, Chapter 4",alternative livestock regulations,livestock,,"Industry, Commerce, and Development",2300002611,211,10870,53,117,4,9,28,24.0,8.56,13.51981351981352,35.947860252734415
Montana,2023-05-17,"Livestock, Chapter 5",laboratory activities,livestock,,"Industry, Commerce, and Development",2300002612,10,1348,1,7,1,0,1,19.0,7.83,19.402985074626866,35.02044293015332
Montana,2023-05-17,"Livestock, Chapter 6",animal feeding slaughter and disposal,livestock,,"Industry, Commerce, and Development",2300002613,73,5154,7,55,7,1,3,20.0,8.83,14.767932489451477,33.61948488241881
Montana,2023-05-17,"Livestock, Chapter 8",fluid milk and grade a milk products,livestock,,"Industry, Commerce, and Development",2300002614,16,1857,3,8,1,0,4,17.0,7.92,10.1010101010101,29.11205766710354
Montana,2023-05-17,"Livestock, Chapter 9",general licensing and provisions,livestock,,"Industry, Commerce, and Development",2300002615,487,15237,23,421,22,1,20,17.0,9.15,14.199759326113115,33.898479394696245
Montana,2023-05-17,"Military Affairs, Chapter 3",emergency and disaster relief,military affairs,,"Security, Justice, and Corrections",2300002622,19,1561,9,8,0,0,2,17.0,7.98,9.090909090909092,36.567077592458304
Montana,2023-05-17,"Military Affairs, Chapter 5",montana veterans affairs division montana state veterans cemetery,military affairs,,"Security, Justice, and Corrections",2300002623,16,1262,9,4,2,0,1,9.0,6.72,1.639344262295082,27.106870229007637
Montana,2023-05-17,"Military Affairs, Chapter 7",insurance premium reimbursement program,military affairs,,"Security, Justice, and Corrections",2300002624,3,392,0,1,1,0,1,17.0,6.13,5.263157894736842,38.9003984063745
Montana,2023-05-17,"Military Affairs, Chapter 8",montana military family relief fund,military affairs,,"Security, Justice, and Corrections",2300002625,13,910,2,8,0,1,2,19.0,7.13,12.195121951219512,35.41713483146067
Montana,2023-05-17,"Natural Resources And Conservation, Chapter 1",organizational rule,natural resources and conservation,,"Environmental Protection, Public Utilities, and Natural Resources",2300002626,0,2785,0,0,0,0,0,16.0,8.88,1.818181818181818,42.97518796992481
Montana,2023-05-17,"Natural Resources And Conservation, Chapter 10",fire management,natural resources and conservation,,"Environmental Protection, Public Utilities, and Natural Resources",2300002630,43,4201,14,23,0,1,5,18.0,8.82,15.311004784688995,33.848971541279234
Montana,2023-05-17,"Natural Resources And Conservation, Chapter 11",forest management,natural resources and conservation,,"Environmental Protection, Public Utilities, and Natural Resources",2300002631,459,31772,359,59,5,12,24,35.0,9.88,42.555685814771394,36.468651378077006
Montana,2023-05-17,"Natural Resources And Conservation, Chapter 12",water rights bureau,natural resources and conservation,,"Environmental Protection, Public Utilities, and Natural Resources",2300002632,540,41196,248,219,14,2,57,27.0,9.85,19.75748930099857,33.541319892158015
Montana,2023-05-17,"Natural Resources And Conservation, Chapter 13",water measurement,natural resources and conservation,,"Environmental Protection, Public Utilities, and Natural Resources",2300002633,27,2070,6,20,0,0,1,21.0,7.88,6.25,37.101340482573725
Montana,2023-05-17,"Natural Resources And Conservation, Chapter 14",dam safety,natural resources and conservation,,"Environmental Protection, Public Utilities, and Natural Resources",2300002634,162,10479,59,91,0,0,12,30.0,9.02,20.84592145015106,34.8822290108501
Montana,2023-05-17,"Natural Resources And Conservation, Chapter 15",floodplain management,natural resources and conservation,,"Environmental Protection, Public Utilities, and Natural Resources",2300002635,113,7937,62,30,1,9,11,26.0,8.95,29.92957746478873,36.994887089902
Montana,2023-05-17,"Natural Resources And Conservation, Chapter 16",water reservations water resources division,natural resources and conservation,,"Environmental Protection, Public Utilities, and Natural Resources",2300002636,150,7710,65,49,3,0,33,24.0,8.62,21.62162162162162,35.01566930308909
Montana,2023-05-17,"Natural Resources And Conservation, Chapter 17",renewable resource grants and loans,natural resources and conservation,,"Environmental Protection, Public Utilities, and Natural Resources",2300002637,39,3512,21,13,4,0,1,31.0,8.75,25.471698113207548,37.55162523900574
Montana,2023-05-17,"Natural Resources And Conservation, Chapter 19",reclamation and development grants program water development bureau,natural resources and conservation,,"Environmental Protection, Public Utilities, and Natural Resources",2300002638,18,1771,17,1,0,0,0,18.0,7.75,9.090909090909092,37.97388849682428
Montana,2023-05-17,"Natural Resources And Conservation, Chapter 2",procedural rules,natural resources and conservation,,"Environmental Protection, Public Utilities, and Natural Resources",2300002627,233,15541,127,61,7,2,36,27.0,9.3,32.11678832116788,36.00751499385794
Montana,2023-05-17,"Natural Resources And Conservation, Chapter 20",weather modification water resources division,natural resources and conservation,,"Environmental Protection, Public Utilities, and Natural Resources",2300002639,28,2986,19,4,0,0,5,26.0,8.28,14.285714285714285,35.85549363057325
Montana,2023-05-17,"Natural Resources And Conservation, Chapter 21",board of water well contractors,natural resources and conservation,,"Environmental Protection, Public Utilities, and Natural Resources",2300002640,299,16331,236,25,4,1,33,19.0,9.28,12.826899128268993,31.578604516502605
Montana,2023-05-17,"Natural Resources And Conservation, Chapter 22",oil and gas conservation,natural resources and conservation,,"Environmental Protection, Public Utilities, and Natural Resources",2300002641,456,29197,193,197,5,3,58,25.0,9.55,18.08905380333952,31.07521916092674
Montana,2023-05-17,"Natural Resources And Conservation, Chapter 23",drinking water state revolving fund act,natural resources and conservation,,"Environmental Protection, Public Utilities, and Natural Resources",2300002642,132,12729,76,37,4,1,14,49.0,8.99,49.80392156862745,33.91230410136712
Montana,2023-05-17,"Natural Resources And Conservation, Chapter 24",water pollution control state revolving fund act,natural resources and conservation,,"Environmental Protection, Public Utilities, and Natural Resources",2300002643,121,11183,75,31,1,0,14,48.0,8.95,44.54148471615721,33.26392160557806
Montana,2023-05-17,"Natural Resources And Conservation, Chapter 25",state land leasing,natural resources and conservation,,"Environmental Protection, Public Utilities, and Natural Resources",2300002644,1202,73935,825,222,43,7,105,29.0,9.74,27.644628099173552,31.54281103374077
Montana,2023-05-17,"Natural Resources And Conservation, Chapter 26",yellowstone river compact,natural resources and conservation,,"Environmental Protection, Public Utilities, and Natural Resources",2300002645,14,899,14,0,0,0,0,15.0,7.14,12.727272727272728,39.31906614785992
Montana,2023-05-17,"Natural Resources And Conservation, Chapter 27",land administration,natural resources and conservation,,"Environmental Protection, Public Utilities, and Natural Resources",2300002646,45,2666,32,5,0,1,7,25.0,8.2,18.81188118811881,33.834639175257735
Montana,2023-05-17,"Natural Resources And Conservation, Chapter 30",state water projects,natural resources and conservation,,"Environmental Protection, Public Utilities, and Natural Resources",2300002647,4,657,3,0,1,0,0,32.0,6.3,15.789473684210526,32.82608695652174
Montana,2023-05-17,"Natural Resources And Conservation, Chapter 31",rangeland resources program,natural resources and conservation,,"Environmental Protection, Public Utilities, and Natural Resources",2300002648,13,892,2,9,0,0,2,39.0,7.87,9.090909090909092,37.92883435582822
Montana,2023-05-17,"Natural Resources And Conservation, Chapter 6",soil conservation districts,natural resources and conservation,,"Environmental Protection, Public Utilities, and Natural Resources",2300002628,12,310,12,0,0,0,0,18.0,6.3,11.76470588235294,32.908127208480565
Montana,2023-05-17,"Natural Resources And Conservation, Chapter 9",forestry,natural resources and conservation,,"Environmental Protection, Public Utilities, and Natural Resources",2300002629,0,66,0,0,0,0,0,5.0,5.34,0.0,28.069767441860463
Montana,2023-05-17,"Public Health And Human Services, Chapter 1",organizational rule,public health and human services,,Health Services,2300002649,1,2070,0,0,0,0,1,16.0,8.27,1.6528925619834711,44.24489795918368
Montana,2023-05-17,"Public Health And Human Services, Chapter 10",emergency health services,public health and human services,,Health Services,2300002653,1,670,0,1,0,0,0,21.0,7.26,6.896551724137931,33.053903345724905
Montana,2023-05-17,"Public Health And Human Services, Chapter 100",licensure of community residences,public health and human services,,Health Services,2300002702,395,21038,105,248,7,10,25,23.0,9.45,15.19434628975265,33.465324264981525
Montana,2023-05-17,"Public Health And Human Services, Chapter 104",emergency medical services,public health and human services,,Health Services,2300002703,195,16237,22,126,3,1,43,29.0,9.2,21.001926782273603,35.09393680614859
Montana,2023-05-17,"Public Health And Human Services, Chapter 106",health care facilities,public health and human services,,Health Services,2300002704,2347,126167,487,1635,52,18,155,29.0,10.01,18.787878787878785,35.95447167522831
Montana,2023-05-17,"Public Health And Human Services, Chapter 107",marijuana registry,public health and human services,,Health Services,2300002705,97,7149,39,40,3,1,14,32.0,8.84,22.48803827751196,40.30490914886835
Montana,2023-05-17,"Public Health And Human Services, Chapter 108",managed care quality assurance,public health and human services,,Health Services,2300002706,115,8104,44,53,6,0,12,25.0,8.64,20.469798657718123,35.137852137852136
Montana,2023-05-17,"Public Health And Human Services, Chapter 109",montana community health center support act,public health and human services,,Health Services,2300002707,31,3160,8,23,0,0,0,29.0,8.39,23.300970873786408,38.17099719101124
Montana,2023-05-17,"Public Health And Human Services, Chapter 110",food and drug standards,public health and human services,,Health Services,2300002708,130,12212,1,107,7,1,14,33.0,9.42,22.41379310344828,36.52051693236487
Montana,2023-05-17,"Public Health And Human Services, Chapter 111",public accommodations,public health and human services,,Health Services,2300002709,650,29104,71,496,36,14,33,24.0,9.89,18.117854001759014,35.4706876680753
Montana,2023-05-17,"Public Health And Human Services, Chapter 112",body art and cosmetics,public health and human services,,Health Services,2300002710,175,7828,8,145,10,5,7,22.0,9.21,21.62162162162162,33.87350869627713
Montana,2023-05-17,"Public Health And Human Services, Chapter 113",montana clean indoor air act,public health and human services,,Health Services,2300002711,4,638,0,3,0,1,0,29.0,7.12,40.0,31.71698113207547
Montana,2023-05-17,"Public Health And Human Services, Chapter 114",communicable disease control,public health and human services,,Health Services,2300002712,155,13893,2,127,1,0,25,24.0,9.04,14.450867052023122,35.769017857142856
Montana,2023-05-17,"Public Health And Human Services, Chapter 115",pools spas and other water features,public health and human services,,Health Services,2300002713,2,675,1,1,0,0,0,16.0,7.36,5.0,38.14510489510489
Montana,2023-05-17,"Public Health And Human Services, Chapter 116",dead human bodies,public health and human services,,Health Services,2300002714,12,1523,0,9,2,0,1,25.0,8.0,28.07017543859649,32.52003081664098
Montana,2023-05-17,"Public Health And Human Services, Chapter 117",tobacco settlement accounts,public health and human services,,Health Services,2300002715,0,169,0,0,0,0,0,20.0,6.05,12.5,52.47651006711409
Montana,2023-05-17,"Public Health And Human Services, Chapter 12",laboratories,public health and human services,,Health Services,2300002654,103,9044,26,57,1,0,19,27.0,8.78,20.32258064516129,37.125586110759095
Montana,2023-05-17,"Public Health And Human Services, Chapter 14",radiation control,public health and human services,,Health Services,2300002655,920,67760,781,16,4,8,111,26.0,9.77,18.626644736842103,35.49760791761011
Montana,2023-05-17,"Public Health And Human Services, Chapter 19",family planning programs,public health and human services,,Health Services,2300002656,3,827,2,1,0,0,0,20.0,7.36,20.51282051282051,38.64714494875549
Montana,2023-05-17,"Public Health And Human Services, Chapter 2",department procedures,public health and human services,,Health Services,2300002650,114,14115,49,57,3,0,5,26.0,9.24,15.705765407554672,34.49226546906188
Montana,2023-05-17,"Public Health And Human Services, Chapter 21",documentation and study of abortion,public health and human services,,Health Services,2300002657,15,1158,12,0,0,0,3,17.0,7.61,30.15873015873016,31.934442270058707
Montana,2023-05-17,"Public Health And Human Services, Chapter 25",residential alcohol and drug treatment for indigent juveniles,public health and human services,,Health Services,2300002658,13,1363,11,2,0,0,0,15.0,7.3,7.142857142857142,32.91444342226311
Montana,2023-05-17,"Public Health And Human Services, Chapter 27",chemical dependency programs,public health and human services,,Health Services,2300002659,127,10237,29,82,2,0,14,21.0,9.03,10.06711409395973,37.841002224563866
Montana,2023-05-17,"Public Health And Human Services, Chapter 30",vocational rehabilitation program,public health and human services,,Health Services,2300002660,77,17811,45,22,5,0,5,25.0,9.19,13.871951219512196,38.01606611570248
Montana,2023-05-17,"Public Health And Human Services, Chapter 31",independent living rehabilitation program,public health and human services,,Health Services,2300002661,1,1051,0,0,0,0,1,22.0,7.36,7.142857142857142,41.74296205630355
Montana,2023-05-17,"Public Health And Human Services, Chapter 34",developmental disabilities program,public health and human services,,Health Services,2300002662,463,39761,10,401,18,1,33,26.0,9.51,13.356164383561644,38.33889286225146
Montana,2023-05-17,"Public Health And Human Services, Chapter 36",telecommunications access program,public health and human services,,Health Services,2300002663,52,3671,13,29,1,0,9,23.0,8.36,21.62162162162162,35.87840872633943
Montana,2023-05-17,"Public Health And Human Services, Chapter 40",senior and long term care services,public health and human services,,Health Services,2300002664,534,58674,56,358,34,0,86,26.0,9.67,16.746641074856047,35.9372460143795
Montana,2023-05-17,"Public Health And Human Services, Chapter 41",aging services,public health and human services,,Health Services,2300002665,40,7295,29,5,1,1,4,21.0,8.59,10.658307210031348,33.24897220851834
Montana,2023-05-17,"Public Health And Human Services, Chapter 43",supplemental security income payments,public health and human services,,Health Services,2300002666,5,1542,1,2,0,0,2,19.0,7.99,2.702702702702702,35.18745098039216
Montana,2023-05-17,"Public Health And Human Services, Chapter 45",veterans facilities,public health and human services,,Health Services,2300002667,3,1051,0,2,0,0,1,16.0,7.39,10.0,32.5731843575419
Montana,2023-05-17,"Public Health And Human Services, Chapter 47",protective services,public health and human services,,Health Services,2300002668,67,8167,19,37,0,1,10,21.0,8.87,12.947658402203857,36.37226596675416
Montana,2023-05-17,"Public Health And Human Services, Chapter 49",iv e foster care services,public health and human services,,Health Services,2300002669,36,7476,9,19,1,0,7,29.0,8.71,23.504273504273502,29.47871839170724
Montana,2023-05-17,"Public Health And Human Services, Chapter 5",fair hearings and contested case proceedings,public health and human services,,Health Services,2300002651,191,20367,90,76,10,0,15,32.0,8.89,33.15315315315316,35.345556514236414
Montana,2023-05-17,"Public Health And Human Services, Chapter 50",foster care services and guardianship services,public health and human services,,Health Services,2300002670,86,10422,44,37,1,0,4,21.0,8.92,12.18961625282167,34.764780454073986
Montana,2023-05-17,"Public Health And Human Services, Chapter 51",youth foster homes,public health and human services,,Health Services,2300002671,242,11428,120,92,5,1,24,30.0,8.44,27.03488372093023,32.96172813036021
Montana,2023-05-17,"Public Health And Human Services, Chapter 52",adoptive services,public health and human services,,Health Services,2300002672,18,1734,0,16,2,0,0,12.0,7.47,14.285714285714285,30.0
Montana,2023-05-17,"Public Health And Human Services, Chapter 55",end stage renal disease,public health and human services,,Health Services,2300002673,17,2902,2,13,1,0,1,22.0,8.25,17.647058823529413,31.968076285240464
Montana,2023-05-17,"Public Health And Human Services, Chapter 57",maternal and child health,public health and human services,,Health Services,2300002674,108,9267,28,56,3,0,21,26.0,9.02,21.27659574468085,33.73237517036303
Montana,2023-05-17,"Public Health And Human Services, Chapter 59",special supplemental nutrition program for women infants and children,public health and human services,,Health Services,2300002675,10,4999,0,8,0,0,2,31.0,8.69,10.32258064516129,37.66162528216704
Montana,2023-05-17,"Public Health And Human Services, Chapter 62",child support services,public health and human services,,Health Services,2300002676,264,33449,133,88,13,3,27,28.0,9.01,35.17823639774859,30.656852488417275
Montana,2023-05-17,"Public Health And Human Services, Chapter 66",mental health inpatient facilities,public health and human services,,Health Services,2300002677,29,4023,11,12,2,0,4,23.0,8.45,16.666666666666664,35.60756914119359
Montana,2023-05-17,"Public Health And Human Services, Chapter 70",low income home energy assistance program,public health and human services,,Health Services,2300002678,44,11947,4,29,5,1,5,19.0,8.79,15.641476274165203,31.25979297747108
Montana,2023-05-17,"Public Health And Human Services, Chapter 71",low income weatherization assistance program,public health and human services,,Health Services,2300002679,16,3432,4,11,0,0,1,18.0,8.34,22.02380952380952,35.340900768949105
Montana,2023-05-17,"Public Health And Human Services, Chapter 74",refugee assistance,public health and human services,,Health Services,2300002680,5,1110,1,3,1,0,0,23.0,7.98,19.565217391304348,32.89248434237996
Montana,2023-05-17,"Public Health And Human Services, Chapter 75",child and adult care food program,public health and human services,,Health Services,2300002681,97,7311,8,72,4,1,12,27.0,8.89,22.868217054263564,33.352074152864304
Montana,2023-05-17,"Public Health And Human Services, Chapter 76",food and nutrition services,public health and human services,,Health Services,2300002682,41,3410,37,2,0,0,2,20.0,8.36,22.58064516129032,33.84199511684688
Montana,2023-05-17,"Public Health And Human Services, Chapter 78",temporary assistance for needy families,public health and human services,,Health Services,2300002683,148,23438,43,48,9,0,48,32.0,9.39,32.1688500727802,32.92714653205844
Montana,2023-05-17,"Public Health And Human Services, Chapter 79",healthy montana kids,public health and human services,,Health Services,2300002684,38,8933,10,16,6,0,6,21.0,8.63,14.910025706940877,33.39064423471481
Montana,2023-05-17,"Public Health And Human Services, Chapter 8",records and statistics,public health and human services,,Health Services,2300002652,177,12125,20,127,7,0,23,26.0,8.8,28.50678733031674,30.88135269392434
Montana,2023-05-17,"Public Health And Human Services, Chapter 80",child care assistance,public health and human services,,Health Services,2300002685,75,8886,1,57,3,1,13,22.0,8.52,18.71657754010695,31.244073275862068
Montana,2023-05-17,"Public Health And Human Services, Chapter 81",pharmacy access prescription drug benefit program,public health and human services,,Health Services,2300002686,27,5179,1,20,0,0,6,18.0,8.41,13.83399209486166,34.940641455241746
Montana,2023-05-17,"Public Health And Human Services, Chapter 82",medicaid eligibility,public health and human services,,Health Services,2300002687,110,28032,38,50,7,1,14,28.0,9.44,22.26935312831389,36.15068605365554
Montana,2023-05-17,"Public Health And Human Services, Chapter 83",medicaid for certain medicare beneficiaries and others,public health and human services,,Health Services,2300002688,18,4008,4,11,3,0,0,21.0,8.03,9.411764705882351,37.39938271604938
Montana,2023-05-17,"Public Health And Human Services, Chapter 84",medicaid expansion,public health and human services,,Health Services,2300002689,54,4728,45,5,0,0,4,25.0,8.22,23.809523809523807,38.62676236862343
Montana,2023-05-17,"Public Health And Human Services, Chapter 85",general medicaid services,public health and human services,,Health Services,2300002690,166,21377,48,70,16,0,32,25.0,9.44,18.364779874213838,34.629007210205216
Montana,2023-05-17,"Public Health And Human Services, Chapter 86",medicaid primary care services,public health and human services,,Health Services,2300002691,554,85512,50,403,19,0,82,22.0,9.66,13.827370812038614,35.10102805465895
Montana,2023-05-17,"Public Health And Human Services, Chapter 87",children s mental health services,public health and human services,,Health Services,2300002692,140,15199,8,116,5,0,11,26.0,8.94,15.858208955223882,35.665992060403205
Montana,2023-05-17,"Public Health And Human Services, Chapter 88",medicaid mental health services,public health and human services,,Health Services,2300002693,18,3190,4,8,1,0,5,22.0,8.14,11.627906976744184,34.644747393744986
Montana,2023-05-17,"Public Health And Human Services, Chapter 89",mental health services,public health and human services,,Health Services,2300002694,13,1687,1,11,0,0,1,24.0,8.04,7.8125,38.11706629055007
Montana,2023-05-17,"Public Health And Human Services, Chapter 90",mental health medicaid funded 1115 and 1915 waivers,public health and human services,,Health Services,2300002695,76,8749,0,64,5,0,7,28.0,8.79,8.041958041958042,36.66771078047507
Montana,2023-05-17,"Public Health And Human Services, Chapter 91",certification of mental health professional persons,public health and human services,,Health Services,2300002696,22,2667,0,20,0,0,2,23.0,7.72,2.727272727272727,40.940285204991085
Montana,2023-05-17,"Public Health And Human Services, Chapter 93",licensure of child placing agencies,public health and human services,,Health Services,2300002697,155,6740,133,14,2,0,6,24.0,8.4,13.754646840148698,32.96713538260301
Montana,2023-05-17,"Public Health And Human Services, Chapter 95",licensure of day care facilities,public health and human services,,Health Services,2300002698,619,30154,213,319,20,12,55,26.0,9.52,19.68576709796673,31.25205563667102
Montana,2023-05-17,"Public Health And Human Services, Chapter 97",licensure of youth care facilities,public health and human services,,Health Services,2300002699,430,19169,116,262,23,7,22,26.0,9.23,18.77729257641921,33.0675252768416
Montana,2023-05-17,"Public Health And Human Services, Chapter 98",outdoor behavioral program,public health and human services,,Health Services,2300002700,671,22328,214,402,30,5,20,23.0,9.45,15.690376569037657,34.63094775684599
Montana,2023-05-17,"Public Health And Human Services, Chapter 99",private alternative adolescent residential programs or private outdoor programs,public health and human services,,Health Services,2300002701,450,18049,6,396,19,7,22,30.0,9.12,18.27768014059754,38.03402587708385
Montana,2023-05-17,"Public Service Regulation, Chapter 1",organizational rule,public service regulation,,Administration,2300002716,2,1913,1,0,0,0,1,14.0,8.31,3.149606299212598,46.12340188993885
Montana,2023-05-17,"Public Service Regulation, Chapter 2",procedural rules,public service regulation,,Administration,2300002717,257,17270,164,72,2,0,19,23.0,8.74,22.02898550724637,34.87047026279392
Montana,2023-05-17,"Public Service Regulation, Chapter 3",motor carriers,public service regulation,,Administration,2300002718,467,26961,220,184,15,5,43,22.0,9.23,25.9094942324756,32.32638480289148
Montana,2023-05-17,"Public Service Regulation, Chapter 4",railroads,public service regulation,,Administration,2300002719,134,6291,111,8,0,0,15,21.0,8.72,29.328621908127207,31.992082058664742
Montana,2023-05-17,"Public Service Regulation, Chapter 5",utility division,public service regulation,,Administration,2300002720,1618,97638,954,406,54,16,188,25.0,9.9,21.215409658166035,36.8317200641462
Montana,2023-05-17,"Public Service Regulation, Chapter 6",energy conservation,public service regulation,,Administration,2300002721,10,1060,9,0,1,0,0,20.0,8.04,6.25,37.46840958605664
Montana,2023-05-17,"Public Service Regulation, Chapter 7",pipe line companies,public service regulation,,Administration,2300002722,9,460,8,0,0,0,1,19.0,6.91,0.0,31.98540145985401
Montana,2023-05-17,"Public Service Regulation, Chapter 8",cost of service information,public service regulation,,Administration,2300002723,0,105,0,0,0,0,0,19.0,6.25,0.0,34.55696202531646
Montana,2023-05-17,"Public Service Regulation, Chapter 9",transportation of radioactive and transuranic waste,public service regulation,,Administration,2300002724,34,2176,18,9,0,0,7,23.0,7.64,9.195402298850574,43.70277626565052
Montana,2023-05-17,"Revenue, Chapter 1",organizational rule,revenue,,Taxes and Public Finance,2300002725,0,1640,0,0,0,0,0,13.0,8.25,0.0,41.99931833674165
Montana,2023-05-17,"Revenue, Chapter 10",collections,revenue,,Taxes and Public Finance,2300002732,36,2078,24,12,0,0,0,23.0,7.38,26.82926829268293,32.88864142538976
Montana,2023-05-17,"Revenue, Chapter 11",agency liquor stores and vendors,revenue,,Taxes and Public Finance,2300002733,73,7644,40,22,6,1,4,19.0,8.52,13.535911602209945,30.913299395482024
Montana,2023-05-17,"Revenue, Chapter 12",liquor licenses and permits,revenue,,Taxes and Public Finance,2300002734,258,24167,104,98,20,7,29,26.0,9.12,26.643192488262912,34.06176316166293
Montana,2023-05-17,"Revenue, Chapter 13",regulation of licensees,revenue,,Taxes and Public Finance,2300002735,218,17590,99,82,8,14,15,28.0,9.03,16.81260945709282,33.511024814059105
Montana,2023-05-17,"Revenue, Chapter 14",lodging facility use tax and rental vehicle use sales tax,revenue,,Taxes and Public Finance,2300002736,68,5135,16,27,1,0,24,23.0,8.19,19.61722488038277,31.313492063492063
Montana,2023-05-17,"Revenue, Chapter 15",income tax,revenue,,Taxes and Public Finance,2300002737,211,23519,41,132,5,0,33,24.0,8.92,25.191675794085437,31.24534020306107
Montana,2023-05-17,"Revenue, Chapter 17",withholding and estimated tax payments,revenue,,Taxes and Public Finance,2300002738,139,11742,27,68,3,0,41,21.0,8.68,19.50286806883365,31.382883817427388
Montana,2023-05-17,"Revenue, Chapter 18",montana appraisal plan,revenue,,Taxes and Public Finance,2300002739,74,4476,36,18,0,0,20,22.0,8.42,29.6875,38.94655911267961
Montana,2023-05-17,"Revenue, Chapter 19",general property tax provisions,revenue,,Taxes and Public Finance,2300002740,90,11549,17,50,1,0,22,27.0,8.98,27.877237851662407,33.806879109762264
Montana,2023-05-17,"Revenue, Chapter 2",general department rules,revenue,,Taxes and Public Finance,2300002726,218,25621,103,56,6,1,52,24.0,9.53,24.66598150051388,33.56432151475775
Montana,2023-05-17,"Revenue, Chapter 20",real property,revenue,,Taxes and Public Finance,2300002741,180,28357,59,102,1,1,17,26.0,9.62,20.51792828685259,34.41297038927371
Montana,2023-05-17,"Revenue, Chapter 21",personal property,revenue,,Taxes and Public Finance,2300002742,34,5943,9,16,0,0,9,22.0,8.66,21.951219512195124,31.95450852965069
Montana,2023-05-17,"Revenue, Chapter 22",centrally assessed property,revenue,,Taxes and Public Finance,2300002743,130,10773,90,15,1,0,24,21.0,9.21,16.2217659137577,35.2306088864509
Montana,2023-05-17,"Revenue, Chapter 23",corporate income tax general,revenue,,Taxes and Public Finance,2300002744,114,9356,18,72,5,0,19,21.0,8.72,19.66824644549763,31.515999498054963
Montana,2023-05-17,"Revenue, Chapter 25",natural resources taxes,revenue,,Taxes and Public Finance,2300002745,90,14500,40,42,4,0,4,21.0,9.09,16.25,30.79482744419735
Montana,2023-05-17,"Revenue, Chapter 26",corporate multistate activities,revenue,,Taxes and Public Finance,2300002746,316,46670,256,40,5,1,14,29.0,9.18,35.136986301369866,33.940760366935784
Montana,2023-05-17,"Revenue, Chapter 27",motor fuel tax division gasoline tax,revenue,,Taxes and Public Finance,2300002747,0,97,0,0,0,0,0,5.0,5.28,0.0,21.729166666666668
Montana,2023-05-17,"Revenue, Chapter 29",universal system benefits programs,revenue,,Taxes and Public Finance,2300002748,37,3290,24,11,0,0,2,24.0,8.43,18.3206106870229,38.07553589656346
Montana,2023-05-17,"Revenue, Chapter 3",waiver of penalty and interest,revenue,,Taxes and Public Finance,2300002727,12,3305,9,2,1,0,0,24.0,7.76,32.45614035087719,29.5198347107438
Montana,2023-05-17,"Revenue, Chapter 30",taxation of estates and trusts,revenue,,Taxes and Public Finance,2300002749,60,6270,3,34,1,0,22,35.0,8.18,48.50299401197605,29.73605613530047
Montana,2023-05-17,"Revenue, Chapter 31",miscellaneous tax commercial activities,revenue,,Taxes and Public Finance,2300002750,127,11788,39,53,2,0,33,20.0,8.79,13.39622641509434,32.386099562946384
Montana,2023-05-17,"Revenue, Chapter 38",unclaimed property,revenue,,Taxes and Public Finance,2300002751,17,2028,5,8,1,0,3,22.0,8.03,16.867469879518072,33.33687943262412
Montana,2023-05-17,"Revenue, Chapter 39",cannabis control,revenue,,Taxes and Public Finance,2300002752,307,18304,94,149,27,2,35,29.0,9.24,21.51260504201681,36.74899685165751
Montana,2023-05-17,"Revenue, Chapter 4",tax credits,revenue,,Taxes and Public Finance,2300002728,248,27636,45,144,18,0,41,28.0,9.26,23.819742489270386,32.63335277453758
Montana,2023-05-17,"Revenue, Chapter 5",filing and remittance,revenue,,Taxes and Public Finance,2300002729,16,1486,10,3,0,0,3,22.0,7.73,14.754098360655735,33.30391340549542
Montana,2023-05-17,"Revenue, Chapter 8",board of review,revenue,,Taxes and Public Finance,2300002730,5,796,4,0,0,0,1,16.0,6.97,6.8181818181818175,37.604729729729726
Montana,2023-05-17,"Revenue, Chapter 9",pass through entities,revenue,,Taxes and Public Finance,2300002731,111,11638,5,62,2,0,42,32.0,8.34,32.22891566265061,32.04058893752487
Montana,2023-05-17,"Secretary Of State, Chapter 1",organizational rule,secretary of state,,Administration,2300002753,0,1403,0,0,0,0,0,26.0,8.07,0.0,39.64746019711903
Montana,2023-05-17,"Secretary Of State, Chapter 10",commissioner of political practices,secretary of state,,Administration,2300002758,20,1571,11,7,0,0,2,16.0,7.83,10.75268817204301,34.270207852194
Montana,2023-05-17,"Secretary Of State, Chapter 11",commissioner of political practices,secretary of state,,Administration,2300002759,285,24169,165,62,8,2,48,29.0,8.99,20.282413350449293,35.266553890768485
Montana,2023-05-17,"Secretary Of State, Chapter 12",commissioner of political practices lobbyist disclosure,secretary of state,,Administration,2300002760,90,8671,45,32,2,0,11,32.0,8.54,30.0,34.83006362672322
Montana,2023-05-17,"Secretary Of State, Chapter 14",records and information management,secretary of state,,Administration,2300002761,1,863,1,0,0,0,0,25.0,7.67,3.225806451612903,39.73324022346369
Montana,2023-05-17,"Secretary Of State, Chapter 15",notaries public,secretary of state,,Administration,2300002762,31,2338,22,8,0,0,1,38.0,7.98,46.55172413793103,31.805423406279733
Montana,2023-05-17,"Secretary Of State, Chapter 17",administrative rules of montana,secretary of state,,Administration,2300002763,0,115,0,0,0,0,0,21.0,5.98,0.0,40.17021276595744
Montana,2023-05-17,"Secretary Of State, Chapter 2",overall office rules,secretary of state,,Administration,2300002754,14,1377,4,4,0,0,6,25.0,8.03,17.647058823529413,33.65733672603901
Montana,2023-05-17,"Secretary Of State, Chapter 3",elections,secretary of state,,Administration,2300002755,476,26597,349,73,11,4,39,26.0,9.12,24.290220820189276,34.00179281997464
Montana,2023-05-17,"Secretary Of State, Chapter 5",businesses,secretary of state,,Administration,2300002756,12,3464,1,6,0,0,5,19.0,7.97,8.49673202614379,35.46147540983606
Montana,2023-05-17,"Secretary Of State, Chapter 6",uniform commercial code,secretary of state,,Administration,2300002757,17,2903,2,10,3,0,2,23.0,8.46,19.65811965811966,30.872635561160152
Montana,2023-05-17,"State Auditor, Chapter 1",organizational rule,state auditor,,Taxes and Public Finance,2300002414,0,960,0,0,0,0,0,16.0,7.48,1.7241379310344829,42.13747228381375
Montana,2023-05-17,"State Auditor, Chapter 10",securities department,state auditor,,Taxes and Public Finance,2300002417,243,19955,124,37,5,6,71,43.0,9.3,34.78260869565217,35.596757908907335
Montana,2023-05-17,"State Auditor, Chapter 12",securities department,state auditor,,Taxes and Public Finance,2300002418,9,874,4,2,0,0,3,20.0,6.98,17.5,30.42937062937063
Montana,2023-05-17,"State Auditor, Chapter 2",overall office rules,state auditor,,Taxes and Public Finance,2300002415,4,1190,2,2,0,0,0,22.0,7.33,20.40816326530612,30.029380902413436
Montana,2023-05-17,"State Auditor, Chapter 6",insurance department,state auditor,,Taxes and Public Finance,2300002416,2787,234374,1601,638,139,30,379,34.0,10.21,32.045489951705875,35.0864983479204
Montana,2023-05-17,"Transportation, Chapter 1",organizational rule,transportation,,Transportation,2300002505,1,1782,0,1,0,0,0,15.0,8.35,1.7391304347826086,47.22732919254658
Montana,2023-05-17,"Transportation, Chapter 12",aeronautics division,transportation,,Transportation,2300002513,36,2893,3,28,0,0,5,25.0,8.25,9.523809523809524,35.72004991680532
Montana,2023-05-17,"Transportation, Chapter 13",board of aeronautics,transportation,,Transportation,2300002514,24,2345,2,20,0,0,2,22.0,8.02,9.70873786407767,35.212207916070575
Montana,2023-05-17,"Transportation, Chapter 14",planning,transportation,,Transportation,2300002515,29,1849,9,16,1,0,3,22.0,7.99,6.493506493506493,38.40139949109415
Montana,2023-05-17,"Transportation, Chapter 15",motor fuels tax,transportation,,Transportation,2300002516,148,14142,52,74,8,1,13,19.0,8.9,15.703703703703702,29.971764293230446
Montana,2023-05-17,"Transportation, Chapter 16",bridge and road safety and accountability program,transportation,,Transportation,2300002517,38,1982,7,24,2,0,5,25.0,7.43,10.81081081081081,37.05194063926941
Montana,2023-05-17,"Transportation, Chapter 2",overall department rules,transportation,,Transportation,2300002506,162,11851,69,55,7,1,30,30.0,9.19,38.23529411764706,35.94900613041055
Montana,2023-05-17,"Transportation, Chapter 3",contractor debarment,transportation,,Transportation,2300002507,65,5555,39,13,2,2,9,30.0,8.88,26.111111111111114,36.00248470948012
Montana,2023-05-17,"Transportation, Chapter 4",engineering division,transportation,,Transportation,2300002508,6,461,0,5,0,0,1,16.0,6.14,9.090909090909092,34.9
Montana,2023-05-17,"Transportation, Chapter 5",preconstruction bureau,transportation,,Transportation,2300002509,19,801,15,3,0,0,1,16.0,7.19,4.545454545454546,33.666666666666664
Montana,2023-05-17,"Transportation, Chapter 6",right of way bureau,transportation,,Transportation,2300002510,389,23108,162,167,18,12,30,25.0,9.37,22.73781902552204,33.233821882456056
Montana,2023-05-17,"Transportation, Chapter 7",maintenance,transportation,,Transportation,2300002511,210,11436,137,48,2,1,22,25.0,9.21,24.76851851851852,36.79154849688032
Montana,2023-05-17,"Transportation, Chapter 8",motor carrier services division,transportation,,Transportation,2300002512,230,17431,90,83,11,8,38,20.0,9.11,12.645161290322582,32.57426390403489
