jurisdiction_name,date_collected,document_reference,document_name,agency_name,parent_agency_name,cluster_name,document_id,restrictions,words,shall,must,may_not,prohibited,required,sentence_length,shannon_entropy,conditionals_per_100_sentences,long_word_score_sq
Kansas,2020-04-28,"Agency 100, Article 1",board of healing arts,kansas state board of healing arts,,Health Services,1700000786,2,40,2,0,0,0,0,8.0,4.62,0.0,27.41935483870968
Kansas,2020-04-28,"Agency 100, Article 10a",exempt license,kansas state board of healing arts,,Health Services,1700000795,21,1024,15,2,0,0,4,14.0,7.25,15.714285714285714,34.12910532276331
Kansas,2020-04-28,"Agency 100, Article 11",fees,kansas state board of healing arts,,Health Services,1700000796,1,521,1,0,0,0,0,26.0,6.47,0.0,31.58204334365325
Kansas,2020-04-28,"Agency 100, Article 12",records,kansas state board of healing arts,,Health Services,1700000797,5,111,4,0,0,0,1,13.0,5.64,0.0,31.13793103448276
Kansas,2020-04-28,"Agency 100, Article 13",records,kansas state board of healing arts,,Health Services,1700000798,5,111,4,0,0,0,1,13.0,5.64,0.0,31.13793103448276
Kansas,2020-04-28,"Agency 100, Article 15",license renewal continuing education,kansas state board of healing arts,,Health Services,1700000799,38,1697,34,0,0,0,4,24.0,7.74,5.714285714285714,37.35737077217613
Kansas,2020-04-28,"Agency 100, Article 16",revocation,kansas state board of healing arts,,Health Services,1700000800,0,50,0,0,0,0,0,8.0,4.84,16.666666666666664,25.0
Kansas,2020-04-28,"Agency 100, Article 19",administrative procedures,kansas state board of healing arts,,Health Services,1700000801,5,346,4,1,0,0,0,20.0,6.68,5.88235294117647,42.72549019607843
Kansas,2020-04-28,"Agency 100, Article 2",officers,kansas state board of healing arts,,Health Services,1700000787,6,197,5,0,0,0,1,9.0,5.82,10.0,30.89880952380953
Kansas,2020-04-28,"Agency 100, Article 21",dispensing physicians,kansas state board of healing arts,,Health Services,1700000802,19,646,17,0,0,0,2,16.0,7.05,7.5,37.01880341880342
Kansas,2020-04-28,"Agency 100, Article 22",dishonorable conduct,kansas state board of healing arts,,Health Services,1700000803,35,2148,33,0,0,1,1,19.0,8.01,8.928571428571429,34.73863068465767
Kansas,2020-04-28,"Agency 100, Article 23",treatment of obesity,kansas state board of healing arts,,Health Services,1700000804,12,491,12,0,0,0,0,23.0,6.95,33.33333333333333,36.27702702702703
Kansas,2020-04-28,"Agency 100, Article 24",patient records,kansas state board of healing arts,,Health Services,1700000805,10,636,10,0,0,0,0,16.0,7.13,23.684210526315788,35.31681415929204
Kansas,2020-04-28,"Agency 100, Article 25",office requirements,kansas state board of healing arts,,Health Services,1700000806,60,3002,57,0,0,1,2,28.0,8.57,20.952380952380956,39.80916577157178
Kansas,2020-04-28,"Agency 100, Article 26",services rendered to individuals located in this state,kansas state board of healing arts,,Health Services,1700000807,4,787,4,0,0,0,0,22.0,7.06,8.571428571428571,34.3968253968254
Kansas,2020-04-28,"Agency 100, Article 27",light based medical treatment,kansas state board of healing arts,,Health Services,1700000808,16,705,9,0,0,1,6,28.0,7.17,28.000000000000004,35.40610687022901
Kansas,2020-04-28,"Agency 100, Article 28a",physician assistants,kansas state board of healing arts,,Health Services,1700000809,90,6003,72,0,0,1,17,25.0,8.37,17.167381974248926,41.21904761904762
Kansas,2020-04-28,"Agency 100, Article 28b",independent practice of midwifery,kansas state board of healing arts,,Health Services,1700000810,14,1554,14,0,0,0,0,21.0,8.02,11.11111111111111,36.795313576843554
Kansas,2020-04-28,"Agency 100, Article 29",physical therapy,kansas state board of healing arts,,Health Services,1700000811,155,6325,124,0,0,0,31,23.0,8.55,8.058608058608058,39.67795735900963
Kansas,2020-04-28,"Agency 100, Article 3",committees,kansas state board of healing arts,,Health Services,1700000788,1,77,1,0,0,0,0,10.0,5.22,14.285714285714285,33.25806451612903
Kansas,2020-04-28,"Agency 100, Article 31",officers,kansas state board of healing arts,,Health Services,1700000812,6,197,5,0,0,0,1,9.0,5.82,10.0,30.89880952380953
Kansas,2020-04-28,"Agency 100, Article 33",meetings,kansas state board of healing arts,,Health Services,1700000813,6,300,6,0,0,0,0,13.0,6.19,9.090909090909092,28.41509433962264
Kansas,2020-04-28,"Agency 100, Article 4",vacancies,kansas state board of healing arts,,Health Services,1700000789,6,161,6,0,0,0,0,14.0,5.45,18.181818181818183,26.52413793103448
Kansas,2020-04-28,"Agency 100, Article 5",meetings,kansas state board of healing arts,,Health Services,1700000790,6,300,6,0,0,0,0,13.0,6.19,9.090909090909092,28.41509433962264
Kansas,2020-04-28,"Agency 100, Article 54",occupational therapy,kansas state board of healing arts,,Health Services,1700000814,81,4075,69,2,0,0,10,23.0,8.43,6.285714285714287,42.64470145239376
Kansas,2020-04-28,"Agency 100, Article 55",respiratory therapy,kansas state board of healing arts,,Health Services,1700000815,70,3207,53,0,0,0,17,24.0,8.43,5.343511450381679,38.63586015922465
Kansas,2020-04-28,"Agency 100, Article 6",licenses,kansas state board of healing arts,,Health Services,1700000791,61,2243,58,1,0,0,2,22.0,8.33,10.1010101010101,37.69900142653352
Kansas,2020-04-28,"Agency 100, Article 69",athletic training,kansas state board of healing arts,,Health Services,1700000816,63,3088,57,0,0,0,6,26.0,8.59,7.563025210084033,39.37094499294781
Kansas,2020-04-28,"Agency 100, Article 7",examinations,kansas state board of healing arts,,Health Services,1700000792,11,648,11,0,0,0,0,24.0,6.22,7.4074074074074066,37.408127208480565
Kansas,2020-04-28,"Agency 100, Article 72",naturopathy,kansas state board of healing arts,,Health Services,1700000817,40,3312,35,0,0,0,5,35.0,8.68,9.67741935483871,40.10073382254837
Kansas,2020-04-28,"Agency 100, Article 73",radiologic technologists,kansas state board of healing arts,,Health Services,1700000818,53,2869,47,0,0,0,6,24.0,8.31,6.837606837606838,39.91734260332174
Kansas,2020-04-28,"Agency 100, Article 75",contact lenses,kansas state board of healing arts,,Health Services,1700000819,1,50,1,0,0,0,0,9.0,4.96,0.0,34.38709677419355
Kansas,2020-04-28,"Agency 100, Article 76",acupuncturists,kansas state board of healing arts,,Health Services,1700000820,81,4102,73,0,0,1,7,21.0,8.55,7.253886010362693,39.53093060785368
Kansas,2020-04-28,"Agency 100, Article 77",telemedicine,kansas state board of healing arts,,Health Services,1700000821,3,208,3,0,0,0,0,10.0,5.86,0.0,38.74842767295598
Kansas,2020-04-28,"Agency 100, Article 78",business entities,kansas state board of healing arts,,Health Services,1700000822,4,128,4,0,0,0,0,10.0,5.42,0.0,43.0
Kansas,2020-04-28,"Agency 100, Article 8",license by endorsement,kansas state board of healing arts,,Health Services,1700000793,6,738,4,0,0,0,2,20.0,7.6,2.7777777777777777,35.64653902798233
Kansas,2020-04-28,"Agency 100, Article 9",temporary license,kansas state board of healing arts,,Health Services,1700000794,0,63,0,0,0,0,0,7.0,5.16,0.0,31.630434782608692
Kansas,2020-04-28,"Agency 102, Article 1",certification of psychologists,behavioral sciences regulatory board,,Health Services,1700000823,200,12832,170,0,3,0,27,31.0,9.14,16.46489104116223,41.03033095936322
Kansas,2020-04-28,"Agency 102, Article 2",licensing of social workers,behavioral sciences regulatory board,,Health Services,1700000824,267,14836,227,0,1,0,39,32.0,8.99,15.869565217391305,38.06224696356275
Kansas,2020-04-28,"Agency 102, Article 3",professional counselors fees,behavioral sciences regulatory board,,Health Services,1700000825,183,13018,153,1,1,0,28,37.0,9.09,21.57434402332361,41.655304888017
Kansas,2020-04-28,"Agency 102, Article 4",master s level psychologists,behavioral sciences regulatory board,,Health Services,1700000826,214,14973,175,1,1,1,36,34.0,9.21,20.229885057471265,41.06947608200456
Kansas,2020-04-28,"Agency 102, Article 5",licensing of marriage and family therapists,behavioral sciences regulatory board,,Health Services,1700000827,211,13882,182,0,1,0,28,36.0,9.03,20.74468085106383,39.14386233269598
Kansas,2020-04-28,"Agency 102, Article 7",licensing of addiction counselors,behavioral sciences regulatory board,,Health Services,1700000828,200,13061,173,2,0,1,24,39.0,8.95,22.424242424242426,40.67989112504124
Kansas,2020-04-28,"Agency 102, Article 8",applied behavior analysis,behavioral sciences regulatory board,,Health Services,1700000829,72,4724,59,0,0,1,12,37.0,8.73,22.04724409448819,39.24825568309701
Kansas,2020-04-28,"Agency 103, Article 1",security for deposit of public funds,joint regulations state bank commissioner and savings and loan commissioner,,"Banking, Insurance, and Securities",1700000830,1,123,1,0,0,0,0,24.0,5.82,0.0,34.34862385321101
Kansas,2020-04-28,"Agency 104, Article 1",no title indicated,joint regulations consumer credit commissioner credit union administrator savings and loan commissioner and bank commissioner,,"Banking, Insurance, and Securities",1700000831,2,233,2,0,0,0,0,21.0,6.1,18.181818181818183,35.321100917431195
Kansas,2020-04-28,"Agency 105, Article 1",general,state board of indigents defense services,,"Security, Justice, and Corrections",1700000832,4,445,3,0,0,0,1,11.0,6.32,2.631578947368421,31.572207084468666
Kansas,2020-04-28,"Agency 105, Article 10",systems for providing legal defense services for indigent persons,state board of indigents defense services,,"Security, Justice, and Corrections",1700000841,16,1165,16,0,0,0,0,19.0,7.0,22.950819672131143,32.524904214559385
Kansas,2020-04-28,"Agency 105, Article 2",terms defined,state board of indigents defense services,,"Security, Justice, and Corrections",1700000833,1,400,1,0,0,0,0,22.0,6.61,11.11111111111111,37.86103542234333
Kansas,2020-04-28,"Agency 105, Article 21",public defender guidelines,state board of indigents defense services,,"Security, Justice, and Corrections",1700000842,13,596,13,0,0,0,0,12.0,6.9,8.16326530612245,34.37009345794392
Kansas,2020-04-28,"Agency 105, Article 3",appointed attorneys,state board of indigents defense services,,"Security, Justice, and Corrections",1700000834,55,2543,53,0,0,0,2,16.0,7.73,12.418300653594772,32.238540275923455
Kansas,2020-04-28,"Agency 105, Article 31",contract counsel guidelines,state board of indigents defense services,,"Security, Justice, and Corrections",1700000843,6,359,6,0,0,0,0,8.0,6.07,4.651162790697675,35.63793103448276
Kansas,2020-04-28,"Agency 105, Article 4",entitlement to legal representation,state board of indigents defense services,,"Security, Justice, and Corrections",1700000835,18,1193,18,0,0,0,0,19.0,7.47,23.33333333333333,35.0921052631579
Kansas,2020-04-28,"Agency 105, Article 5",attorney compensation,state board of indigents defense services,,"Security, Justice, and Corrections",1700000836,21,1857,20,0,0,0,1,18.0,7.06,13.26530612244898,32.15985915492958
Kansas,2020-04-28,"Agency 105, Article 6",reimbursement of expenses,state board of indigents defense services,,"Security, Justice, and Corrections",1700000837,4,297,4,0,0,0,0,10.0,6.56,14.814814814814811,34.241106719367586
Kansas,2020-04-28,"Agency 105, Article 7",investigative expert or other services,state board of indigents defense services,,"Security, Justice, and Corrections",1700000838,22,873,22,0,0,0,0,12.0,6.59,8.333333333333332,33.89068825910931
Kansas,2020-04-28,"Agency 105, Article 8",court reporters transcripts,state board of indigents defense services,,"Security, Justice, and Corrections",1700000839,10,383,10,0,0,0,0,8.0,6.29,9.30232558139535,32.301886792452834
Kansas,2020-04-28,"Agency 105, Article 9",claims generally,state board of indigents defense services,,"Security, Justice, and Corrections",1700000840,10,607,10,0,0,0,0,14.0,6.88,7.317073170731707,31.32965009208103
Kansas,2020-04-28,"Agency 106, Article 2",definitions,law enforcement training commission,,"Security, Justice, and Corrections",1700000844,13,2541,9,0,0,0,4,12.0,7.5,13.592233009708735,34.93410672853828
Kansas,2020-04-28,"Agency 106, Article 3",officer certification standards,law enforcement training commission,,"Security, Justice, and Corrections",1700000845,11,819,8,0,0,0,3,11.0,7.18,4.285714285714286,35.832116788321166
Kansas,2020-04-28,"Agency 106, Article 4",training school standards,law enforcement training commission,,"Security, Justice, and Corrections",1700000846,16,1029,15,0,0,0,1,33.0,7.01,6.451612903225806,40.09948717948718
Kansas,2020-04-28,"Agency 108, Article 1",eligibility requirements,state employees health care commission,,Health Services,1700000847,80,7766,76,1,0,0,3,32.0,7.93,22.82157676348548,34.05119780971937
Kansas,2020-04-28,"Agency 109, Article 1",definitions,board of emergency medical services,,Health Services,1700000848,14,2525,9,0,0,0,5,29.0,8.49,4.651162790697675,40.08103521425541
Kansas,2020-04-28,"Agency 109, Article 10",curricula,board of emergency medical services,,Health Services,1700000856,30,2118,27,0,0,0,3,21.0,7.56,3.96039603960396,40.87598528638991
Kansas,2020-04-28,"Agency 109, Article 11",course approvals,board of emergency medical services,,Health Services,1700000857,38,2089,34,0,0,0,4,21.0,7.79,10.526315789473683,41.03765465303927
Kansas,2020-04-28,"Agency 109, Article 14",do not resuscitate identifiers,board of emergency medical services,,Health Services,1700000858,1,191,0,0,0,0,1,23.0,6.05,12.5,37.16279069767442
Kansas,2020-04-28,"Agency 109, Article 15",certification,board of emergency medical services,,Health Services,1700000859,11,478,8,0,0,0,3,19.0,6.95,20.0,39.23980815347722
Kansas,2020-04-28,"Agency 109, Article 16",graduated sanctions,board of emergency medical services,,Health Services,1700000860,2,390,2,0,0,0,0,20.0,6.8,10.526315789473683,39.953216374269005
Kansas,2020-04-28,"Agency 109, Article 2",ambulance services permits and regulations,board of emergency medical services,,Health Services,1700000849,169,7020,159,0,0,1,9,24.0,8.65,8.680555555555555,35.91616114481257
Kansas,2020-04-28,"Agency 109, Article 3",standards for ambulance attendants first responders and drivers,board of emergency medical services,,Health Services,1700000850,7,1342,7,0,0,0,0,29.0,8.05,8.88888888888889,44.224489795918366
Kansas,2020-04-28,"Agency 109, Article 5",continuing education,board of emergency medical services,,Health Services,1700000851,33,2895,31,0,0,0,2,29.0,7.69,3.0303030303030303,37.656237778646855
Kansas,2020-04-28,"Agency 109, Article 6",temporary certification,board of emergency medical services,,Health Services,1700000852,11,478,8,0,0,0,3,19.0,6.95,20.0,39.23980815347722
Kansas,2020-04-28,"Agency 109, Article 7",fees,board of emergency medical services,,Health Services,1700000853,3,510,3,0,0,0,0,20.0,6.21,62.5,47.74545454545454
Kansas,2020-04-28,"Agency 109, Article 8",examinations,board of emergency medical services,,Health Services,1700000854,24,844,21,0,0,0,3,27.0,6.81,0.0,51.742599742599744
Kansas,2020-04-28,"Agency 109, Article 9",instructor coordinator,board of emergency medical services,,Health Services,1700000855,10,686,9,0,0,0,1,28.0,7.28,16.666666666666664,42.38279932546374
Kansas,2020-04-28,"Agency 10, Article 19",juvenile justice information system,kansas bureau of investigation,,"Security, Justice, and Corrections",1700000150,26,1242,22,0,0,0,4,14.0,7.42,5.617977528089887,34.42669172932331
Kansas,2020-04-28,"Agency 10, Article 20",missing persons unidentified deceased persons,kansas bureau of investigation,,"Security, Justice, and Corrections",1700000151,13,758,13,0,0,0,0,18.0,6.92,4.761904761904762,33.98701298701299
Kansas,2020-04-28,"Agency 10, Article 21",kansas bureau of investigation dna databank,kansas bureau of investigation,,"Security, Justice, and Corrections",1700000152,46,2306,42,0,0,0,4,19.0,7.74,9.166666666666666,34.09201307800093
Kansas,2020-04-28,"Agency 10, Article 22",field testing for controlled substances,kansas bureau of investigation,,"Security, Justice, and Corrections",1700000153,3,227,3,0,0,0,0,25.0,6.45,0.0,47.81725888324873
Kansas,2020-04-28,"Agency 10, Article 23",kansas asset seizure and forfeiture repository,kansas bureau of investigation,,"Security, Justice, and Corrections",1700000154,18,659,16,0,0,1,1,13.0,6.44,11.76470588235294,36.316139767054906
Kansas,2020-04-28,"Agency 110, Article 1",venture capital company certification,kansas department of commerce,,"Industry, Commerce, and Development",1700000861,17,698,12,0,0,0,5,24.0,7.26,14.285714285714285,35.34536891679749
Kansas,2020-04-28,"Agency 110, Article 10",low income housing tax credits,kansas department of commerce,,"Industry, Commerce, and Development",1700000869,2,269,2,0,0,0,0,45.0,6.57,0.0,38.652360515021456
Kansas,2020-04-28,"Agency 110, Article 11",kansas downtown redevelopment act,kansas department of commerce,,"Industry, Commerce, and Development",1700000870,10,725,10,0,0,0,0,18.0,7.24,7.5,40.82116244411326
Kansas,2020-04-28,"Agency 110, Article 13",rural business development tax credit program,kansas department of commerce,,"Industry, Commerce, and Development",1700000871,39,2135,39,0,0,0,0,15.0,7.91,5.755395683453238,38.72153846153847
Kansas,2020-04-28,"Agency 110, Article 13a",enterprise facilitation fund,kansas department of commerce,,"Industry, Commerce, and Development",1700000872,17,909,15,0,0,0,2,20.0,7.35,4.444444444444445,37.72824791418356
Kansas,2020-04-28,"Agency 110, Article 14",individual account program act,kansas department of commerce,,"Industry, Commerce, and Development",1700000873,6,231,6,0,0,0,0,10.0,5.74,4.545454545454546,35.26767676767677
Kansas,2020-04-28,"Agency 110, Article 15",kansas energy incentive act refinery and expanded refinery projects,kansas department of commerce,,"Industry, Commerce, and Development",1700000874,18,1102,14,0,0,0,4,16.0,7.61,8.823529411764707,34.73434343434344
Kansas,2020-04-28,"Agency 110, Article 16",kansas energy incentive act new qualifying pipeline projects,kansas department of commerce,,"Industry, Commerce, and Development",1700000875,19,1094,15,0,0,0,4,16.0,7.61,9.090909090909092,35.171399594320484
Kansas,2020-04-28,"Agency 110, Article 17",kansas energy incentive act integrated coal or coke gasification nitrogen fertilizer plants,kansas department of commerce,,"Industry, Commerce, and Development",1700000876,18,1150,14,0,0,0,4,16.0,7.59,10.144927536231885,35.63102119460501
Kansas,2020-04-28,"Agency 110, Article 18",kansas energy incentive act biomass to energy projects,kansas department of commerce,,"Industry, Commerce, and Development",1700000877,18,1077,14,0,0,0,4,15.0,7.54,8.695652173913043,34.09251559251559
Kansas,2020-04-28,"Agency 110, Article 19",kansas energy incentive act renewable electric cogeneration facility projects,kansas department of commerce,,"Industry, Commerce, and Development",1700000878,18,1083,14,0,0,0,4,17.0,7.63,9.836065573770492,37.32565130260521
Kansas,2020-04-28,"Agency 110, Article 2",local seed capital pool certification,kansas department of commerce,,"Industry, Commerce, and Development",1700000862,12,564,9,0,0,0,3,31.0,7.08,11.11111111111111,34.46407766990291
Kansas,2020-04-28,"Agency 110, Article 20",kansas energy incentive act storage and blending equipment projects,kansas department of commerce,,"Industry, Commerce, and Development",1700000879,17,1011,13,0,0,0,4,18.0,7.56,9.25925925925926,36.45192307692308
Kansas,2020-04-28,"Agency 110, Article 21",promoting employment across kansas peak program,kansas department of commerce,,"Industry, Commerce, and Development",1700000880,28,2185,27,0,0,0,1,23.0,7.88,15.217391304347828,35.47102897102897
Kansas,2020-04-28,"Agency 110, Article 22",student loan repayment program,kansas department of commerce,,"Industry, Commerce, and Development",1700000881,25,1487,24,0,0,0,1,14.0,7.33,12.5,37.36994660564454
Kansas,2020-04-28,"Agency 110, Article 3",kansas partnership fund program,kansas department of commerce,,"Industry, Commerce, and Development",1700000863,54,2477,51,1,0,1,1,21.0,7.99,14.6551724137931,35.85451433461703
Kansas,2020-04-28,"Agency 110, Article 4",investments in major projects and comprehensive training impact act,kansas department of commerce,,"Industry, Commerce, and Development",1700000864,22,2326,21,0,0,0,1,33.0,7.99,11.76470588235294,33.93655303030303
Kansas,2020-04-28,"Agency 110, Article 40",kansas export finance act,kansas department of commerce,,"Industry, Commerce, and Development",1700000882,45,1954,40,0,0,0,5,15.0,7.72,6.923076923076923,36.608793686584
Kansas,2020-04-28,"Agency 110, Article 5",kansas enterprise zone act,kansas department of commerce,,"Industry, Commerce, and Development",1700000865,14,1137,10,0,0,0,4,38.0,7.17,6.666666666666667,39.45070422535211
Kansas,2020-04-28,"Agency 110, Article 6",high performance incentive program,kansas department of commerce,,"Industry, Commerce, and Development",1700000866,64,3776,59,0,0,0,5,27.0,8.47,23.703703703703702,36.817853170189096
Kansas,2020-04-28,"Agency 110, Article 7",kansas community services program,kansas department of commerce,,"Industry, Commerce, and Development",1700000867,11,612,11,0,0,0,0,16.0,7.13,15.789473684210526,35.40892857142857
Kansas,2020-04-28,"Agency 110, Article 9",sales tax revenue bonds,kansas department of commerce,,"Industry, Commerce, and Development",1700000868,27,1915,22,0,0,0,5,15.0,7.87,9.6,33.22446555819477
Kansas,2020-04-28,"Agency 112, Article 10",animal health,kansas racing and gaming commission,,"Culture, Recreation, and the Arts",1700000890,204,9346,191,0,1,7,5,24.0,8.45,15.064935064935064,34.302423603793464
Kansas,2020-04-28,"Agency 112, Article 100",general provisions and definitions,kansas racing and gaming commission,,"Culture, Recreation, and the Arts",1700000899,14,671,13,0,0,0,1,12.0,6.82,1.818181818181818,39.14502529510961
Kansas,2020-04-28,"Agency 112, Article 101",facility manager certification,kansas racing and gaming commission,,"Culture, Recreation, and the Arts",1700000900,65,3281,56,0,0,1,8,21.0,7.99,4.487179487179487,38.3481875623545
Kansas,2020-04-28,"Agency 112, Article 102",gaming supplier and non gaming supplier certification,kansas racing and gaming commission,,"Culture, Recreation, and the Arts",1700000901,28,2086,26,0,0,0,2,19.0,7.69,5.714285714285714,37.45291951604419
Kansas,2020-04-28,"Agency 112, Article 103",employee licensing,kansas racing and gaming commission,,"Culture, Recreation, and the Arts",1700000902,37,2384,32,0,0,0,5,22.0,8.09,9.433962264150944,37.27063599458728
Kansas,2020-04-28,"Agency 112, Article 104",minimum internal control system,kansas racing and gaming commission,,"Culture, Recreation, and the Arts",1700000903,894,32915,781,1,0,3,109,34.0,9.12,19.93670886075949,35.10434700494192
Kansas,2020-04-28,"Agency 112, Article 105",security,kansas racing and gaming commission,,"Culture, Recreation, and the Arts",1700000904,120,6319,106,0,0,4,10,21.0,8.73,17.28813559322034,33.36358754027927
Kansas,2020-04-28,"Agency 112, Article 106",surveillance,kansas racing and gaming commission,,"Culture, Recreation, and the Arts",1700000905,69,2853,61,0,0,0,8,28.0,8.03,11.88118811881188,38.19706103993971
Kansas,2020-04-28,"Agency 112, Article 107",electronic gaming machines,kansas racing and gaming commission,,"Culture, Recreation, and the Arts",1700000906,367,15953,316,0,0,0,51,31.0,8.73,18.73767258382643,36.33186654406936
Kansas,2020-04-28,"Agency 112, Article 108",table games,kansas racing and gaming commission,,"Culture, Recreation, and the Arts",1700000907,792,23948,747,1,0,5,39,24.0,8.83,17.16269841269841,31.93940580277524
Kansas,2020-04-28,"Agency 112, Article 11",security and safety,kansas racing and gaming commission,,"Culture, Recreation, and the Arts",1700000891,120,6319,106,0,0,4,10,21.0,8.73,17.28813559322034,33.36358754027927
Kansas,2020-04-28,"Agency 112, Article 110",technical standards,kansas racing and gaming commission,,"Culture, Recreation, and the Arts",1700000908,182,6727,173,1,0,0,8,25.0,8.69,17.17557251908397,34.60476647472809
Kansas,2020-04-28,"Agency 112, Article 111",involuntary exclusions,kansas racing and gaming commission,,"Culture, Recreation, and the Arts",1700000909,24,1315,23,0,0,1,0,26.0,7.39,16.0,31.40868865647627
Kansas,2020-04-28,"Agency 112, Article 112",responsible gaming,kansas racing and gaming commission,,"Culture, Recreation, and the Arts",1700000910,56,2802,54,0,0,0,2,19.0,7.57,7.586206896551724,35.36286919831224
Kansas,2020-04-28,"Agency 112, Article 113",sanctions,kansas racing and gaming commission,,"Culture, Recreation, and the Arts",1700000911,7,609,7,0,0,0,0,38.0,7.14,6.25,38.82661996497373
Kansas,2020-04-28,"Agency 112, Article 114",rules of hearing,kansas racing and gaming commission,,"Culture, Recreation, and the Arts",1700000912,51,1909,47,0,0,0,4,17.0,7.64,14.15929203539823,34.48732394366197
Kansas,2020-04-28,"Agency 112, Article 12",kansas horse breeding development fund,kansas racing and gaming commission,,"Culture, Recreation, and the Arts",1700000892,72,3798,65,0,0,0,7,19.0,7.44,12.690355329949238,33.65841735410938
Kansas,2020-04-28,"Agency 112, Article 13",kansas whelped program,kansas racing and gaming commission,,"Culture, Recreation, and the Arts",1700000893,38,1621,38,0,0,0,0,23.0,7.51,7.142857142857142,36.42292225201072
Kansas,2020-04-28,"Agency 112, Article 14",harness racing rules,kansas racing and gaming commission,,"Culture, Recreation, and the Arts",1700000894,84,2825,81,0,0,2,1,21.0,7.99,27.40740740740741,25.40340909090909
Kansas,2020-04-28,"Agency 112, Article 15",award of research grants,kansas racing and gaming commission,,"Culture, Recreation, and the Arts",1700000895,23,1269,23,0,0,0,0,13.0,7.29,2.127659574468085,36.1953488372093
Kansas,2020-04-28,"Agency 112, Article 16",simplified hearing procedures,kansas racing and gaming commission,,"Culture, Recreation, and the Arts",1700000896,47,2751,44,0,0,0,3,13.0,7.6,8.585858585858585,30.75284210526316
Kansas,2020-04-28,"Agency 112, Article 17",fair association or horsemen s nonprofit organization,kansas racing and gaming commission,,"Culture, Recreation, and the Arts",1700000897,70,5389,57,1,0,0,12,15.0,8.11,7.780979827089338,35.66806282722513
Kansas,2020-04-28,"Agency 112, Article 18",simulcasting licenses,kansas racing and gaming commission,,"Culture, Recreation, and the Arts",1700000898,167,8103,151,1,1,0,14,23.0,8.43,16.857142857142858,33.87511838722771
Kansas,2020-04-28,"Agency 112, Article 3",application procedure,kansas racing and gaming commission,,"Culture, Recreation, and the Arts",1700000883,317,12034,275,2,0,0,40,26.0,8.72,11.013215859030836,36.25332978156633
Kansas,2020-04-28,"Agency 112, Article 4",occupation and concessionaire licenses,kansas racing and gaming commission,,"Culture, Recreation, and the Arts",1700000884,198,8667,158,0,0,7,33,17.0,8.43,9.876543209876544,34.65201757890532
Kansas,2020-04-28,"Agency 112, Article 5",race track officials,kansas racing and gaming commission,,"Culture, Recreation, and the Arts",1700000885,96,3061,93,0,0,1,2,19.0,7.97,13.664596273291924,32.19039208760155
Kansas,2020-04-28,"Agency 112, Article 6",race track officials,kansas racing and gaming commission,,"Culture, Recreation, and the Arts",1700000886,96,3061,93,0,0,1,2,19.0,7.97,13.664596273291924,32.19039208760155
Kansas,2020-04-28,"Agency 112, Article 7",rules for racing,kansas racing and gaming commission,,"Culture, Recreation, and the Arts",1700000887,265,9531,252,0,0,3,10,21.0,8.61,28.37837837837838,27.904066736183523
Kansas,2020-04-28,"Agency 112, Article 8",rules of racing,kansas racing and gaming commission,,"Culture, Recreation, and the Arts",1700000888,122,4020,122,0,0,0,0,19.0,7.88,22.92682926829269,29.56029684601113
Kansas,2020-04-28,"Agency 112, Article 9",parimutuel wagering,kansas racing and gaming commission,,"Culture, Recreation, and the Arts",1700000889,440,19736,423,7,0,8,2,26.0,7.81,54.41176470588235,30.623439258346284
Kansas,2020-04-28,"Agency 115, Article 1",definitions,kansas department of wildlife parks and tourism,,"Culture, Recreation, and the Arts",1700000913,9,1850,7,0,0,0,2,20.0,8.72,10.0,30.524956970740103
Kansas,2020-04-28,"Agency 115, Article 10",special surety bond,kansas department of wildlife parks and tourism,,"Culture, Recreation, and the Arts",1700000921,24,1077,20,0,0,0,4,12.0,6.73,3.614457831325301,30.791623036649213
Kansas,2020-04-28,"Agency 115, Article 11",controlled shooting areas,kansas department of wildlife parks and tourism,,"Culture, Recreation, and the Arts",1700000922,34,949,28,0,0,1,5,21.0,7.02,11.11111111111111,31.914383561643834
Kansas,2020-04-28,"Agency 115, Article 12",game breeders,kansas department of wildlife parks and tourism,,"Culture, Recreation, and the Arts",1700000923,8,275,6,0,0,0,2,17.0,6.54,6.25,30.93522267206478
Kansas,2020-04-28,"Agency 115, Article 13",training dogs and field trial events,kansas department of wildlife parks and tourism,,"Culture, Recreation, and the Arts",1700000924,90,3162,77,0,0,0,13,20.0,7.53,24.503311258278146,31.601496089765387
Kansas,2020-04-28,"Agency 115, Article 14",falconry,kansas department of wildlife parks and tourism,,"Culture, Recreation, and the Arts",1700000925,298,10095,268,0,0,6,24,27.0,8.41,23.387096774193548,34.07705707552003
Kansas,2020-04-28,"Agency 115, Article 15",nongame threatened and endangered species,kansas department of wildlife parks and tourism,,"Culture, Recreation, and the Arts",1700000926,65,3385,50,0,0,2,13,32.0,9.13,21.904761904761905,42.52567877003598
Kansas,2020-04-28,"Agency 115, Article 16",wildlife damage control,kansas department of wildlife parks and tourism,,"Culture, Recreation, and the Arts",1700000927,99,3807,84,0,0,0,15,23.0,8.08,30.303030303030305,33.12111801242236
Kansas,2020-04-28,"Agency 115, Article 17",wildlife commercial uses authorized,kansas department of wildlife parks and tourism,,"Culture, Recreation, and the Arts",1700000928,101,4577,95,0,0,1,5,18.0,8.25,12.903225806451612,32.58551010349926
Kansas,2020-04-28,"Agency 115, Article 18",special permits,kansas department of wildlife parks and tourism,,"Culture, Recreation, and the Arts",1700000929,191,7773,161,0,1,3,26,21.0,8.76,13.40782122905028,35.28533445284075
Kansas,2020-04-28,"Agency 115, Article 2",fees registrations and other charges,kansas department of wildlife parks and tourism,,"Culture, Recreation, and the Arts",1700000914,36,3181,28,1,0,0,7,37.0,7.64,5.128205128205128,34.7590717299578
Kansas,2020-04-28,"Agency 115, Article 20",miscellaneous regulations,kansas department of wildlife parks and tourism,,"Culture, Recreation, and the Arts",1700000930,109,3975,102,2,0,0,5,24.0,8.66,21.951219512195124,31.81827899518974
Kansas,2020-04-28,"Agency 115, Article 22",sport shooting ranges,kansas department of wildlife parks and tourism,,"Culture, Recreation, and the Arts",1700000931,0,160,0,0,0,0,0,16.0,5.61,0.0,44.14173228346457
Kansas,2020-04-28,"Agency 115, Article 3",smallgame,kansas department of wildlife parks and tourism,,"Culture, Recreation, and the Arts",1700000915,14,592,14,0,0,0,0,22.0,7.19,29.629629629629623,30.19694072657744
Kansas,2020-04-28,"Agency 115, Article 30",boating,kansas department of wildlife parks and tourism,,"Culture, Recreation, and the Arts",1700000932,105,3807,90,0,0,1,14,21.0,8.4,22.727272727272727,31.250866050808312
Kansas,2020-04-28,"Agency 115, Article 35",local government outdoor recreation grant program,kansas department of wildlife parks and tourism,,"Culture, Recreation, and the Arts",1700000933,3,262,3,0,0,0,0,17.0,6.58,0.0,40.58158995815899
Kansas,2020-04-28,"Agency 115, Article 4",big game,kansas department of wildlife parks and tourism,,"Culture, Recreation, and the Arts",1700000916,186,10955,181,0,0,0,5,33.0,8.33,29.003021148036257,29.38879688261081
Kansas,2020-04-28,"Agency 115, Article 40",agritourism,kansas department of wildlife parks and tourism,,"Culture, Recreation, and the Arts",1700000934,15,758,15,0,0,0,0,12.0,6.87,8.064516129032258,36.037593984962406
Kansas,2020-04-28,"Agency 115, Article 5",furbearers,kansas department of wildlife parks and tourism,,"Culture, Recreation, and the Arts",1700000917,28,1538,28,0,0,0,0,23.0,8.05,14.925373134328357,32.228813559322035
Kansas,2020-04-28,"Agency 115, Article 7",fish and frogs,kansas department of wildlife parks and tourism,,"Culture, Recreation, and the Arts",1700000918,102,3810,95,0,0,5,2,26.0,8.41,23.12925170068027,30.93226636181766
Kansas,2020-04-28,"Agency 115, Article 8",department lands and waters,kansas department of wildlife parks and tourism,,"Culture, Recreation, and the Arts",1700000919,139,5289,116,0,0,16,7,19.0,8.57,15.789473684210526,33.845265112440686
Kansas,2020-04-28,"Agency 115, Article 9",licenses permits stamps and other department issues,kansas department of wildlife parks and tourism,,"Culture, Recreation, and the Arts",1700000920,46,1891,37,0,0,0,9,15.0,7.6,4.132231404958678,34.15160349854227
Kansas,2020-04-28,"Agency 116, Article 1",cereal malt beverages,the kansas state fair board,,"Industry, Commerce, and Development",1700000935,5,361,5,0,0,0,0,17.0,6.26,14.285714285714285,31.63141993957704
Kansas,2020-04-28,"Agency 116, Article 2",fairgrounds,the kansas state fair board,,"Industry, Commerce, and Development",1700000936,1,66,1,0,0,0,0,11.0,5.44,33.33333333333333,30.846153846153847
Kansas,2020-04-28,"Agency 116, Article 3",soliciting and advertising,the kansas state fair board,,"Industry, Commerce, and Development",1700000937,6,277,4,0,0,2,0,20.0,6.52,7.142857142857142,35.28136882129277
Kansas,2020-04-28,"Agency 116, Article 4",tent camping,the kansas state fair board,,"Industry, Commerce, and Development",1700000938,2,239,2,0,0,0,0,16.0,6.06,13.333333333333334,30.678571428571427
Kansas,2020-04-28,"Agency 117, Article 1",definitions,real estate appraisal board,,Taxes and Public Finance,1700000939,1,453,1,0,0,0,0,20.0,7.0,0.0,43.6460396039604
Kansas,2020-04-28,"Agency 117, Article 10",inactive status,real estate appraisal board,,Taxes and Public Finance,1700000948,1,73,1,0,0,0,0,10.0,5.35,0.0,40.54838709677419
Kansas,2020-04-28,"Agency 117, Article 2",qualifications criteria residential real estate appraiser classification,real estate appraisal board,,Taxes and Public Finance,1700000940,53,2393,47,0,0,0,6,27.0,7.93,11.235955056179774,41.33978792070079
Kansas,2020-04-28,"Agency 117, Article 20",appraisal management company registration,real estate appraisal board,,Taxes and Public Finance,1700000949,15,834,14,0,0,0,1,12.0,6.96,0.0,35.91778774289985
Kansas,2020-04-28,"Agency 117, Article 3",qualifications criteria general appraiser classification,real estate appraisal board,,Taxes and Public Finance,1700000941,50,2588,43,0,0,0,7,29.0,7.91,11.235955056179774,41.16838046272493
Kansas,2020-04-28,"Agency 117, Article 4",qualifications criteria certified residential appraiser classification,real estate appraisal board,,Taxes and Public Finance,1700000942,50,2754,44,0,0,0,6,30.0,8.07,13.333333333333334,42.03953674121406
Kansas,2020-04-28,"Agency 117, Article 5",qualifications criteria provisional classification,real estate appraisal board,,Taxes and Public Finance,1700000943,22,1105,21,0,0,0,1,20.0,7.03,5.660377358490567,43.25432349949136
Kansas,2020-04-28,"Agency 117, Article 6",continuing education,real estate appraisal board,,Taxes and Public Finance,1700000944,56,2635,49,0,0,0,7,31.0,7.98,13.253012048192772,36.50481776288228
Kansas,2020-04-28,"Agency 117, Article 7",fees,real estate appraisal board,,Taxes and Public Finance,1700000945,10,286,10,0,0,0,0,35.0,6.14,37.5,30.67579908675799
Kansas,2020-04-28,"Agency 117, Article 8",uniform standards of professional appraisal practice,real estate appraisal board,,Taxes and Public Finance,1700000946,1,211,1,0,0,0,0,16.0,6.24,15.384615384615383,40.09444444444444
Kansas,2020-04-28,"Agency 117, Article 9",temporary practice,real estate appraisal board,,Taxes and Public Finance,1700000947,2,208,2,0,0,0,0,17.0,6.31,8.333333333333332,32.93333333333333
Kansas,2020-04-28,"Agency 118, Article 1",kansas state historical society deaccessioning act,state historical society,,"Culture, Recreation, and the Arts",1700000950,54,2005,53,0,0,0,1,21.0,7.91,13.541666666666666,41.38833420914346
Kansas,2020-04-28,"Agency 118, Article 2",removal of human remains and associated burial goods from the kansas state historical society collections act,state historical society,,"Culture, Recreation, and the Arts",1700000951,3,119,3,0,0,0,0,9.0,5.39,0.0,31.21212121212121
Kansas,2020-04-28,"Agency 118, Article 3",review of projects affecting historic properties and their environs,state historical society,,"Culture, Recreation, and the Arts",1700000952,60,3561,44,1,0,0,15,21.0,7.77,16.463414634146343,39.31311881188119
Kansas,2020-04-28,"Agency 118, Article 4",land survey reference reports,state historical society,,"Culture, Recreation, and the Arts",1700000953,15,748,14,0,0,0,1,18.0,6.86,20.51282051282051,32.105421686746986
Kansas,2020-04-28,"Agency 118, Article 5",state rehabilitation tax credit program,state historical society,,"Culture, Recreation, and the Arts",1700000954,113,3847,105,0,0,0,8,22.0,7.93,18.857142857142858,42.77511286681715
Kansas,2020-04-28,"Agency 11, Article 1",water resources cost share program,state conservation commission,,"Environmental Protection, Public Utilities, and Natural Resources",1700000155,66,2892,64,0,0,0,2,21.0,8.21,23.308270676691727,38.48233995584989
Kansas,2020-04-28,"Agency 11, Article 10",water rights purchase program,state conservation commission,,"Environmental Protection, Public Utilities, and Natural Resources",1700000162,31,1129,31,0,0,0,0,14.0,7.04,1.2987012987012987,31.846376811594205
Kansas,2020-04-28,"Agency 11, Article 12",water right transition assistance pilot project program,state conservation commission,,"Environmental Protection, Public Utilities, and Natural Resources",1700000163,49,2992,48,0,0,0,1,27.0,7.97,19.26605504587156,33.88900671615412
Kansas,2020-04-28,"Agency 11, Article 13",kansas sediment and nutrient reduction initiative,state conservation commission,,"Environmental Protection, Public Utilities, and Natural Resources",1700000164,19,1255,15,0,0,0,4,15.0,7.71,2.4390243902439024,36.57068062827225
Kansas,2020-04-28,"Agency 11, Article 3",watershed dam construction program,state conservation commission,,"Environmental Protection, Public Utilities, and Natural Resources",1700000156,46,2435,42,0,0,0,4,11.0,7.77,3.883495145631068,37.441570881226056
Kansas,2020-04-28,"Agency 11, Article 4",state grants for construction or renovation of multipurpose small lakes,state conservation commission,,"Environmental Protection, Public Utilities, and Natural Resources",1700000157,79,2705,70,0,0,0,9,13.0,7.72,4.615384615384616,35.76417910447761
Kansas,2020-04-28,"Agency 11, Article 6",water supply restoration program,state conservation commission,,"Environmental Protection, Public Utilities, and Natural Resources",1700000158,19,928,18,0,0,0,1,15.0,7.38,4.918032786885246,38.33096926713948
Kansas,2020-04-28,"Agency 11, Article 7",non point source pollution control fund,state conservation commission,,"Environmental Protection, Public Utilities, and Natural Resources",1700000159,102,4716,98,0,0,0,4,22.0,8.57,17.22488038277512,39.271706758304695
Kansas,2020-04-28,"Agency 11, Article 8",land reclamation program,state conservation commission,,"Environmental Protection, Public Utilities, and Natural Resources",1700000160,54,1948,50,0,0,0,4,19.0,7.75,17.82178217821782,32.84937712344281
Kansas,2020-04-28,"Agency 11, Article 9",kansas water quality buffer initiative,state conservation commission,,"Environmental Protection, Public Utilities, and Natural Resources",1700000161,21,1201,19,0,0,0,2,11.0,7.63,6.796116504854369,35.18282548476454
Kansas,2020-04-28,"Agency 121, Article 1",low income community development credit unions,department of credit unions,,"Banking, Insurance, and Securities",1700000955,11,1161,8,0,0,0,3,27.0,6.65,23.809523809523807,29.088372093023256
Kansas,2020-04-28,"Agency 121, Article 10",credit union annual audit requirements,department of credit unions,,"Banking, Insurance, and Securities",1700000964,9,465,6,0,0,0,3,27.0,6.59,5.88235294117647,36.29318181818182
Kansas,2020-04-28,"Agency 121, Article 11",merger of credit unions,department of credit unions,,"Banking, Insurance, and Securities",1700000965,22,1777,21,0,0,0,1,37.0,7.41,16.666666666666664,33.5885447106955
Kansas,2020-04-28,"Agency 121, Article 12",credit union branches,department of credit unions,,"Banking, Insurance, and Securities",1700000966,1,58,1,0,0,0,0,5.0,4.83,0.0,28.83333333333333
Kansas,2020-04-28,"Agency 121, Article 2",business recovery contingency planning,department of credit unions,,"Banking, Insurance, and Securities",1700000956,9,406,9,0,0,0,0,20.0,6.83,10.0,35.77023498694517
Kansas,2020-04-28,"Agency 121, Article 3",credit union services organization,department of credit unions,,"Banking, Insurance, and Securities",1700000957,21,1260,16,0,0,3,2,29.0,7.39,13.953488372093023,32.98921161825726
Kansas,2020-04-28,"Agency 121, Article 4",trust supervision,department of credit unions,,"Banking, Insurance, and Securities",1700000958,109,5555,103,0,0,3,3,30.0,8.14,26.08695652173913,34.137090773809526
Kansas,2020-04-28,"Agency 121, Article 5",credit union deteriorating condition,department of credit unions,,"Banking, Insurance, and Securities",1700000959,8,800,8,0,0,0,0,19.0,7.18,12.5,34.997014925373136
Kansas,2020-04-28,"Agency 121, Article 6",reporting place of business for credit unions,department of credit unions,,"Banking, Insurance, and Securities",1700000960,3,162,3,0,0,0,0,13.0,5.78,16.666666666666664,32.682758620689654
Kansas,2020-04-28,"Agency 121, Article 7",incidental powers of credit unions,department of credit unions,,"Banking, Insurance, and Securities",1700000961,2,144,2,0,0,0,0,20.0,5.56,14.285714285714285,31.42962962962963
Kansas,2020-04-28,"Agency 121, Article 8",credit union unsafe and unsound practices,department of credit unions,,"Banking, Insurance, and Securities",1700000962,1,184,1,0,0,0,0,30.0,5.98,0.0,35.11834319526627
Kansas,2020-04-28,"Agency 121, Article 9",foreign credit unions,department of credit unions,,"Banking, Insurance, and Securities",1700000963,3,351,3,0,0,0,0,38.0,6.25,33.33333333333333,33.39402985074627
Kansas,2020-04-28,"Agency 122, Article 1",definitions,pooled money investment board,,"Banking, Insurance, and Securities",1700000967,1,94,1,0,0,0,0,9.0,5.29,0.0,29.84931506849315
Kansas,2020-04-28,"Agency 122, Article 2",depository banks,pooled money investment board,,"Banking, Insurance, and Securities",1700000968,29,873,28,0,0,0,1,17.0,7.15,0.0,35.06463878326996
Kansas,2020-04-28,"Agency 122, Article 3",investment of state moneys,pooled money investment board,,"Banking, Insurance, and Securities",1700000969,36,1961,34,0,0,0,2,11.0,7.52,4.571428571428571,36.4524248004911
Kansas,2020-04-28,"Agency 122, Article 4",municipal investment pool,pooled money investment board,,"Banking, Insurance, and Securities",1700000970,6,188,6,0,0,0,0,14.0,6.0,0.0,36.2289156626506
Kansas,2020-04-28,"Agency 122, Article 5",investment accounts in qualified banks,pooled money investment board,,"Banking, Insurance, and Securities",1700000971,2,194,2,0,0,0,0,13.0,6.36,0.0,42.392405063291136
Kansas,2020-04-28,"Agency 123, Article 1",general administration,juvenile justice authority,,"Security, Justice, and Corrections",1700000972,5,343,4,0,0,0,1,13.0,6.55,12.0,38.99354838709677
Kansas,2020-04-28,"Agency 123, Article 12",offender conduct and penalties,juvenile justice authority,,"Security, Justice, and Corrections",1700000976,413,11862,383,0,0,22,8,14.0,8.43,8.886255924170616,33.77834241892266
Kansas,2020-04-28,"Agency 123, Article 13",offender disciplinary procedure,juvenile justice authority,,"Security, Justice, and Corrections",1700000977,331,11716,315,0,0,0,16,18.0,8.34,22.83464566929134,33.9271791099669
Kansas,2020-04-28,"Agency 123, Article 15",offender grievance procedure,juvenile justice authority,,"Security, Justice, and Corrections",1700000978,140,4978,133,0,0,1,6,20.0,8.14,19.35483870967742,35.13174536256324
Kansas,2020-04-28,"Agency 123, Article 16",offender injury and property claims,juvenile justice authority,,"Security, Justice, and Corrections",1700000979,11,334,9,0,0,0,2,13.0,6.3,20.833333333333336,32.33887043189369
Kansas,2020-04-28,"Agency 123, Article 17",community juvenile supervision,juvenile justice authority,,"Security, Justice, and Corrections",1700000980,3,172,3,0,0,0,0,21.0,5.54,0.0,48.70886075949367
Kansas,2020-04-28,"Agency 123, Article 2",facilities management,juvenile justice authority,,"Security, Justice, and Corrections",1700000973,19,1399,18,0,0,0,1,18.0,7.89,9.58904109589041,36.01050080775444
Kansas,2020-04-28,"Agency 123, Article 5",offender management,juvenile justice authority,,"Security, Justice, and Corrections",1700000974,84,3147,80,0,0,4,0,23.0,8.21,39.849624060150376,35.9877847474414
Kansas,2020-04-28,"Agency 123, Article 6",good time credits and sentence computation,juvenile justice authority,,"Security, Justice, and Corrections",1700000975,36,1920,34,0,0,0,2,20.0,7.39,22.82608695652174,31.24004550625711
Kansas,2020-04-28,"Agency 124, Article 1",child deaths,child death review board,,Health Services,1700000981,21,816,21,0,0,0,0,19.0,6.9,4.761904761904762,34.494897959183675
Kansas,2020-04-28,"Agency 125, Article 1",kansas agriculture remediation reimbursement program,kansas agricultural remediation board,,"Industry, Commerce, and Development",1700000982,33,2494,27,0,0,0,6,26.0,8.09,31.18279569892473,37.35941530524506
Kansas,2020-04-28,"Agency 126, Article 1",unmarked burial sites,unmarked burial sites preservation board,,"Culture, Recreation, and the Arts",1700000983,13,913,11,0,0,0,2,36.0,7.45,24.0,36.4363425925926
Kansas,2020-04-28,"Agency 127, Article 1",dwellings constructed with public financial assistance accessibility standards,kansas housing resources corporation,,"Industry, Commerce, and Development",1700000984,10,418,10,0,0,0,0,20.0,6.75,9.523809523809524,40.78841309823677
Kansas,2020-04-28,"Agency 127, Article 2",kansas manufactured housing installation,kansas housing resources corporation,,"Industry, Commerce, and Development",1700000985,12,829,10,0,0,0,2,25.0,7.27,29.03225806451613,36.97229916897507
Kansas,2020-04-28,"Agency 128, Article 1",definitions,department of commerce kansas athletic commission,,"Culture, Recreation, and the Arts",1700000986,13,1650,9,2,0,0,2,19.0,7.95,5.88235294117647,32.229892336922106
Kansas,2020-04-28,"Agency 128, Article 2",licenses and permits,department of commerce kansas athletic commission,,"Culture, Recreation, and the Arts",1700000987,111,4211,92,0,0,9,10,18.0,7.97,12.612612612612612,34.97749196141479
Kansas,2020-04-28,"Agency 128, Article 3",tickets and fees,department of commerce kansas athletic commission,,"Culture, Recreation, and the Arts",1700000988,29,889,26,0,0,0,3,27.0,7.03,30.303030303030305,29.78114086146682
Kansas,2020-04-28,"Agency 128, Article 4",officials and licensees and their responsibilities,department of commerce kansas athletic commission,,"Culture, Recreation, and the Arts",1700000989,202,5704,190,1,0,2,9,20.0,8.33,19.649122807017545,32.43325265313722
Kansas,2020-04-28,"Agency 128, Article 4a",inspectors and their responsibilities,department of commerce kansas athletic commission,,"Culture, Recreation, and the Arts",1700000990,16,517,15,0,0,1,0,21.0,6.74,12.5,32.77777777777778
Kansas,2020-04-28,"Agency 128, Article 5",facility and equipment requirements for professional boxing professional kickboxing professional full contact karate professional mixed martial arts amateur mixed martial arts and amateur sanctioning organizations,department of commerce kansas athletic commission,,"Culture, Recreation, and the Arts",1700000991,64,1805,63,0,0,0,1,22.0,7.8,16.25,30.032748538011692
Kansas,2020-04-28,"Agency 128, Article 6",rules of conduct and equipment requirements for professional boxing professional kickboxing professional full contact karate and professional mixed martial arts,department of commerce kansas athletic commission,,"Culture, Recreation, and the Arts",1700000992,448,14972,439,3,0,0,6,28.0,8.55,46.02587800369686,30.26801253045597
Kansas,2020-04-28,"Agency 129, Article 1",definitions,kansas department of health and environment division of health care finance,,Health Services,1700000993,0,304,0,0,0,0,0,20.0,6.55,6.666666666666667,37.55072463768116
Kansas,2020-04-28,"Agency 129, Article 10",adult care home program,kansas department of health and environment division of health care finance,,Health Services,1700000998,346,13340,320,1,0,0,25,25.0,9.05,17.669172932330827,33.72471381527364
Kansas,2020-04-28,"Agency 129, Article 14",children s health insurance program,kansas department of health and environment division of health care finance,,Health Services,1700000999,122,6316,114,0,0,0,8,21.0,8.65,14.0893470790378,34.53960396039604
Kansas,2020-04-28,"Agency 129, Article 2",general,kansas department of health and environment division of health care finance,,Health Services,1700000994,3,237,2,0,0,0,1,18.0,6.4,15.384615384615383,35.691542288557216
Kansas,2020-04-28,"Agency 129, Article 5",provider participation scope of services and reimbursements for the medicaid medical assistance program,kansas department of health and environment division of health care finance,,Health Services,1700000995,182,8723,175,0,0,0,7,24.0,9.35,19.28374655647383,39.361828289067326
Kansas,2020-04-28,"Agency 129, Article 6",medical assistance program clients eligibility for participation,kansas department of health and environment division of health care finance,,Health Services,1700000996,592,28805,574,0,0,1,17,24.0,9.03,24.317406143344712,34.411989844253284
Kansas,2020-04-28,"Agency 129, Article 7",appeals fair hearings and taf ga disqualification hearings,kansas department of health and environment division of health care finance,,Health Services,1700000997,8,555,6,0,0,0,2,24.0,7.09,26.08695652173913,35.310940499040306
Kansas,2020-04-28,"Agency 12, Article 1",general provisions,agricultural labor relations board,,"Environmental Protection, Public Utilities, and Natural Resources",1700000165,14,461,13,0,0,0,1,15.0,6.68,27.58620689655172,30.09090909090909
Kansas,2020-04-28,"Agency 12, Article 2",procedure,agricultural labor relations board,,"Environmental Protection, Public Utilities, and Natural Resources",1700000166,131,4385,120,0,0,5,6,17.0,8.1,14.919354838709678,30.629995185363505
Kansas,2020-04-28,"Agency 130, Article 1",registration renewal and examination,livestock brand commissioner,,"Industry, Commerce, and Development",1700001000,24,1244,13,0,0,0,11,19.0,7.12,0.0,38.62707182320442
Kansas,2020-04-28,"Agency 130, Article 2",fees,livestock brand commissioner,,"Industry, Commerce, and Development",1700001001,1,170,1,0,0,0,0,18.0,5.9,0.0,44.074380165289256
Kansas,2020-04-28,"Agency 130, Article 3",education programs,livestock brand commissioner,,"Industry, Commerce, and Development",1700001002,16,868,15,0,0,0,1,37.0,7.55,17.391304347826086,36.53094059405941
Kansas,2020-04-28,"Agency 130, Article 4",code of ethics and standards of practice,livestock brand commissioner,,"Industry, Commerce, and Development",1700001003,2,123,2,0,0,0,0,9.0,5.51,0.0,38.07446808510638
Kansas,2020-04-28,"Agency 130, Article 5",continuing education,livestock brand commissioner,,"Industry, Commerce, and Development",1700001004,15,463,12,0,0,0,3,17.0,6.47,0.0,37.023866348448685
Kansas,2020-04-28,"Agency 131, Article 1",definitions,committee on surety bonds and insurance,,"Banking, Insurance, and Securities",1700001005,3,190,2,0,0,0,1,10.0,5.56,5.88235294117647,27.98181818181818
Kansas,2020-04-28,"Agency 132, Article 1",fees,911 coordinating council,,"Security, Justice, and Corrections",1700001006,1,52,1,0,0,0,0,5.0,4.65,0.0,26.5
Kansas,2020-04-28,"Agency 132, Article 2",local collection point administrator requirements,911 coordinating council,,"Security, Justice, and Corrections",1700001007,7,369,6,0,0,0,1,19.0,6.71,10.526315789473683,39.45588235294117
Kansas,2020-04-28,"Agency 132, Article 3",grant funds,911 coordinating council,,"Security, Justice, and Corrections",1700001008,2,293,2,0,0,0,0,15.0,6.64,5.263157894736842,37.63453815261044
Kansas,2020-04-28,"Agency 132, Article 4",penalties,911 coordinating council,,"Security, Justice, and Corrections",1700001009,11,507,8,0,0,0,3,18.0,6.07,7.142857142857142,32.62888888888889
Kansas,2020-04-28,"Agency 133, Article 1",general procedures concerning parties,office of administrative hearings,,Administration,1700001010,17,1459,15,0,0,0,2,22.0,7.42,12.12121212121212,33.24120234604106
Kansas,2020-04-28,"Agency 14, Article 10",trade practices,kansas department of revenue division of alcoholic beverage control,,"Industry, Commerce, and Development",1700000171,17,1427,15,0,0,1,1,21.0,7.91,6.25,33.60414937759336
Kansas,2020-04-28,"Agency 14, Article 11",farm wineries,kansas department of revenue division of alcoholic beverage control,,"Industry, Commerce, and Development",1700000172,88,3927,75,0,0,4,9,16.0,7.65,3.6885245901639343,29.70157938487116
Kansas,2020-04-28,"Agency 14, Article 13",retail liquor dealer,kansas department of revenue division of alcoholic beverage control,,"Industry, Commerce, and Development",1700000173,131,7443,107,0,0,3,21,23.0,8.48,12.82051282051282,31.55049992754673
Kansas,2020-04-28,"Agency 14, Article 14",manufacturers distributors nonbeverage users farm wineries microbreweries,kansas department of revenue division of alcoholic beverage control,,"Industry, Commerce, and Development",1700000174,132,6338,117,0,0,2,13,25.0,8.47,14.173228346456693,33.771578768865524
Kansas,2020-04-28,"Agency 14, Article 15",beer and cereal malt beverage keg registration,kansas department of revenue division of alcoholic beverage control,,"Industry, Commerce, and Development",1700000175,22,869,20,0,0,0,2,27.0,6.9,25.0,33.31719128329298
Kansas,2020-04-28,"Agency 14, Article 16",licenses suspension and revocation,kansas department of revenue division of alcoholic beverage control,,"Industry, Commerce, and Development",1700000176,21,1609,19,0,0,0,2,11.0,7.35,6.428571428571428,30.18451519536903
Kansas,2020-04-28,"Agency 14, Article 17",miscellaneous,kansas department of revenue division of alcoholic beverage control,,"Industry, Commerce, and Development",1700000177,25,1027,21,0,0,0,4,18.0,7.56,14.285714285714285,32.0343716433942
Kansas,2020-04-28,"Agency 14, Article 19",class a clubs,kansas department of revenue division of alcoholic beverage control,,"Industry, Commerce, and Development",1700000178,156,8013,144,1,0,2,9,19.0,8.52,9.63855421686747,30.80791889299904
Kansas,2020-04-28,"Agency 14, Article 21",drinking establishments,kansas department of revenue division of alcoholic beverage control,,"Industry, Commerce, and Development",1700000179,142,7037,130,1,0,1,10,19.0,8.44,11.6991643454039,33.118813427010146
Kansas,2020-04-28,"Agency 14, Article 22",caterer,kansas department of revenue division of alcoholic beverage control,,"Industry, Commerce, and Development",1700000180,99,5000,80,0,0,4,15,18.0,8.3,7.9422382671480145,30.69310035842294
Kansas,2020-04-28,"Agency 14, Article 23",temporary permits,kansas department of revenue division of alcoholic beverage control,,"Industry, Commerce, and Development",1700000181,49,3637,42,0,0,1,6,19.0,7.98,7.894736842105263,30.01939655172414
Kansas,2020-04-28,"Agency 14, Article 25",off premises cereal malt beverage retailers,kansas department of revenue division of alcoholic beverage control,,"Industry, Commerce, and Development",1700000182,52,2638,45,0,0,1,6,28.0,7.56,15.789473684210526,31.261979575805185
Kansas,2020-04-28,"Agency 14, Article 26",on premises cereal malt beverage retailers,kansas department of revenue division of alcoholic beverage control,,"Industry, Commerce, and Development",1700000183,33,1809,28,0,0,1,4,20.0,7.49,12.087912087912088,31.836854460093896
Kansas,2020-04-28,"Agency 14, Article 5",transportation carriers and storage,kansas department of revenue division of alcoholic beverage control,,"Industry, Commerce, and Development",1700000167,15,835,14,0,0,0,1,17.0,6.62,10.638297872340424,31.25170068027211
Kansas,2020-04-28,"Agency 14, Article 6",containers and labels,kansas department of revenue division of alcoholic beverage control,,"Industry, Commerce, and Development",1700000168,35,1240,31,0,0,1,3,24.0,7.6,19.230769230769237,34.09495295124037
Kansas,2020-04-28,"Agency 14, Article 7",tax and tax stamps crowns and lids,kansas department of revenue division of alcoholic beverage control,,"Industry, Commerce, and Development",1700000169,52,1559,42,4,1,0,5,20.0,7.63,9.090909090909092,32.329624478442284
Kansas,2020-04-28,"Agency 14, Article 8",advertising,kansas department of revenue division of alcoholic beverage control,,"Industry, Commerce, and Development",1700000170,10,560,8,0,0,2,0,12.0,6.78,6.8181818181818175,35.16888888888889
Kansas,2020-04-28,"Agency 16, Article 1",private detectives and agencies,attorney general,,"Security, Justice, and Corrections",1700000184,2,235,2,0,0,0,0,8.0,5.87,0.0,31.43636363636364
Kansas,2020-04-28,"Agency 16, Article 10",child rape protection,attorney general,,"Security, Justice, and Corrections",1700000191,8,628,8,0,0,0,0,19.0,7.05,15.625,31.600358422939067
Kansas,2020-04-28,"Agency 16, Article 11",personal and family protection act,attorney general,,"Security, Justice, and Corrections",1700000192,56,3896,51,0,0,1,4,25.0,8.3,15.89403973509934,33.766837899543376
Kansas,2020-04-28,"Agency 16, Article 12",batterer intervention program requirements and certification,attorney general,,"Security, Justice, and Corrections",1700000193,54,5222,38,0,0,0,16,38.0,8.5,16.911764705882355,40.64316905801622
Kansas,2020-04-28,"Agency 16, Article 13",open carry signs,attorney general,,"Security, Justice, and Corrections",1700000194,24,801,17,0,0,7,0,30.0,7.03,30.76923076923077,28.790257104194858
Kansas,2020-04-28,"Agency 16, Article 14",scrap metal dealers registration and hearing procedure,attorney general,,"Security, Justice, and Corrections",1700000195,73,2637,63,0,0,0,10,15.0,6.89,10.465116279069768,29.15915915915916
Kansas,2020-04-28,"Agency 16, Article 15",bail enforcement agent licensing,attorney general,,"Security, Justice, and Corrections",1700000196,45,1627,34,0,0,0,11,22.0,7.62,24.65753424657534,35.774609640190086
Kansas,2020-04-28,"Agency 16, Article 16",skill development training course,attorney general,,"Security, Justice, and Corrections",1700000197,13,547,12,0,0,0,1,20.0,6.59,3.7037037037037033,39.33858267716536
Kansas,2020-04-28,"Agency 16, Article 17",commercial driver s license training in human trafficking identification and prevention,attorney general,,"Security, Justice, and Corrections",1700000198,7,355,7,0,0,0,0,20.0,6.27,5.88235294117647,35.68263473053892
Kansas,2020-04-28,"Agency 16, Article 18",elder and dependent adult abuse prevention council,attorney general,,"Security, Justice, and Corrections",1700000199,19,800,19,0,0,0,0,26.0,7.09,0.0,38.470666666666666
Kansas,2020-04-28,"Agency 16, Article 19",victim information and notification everyday advisory board,attorney general,,"Security, Justice, and Corrections",1700000200,10,445,10,0,0,0,0,19.0,6.79,4.3478260869565215,36.69711538461539
Kansas,2020-04-28,"Agency 16, Article 2",definitions,attorney general,,"Security, Justice, and Corrections",1700000185,1,286,1,0,0,0,0,20.0,6.43,14.285714285714285,35.1764705882353
Kansas,2020-04-28,"Agency 16, Article 20",kansas open meetings act,attorney general,,"Security, Justice, and Corrections",1700000201,8,1201,6,0,0,0,2,45.0,7.26,,33.272968197879855
Kansas,2020-04-28,"Agency 16, Article 3",applications for private detective license,attorney general,,"Security, Justice, and Corrections",1700000186,16,629,13,0,0,1,2,15.0,6.79,2.5,35.497373029772326
Kansas,2020-04-28,"Agency 16, Article 4",continuing education,attorney general,,"Security, Justice, and Corrections",1700000187,20,975,17,0,0,0,3,20.0,7.27,12.244897959183673,40.56103023516238
Kansas,2020-04-28,"Agency 16, Article 5",firearm trainers,attorney general,,"Security, Justice, and Corrections",1700000188,23,1129,23,0,0,0,0,30.0,7.5,10.81081081081081,36.43222748815166
Kansas,2020-04-28,"Agency 16, Article 6",firearm permits,attorney general,,"Security, Justice, and Corrections",1700000189,9,634,8,0,0,0,1,17.0,6.7,13.88888888888889,31.98003629764065
Kansas,2020-04-28,"Agency 16, Article 8",roofing contractors,attorney general,,"Security, Justice, and Corrections",1700000190,22,1659,22,0,0,0,0,23.0,7.45,20.0,38.15803814713897
Kansas,2020-04-28,"Agency 17, Article 1",definitions,office of the state bank commissioner,,"Banking, Insurance, and Securities",1700000202,0,41,0,0,0,0,0,5.0,4.57,0.0,41.41379310344828
Kansas,2020-04-28,"Agency 17, Article 11",documentation requirements,office of the state bank commissioner,,"Banking, Insurance, and Securities",1700000205,40,1970,35,0,0,0,5,18.0,7.78,13.761467889908255,30.52057971014493
Kansas,2020-04-28,"Agency 17, Article 12",transactions,office of the state bank commissioner,,"Banking, Insurance, and Securities",1700000206,5,207,5,0,0,0,0,12.0,5.93,5.88235294117647,30.439306358381504
Kansas,2020-04-28,"Agency 17, Article 14",deposit of public funds revenue bond approval,office of the state bank commissioner,,"Banking, Insurance, and Securities",1700000207,12,394,11,0,0,0,1,22.0,6.87,23.52941176470588,28.47645429362881
Kansas,2020-04-28,"Agency 17, Article 15",records,office of the state bank commissioner,,"Banking, Insurance, and Securities",1700000208,1,2247,1,0,0,0,0,93.0,7.63,,42.0989898989899
Kansas,2020-04-28,"Agency 17, Article 16",charter applications,office of the state bank commissioner,,"Banking, Insurance, and Securities",1700000209,12,835,10,0,0,0,2,22.0,7.14,13.513513513513514,32.44704264099037
Kansas,2020-04-28,"Agency 17, Article 17",financial futures contracts,office of the state bank commissioner,,"Banking, Insurance, and Securities",1700000210,19,1178,18,0,0,0,1,14.0,7.1,3.658536585365853,35.26012145748988
Kansas,2020-04-28,"Agency 17, Article 19",bank subsidiaries engaged in securities activities,office of the state bank commissioner,,"Banking, Insurance, and Securities",1700000211,20,796,17,0,0,0,3,19.0,6.99,2.4390243902439024,38.88651535380507
Kansas,2020-04-28,"Agency 17, Article 20",employment,office of the state bank commissioner,,"Banking, Insurance, and Securities",1700000212,7,199,6,0,0,0,1,15.0,6.16,15.384615384615383,37.94210526315789
Kansas,2020-04-28,"Agency 17, Article 21",bank holding companies application for the acquisition of a kansas bank or bank holding company,office of the state bank commissioner,,"Banking, Insurance, and Securities",1700000213,18,1043,15,0,0,0,3,11.0,6.74,7.777777777777778,33.82306830907055
Kansas,2020-04-28,"Agency 17, Article 22",application fees,office of the state bank commissioner,,"Banking, Insurance, and Securities",1700000214,4,456,3,0,0,0,1,22.0,6.73,10.526315789473683,35.0404984423676
Kansas,2020-04-28,"Agency 17, Article 23",trust supervision,office of the state bank commissioner,,"Banking, Insurance, and Securities",1700000215,134,8067,124,0,0,4,6,27.0,8.5,20.40816326530612,32.64528400892037
Kansas,2020-04-28,"Agency 17, Article 24",mortgage business,office of the state bank commissioner,,"Banking, Insurance, and Securities",1700000216,42,2488,31,0,0,0,11,27.0,8.31,8.98876404494382,35.23784024988844
Kansas,2020-04-28,"Agency 17, Article 25",credit services organizations,office of the state bank commissioner,,"Banking, Insurance, and Securities",1700000217,1,90,1,0,0,0,0,10.0,5.56,12.5,39.945205479452056
Kansas,2020-04-28,"Agency 17, Article 8",financial modernization,office of the state bank commissioner,,"Banking, Insurance, and Securities",1700000203,3,356,3,0,0,0,0,29.0,6.31,41.66666666666667,35.88358208955224
Kansas,2020-04-28,"Agency 17, Article 9",investment securities,office of the state bank commissioner,,"Banking, Insurance, and Securities",1700000204,15,1030,14,0,0,1,0,12.0,6.81,8.536585365853659,34.71507760532151
Kansas,2020-04-28,"Agency 18, Article 1",employee service awards,employee award board,,Labor and Workforce Development,1700000218,11,336,11,0,0,0,0,16.0,6.22,4.761904761904762,33.338815789473685
Kansas,2020-04-28,"Agency 18, Article 2",employee suggestion awards,employee award board,,Labor and Workforce Development,1700000219,15,959,15,0,0,0,0,17.0,7.21,17.857142857142858,38.73067915690866
Kansas,2020-04-28,"Agency 19, Article 1",general provisions,governmental ethics commission,,Administration,1700000220,34,2032,29,1,0,0,4,16.0,7.92,17.1875,34.024900962082626
Kansas,2020-04-28,"Agency 19, Article 2",advisory opinion requests,governmental ethics commission,,Administration,1700000221,5,239,5,0,0,0,0,14.0,6.35,18.75,30.52
Kansas,2020-04-28,"Agency 19, Article 20",campaign finance act general provisions,governmental ethics commission,,Administration,1700000230,19,991,16,0,0,0,3,18.0,7.31,25.925925925925924,37.761634506242906
Kansas,2020-04-28,"Agency 19, Article 21",candidates and committees,governmental ethics commission,,Administration,1700000231,14,1617,12,0,0,0,2,19.0,7.41,10.714285714285714,36.43824982357093
Kansas,2020-04-28,"Agency 19, Article 22",contributions and other receipts,governmental ethics commission,,Administration,1700000232,5,274,5,0,0,0,0,13.0,6.31,4.761904761904762,37.33624454148472
Kansas,2020-04-28,"Agency 19, Article 23",expenditures and other disbursements,governmental ethics commission,,Administration,1700000233,3,207,3,0,0,0,0,13.0,6.17,6.25,42.84905660377358
Kansas,2020-04-28,"Agency 19, Article 24",in kind contributions,governmental ethics commission,,Administration,1700000234,5,933,5,0,0,0,0,16.0,7.01,14.035087719298245,37.06367041198502
Kansas,2020-04-28,"Agency 19, Article 25",testimonial events and other political events,governmental ethics commission,,Administration,1700000235,1,396,1,0,0,0,0,18.0,6.33,57.14285714285714,31.345821325648416
Kansas,2020-04-28,"Agency 19, Article 26",receiving contributions and making expenditures,governmental ethics commission,,Administration,1700000236,6,353,2,1,0,0,3,22.0,6.37,12.5,33.99013157894737
Kansas,2020-04-28,"Agency 19, Article 27",accounts and records,governmental ethics commission,,Administration,1700000237,31,1342,25,0,0,0,6,23.0,7.44,12.06896551724138,34.1010951979781
Kansas,2020-04-28,"Agency 19, Article 28",reporting periods and election periods,governmental ethics commission,,Administration,1700000238,4,308,4,0,0,0,0,19.0,6.2,6.25,35.05243445692884
Kansas,2020-04-28,"Agency 19, Article 29",receipts and expenditures report,governmental ethics commission,,Administration,1700000239,77,2278,61,0,2,0,14,18.0,7.78,15.07936507936508,34.73873873873874
Kansas,2020-04-28,"Agency 19, Article 3",investigations,governmental ethics commission,,Administration,1700000222,12,497,7,0,0,0,5,18.0,6.72,11.11111111111111,35.22327790973872
Kansas,2020-04-28,"Agency 19, Article 4",noncompliance with filing provisions,governmental ethics commission,,Administration,1700000223,18,731,15,0,0,0,3,19.0,7.01,10.526315789473683,31.89280245022971
Kansas,2020-04-28,"Agency 19, Article 40",state conflict of interest provisions,governmental ethics commission,,Administration,1700000240,7,960,6,0,0,1,0,17.0,7.64,16.071428571428573,31.294520547945204
Kansas,2020-04-28,"Agency 19, Article 41",statement of substantial interests,governmental ethics commission,,Administration,1700000241,32,1284,23,0,1,0,8,15.0,7.72,7.228915662650602,33.5621301775148
Kansas,2020-04-28,"Agency 19, Article 42",representation case disclosure statements,governmental ethics commission,,Administration,1700000242,9,436,9,0,0,0,0,18.0,6.5,8.695652173913043,35.628865979381445
Kansas,2020-04-28,"Agency 19, Article 4a",civil penalty assessment,governmental ethics commission,,Administration,1700000224,3,247,3,0,0,0,0,22.0,6.44,18.181818181818183,29.464601769911503
Kansas,2020-04-28,"Agency 19, Article 5",complaints,governmental ethics commission,,Administration,1700000225,30,1120,29,0,0,0,1,14.0,7.08,14.473684210526317,34.46004319654428
Kansas,2020-04-28,"Agency 19, Article 6",disclosure and confidential procedures,governmental ethics commission,,Administration,1700000226,11,549,9,0,0,0,2,15.0,6.96,5.555555555555555,35.82251082251082
Kansas,2020-04-28,"Agency 19, Article 60",lobbying regulation provisions,governmental ethics commission,,Administration,1700000243,19,1279,18,0,0,0,1,32.0,7.75,20.0,36.86761032472939
Kansas,2020-04-28,"Agency 19, Article 61",lobbying,governmental ethics commission,,Administration,1700000244,19,1279,18,0,0,0,1,32.0,7.75,20.0,36.86761032472939
Kansas,2020-04-28,"Agency 19, Article 62",lobbyist registration,governmental ethics commission,,Administration,1700000245,19,602,12,3,0,0,4,16.0,6.96,25.0,36.20036429872496
Kansas,2020-04-28,"Agency 19, Article 63",lobbyist reporting provisions,governmental ethics commission,,Administration,1700000246,17,931,15,0,0,0,2,20.0,7.31,19.565217391304348,38.2433734939759
Kansas,2020-04-28,"Agency 19, Article 7",proceedings,governmental ethics commission,,Administration,1700000227,70,3234,69,0,0,0,1,16.0,8.01,18.181818181818183,33.40076203671632
Kansas,2020-04-28,"Agency 19, Article 8",action subsequent to final report,governmental ethics commission,,Administration,1700000228,5,231,3,0,0,0,2,14.0,6.25,12.5,39.02051282051282
Kansas,2020-04-28,"Agency 19, Article 9",maintenance of public records,governmental ethics commission,,Administration,1700000229,4,169,3,0,0,0,1,16.0,6.08,0.0,29.21232876712329
Kansas,2020-04-28,"Agency 1, Article 1",purpose adoption and amendment of regulations personnel policies,department of administration,,Administration,1700000001,18,723,17,0,0,0,1,22.0,7.16,0.0,38.69298245614035
Kansas,2020-04-28,"Agency 1, Article 11",nondisciplinary termination,department of administration,,Administration,1700000010,5,249,3,0,0,0,2,17.0,6.38,14.285714285714285,35.32888888888889
Kansas,2020-04-28,"Agency 1, Article 12",grievances and appeals,department of administration,,Administration,1700000011,11,332,11,0,0,0,0,13.0,6.07,0.0,30.683168316831683
Kansas,2020-04-28,"Agency 1, Article 13",records reports research and evaluation of personnel system,department of administration,,Administration,1700000012,12,714,12,0,0,0,0,23.0,7.09,16.129032258064516,38.09216589861751
Kansas,2020-04-28,"Agency 1, Article 14",layoff procedures and alternatives to layoff,department of administration,,Administration,1700000013,88,3384,80,1,0,0,7,24.0,7.93,30.656934306569344,32.28405158854986
Kansas,2020-04-28,"Agency 1, Article 16",travel reimbursement,department of administration,,Administration,1700000014,106,5901,91,3,0,1,11,19.0,8.3,21.782178217821784,35.36304138594803
Kansas,2020-04-28,"Agency 1, Article 17",use of state owned or operated motor vehicles on official state business,department of administration,,Administration,1700000015,97,3910,84,1,0,2,10,18.0,7.95,17.703349282296653,31.46961170512099
Kansas,2020-04-28,"Agency 1, Article 18",maximum allowance for mileage for use of a privately owned conveyance for public purposes,department of administration,,Administration,1700000016,7,752,6,0,0,0,1,24.0,6.95,19.35483870967742,30.742105263157896
Kansas,2020-04-28,"Agency 1, Article 19",housing food service and other employee maintenance,department of administration,,Administration,1700000017,67,3354,53,4,2,0,8,21.0,8.32,19.745222929936308,33.64720812182741
Kansas,2020-04-28,"Agency 1, Article 2",definitions,department of administration,,Administration,1700000002,48,3867,40,2,0,0,6,9.0,7.47,1.3020833333333337,33.03260515161396
Kansas,2020-04-28,"Agency 1, Article 21",united states savings bond deduction program,department of administration,,Administration,1700000018,15,906,15,0,0,0,0,15.0,7.2,3.508771929824561,36.37696335078534
Kansas,2020-04-28,"Agency 1, Article 23",state vanpool program,department of administration,,Administration,1700000019,65,2111,57,1,0,2,5,16.0,7.87,10.07751937984496,33.6413612565445
Kansas,2020-04-28,"Agency 1, Article 24",payroll deductions for charitable contributions,department of administration,,Administration,1700000020,13,464,11,0,0,2,0,12.0,6.65,5.405405405405405,36.27832512315271
Kansas,2020-04-28,"Agency 1, Article 26",write off of accounts receivable by state agencies,department of administration,,Administration,1700000021,10,542,10,0,0,0,0,19.0,6.84,17.857142857142858,33.13453815261044
Kansas,2020-04-28,"Agency 1, Article 27",canteens and benefit funds,department of administration,,Administration,1700000022,22,735,21,0,0,0,1,14.0,6.78,4.0,34.14436090225564
Kansas,2020-04-28,"Agency 1, Article 3",workforce planning and control,department of administration,,Administration,1700000003,9,447,8,0,0,0,1,17.0,6.9,7.6923076923076925,41.36674816625917
Kansas,2020-04-28,"Agency 1, Article 31",computer services general,department of administration,,Administration,1700000023,12,1208,10,0,0,0,2,18.0,7.52,7.8125,37.52166224580018
Kansas,2020-04-28,"Agency 1, Article 32",policy and procedures memorandum,department of administration,,Administration,1700000024,2,240,1,0,0,0,1,17.0,6.31,0.0,38.59047619047619
Kansas,2020-04-28,"Agency 1, Article 33",rates and charges for data processing services,department of administration,,Administration,1700000025,14,1182,11,0,0,0,3,16.0,7.39,16.216216216216218,32.97302504816955
Kansas,2020-04-28,"Agency 1, Article 34",systems design and programming services rates and charges,department of administration,,Administration,1700000026,8,476,6,0,0,0,2,15.0,6.7,19.35483870967742,31.9088785046729
Kansas,2020-04-28,"Agency 1, Article 35",payment of rates and charges,department of administration,,Administration,1700000027,5,369,4,0,0,0,1,12.0,6.42,6.896551724137931,35.870860927152314
Kansas,2020-04-28,"Agency 1, Article 36",determination of priorities and schedules,department of administration,,Administration,1700000028,1,373,0,0,0,0,1,17.0,6.77,9.090909090909092,39.832317073170735
Kansas,2020-04-28,"Agency 1, Article 37",standards for the submission of data,department of administration,,Administration,1700000029,8,784,2,4,0,0,2,17.0,7.29,13.333333333333334,40.34285714285714
Kansas,2020-04-28,"Agency 1, Article 38",standards for security and confidentiality,department of administration,,Administration,1700000030,11,698,5,2,0,0,4,16.0,7.29,6.976744186046512,41.101404056162245
Kansas,2020-04-28,"Agency 1, Article 4",classification,department of administration,,Administration,1700000004,47,1854,44,0,0,0,3,19.0,7.43,24.489795918367346,37.24747774480712
Kansas,2020-04-28,"Agency 1, Article 45",motor vehicle parking on certain state owned or operated property in shawnee county,department of administration,,Administration,1700000031,69,2879,64,0,0,1,4,18.0,7.61,13.291139240506327,30.648318042813457
Kansas,2020-04-28,"Agency 1, Article 46",parking for the statehouse,department of administration,,Administration,1700000032,64,2999,63,0,0,0,1,16.0,7.41,11.731843575418994,34.38470363288719
Kansas,2020-04-28,"Agency 1, Article 47",vehicle traffic,department of administration,,Administration,1700000033,10,602,10,0,0,0,0,13.0,6.58,6.666666666666667,31.436475409836067
Kansas,2020-04-28,"Agency 1, Article 49",personal conduct certain buildings and grounds,department of administration,,Administration,1700000034,32,1405,29,0,0,3,0,12.0,7.18,7.964601769911504,28.22316145393069
Kansas,2020-04-28,"Agency 1, Article 5",compensation,department of administration,,Administration,1700000005,167,8050,161,0,0,0,6,22.0,7.95,24.501424501424506,29.79958071278826
Kansas,2020-04-28,"Agency 1, Article 6",recruiting and staffing,department of administration,,Administration,1700000006,172,7633,151,0,0,0,21,20.0,8.33,18.0327868852459,34.778002309468825
Kansas,2020-04-28,"Agency 1, Article 60",special assessments against the state,department of administration,,Administration,1700000035,2,334,2,0,0,0,0,15.0,6.74,9.090909090909092,36.97377049180328
Kansas,2020-04-28,"Agency 1, Article 61",allotment system,department of administration,,Administration,1700000036,13,772,12,0,0,0,1,28.0,6.71,22.22222222222222,34.27785419532324
Kansas,2020-04-28,"Agency 1, Article 62",handicapped accessibility standards,department of administration,,Administration,1700000037,2,183,2,0,0,0,0,22.0,5.73,0.0,38.86060606060606
Kansas,2020-04-28,"Agency 1, Article 63",quality management,department of administration,,Administration,1700000038,11,335,11,0,0,0,0,18.0,6.55,0.0,48.51677852348993
Kansas,2020-04-28,"Agency 1, Article 65",energy star products and equipment,department of administration,,Administration,1700000039,4,223,4,0,0,0,0,15.0,5.73,7.142857142857142,32.305
Kansas,2020-04-28,"Agency 1, Article 66",energy audits for real property,department of administration,,Administration,1700000040,12,758,10,0,0,0,2,21.0,6.95,16.666666666666664,31.896358543417367
Kansas,2020-04-28,"Agency 1, Article 67",energy efficiency performance standards for state owned buildings,department of administration,,Administration,1700000041,7,519,7,0,0,0,0,11.0,6.17,4.761904761904762,37.0238611713666
Kansas,2020-04-28,"Agency 1, Article 68",average fuel economy standards for state owned motor vehicles,department of administration,,Administration,1700000042,10,453,10,0,0,0,0,16.0,6.58,7.4074074074074066,30.91959798994975
Kansas,2020-04-28,"Agency 1, Article 7",probationary period and employee evaluation,department of administration,,Administration,1700000007,79,2976,72,0,0,1,6,19.0,7.5,18.666666666666668,34.46942580164057
Kansas,2020-04-28,"Agency 1, Article 8",training and career development,department of administration,,Administration,1700000008,11,404,10,0,0,0,1,10.0,6.23,0.0,39.54125412541254
Kansas,2020-04-28,"Agency 1, Article 9",hours leaves employee management relations,department of administration,,Administration,1700000009,293,13642,251,0,0,2,40,25.0,8.65,20.0750469043152,33.28920195309373
Kansas,2020-04-28,"Agency 20, Article 1",definitions,crime victims compensation board,,"Security, Justice, and Corrections",1700000247,2,273,2,0,0,0,0,18.0,6.91,0.0,37.508
Kansas,2020-04-28,"Agency 20, Article 2",claims,crime victims compensation board,,"Security, Justice, and Corrections",1700000248,22,1515,21,0,0,0,1,20.0,7.78,21.333333333333336,37.224
Kansas,2020-04-28,"Agency 20, Article 4",attorney fees,crime victims compensation board,,"Security, Justice, and Corrections",1700000249,2,110,2,0,0,0,0,15.0,5.64,0.0,38.64948453608248
Kansas,2020-04-28,"Agency 20, Article 5",assignment,crime victims compensation board,,"Security, Justice, and Corrections",1700000250,1,55,1,0,0,0,0,7.0,5.16,0.0,34.0
Kansas,2020-04-28,"Agency 20, Article 6",definitions,crime victims compensation board,,"Security, Justice, and Corrections",1700000251,2,273,2,0,0,0,0,18.0,6.91,0.0,37.508
Kansas,2020-04-28,"Agency 21, Article 30",guidelines on employee selection procedures and recruitment,kansas human rights commission,,Administration,1700000252,42,3783,8,22,4,0,8,20.0,8.68,25.13089005235602,39.18299186079147
Kansas,2020-04-28,"Agency 21, Article 31",guidelines on discrimination because of national origin or ancestry,kansas human rights commission,,Administration,1700000253,2,477,1,0,1,0,0,18.0,6.92,23.07692307692308,38.12443438914027
Kansas,2020-04-28,"Agency 21, Article 32",guidelines on discrimination because of sex,kansas human rights commission,,Administration,1700000254,14,1669,8,2,0,3,1,19.0,7.9,18.39080459770115,37.17958913187542
Kansas,2020-04-28,"Agency 21, Article 33",guidelines on discrimination because of religion,kansas human rights commission,,Administration,1700000255,2,335,0,0,0,0,2,28.0,6.84,16.666666666666664,38.20872274143302
Kansas,2020-04-28,"Agency 21, Article 34",discrimination because of disability,kansas human rights commission,,Administration,1700000256,17,3571,13,2,0,2,0,22.0,8.01,13.580246913580249,37.57046764894299
Kansas,2020-04-28,"Agency 21, Article 40",general provisions,kansas human rights commission,,Administration,1700000257,72,4038,57,2,1,1,11,18.0,8.38,21.00456621004566,33.92242068781658
Kansas,2020-04-28,"Agency 21, Article 41",complaints and responses,kansas human rights commission,,Administration,1700000258,15,1068,14,1,0,0,0,12.0,6.99,9.30232558139535,35.6953642384106
Kansas,2020-04-28,"Agency 21, Article 42",investigation,kansas human rights commission,,Administration,1700000259,11,789,10,0,1,0,0,14.0,6.92,19.642857142857142,39.99120234604106
Kansas,2020-04-28,"Agency 21, Article 43",conference and conciliation,kansas human rights commission,,Administration,1700000260,9,725,9,0,0,0,0,14.0,6.91,26.0,38.45094936708861
Kansas,2020-04-28,"Agency 21, Article 44",compliance,kansas human rights commission,,Administration,1700000261,10,630,7,0,1,0,2,15.0,7.34,20.0,37.4502712477396
Kansas,2020-04-28,"Agency 21, Article 46",miscellaneous substantive provisions,kansas human rights commission,,Administration,1700000262,1,100,1,0,0,0,0,14.0,5.51,0.0,36.61627906976744
Kansas,2020-04-28,"Agency 21, Article 50",contract compliance,kansas human rights commission,,Administration,1700000263,11,984,11,0,0,0,0,13.0,7.66,7.894736842105263,41.17309812568909
Kansas,2020-04-28,"Agency 21, Article 60",discriminatory housing practices,kansas human rights commission,,Administration,1700000264,31,6730,20,1,1,6,3,22.0,8.3,14.093959731543624,35.53227670463926
Kansas,2020-04-28,"Agency 21, Article 70",nondiscrimination on the basis of disability by public accommodations,kansas human rights commission,,Administration,1700000265,135,8693,121,0,0,0,14,18.0,8.73,16.017316017316016,40.22556860784804
Kansas,2020-04-28,"Agency 21, Article 80",guidelines on age discrimination in employment,kansas human rights commission,,Administration,1700000266,42,2103,38,0,1,0,3,16.0,8.13,14.0625,37.85611879160266
Kansas,2020-04-28,"Agency 22, Article 1",kansas fire prevention code,state fire marshal,,"Security, Justice, and Corrections",1700000267,21,1960,18,0,0,0,3,20.0,8.05,9.278350515463918,36.33527019174898
Kansas,2020-04-28,"Agency 22, Article 10",installation and certification standards for extinguishing devices,state fire marshal,,"Security, Justice, and Corrections",1700000273,84,4154,76,1,0,2,5,21.0,8.28,8.762886597938143,39.56990109596365
Kansas,2020-04-28,"Agency 22, Article 11",adult care homes hospitals residential care facilities and maternity centers,state fire marshal,,"Security, Justice, and Corrections",1700000274,16,597,16,0,0,0,0,18.0,7.16,6.0606060606060606,31.11948529411765
Kansas,2020-04-28,"Agency 22, Article 13",places of assembly,state fire marshal,,"Security, Justice, and Corrections",1700000275,6,164,6,0,0,0,0,11.0,6.17,0.0,33.895833333333336
Kansas,2020-04-28,"Agency 22, Article 17",sale and distribution of early warning fire suppression or fire alarm devices,state fire marshal,,"Security, Justice, and Corrections",1700000276,4,390,4,0,0,0,0,18.0,6.89,4.761904761904762,42.89487870619946
Kansas,2020-04-28,"Agency 22, Article 18",educational occupancies,state fire marshal,,"Security, Justice, and Corrections",1700000277,25,663,25,0,0,0,0,21.0,6.91,16.129032258064516,32.12539682539683
Kansas,2020-04-28,"Agency 22, Article 19",certification of fire investigators,state fire marshal,,"Security, Justice, and Corrections",1700000278,32,1424,28,0,0,0,4,29.0,7.77,12.5,37.20736288504884
Kansas,2020-04-28,"Agency 22, Article 21",christmas decorations,state fire marshal,,"Security, Justice, and Corrections",1700000279,1,55,1,0,0,0,0,11.0,5.09,20.0,34.85106382978724
Kansas,2020-04-28,"Agency 22, Article 22",fire department vehicles,state fire marshal,,"Security, Justice, and Corrections",1700000280,7,211,6,1,0,0,0,16.0,6.49,7.6923076923076925,40.34554973821989
Kansas,2020-04-28,"Agency 22, Article 24",regional hazardous materials response,state fire marshal,,"Security, Justice, and Corrections",1700000281,11,495,11,0,0,0,0,15.0,6.85,12.12121212121212,35.24009324009324
Kansas,2020-04-28,"Agency 22, Article 25",reduced cigarette ignition propensity,state fire marshal,,"Security, Justice, and Corrections",1700000282,15,368,13,0,0,0,2,12.0,6.64,6.666666666666667,36.51176470588236
Kansas,2020-04-28,"Agency 22, Article 4",explosive materials,state fire marshal,,"Security, Justice, and Corrections",1700000268,134,3632,127,0,0,0,7,31.0,8.17,25.892857142857142,33.70477657935285
Kansas,2020-04-28,"Agency 22, Article 5",fire reporting requirements,state fire marshal,,"Security, Justice, and Corrections",1700000269,19,1195,19,0,0,0,0,18.0,7.08,13.636363636363637,30.37384898710865
Kansas,2020-04-28,"Agency 22, Article 6",fireworks,state fire marshal,,"Security, Justice, and Corrections",1700000270,107,3346,99,0,0,0,8,16.0,7.63,9.9009900990099,34.11752717391305
Kansas,2020-04-28,"Agency 22, Article 7",flammable and combustible liquids,state fire marshal,,"Security, Justice, and Corrections",1700000271,37,2126,34,0,0,0,3,24.0,8.27,13.79310344827586,37.839841819080576
Kansas,2020-04-28,"Agency 22, Article 8",liquefied petroleum gases,state fire marshal,,"Security, Justice, and Corrections",1700000272,96,2962,80,0,0,1,15,18.0,8.13,6.918238993710692,33.46419390378259
Kansas,2020-04-28,"Agency 24, Article 1",mill levy assessment,kansas wheat commission,,"Industry, Commerce, and Development",1700000283,2,63,2,0,0,0,0,10.0,5.29,0.0,31.22448979591837
Kansas,2020-04-28,"Agency 26, Article 1",general provisions,kansas department for aging and disability services,,Social Assistance,1700000284,66,3844,57,0,0,1,8,25.0,8.42,6.0,36.45020920502092
Kansas,2020-04-28,"Agency 26, Article 10",administration of medicaid programs nursing facility services payment program home and community based services waiver program for the frail elderly and targeted case management services program,kansas department for aging and disability services,,Social Assistance,1700000291,1,126,1,0,0,0,0,8.0,5.43,0.0,31.51648351648352
Kansas,2020-04-28,"Agency 26, Article 2",grants and contracts,kansas department for aging and disability services,,Social Assistance,1700000285,54,3232,50,0,0,0,4,30.0,8.07,24.299065420560748,34.66164154103853
Kansas,2020-04-28,"Agency 26, Article 3",procurement,kansas department for aging and disability services,,Social Assistance,1700000286,25,1406,21,0,0,0,4,31.0,7.74,22.22222222222222,34.797564687975644
Kansas,2020-04-28,"Agency 26, Article 39",adult care homes,kansas department for aging and disability services,,Social Assistance,1700000292,215,11708,201,0,0,0,14,23.0,9.04,13.41222879684418,36.9715143793229
Kansas,2020-04-28,"Agency 26, Article 4",non medicaid hearing and appeals,kansas department for aging and disability services,,Social Assistance,1700000287,11,807,9,0,0,1,1,25.0,7.02,34.375,30.99602122015915
Kansas,2020-04-28,"Agency 26, Article 40",nursing facilities,kansas department for aging and disability services,,Social Assistance,1700000293,509,17156,474,0,0,0,35,27.0,8.7,25.745682888540035,33.72642362157276
Kansas,2020-04-28,"Agency 26, Article 41",assisted living facilities and residential health care facilities,kansas department for aging and disability services,,Social Assistance,1700000294,161,7658,156,1,0,0,4,25.0,8.41,18.33333333333333,39.94562841530055
Kansas,2020-04-28,"Agency 26, Article 42",homes plus,kansas department for aging and disability services,,Social Assistance,1700000295,152,6867,147,1,0,0,4,25.0,8.39,17.343173431734318,39.64306424538379
Kansas,2020-04-28,"Agency 26, Article 43",adult day care facilities,kansas department for aging and disability services,,Social Assistance,1700000296,154,6861,150,0,0,0,4,24.0,8.39,16.666666666666664,40.1088882101405
Kansas,2020-04-28,"Agency 26, Article 4a",customer and provider appeals in medicaid programs,kansas department for aging and disability services,,Social Assistance,1700000288,4,226,4,0,0,0,0,15.0,6.26,14.285714285714285,32.26600985221675
Kansas,2020-04-28,"Agency 26, Article 50",unlicensed employees in adult care homes,kansas department for aging and disability services,,Social Assistance,1700000297,136,5614,128,0,0,1,7,23.0,7.8,7.142857142857142,35.089623580959966
Kansas,2020-04-28,"Agency 26, Article 8",senior care act,kansas department for aging and disability services,,Social Assistance,1700000289,18,1424,17,0,0,0,1,15.0,7.62,3.296703296703297,31.526408450704224
Kansas,2020-04-28,"Agency 26, Article 9",client assessment referral and evaluation program,kansas department for aging and disability services,,Social Assistance,1700000290,5,336,5,0,0,0,0,26.0,6.61,23.07692307692308,37.87859424920128
Kansas,2020-04-28,"Agency 27, Article 1",priorities for allocation and curtailment of consumption of energy resources,kansas energy office,,"Environmental Protection, Public Utilities, and Natural Resources",1700000298,14,911,10,0,0,0,4,13.0,7.53,1.4285714285714286,41.02822085889571
Kansas,2020-04-28,"Agency 27, Article 3",petroleum allocation appeal procedures,kansas energy office,,"Environmental Protection, Public Utilities, and Natural Resources",1700000299,42,2373,41,0,0,0,1,15.0,7.62,15.584415584415584,32.56014525646845
Kansas,2020-04-28,"Agency 28, Article 1",diseases,department of health and environment,,Health Services,1700000300,117,6421,96,0,0,3,18,23.0,8.94,13.818181818181818,41.05217840537283
Kansas,2020-04-28,"Agency 28, Article 12",pathogenic microorganisms,department of health and environment,,Health Services,1700000305,1,135,1,0,0,0,0,22.0,5.88,0.0,40.96875
Kansas,2020-04-28,"Agency 28, Article 13",underground storage disposal wells and surface ponds,department of health and environment,,Health Services,1700000306,12,551,8,0,0,1,3,11.0,6.78,6.382978723404255,38.88612836438924
Kansas,2020-04-28,"Agency 28, Article 14",collection and analysis of water and public water supplies,department of health and environment,,Health Services,1700000307,5,530,5,0,0,0,0,25.0,6.99,5.263157894736842,45.46438746438746
Kansas,2020-04-28,"Agency 28, Article 15",application for permits domestic water supply,department of health and environment,,Health Services,1700000308,208,8763,185,0,0,0,23,17.0,8.79,7.5098814229249,39.18110534969015
Kansas,2020-04-28,"Agency 28, Article 15a",primary drinking water,department of health and environment,,Health Services,1700000309,95,4911,86,2,0,0,7,12.0,7.65,6.593406593406594,32.08864975659749
Kansas,2020-04-28,"Agency 28, Article 16",water pollution control,department of health and environment,,Health Services,1700000310,703,40152,623,8,0,7,65,20.0,9.72,12.20492214967353,37.255582784921664
Kansas,2020-04-28,"Agency 28, Article 17",division of vital statistics,department of health and environment,,Health Services,1700000311,100,4218,90,0,0,0,10,21.0,7.95,20.39800995024876,32.00314795383001
Kansas,2020-04-28,"Agency 28, Article 18",animal and related waste control,department of health and environment,,Health Services,1700000312,182,10021,143,0,0,2,37,19.0,8.71,10.57884231536926,35.17016184180533
Kansas,2020-04-28,"Agency 28, Article 18a",swine and related waste control,department of health and environment,,Health Services,1700000313,398,19765,330,0,1,2,65,18.0,8.65,12.270531400966185,34.12594070695553
Kansas,2020-04-28,"Agency 28, Article 19",ambient air quality standards and air pollution control,department of health and environment,,Health Services,1700000314,1534,88794,1284,11,2,7,230,27.0,9.82,19.14760263240364,36.23342402444933
Kansas,2020-04-28,"Agency 28, Article 21",food drugs and cosmetics,department of health and environment,,Health Services,1700000315,238,12180,211,2,1,0,24,26.0,9.11,25.5863539445629,35.53667124699416
Kansas,2020-04-28,"Agency 28, Article 22",enrichment of flour and bread,department of health and environment,,Health Services,1700000316,11,495,11,0,0,0,0,10.0,6.39,8.0,33.57209302325582
Kansas,2020-04-28,"Agency 28, Article 24",sanitary regulations for the practice of cosmetology nail technology electrology or esthetics,department of health and environment,,Health Services,1700000317,97,3772,96,0,0,1,0,22.0,8.31,16.265060240963855,36.919180421172456
Kansas,2020-04-28,"Agency 28, Article 24a",sanitary regulations for tanning facilities,department of health and environment,,Health Services,1700000318,5,303,5,0,0,0,0,12.0,6.42,8.333333333333332,37.75185185185185
Kansas,2020-04-28,"Agency 28, Article 25",sanitary regulations for barbers,department of health and environment,,Health Services,1700000319,49,1526,43,1,0,5,0,12.0,7.7,4.724409448818897,33.31605471562275
Kansas,2020-04-28,"Agency 28, Article 27",hazardous household articles,department of health and environment,,Health Services,1700000320,43,2604,29,0,0,10,4,15.0,8.36,21.142857142857142,33.17057837384744
Kansas,2020-04-28,"Agency 28, Article 29",solid waste management,department of health and environment,,Health Services,1700000321,1866,83355,1657,4,1,11,193,24.0,9.67,15.373437954083116,34.99160384482472
Kansas,2020-04-28,"Agency 28, Article 3",hearings,department of health and environment,,Health Services,1700000301,8,311,8,0,0,0,0,22.0,6.27,14.285714285714285,33.68092105263158
Kansas,2020-04-28,"Agency 28, Article 30",water well contractor s license water well construction and abandonment,department of health and environment,,Health Services,1700000322,216,10018,208,2,0,0,6,24.0,8.75,15.865384615384617,31.41437292492235
Kansas,2020-04-28,"Agency 28, Article 31",hazardous waste management standards and regulations,department of health and environment,,Health Services,1700000323,545,21606,500,13,0,0,32,24.0,8.73,15.321637426900589,32.781352630114114
Kansas,2020-04-28,"Agency 28, Article 32",testing human breath for law enforcement purposes,department of health and environment,,Health Services,1700000324,48,2151,44,0,0,0,4,18.0,7.73,7.563025210084033,38.76627218934911
Kansas,2020-04-28,"Agency 28, Article 33",laboratories performing other tests,department of health and environment,,Health Services,1700000325,45,1935,42,0,0,0,3,25.0,8.12,12.82051282051282,42.36279323513366
Kansas,2020-04-28,"Agency 28, Article 34",hospitals,department of health and environment,,Health Services,1700000326,870,25853,823,1,0,11,35,20.0,9.38,9.06958561376075,39.03718737187372
Kansas,2020-04-28,"Agency 28, Article 35",radiation,department of health and environment,,Health Services,1700000327,2313,121780,2044,8,1,10,250,25.0,9.95,19.799231097821444,36.78933762959322
Kansas,2020-04-28,"Agency 28, Article 38",licensure of adult care home administrators,department of health and environment,,Health Services,1700000328,109,4976,100,0,0,0,9,24.0,8.44,8.0,36.98879613356766
Kansas,2020-04-28,"Agency 28, Article 39",licensure of adult care homes skilled nursing homes,department of health and environment,,Health Services,1700000329,936,30762,890,0,0,2,44,21.0,9.52,10.47945205479452,36.25517715858273
Kansas,2020-04-28,"Agency 28, Article 4",maternal and child health,department of health and environment,,Health Services,1700000302,5103,161073,4830,1,0,63,209,21.0,9.82,14.788448623237072,34.18971275005105
Kansas,2020-04-28,"Agency 28, Article 44",petroleum products storage tanks,department of health and environment,,Health Services,1700000330,89,3565,76,0,1,0,12,20.0,8.27,17.857142857142858,34.96494644595911
Kansas,2020-04-28,"Agency 28, Article 45",underground hydrocarbon storage wells and associated brine ponds,department of health and environment,,Health Services,1700000331,440,15037,404,0,0,12,24,26.0,8.73,16.323024054982817,37.40063829787234
Kansas,2020-04-28,"Agency 28, Article 45a",underground natural gas storage wells in bedded salt,department of health and environment,,Health Services,1700000332,271,9342,251,0,0,7,13,25.0,8.61,15.013404825737265,37.10519110096977
Kansas,2020-04-28,"Agency 28, Article 45b",underground crude oil storage wells and associated brine ponds,department of health and environment,,Health Services,1700000333,408,14296,375,0,0,8,25,23.0,8.73,14.44991789819376,35.80546456223943
Kansas,2020-04-28,"Agency 28, Article 46",underground injection control regulations,department of health and environment,,Health Services,1700000334,173,9179,152,0,0,5,16,19.0,8.39,13.152400835073069,34.358761528326745
Kansas,2020-04-28,"Agency 28, Article 47",use of oil and gas field salt water in road construction and maintenance projects,department of health and environment,,Health Services,1700000335,14,1012,13,0,0,0,1,17.0,7.24,8.620689655172415,33.19693654266958
Kansas,2020-04-28,"Agency 28, Article 48",spill reporting,department of health and environment,,Health Services,1700000336,5,347,4,0,0,0,1,20.0,6.68,11.76470588235294,35.790273556231
Kansas,2020-04-28,"Agency 28, Article 5",sewage and excreta disposal,department of health and environment,,Health Services,1700000303,11,893,10,0,0,1,0,17.0,7.44,3.7735849056603774,36.49042145593869
Kansas,2020-04-28,"Agency 28, Article 50",asbestos control,department of health and environment,,Health Services,1700000337,323,13123,287,1,0,0,35,33.0,8.88,21.336760925449877,35.95514870482891
Kansas,2020-04-28,"Agency 28, Article 51",home health agency licensure,department of health and environment,,Health Services,1700000338,149,5671,140,0,0,0,9,19.0,8.45,6.0606060606060606,34.18870122306348
Kansas,2020-04-28,"Agency 28, Article 52",medical care facilities,department of health and environment,,Health Services,1700000339,28,1095,28,0,0,0,0,20.0,7.49,3.7735849056603774,40.43245869776482
Kansas,2020-04-28,"Agency 28, Article 53",charitable health care providers,department of health and environment,,Health Services,1700000340,8,761,7,0,0,0,1,16.0,6.96,4.25531914893617,35.85692995529061
Kansas,2020-04-28,"Agency 28, Article 54",trauma system program,department of health and environment,,Health Services,1700000341,23,1657,22,0,0,0,1,24.0,7.29,2.898550724637681,36.26940639269407
Kansas,2020-04-28,"Agency 28, Article 56",reporting of induced terminations of pregnancy,department of health and environment,,Health Services,1700000342,39,2854,33,0,0,0,6,20.0,7.79,14.084507042253522,36.72611218568665
Kansas,2020-04-28,"Agency 28, Article 59",dietitian,department of health and environment,,Health Services,1700000343,94,3222,87,0,0,0,7,23.0,8.29,5.0,39.16323822163238
Kansas,2020-04-28,"Agency 28, Article 60",credentialing program,department of health and environment,,Health Services,1700000344,46,2325,45,0,0,0,1,18.0,7.57,11.2,40.13724562233791
Kansas,2020-04-28,"Agency 28, Article 61",licensure of speech language pathologists and audiologists,department of health and environment,,Health Services,1700000345,145,5996,133,0,0,0,12,28.0,8.59,7.476635514018691,40.875775296827925
Kansas,2020-04-28,"Agency 28, Article 65",emergency planning and right to know,department of health and environment,,Health Services,1700000346,49,2070,33,0,0,0,16,25.0,7.82,7.4074074074074066,32.87748344370861
Kansas,2020-04-28,"Agency 28, Article 66",local environmental protection grant program,department of health and environment,,Health Services,1700000347,31,2208,28,1,0,1,1,28.0,7.71,22.36842105263158,37.33397220891232
Kansas,2020-04-28,"Agency 28, Article 67",health care database,department of health and environment,,Health Services,1700000348,90,3588,88,0,0,1,1,16.0,8.03,9.502262443438914,35.61434977578475
Kansas,2020-04-28,"Agency 28, Article 68",kansas drycleaner environmental response act,department of health and environment,,Health Services,1700000349,89,3736,85,0,0,0,4,19.0,7.97,11.170212765957446,35.870163370593296
Kansas,2020-04-28,"Agency 28, Article 70",cancer registry,department of health and environment,,Health Services,1700000350,30,1487,26,0,0,0,4,22.0,7.81,16.923076923076923,35.582665695557175
Kansas,2020-04-28,"Agency 28, Article 71",voluntary cleanup and property redevelopment program,department of health and environment,,Health Services,1700000351,72,4026,63,0,0,0,9,20.0,8.21,8.808290155440414,39.86983695652174
Kansas,2020-04-28,"Agency 28, Article 72",residential childhood lead poisoning prevention program,department of health and environment,,Health Services,1700000352,724,31279,641,1,0,12,70,26.0,9.03,18.39863713798978,37.749228871067245
Kansas,2020-04-28,"Agency 28, Article 73",environmental use controls program,department of health and environment,,Health Services,1700000353,72,3648,52,0,0,0,20,24.0,7.84,14.383561643835616,39.406073236082165
Kansas,2020-04-28,"Agency 28, Article 74",risk management program,department of health and environment,,Health Services,1700000354,28,1086,22,0,0,1,5,20.0,7.1,15.384615384615383,39.25468904244817
Kansas,2020-04-28,"Agency 28, Article 75",health information,department of health and environment,,Health Services,1700000355,0,55,0,0,0,0,0,7.0,5.14,0.0,43.2093023255814
Kansas,2020-04-28,"Agency 28, Article 9",construction maintenance and use of mausoleums,department of health and environment,,Health Services,1700000304,28,846,23,4,0,0,1,16.0,7.42,11.538461538461538,33.63944723618091
Kansas,2020-04-28,"Agency 2, Article 3",accounting and fiscal procedure for municipalities,municipal accounting board,,Taxes and Public Finance,1700000043,4,249,4,0,0,0,0,14.0,6.47,17.647058823529413,34.28138528138528
Kansas,2020-04-28,"Agency 30, Article 10",adult care home program,kansas department for children and families,,Social Assistance,1700000360,598,21575,560,5,2,2,29,24.0,9.0,18.4,34.28429363849882
Kansas,2020-04-28,"Agency 30, Article 2",general,kansas department for children and families,,Social Assistance,1700000356,24,1475,21,0,0,1,2,18.0,7.98,13.750000000000002,36.157486423584174
Kansas,2020-04-28,"Agency 30, Article 20",security and traffic control for state institutions operated by mental health and retardation services,kansas department for children and families,,Social Assistance,1700000361,34,1189,29,0,0,3,2,11.0,7.27,11.76470588235294,35.89504373177842
Kansas,2020-04-28,"Agency 30, Article 22",licensing of psychiatric hospitals funding of community mental health centers and facilities for the mentally retarded and facilities for handicapped persons,kansas department for children and families,,Social Assistance,1700000362,112,6145,91,13,0,0,8,22.0,8.97,16.605166051660518,37.63296664920552
Kansas,2020-04-28,"Agency 30, Article 25",state youth centers operated by social and rehabilitation services,kansas department for children and families,,Social Assistance,1700000363,0,83,0,0,0,0,0,8.0,5.16,0.0,24.96969696969697
Kansas,2020-04-28,"Agency 30, Article 26",state psychiatric hospitals catchment areas assistance to counties patient funds and medical information,kansas department for children and families,,Social Assistance,1700000364,22,1497,20,0,1,0,1,19.0,8.08,11.538461538461538,36.70152671755725
Kansas,2020-04-28,"Agency 30, Article 27",oil and gas leases on institutional properties,kansas department for children and families,,Social Assistance,1700000365,19,904,16,0,0,0,3,22.0,7.34,17.5,31.032569360675517
Kansas,2020-04-28,"Agency 30, Article 31",alcohol and drug abuse treatment programs,kansas department for children and families,,Social Assistance,1700000366,0,87,0,0,0,0,0,14.0,5.34,0.0,39.88461538461539
Kansas,2020-04-28,"Agency 30, Article 4",public assistance program,kansas department for children and families,,Social Assistance,1700000357,346,15634,323,0,1,3,19,20.0,8.98,16.75531914893617,33.45065028901734
Kansas,2020-04-28,"Agency 30, Article 42",licensing of non medical resident care facilities,kansas department for children and families,,Social Assistance,1700000367,71,2060,69,0,0,0,2,14.0,8.1,10.81081081081081,33.961884595023825
Kansas,2020-04-28,"Agency 30, Article 43",corporate guardians,kansas department for children and families,,Social Assistance,1700000368,11,683,10,0,0,0,1,45.0,7.19,33.33333333333333,35.22118380062305
Kansas,2020-04-28,"Agency 30, Article 44",support enforcement,kansas department for children and families,,Social Assistance,1700000369,20,1182,19,0,0,0,1,20.0,7.6,21.052631578947366,34.22821203953279
Kansas,2020-04-28,"Agency 30, Article 45",youth services,kansas department for children and families,,Social Assistance,1700000370,19,1409,18,0,0,0,1,14.0,7.72,11.702127659574469,36.98730158730159
Kansas,2020-04-28,"Agency 30, Article 46",child abuse and neglect,kansas department for children and families,,Social Assistance,1700000371,36,2686,32,0,0,1,3,21.0,7.89,15.07936507936508,32.40452674897119
Kansas,2020-04-28,"Agency 30, Article 47",foster care licensing,kansas department for children and families,,Social Assistance,1700000372,2,243,2,0,0,0,0,21.0,6.49,0.0,36.75799086757991
Kansas,2020-04-28,"Agency 30, Article 5",provider participation scope of services and reimbursements for the medicaid medical assistance program,kansas department for children and families,,Social Assistance,1700000358,670,31461,647,0,3,0,20,21.0,9.2,14.634146341463412,38.14379549085745
Kansas,2020-04-28,"Agency 30, Article 60",licensing of community mental health centers,kansas department for children and families,,Social Assistance,1700000373,326,18684,278,1,0,1,46,33.0,8.87,20.577617328519857,35.79368529428588
Kansas,2020-04-28,"Agency 30, Article 61",participating community mental health centers,kansas department for children and families,,Social Assistance,1700000374,44,2096,31,0,0,0,13,27.0,7.39,12.987012987012983,34.515723270440255
Kansas,2020-04-28,"Agency 30, Article 63",developmental disabilities licensing providers of community services,kansas department for children and families,,Social Assistance,1700000375,157,8799,142,0,0,0,15,30.0,8.84,27.241379310344826,35.47445081184336
Kansas,2020-04-28,"Agency 30, Article 64",developmental disabilities community developmental disability organizations,kansas department for children and families,,Social Assistance,1700000376,100,5763,93,0,0,0,7,27.0,8.25,20.673076923076923,34.24683779761905
Kansas,2020-04-28,"Agency 30, Article 65",mental retardation developmental disability provider revolving fund,kansas department for children and families,,Social Assistance,1700000377,16,623,15,0,0,0,1,23.0,6.93,11.11111111111111,34.03169014084507
Kansas,2020-04-28,"Agency 30, Article 7",appeals fair hearings and taf ga disqualification hearings,kansas department for children and families,,Social Assistance,1700000359,86,4462,83,1,0,0,2,19.0,8.1,25.541125541125545,34.23414156257654
Kansas,2020-04-28,"Agency 36, Article 1",special permits loads and vehicles,kansas department of transportation,,Transportation,1700000378,188,6871,162,10,2,4,10,19.0,9.17,17.52873563218391,32.61079979623026
Kansas,2020-04-28,"Agency 36, Article 11",public and private utilities on highway right of way,kansas department of transportation,,Transportation,1700000383,4,112,3,0,0,0,1,12.0,5.91,11.11111111111111,40.78
Kansas,2020-04-28,"Agency 36, Article 14",interstate highway system use,kansas department of transportation,,Transportation,1700000384,1,65,0,0,0,1,0,12.0,5.28,0.0,39.07272727272727
Kansas,2020-04-28,"Agency 36, Article 16",highway relocation assistance,kansas department of transportation,,Transportation,1700000385,20,1682,19,0,0,0,1,16.0,7.22,5.05050505050505,33.71781437125748
Kansas,2020-04-28,"Agency 36, Article 17",billboards and outdoor advertising,kansas department of transportation,,Transportation,1700000386,30,1972,20,2,1,6,1,19.0,8.25,5.9405940594059405,34.19619899385131
Kansas,2020-04-28,"Agency 36, Article 18",lights on highway construction and maintenance vehicles,kansas department of transportation,,Transportation,1700000387,1,71,1,0,0,0,0,14.0,5.29,0.0,42.293103448275865
Kansas,2020-04-28,"Agency 36, Article 19",standard for slow moving vehicle identification emblem,kansas department of transportation,,Transportation,1700000388,0,61,0,0,0,0,0,12.0,5.31,0.0,50.270833333333336
Kansas,2020-04-28,"Agency 36, Article 2",vehicles carrying emergency equipment,kansas department of transportation,,Transportation,1700000379,1,60,1,0,0,0,0,8.0,5.21,0.0,34.52272727272727
Kansas,2020-04-28,"Agency 36, Article 26",railroad grade crossings,kansas department of transportation,,Transportation,1700000389,11,549,8,0,0,0,3,36.0,7.32,13.333333333333334,32.04752475247525
Kansas,2020-04-28,"Agency 36, Article 27",junkyard and salvage control,kansas department of transportation,,Transportation,1700000390,46,2514,35,1,0,1,9,15.0,7.78,10.303030303030305,37.5053050397878
Kansas,2020-04-28,"Agency 36, Article 28",service brakes and second towed vehicles,kansas department of transportation,,Transportation,1700000391,2,70,2,0,0,0,0,11.0,5.15,16.666666666666664,31.683333333333334
Kansas,2020-04-28,"Agency 36, Article 29",payment of moving expenses,kansas department of transportation,,Transportation,1700000392,1,68,1,0,0,0,0,8.0,5.13,0.0,40.63461538461539
Kansas,2020-04-28,"Agency 36, Article 3",highway entrance permits,kansas department of transportation,,Transportation,1700000380,3,83,2,0,0,0,1,9.0,5.48,0.0,34.486111111111114
Kansas,2020-04-28,"Agency 36, Article 30",construction bidding procedures,kansas department of transportation,,Transportation,1700000393,21,876,21,0,0,0,0,13.0,7.06,4.545454545454546,36.490813648293965
Kansas,2020-04-28,"Agency 36, Article 31",debarment and suspension of contractors,kansas department of transportation,,Transportation,1700000394,37,2113,36,0,1,0,0,18.0,7.72,23.27586206896552,35.18702095043434
Kansas,2020-04-28,"Agency 36, Article 32",use of roadside facilities,kansas department of transportation,,Transportation,1700000395,15,366,12,0,2,1,0,15.0,6.73,4.166666666666666,39.028985507246375
Kansas,2020-04-28,"Agency 36, Article 36",widths of vehicles and loads,kansas department of transportation,,Transportation,1700000396,2,122,2,0,0,0,0,9.0,5.83,7.6923076923076925,26.505050505050505
Kansas,2020-04-28,"Agency 36, Article 37",the oilfield certification program,kansas department of transportation,,Transportation,1700000397,49,1468,41,5,0,0,3,18.0,7.74,10.975609756097562,31.04789550072569
Kansas,2020-04-28,"Agency 36, Article 38",the multi jurisdictional oversize overweight permit program,kansas department of transportation,,Transportation,1700000398,1,123,1,0,0,0,0,11.0,5.66,0.0,41.34285714285714
Kansas,2020-04-28,"Agency 36, Article 39",rail service assistance program,kansas department of transportation,,Transportation,1700000399,27,2815,25,0,0,0,2,27.0,8.51,10.0,35.333333333333336
Kansas,2020-04-28,"Agency 36, Article 4",saddlemounts and transportation of empty trucks,kansas department of transportation,,Transportation,1700000381,0,73,0,0,0,0,0,8.0,5.44,0.0,37.08928571428572
Kansas,2020-04-28,"Agency 36, Article 40",transportation revolving fund,kansas department of transportation,,Transportation,1700000400,28,1734,25,0,0,0,3,17.0,7.53,12.871287128712872,40.38204334365325
Kansas,2020-04-28,"Agency 36, Article 41",public safety communication system revolving fund,kansas department of transportation,,Transportation,1700000401,18,1249,18,0,0,0,0,19.0,6.94,1.5151515151515151,39.24825174825175
Kansas,2020-04-28,"Agency 36, Article 42",kansas intermodal transportation revolving fund,kansas department of transportation,,Transportation,1700000402,31,1940,27,0,0,0,4,19.0,7.64,14.285714285714285,42.11984606926883
Kansas,2020-04-28,"Agency 36, Article 7",stud tires,kansas department of transportation,,Transportation,1700000382,30,1247,24,3,1,0,2,22.0,7.56,19.29824561403509,30.134278565471227
Kansas,2020-04-28,"Agency 38, Article 1",establishment of branch offices and relocation of home and branch offices,savings and loan department,,"Banking, Insurance, and Securities",1700000403,14,945,14,0,0,0,0,17.0,6.97,5.660377358490567,32.228273464658166
Kansas,2020-04-28,"Agency 38, Article 10",interstate branching,savings and loan department,,"Banking, Insurance, and Securities",1700000410,14,880,12,0,0,0,2,25.0,6.36,14.285714285714285,38.27854454203262
Kansas,2020-04-28,"Agency 38, Article 2",agents,savings and loan department,,"Banking, Insurance, and Securities",1700000404,13,506,9,0,2,0,2,9.0,6.32,1.851851851851852,36.37231503579952
Kansas,2020-04-28,"Agency 38, Article 3",notice that accounts or deposits are not insured as required by ksa 17 5825,savings and loan department,,"Banking, Insurance, and Securities",1700000405,11,313,8,0,0,0,3,13.0,6.26,4.3478260869565215,40.03321033210332
Kansas,2020-04-28,"Agency 38, Article 4",unsecured loans for property alteration,savings and loan department,,"Banking, Insurance, and Securities",1700000406,3,155,3,0,0,0,0,17.0,5.94,0.0,32.028985507246375
Kansas,2020-04-28,"Agency 38, Article 5",line of credit real estate loans,savings and loan department,,"Banking, Insurance, and Securities",1700000407,3,256,2,1,0,0,0,21.0,6.53,16.666666666666664,31.905982905982903
Kansas,2020-04-28,"Agency 38, Article 8",manufactured home financing,savings and loan department,,"Banking, Insurance, and Securities",1700000408,6,154,6,0,0,0,0,11.0,6.04,0.0,41.10526315789474
Kansas,2020-04-28,"Agency 38, Article 9",safety deposit boxes,savings and loan department,,"Banking, Insurance, and Securities",1700000409,3,209,3,0,0,0,0,20.0,6.11,0.0,32.57754010695187
Kansas,2020-04-28,"Agency 39, Article 1",limitations on use of turnpike,kansas turnpike authority,,Transportation,1700000411,48,2045,32,0,1,15,0,16.0,8.0,15.57377049180328,31.91945205479452
Kansas,2020-04-28,"Agency 39, Article 4",designation of office,kansas turnpike authority,,Transportation,1700000412,1,43,1,0,0,0,0,8.0,4.73,0.0,30.8
Kansas,2020-04-28,"Agency 3, Article 1",disposition of unclaimed property,kansas state treasurer,,Taxes and Public Finance,1700000044,14,885,10,2,0,0,2,19.0,7.3,17.77777777777778,32.479665071770334
Kansas,2020-04-28,"Agency 3, Article 2",kansas postsecondary education savings program,kansas state treasurer,,Taxes and Public Finance,1700000045,20,830,17,1,0,0,2,17.0,6.75,17.02127659574468,37.663198959687904
Kansas,2020-04-28,"Agency 3, Article 3",linked deposit loan programs,kansas state treasurer,,Taxes and Public Finance,1700000046,8,479,8,0,0,0,0,14.0,6.9,6.25,33.888888888888886
Kansas,2020-04-28,"Agency 3, Article 4",low income family postsecondary savings accounts incentive program,kansas state treasurer,,Taxes and Public Finance,1700000047,30,1320,29,0,0,0,1,16.0,7.14,11.11111111111111,36.47231833910035
Kansas,2020-04-28,"Agency 40, Article 1",general,insurance department,,"Banking, Insurance, and Securities",1700000413,158,9176,139,2,0,6,11,20.0,8.89,9.029345372460496,36.006241586097175
Kansas,2020-04-28,"Agency 40, Article 10",firefighter s relief fund tax,insurance department,,"Banking, Insurance, and Securities",1700000421,59,2216,58,0,0,0,1,19.0,7.56,9.821428571428571,35.93772151898734
Kansas,2020-04-28,"Agency 40, Article 11",proxies consents and authorizations,insurance department,,"Banking, Insurance, and Securities",1700000422,0,65,0,0,0,0,0,10.0,5.1,0.0,53.0
Kansas,2020-04-28,"Agency 40, Article 12",sale of stock,insurance department,,"Banking, Insurance, and Securities",1700000423,88,3009,82,0,0,2,4,23.0,7.73,20.155038759689923,33.11086717892426
Kansas,2020-04-28,"Agency 40, Article 13",insider stock trading,insurance department,,"Banking, Insurance, and Securities",1700000424,85,5229,79,0,0,0,6,24.0,7.78,21.73913043478261,32.22261929787681
Kansas,2020-04-28,"Agency 40, Article 14",insurance premium finance companies,insurance department,,"Banking, Insurance, and Securities",1700000425,18,807,15,1,0,0,2,13.0,6.81,5.084745762711865,33.98796992481203
Kansas,2020-04-28,"Agency 40, Article 15",variable annuities or separate accounts,insurance department,,"Banking, Insurance, and Securities",1700000426,44,1956,39,0,1,1,3,24.0,7.6,18.75,35.458591549295775
Kansas,2020-04-28,"Agency 40, Article 15a",variable life insurance,insurance department,,"Banking, Insurance, and Securities",1700000427,1,374,1,0,0,0,0,13.0,6.17,0.0,31.201277955271564
Kansas,2020-04-28,"Agency 40, Article 15b",universal life insurance,insurance department,,"Banking, Insurance, and Securities",1700000428,7,309,5,0,0,0,2,22.0,6.65,14.285714285714285,37.94117647058823
Kansas,2020-04-28,"Agency 40, Article 16",professional employer organizations,insurance department,,"Banking, Insurance, and Securities",1700000429,5,229,2,0,0,0,3,12.0,5.47,0.0,47.47619047619048
Kansas,2020-04-28,"Agency 40, Article 2",life insurance,insurance department,,"Banking, Insurance, and Securities",1700000414,181,9540,162,1,1,3,14,26.0,8.83,20.44817927170868,35.12037978975924
Kansas,2020-04-28,"Agency 40, Article 3",fire and casualty insurance,insurance department,,"Banking, Insurance, and Securities",1700000415,273,13510,230,1,1,10,31,22.0,9.03,16.333333333333332,36.09189497716895
Kansas,2020-04-28,"Agency 40, Article 4",accident and health insurance,insurance department,,"Banking, Insurance, and Securities",1700000416,411,25852,344,4,6,5,52,26.0,9.2,21.987951807228917,35.38897473376488
Kansas,2020-04-28,"Agency 40, Article 5",credit insurance,insurance department,,"Banking, Insurance, and Securities",1700000417,85,3953,71,1,1,3,9,23.0,8.15,24.705882352941178,34.88102710413695
Kansas,2020-04-28,"Agency 40, Article 7",agents,insurance department,,"Banking, Insurance, and Securities",1700000418,81,3760,77,0,0,1,3,18.0,8.23,9.950248756218906,36.22446520036156
Kansas,2020-04-28,"Agency 40, Article 8",excess coverage,insurance department,,"Banking, Insurance, and Securities",1700000419,30,1124,17,0,0,3,10,20.0,7.09,21.428571428571427,32.229491173416406
Kansas,2020-04-28,"Agency 40, Article 9",advertising,insurance department,,"Banking, Insurance, and Securities",1700000420,9,625,8,0,0,0,1,12.0,6.84,6.25,36.485768500948765
Kansas,2020-04-28,"Agency 43, Article 1",administering oaths,corrections ombudsman board,,"Security, Justice, and Corrections",1700000430,2,142,2,0,0,0,0,18.0,5.8,37.5,35.968503937007874
Kansas,2020-04-28,"Agency 44, Article 1",general administration,department of corrections,,"Security, Justice, and Corrections",1700000431,13,769,13,0,0,0,0,14.0,7.42,0.0,40.034188034188034
Kansas,2020-04-28,"Agency 44, Article 11",community corrections,department of corrections,,"Security, Justice, and Corrections",1700000439,81,4142,77,1,0,0,3,18.0,8.16,11.555555555555555,37.40765346797768
Kansas,2020-04-28,"Agency 44, Article 12",conduct and penalties,department of corrections,,"Security, Justice, and Corrections",1700000440,407,12765,380,0,0,19,8,16.0,8.89,10.888610763454318,33.535469306242945
Kansas,2020-04-28,"Agency 44, Article 13",disciplinary procedure,department of corrections,,"Security, Justice, and Corrections",1700000441,333,13391,314,0,1,0,18,23.0,8.57,25.77854671280277,32.643019850309145
Kansas,2020-04-28,"Agency 44, Article 15",grievance procedure for inmates,department of corrections,,"Security, Justice, and Corrections",1700000442,143,5270,138,0,0,1,4,20.0,8.29,16.862745098039216,33.25467941059339
Kansas,2020-04-28,"Agency 44, Article 16",reporting and claims procedure for lost or damaged property or for personal injury,department of corrections,,"Security, Justice, and Corrections",1700000443,14,419,12,0,0,0,2,15.0,6.62,14.814814814814811,32.24184782608695
Kansas,2020-04-28,"Agency 44, Article 2",facilities management,department of corrections,,"Security, Justice, and Corrections",1700000432,6,516,6,0,0,0,0,28.0,7.58,27.77777777777778,38.74267782426778
Kansas,2020-04-28,"Agency 44, Article 4",training,department of corrections,,"Security, Justice, and Corrections",1700000433,3,224,3,0,0,0,0,10.0,6.26,0.0,42.88059701492537
Kansas,2020-04-28,"Agency 44, Article 5",inmate management,department of corrections,,"Security, Justice, and Corrections",1700000434,88,3087,83,0,0,2,3,23.0,8.44,23.308270676691727,36.90792216817234
Kansas,2020-04-28,"Agency 44, Article 6",good time credits and sentence computation,department of corrections,,"Security, Justice, and Corrections",1700000435,337,17871,331,0,0,1,5,21.0,8.62,17.81472684085511,33.18311542246591
Kansas,2020-04-28,"Agency 44, Article 7",programs and activities,department of corrections,,"Security, Justice, and Corrections",1700000436,50,2190,48,0,0,2,0,26.0,8.09,35.36585365853659,34.38769670958512
Kansas,2020-04-28,"Agency 44, Article 8",work release,department of corrections,,"Security, Justice, and Corrections",1700000437,36,2156,33,0,0,0,3,15.0,7.91,8.333333333333332,38.172947857511616
Kansas,2020-04-28,"Agency 44, Article 9",parole postrelease supervision and house arrest,department of corrections,,"Security, Justice, and Corrections",1700000438,37,2503,35,0,0,0,2,16.0,7.8,15.032679738562091,32.208407079646015
Kansas,2020-04-28,"Agency 45, Article 1000",orders of restitution and expenses,kansas parole board,,"Security, Justice, and Corrections",1700000447,1,380,1,0,0,0,0,12.0,6.44,20.0,33.19825072886297
Kansas,2020-04-28,"Agency 45, Article 200",parole hearing proceedings,kansas parole board,,"Security, Justice, and Corrections",1700000444,11,453,9,0,0,0,2,15.0,6.74,20.689655172413797,31.32289156626506
Kansas,2020-04-28,"Agency 45, Article 400",release to supervision,kansas parole board,,"Security, Justice, and Corrections",1700000445,19,1028,19,0,0,0,0,17.0,7.21,18.64406779661017,32.20330237358101
Kansas,2020-04-28,"Agency 45, Article 700",release of functionally incapacitated inmates,kansas parole board,,"Security, Justice, and Corrections",1700000446,16,790,15,0,0,0,1,26.0,7.27,26.666666666666668,36.053763440860216
Kansas,2020-04-28,"Agency 47, Article 1",general,mined land conservation and reclamation,,"Environmental Protection, Public Utilities, and Natural Resources",1700000448,20,899,19,0,0,0,1,24.0,7.28,18.91891891891892,32.998768472906406
Kansas,2020-04-28,"Agency 47, Article 10",underground mining,mined land conservation and reclamation,,"Environmental Protection, Public Utilities, and Natural Resources",1700000457,56,1778,56,0,0,0,0,10.0,6.35,1.3333333333333337,21.603993344425955
Kansas,2020-04-28,"Agency 47, Article 11",small operator assistance program,mined land conservation and reclamation,,"Environmental Protection, Public Utilities, and Natural Resources",1700000458,15,522,15,0,0,0,0,9.0,6.02,2.083333333333333,21.06508875739645
Kansas,2020-04-28,"Agency 47, Article 12",lands unsuitable for surface mining,mined land conservation and reclamation,,"Environmental Protection, Public Utilities, and Natural Resources",1700000459,40,1400,39,0,0,1,0,11.0,6.65,2.702702702702702,24.68955223880597
Kansas,2020-04-28,"Agency 47, Article 13",training certification and responsibilities of blasters and operators,mined land conservation and reclamation,,"Environmental Protection, Public Utilities, and Natural Resources",1700000460,13,816,13,0,0,0,0,24.0,7.15,15.151515151515152,35.27513966480447
Kansas,2020-04-28,"Agency 47, Article 14",employee financial interests,mined land conservation and reclamation,,"Environmental Protection, Public Utilities, and Natural Resources",1700000461,12,387,11,0,0,1,0,12.0,6.29,17.24137931034483,26.57044673539519
Kansas,2020-04-28,"Agency 47, Article 15",inspections and enforcement,mined land conservation and reclamation,,"Environmental Protection, Public Utilities, and Natural Resources",1700000462,67,2681,64,0,0,0,3,16.0,7.61,12.5,29.124505059392877
Kansas,2020-04-28,"Agency 47, Article 16",reclamation,mined land conservation and reclamation,,"Environmental Protection, Public Utilities, and Natural Resources",1700000463,61,2850,56,0,0,0,5,19.0,8.13,18.88111888111888,33.39937960449787
Kansas,2020-04-28,"Agency 47, Article 2",meaning of terms,mined land conservation and reclamation,,"Environmental Protection, Public Utilities, and Natural Resources",1700000449,55,2184,54,0,0,0,1,12.0,7.53,2.3529411764705883,30.612210288298478
Kansas,2020-04-28,"Agency 47, Article 3",application for mining permit,mined land conservation and reclamation,,"Environmental Protection, Public Utilities, and Natural Resources",1700000450,154,4511,150,0,0,0,4,11.0,7.15,5.8495821727019495,24.15370196813496
Kansas,2020-04-28,"Agency 47, Article 4",public hearings,mined land conservation and reclamation,,"Environmental Protection, Public Utilities, and Natural Resources",1700000451,189,8886,175,0,2,2,10,32.0,8.62,43.21428571428572,32.87536064627813
Kansas,2020-04-28,"Agency 47, Article 5",civil penalties,mined land conservation and reclamation,,"Environmental Protection, Public Utilities, and Natural Resources",1700000452,91,3289,86,0,0,0,5,22.0,8.07,22.142857142857142,29.558844507845933
Kansas,2020-04-28,"Agency 47, Article 6",permit review,mined land conservation and reclamation,,"Environmental Protection, Public Utilities, and Natural Resources",1700000453,81,2695,76,0,0,0,5,13.0,7.23,10.21505376344086,31.04085422469824
Kansas,2020-04-28,"Agency 47, Article 7",coal exploration,mined land conservation and reclamation,,"Environmental Protection, Public Utilities, and Natural Resources",1700000454,12,504,12,0,0,0,0,12.0,6.32,2.631578947368421,27.412868632707774
Kansas,2020-04-28,"Agency 47, Article 8",bonding procedures,mined land conservation and reclamation,,"Environmental Protection, Public Utilities, and Natural Resources",1700000455,26,905,26,0,0,0,0,9.0,6.5,1.2195121951219512,24.946540880503143
Kansas,2020-04-28,"Agency 47, Article 9",performance standards,mined land conservation and reclamation,,"Environmental Protection, Public Utilities, and Natural Resources",1700000456,208,6929,207,0,0,0,1,11.0,7.35,4.660194174757281,25.771457905544143
Kansas,2020-04-28,"Agency 48, Article 1",appellate procedure,department of labor employment security board of review,,Labor and Workforce Development,1700000464,65,2257,64,0,0,0,1,19.0,7.44,25.0,29.58254716981132
Kansas,2020-04-28,"Agency 48, Article 2",board organization and procedure,department of labor employment security board of review,,Labor and Workforce Development,1700000465,14,527,14,0,0,0,0,10.0,6.25,2.0,27.563063063063066
Kansas,2020-04-28,"Agency 48, Article 3",appeals,department of labor employment security board of review,,Labor and Workforce Development,1700000466,8,594,7,0,0,0,1,13.0,6.8,4.444444444444445,35.17490494296578
Kansas,2020-04-28,"Agency 48, Article 4",filing appeals,department of labor employment security board of review,,Labor and Workforce Development,1700000467,3,236,3,0,0,0,0,13.0,6.04,23.52941176470588,28.825641025641023
Kansas,2020-04-28,"Agency 49, Article 1",hours and working conditions women and minors,department of labor,,Labor and Workforce Development,1700000468,77,6729,71,1,0,5,0,22.0,9.24,20.0,36.12316261797927
Kansas,2020-04-28,"Agency 49, Article 10",holding a manual ballot,department of labor,,Labor and Workforce Development,1700000473,20,685,19,1,0,0,0,18.0,7.03,10.526315789473683,32.45510835913313
Kansas,2020-04-28,"Agency 49, Article 11",conduct of mail referendum ballot,department of labor,,Labor and Workforce Development,1700000474,2,277,1,1,0,0,0,10.0,6.16,7.4074074074074066,33.825
Kansas,2020-04-28,"Agency 49, Article 12",jointly conducted union management election,department of labor,,Labor and Workforce Development,1700000475,27,1054,26,1,0,0,0,18.0,7.37,12.280701754385964,33.700502512562814
Kansas,2020-04-28,"Agency 49, Article 15",enforcement,department of labor,,Labor and Workforce Development,1700000476,0,210,0,0,0,0,0,11.0,6.15,26.31578947368421,36.61849710982659
Kansas,2020-04-28,"Agency 49, Article 16",records and retention,department of labor,,Labor and Workforce Development,1700000477,1,213,1,0,0,0,0,9.0,6.24,9.090909090909092,33.32203389830509
Kansas,2020-04-28,"Agency 49, Article 20",wage payments and procedures for enforcement,department of labor,,Labor and Workforce Development,1700000478,18,1053,13,0,0,0,5,29.0,7.68,20.0,34.756147540983605
Kansas,2020-04-28,"Agency 49, Article 21",procedures,department of labor,,Labor and Workforce Development,1700000479,18,1053,13,0,0,0,5,29.0,7.68,20.0,34.756147540983605
Kansas,2020-04-28,"Agency 49, Article 22",general provisions,department of labor,,Labor and Workforce Development,1700000480,4,369,4,0,0,0,0,16.0,6.66,22.727272727272727,33.874233128834355
Kansas,2020-04-28,"Agency 49, Article 24",units,department of labor,,Labor and Workforce Development,1700000481,1,98,1,0,0,0,0,13.0,5.51,28.57142857142857,44.54117647058823
Kansas,2020-04-28,"Agency 49, Article 25",elections,department of labor,,Labor and Workforce Development,1700000482,16,684,15,1,0,0,0,18.0,7.05,21.052631578947366,32.77777777777778
Kansas,2020-04-28,"Agency 49, Article 26",impasse declaration and notification,department of labor,,Labor and Workforce Development,1700000483,10,377,9,0,0,0,1,13.0,6.37,21.428571428571427,34.717460317460315
Kansas,2020-04-28,"Agency 49, Article 27",fact finding,department of labor,,Labor and Workforce Development,1700000484,13,604,13,0,0,0,0,19.0,6.47,16.129032258064516,28.969314079422382
Kansas,2020-04-28,"Agency 49, Article 28",prohibited practices,department of labor,,Labor and Workforce Development,1700000485,8,235,7,0,0,1,0,14.0,6.07,18.75,30.307317073170733
Kansas,2020-04-28,"Agency 49, Article 30",minimum wage and maximum hours,department of labor,,Labor and Workforce Development,1700000486,33,2421,21,0,0,0,12,30.0,8.47,30.0,34.26657940663176
Kansas,2020-04-28,"Agency 49, Article 31",minimum wage and maximum hours,department of labor,,Labor and Workforce Development,1700000487,33,2421,21,0,0,0,12,30.0,8.47,30.0,34.26657940663176
Kansas,2020-04-28,"Agency 49, Article 45",boiler specifications and inspections,department of labor,,Labor and Workforce Development,1700000488,0,1799,0,0,0,0,0,14.0,6.54,0.819672131147541,41.80462341536167
Kansas,2020-04-28,"Agency 49, Article 45a",definitions,department of labor,,Labor and Workforce Development,1700000489,5,870,3,0,0,0,2,28.0,7.37,0.0,33.39976275207592
Kansas,2020-04-28,"Agency 49, Article 46",boiler insurance and administration,department of labor,,Labor and Workforce Development,1700000490,12,406,10,0,0,0,2,20.0,6.59,25.0,33.45283018867924
Kansas,2020-04-28,"Agency 49, Article 47",inspectors,department of labor,,Labor and Workforce Development,1700000491,23,796,22,0,0,0,1,19.0,7.25,4.878048780487805,34.25619834710744
Kansas,2020-04-28,"Agency 49, Article 48",frequency of inspection,department of labor,,Labor and Workforce Development,1700000492,20,679,20,0,0,0,0,23.0,7.07,31.03448275862069,36.415625
Kansas,2020-04-28,"Agency 49, Article 49",fee schedule for boiler inspections,department of labor,,Labor and Workforce Development,1700000493,8,982,8,0,0,0,0,19.0,6.4,52.083333333333336,30.02902374670185
Kansas,2020-04-28,"Agency 49, Article 50",general requirements for all boilers,department of labor,,Labor and Workforce Development,1700000494,237,7148,214,0,0,3,20,19.0,8.71,16.666666666666664,33.90214761040532
Kansas,2020-04-28,"Agency 49, Article 51",high pressure boilers,department of labor,,Labor and Workforce Development,1700000495,116,3696,110,0,0,0,6,19.0,8.12,22.68041237113402,28.57614515169542
Kansas,2020-04-28,"Agency 49, Article 52",low pressure heating boilers,department of labor,,Labor and Workforce Development,1700000496,145,4394,141,0,0,0,4,19.0,7.98,19.823788546255507,28.92196673189824
Kansas,2020-04-28,"Agency 49, Article 55",amusement ride regulations,department of labor,,Labor and Workforce Development,1700000497,25,1567,22,0,0,0,3,12.0,7.18,5.384615384615385,34.658256880733944
Kansas,2020-04-28,"Agency 49, Article 6",collective bargaining unit selection,department of labor,,Labor and Workforce Development,1700000469,10,1043,9,1,0,0,0,21.0,7.02,22.916666666666664,38.04848484848485
Kansas,2020-04-28,"Agency 49, Article 7",secret ballot election all union agreement,department of labor,,Labor and Workforce Development,1700000470,3,494,3,0,0,0,0,13.0,6.54,7.894736842105263,37.76732673267327
Kansas,2020-04-28,"Agency 49, Article 8",secret ballot election strike walkout and cessation of work,department of labor,,Labor and Workforce Development,1700000471,9,651,9,0,0,0,0,16.0,6.69,14.634146341463412,32.47986577181208
Kansas,2020-04-28,"Agency 49, Article 9",all types of elections,department of labor,,Labor and Workforce Development,1700000472,16,684,15,1,0,0,0,18.0,7.05,21.052631578947366,32.77777777777778
Kansas,2020-04-28,"Agency 4, Article 1",agricultural chemicals,department of agriculture,,"Industry, Commerce, and Development",1700000048,49,2485,47,0,0,0,2,19.0,7.99,19.083969465648856,35.9108867427568
Kansas,2020-04-28,"Agency 4, Article 10",anhydrous ammonia,department of agriculture,,"Industry, Commerce, and Development",1700000056,196,7383,190,0,0,1,5,23.0,8.89,18.92744479495268,32.81818181818182
Kansas,2020-04-28,"Agency 4, Article 11",eggs,department of agriculture,,"Industry, Commerce, and Development",1700000057,29,1149,29,0,0,0,0,15.0,7.37,15.789473684210526,28.61093585699264
Kansas,2020-04-28,"Agency 4, Article 13",pesticides,department of agriculture,,"Industry, Commerce, and Development",1700000058,375,17057,335,7,0,1,32,21.0,9.11,12.07115628970775,38.846784
Kansas,2020-04-28,"Agency 4, Article 15",plants and plant products,department of agriculture,,"Industry, Commerce, and Development",1700000059,48,2502,44,0,0,2,2,14.0,7.95,8.771929824561402,32.462087421944695
Kansas,2020-04-28,"Agency 4, Article 16",meat and meat products inspection,department of agriculture,,"Industry, Commerce, and Development",1700000060,86,4654,79,0,0,1,6,17.0,8.58,20.55335968379447,33.46525529265255
Kansas,2020-04-28,"Agency 4, Article 19",soil amendments,department of agriculture,,"Industry, Commerce, and Development",1700000061,1,71,1,0,0,0,0,7.0,5.3,0.0,30.976190476190474
Kansas,2020-04-28,"Agency 4, Article 2",agricultural seed,department of agriculture,,"Industry, Commerce, and Development",1700000049,30,1523,26,2,0,0,2,16.0,7.72,17.582417582417584,33.90922844175492
Kansas,2020-04-28,"Agency 4, Article 20",chemigation,department of agriculture,,"Industry, Commerce, and Development",1700000062,53,1969,45,0,0,0,8,13.0,7.72,4.137931034482759,34.06008328375967
Kansas,2020-04-28,"Agency 4, Article 21",nutrient utilization plans,department of agriculture,,"Industry, Commerce, and Development",1700000063,65,2311,52,0,0,0,13,17.0,7.62,14.0625,31.07568359375
Kansas,2020-04-28,"Agency 4, Article 25",grain warehouse,department of agriculture,,"Industry, Commerce, and Development",1700000064,81,3274,73,0,0,0,8,19.0,7.89,12.962962962962962,33.013819985825656
Kansas,2020-04-28,"Agency 4, Article 27",lodging establishments,department of agriculture,,"Industry, Commerce, and Development",1700000065,584,13977,550,0,0,13,21,19.0,9.03,16.783216783216783,33.34607570170818
Kansas,2020-04-28,"Agency 4, Article 28",food safety,department of agriculture,,"Industry, Commerce, and Development",1700000066,87,3816,80,0,0,2,5,19.0,8.45,7.035175879396985,34.01819248826291
Kansas,2020-04-28,"Agency 4, Article 3",commercial feeding stuffs definitions,department of agriculture,,"Industry, Commerce, and Development",1700000050,65,3274,58,0,0,1,6,17.0,8.21,13.812154696132598,32.30433263452132
Kansas,2020-04-28,"Agency 4, Article 33",mill levy assessment,department of agriculture,,"Industry, Commerce, and Development",1700000067,8,352,8,0,0,0,0,11.0,6.42,6.666666666666667,29.426056338028168
Kansas,2020-04-28,"Agency 4, Article 34",industrial hemp,department of agriculture,,"Industry, Commerce, and Development",1700000068,316,13665,277,0,0,1,38,28.0,8.09,18.295218295218294,36.24984746796827
Kansas,2020-04-28,"Agency 4, Article 4",commercial fertilizers,department of agriculture,,"Industry, Commerce, and Development",1700000051,284,11354,246,0,0,3,35,21.0,8.8,15.355805243445692,35.71990894432325
Kansas,2020-04-28,"Agency 4, Article 5",agricultural liming materials,department of agriculture,,"Industry, Commerce, and Development",1700000052,3,178,3,0,0,0,0,11.0,6.07,6.25,40.53333333333333
Kansas,2020-04-28,"Agency 4, Article 6",certificate of free sale,department of agriculture,,"Industry, Commerce, and Development",1700000053,8,521,8,0,0,0,0,20.0,6.83,24.0,34.741127348643005
Kansas,2020-04-28,"Agency 4, Article 7",milk and dairy products,department of agriculture,,"Industry, Commerce, and Development",1700000054,72,3911,69,0,0,0,3,13.0,8.07,4.56140350877193,33.142549261083744
Kansas,2020-04-28,"Agency 4, Article 8",noxious weeds,department of agriculture,,"Industry, Commerce, and Development",1700000055,52,2883,51,0,0,0,1,18.0,7.49,6.41025641025641,34.68081698037645
Kansas,2020-04-28,"Agency 50, Article 1",meaning of terms,department of labor division of employment,,Labor and Workforce Development,1700000498,9,1291,8,0,0,0,1,18.0,7.69,11.594202898550725,34.58158995815899
Kansas,2020-04-28,"Agency 50, Article 2",unemployment insurance contributing reimbursing and rated governmental employment,department of labor division of employment,,Labor and Workforce Development,1700000499,309,12464,276,0,1,0,32,17.0,8.78,16.01123595505618,32.06818379223486
Kansas,2020-04-28,"Agency 50, Article 3",unemployment insurance benefits,department of labor division of employment,,Labor and Workforce Development,1700000500,83,4127,73,2,0,0,8,22.0,8.28,22.04301075268817,33.996408414571576
Kansas,2020-04-28,"Agency 50, Article 4",disclosure of information,department of labor division of employment,,Labor and Workforce Development,1700000501,13,780,12,0,0,0,1,28.0,7.02,35.714285714285715,39.13527851458886
Kansas,2020-04-28,"Agency 51, Article 1",forms,department of labor division of workers compensation,,Labor and Workforce Development,1700000502,14,379,11,0,0,0,3,16.0,6.26,13.043478260869565,30.235795454545453
Kansas,2020-04-28,"Agency 51, Article 11",wages,department of labor division of workers compensation,,Labor and Workforce Development,1700000507,4,168,4,0,0,0,0,15.0,5.45,9.090909090909092,31.86092715231788
Kansas,2020-04-28,"Agency 51, Article 12",injuries occurring inside or outside the state of kansas,department of labor division of workers compensation,,Labor and Workforce Development,1700000508,2,102,2,0,0,0,0,10.0,5.52,0.0,31.314606741573037
Kansas,2020-04-28,"Agency 51, Article 13",elections,department of labor division of workers compensation,,Labor and Workforce Development,1700000509,5,197,5,0,0,0,0,19.0,6.0,0.0,31.0062893081761
Kansas,2020-04-28,"Agency 51, Article 14",securing payment of compensation by insurance and self insurance,department of labor division of workers compensation,,Labor and Workforce Development,1700000510,17,558,14,0,0,0,3,29.0,6.45,31.57894736842105,34.52247191011236
Kansas,2020-04-28,"Agency 51, Article 15",workers compensation fund,department of labor division of workers compensation,,Labor and Workforce Development,1700000511,3,256,3,0,0,0,0,10.0,6.07,8.333333333333332,31.42079207920792
Kansas,2020-04-28,"Agency 51, Article 17",time computation and extension,department of labor division of workers compensation,,Labor and Workforce Development,1700000512,33,1449,31,0,0,0,2,23.0,7.24,12.903225806451612,32.786581013561744
Kansas,2020-04-28,"Agency 51, Article 18",appeals,department of labor division of workers compensation,,Labor and Workforce Development,1700000513,17,691,16,0,0,0,1,11.0,6.83,12.903225806451612,31.667768595041323
Kansas,2020-04-28,"Agency 51, Article 19",application for review and modification pursuant to ksa 44 528,department of labor division of workers compensation,,Labor and Workforce Development,1700000514,3,196,3,0,0,0,0,17.0,6.14,18.181818181818183,34.551515151515154
Kansas,2020-04-28,"Agency 51, Article 2",fees,department of labor division of workers compensation,,Labor and Workforce Development,1700000503,28,904,28,0,0,0,0,18.0,7.22,8.0,32.87798742138365
Kansas,2020-04-28,"Agency 51, Article 20",guards,department of labor division of workers compensation,,Labor and Workforce Development,1700000515,0,76,0,0,0,0,0,12.0,5.19,16.666666666666664,34.2
Kansas,2020-04-28,"Agency 51, Article 21",assignment of compensation,department of labor division of workers compensation,,Labor and Workforce Development,1700000516,0,65,0,0,0,0,0,8.0,5.13,0.0,26.680851063829788
Kansas,2020-04-28,"Agency 51, Article 24",rehabilitation,department of labor division of workers compensation,,Labor and Workforce Development,1700000517,71,3899,66,0,0,3,2,33.0,8.35,21.1864406779661,39.62679685381069
Kansas,2020-04-28,"Agency 51, Article 3",termination of compensable cases,department of labor division of workers compensation,,Labor and Workforce Development,1700000504,59,2504,57,0,0,0,2,18.0,7.89,23.7410071942446,33.27713523131673
Kansas,2020-04-28,"Agency 51, Article 7",measurement of disability,department of labor division of workers compensation,,Labor and Workforce Development,1700000505,17,685,17,0,0,0,0,22.0,6.86,25.806451612903224,29.484502446982056
Kansas,2020-04-28,"Agency 51, Article 9",medical and hospital,department of labor division of workers compensation,,Labor and Workforce Development,1700000506,39,2018,36,1,0,0,2,17.0,7.93,15.178571428571429,33.79473985134363
Kansas,2020-04-28,"Agency 53, Article 3",general records retention disposition schedule for state agencies,state records board,,Administration,1700000518,6,228,5,0,0,0,1,19.0,5.77,25.0,36.96261682242991
Kansas,2020-04-28,"Agency 53, Article 4",records officer,state records board,,Administration,1700000519,5,405,4,0,0,0,1,28.0,6.57,7.142857142857142,38.40837696335078
Kansas,2020-04-28,"Agency 54, Article 1",regional systems of cooperating libraries,state library,,"Culture, Recreation, and the Arts",1700000520,51,2434,46,0,0,0,5,14.0,7.04,10.778443113772456,37.716027088036114
Kansas,2020-04-28,"Agency 54, Article 2",establishing a publication collection and depository system,state library,,"Culture, Recreation, and the Arts",1700000521,11,546,10,1,0,0,0,12.0,6.23,0.0,36.49176954732511
Kansas,2020-04-28,"Agency 54, Article 3",financial aid for blind and physically handicapped sub regional libraries,state library,,"Culture, Recreation, and the Arts",1700000522,8,392,7,0,1,0,0,13.0,6.89,0.0,36.47214076246334
Kansas,2020-04-28,"Agency 54, Article 4",children s internet protection public library requirements,state library,,"Culture, Recreation, and the Arts",1700000523,3,206,3,0,0,0,0,14.0,5.78,0.0,33.58918918918919
Kansas,2020-04-28,"Agency 56, Article 1",armories,state of kansas office of the adjutant general,,"Security, Justice, and Corrections",1700000524,21,1291,19,0,0,0,2,13.0,7.19,11.827956989247312,30.2701252236136
Kansas,2020-04-28,"Agency 56, Article 2",standards for local disaster agencies,state of kansas office of the adjutant general,,"Security, Justice, and Corrections",1700000525,17,853,11,0,0,0,6,30.0,7.36,7.142857142857142,41.05977584059776
Kansas,2020-04-28,"Agency 56, Article 3",nuclear emergency preparedness fees,state of kansas office of the adjutant general,,"Security, Justice, and Corrections",1700000526,40,1737,37,0,0,0,3,22.0,7.46,10.126582278481012,37.5449968533669
Kansas,2020-04-28,"Agency 5, Article 1",definitions,department of agriculture division of water resources,,"Industry, Commerce, and Development",1700000069,118,9220,88,0,0,0,30,30.0,8.74,22.149837133550488,33.20537034930026
Kansas,2020-04-28,"Agency 5, Article 10",water appropriation,department of agriculture division of water resources,,"Industry, Commerce, and Development",1700000078,22,814,22,0,0,0,0,21.0,6.98,15.789473684210526,31.27461139896373
Kansas,2020-04-28,"Agency 5, Article 11",assurance districts,department of agriculture division of water resources,,"Industry, Commerce, and Development",1700000079,8,326,8,0,0,0,0,18.0,6.05,22.22222222222222,30.657894736842103
Kansas,2020-04-28,"Agency 5, Article 12",aquifer storage and recovery,department of agriculture division of water resources,,"Industry, Commerce, and Development",1700000080,27,1301,25,0,0,0,2,20.0,7.05,16.129032258064516,35.68632268632268
Kansas,2020-04-28,"Agency 5, Article 13",sand and gravel pit operations,department of agriculture division of water resources,,"Industry, Commerce, and Development",1700000081,41,2824,30,0,0,0,11,20.0,7.75,13.970588235294118,32.66087292390885
Kansas,2020-04-28,"Agency 5, Article 14",enforcement and appeals,department of agriculture division of water resources,,"Industry, Commerce, and Development",1700000082,180,9925,158,0,0,1,21,23.0,8.39,26.98795180722892,31.90964499572284
Kansas,2020-04-28,"Agency 5, Article 15",minimum desirable streamflows,department of agriculture division of water resources,,"Industry, Commerce, and Development",1700000083,19,2034,19,0,0,0,0,27.0,7.08,24.324324324324326,34.843530048727665
Kansas,2020-04-28,"Agency 5, Article 16",flex account,department of agriculture division of water resources,,"Industry, Commerce, and Development",1700000084,29,1386,28,0,0,0,1,21.0,7.15,13.846153846153848,31.37256430241621
Kansas,2020-04-28,"Agency 5, Article 17",water banking,department of agriculture division of water resources,,"Industry, Commerce, and Development",1700000085,93,6831,89,0,0,0,4,24.0,7.68,16.19718309859155,29.21964956195244
Kansas,2020-04-28,"Agency 5, Article 2",vested rights,department of agriculture division of water resources,,"Industry, Commerce, and Development",1700000070,3,403,3,0,0,0,0,18.0,6.43,19.047619047619047,29.01108033240997
Kansas,2020-04-28,"Agency 5, Article 20",intensive groundwater use control area,department of agriculture division of water resources,,"Industry, Commerce, and Development",1700000086,38,1381,38,0,0,0,0,21.0,7.17,15.873015873015872,33.28350116189001
Kansas,2020-04-28,"Agency 5, Article 21",western kansas groundwater management district no 1,department of agriculture division of water resources,,"Industry, Commerce, and Development",1700000087,35,2044,32,0,0,0,3,19.0,7.93,15.53398058252427,33.71070857751732
Kansas,2020-04-28,"Agency 5, Article 22",equus beds groundwater management district no 2,department of agriculture division of water resources,,"Industry, Commerce, and Development",1700000088,121,9063,114,0,0,0,7,27.0,8.76,21.987951807228917,33.11342537491073
Kansas,2020-04-28,"Agency 5, Article 23",southwest kansas groundwater management district no 3,department of agriculture division of water resources,,"Industry, Commerce, and Development",1700000089,59,3930,56,0,0,0,3,20.0,8.19,14.948453608247425,33.28374578177728
Kansas,2020-04-28,"Agency 5, Article 24",northwest kansas groundwater management district no 4,department of agriculture division of water resources,,"Industry, Commerce, and Development",1700000090,88,5773,79,0,0,0,9,25.0,8.18,17.46724890829694,32.095381149079984
Kansas,2020-04-28,"Agency 5, Article 25",big bend groundwater management district no 5,department of agriculture division of water resources,,"Industry, Commerce, and Development",1700000091,144,8551,134,0,0,0,10,19.0,8.31,14.123006833712983,31.72233009708738
Kansas,2020-04-28,"Agency 5, Article 3",appropriation rights,department of agriculture division of water resources,,"Industry, Commerce, and Development",1700000071,235,16120,210,2,0,0,23,24.0,8.92,19.393939393939394,34.2511580775912
Kansas,2020-04-28,"Agency 5, Article 30",dams,department of agriculture division of water resources,,"Industry, Commerce, and Development",1700000092,1,104,1,0,0,0,0,14.0,5.42,28.57142857142857,26.9010989010989
Kansas,2020-04-28,"Agency 5, Article 4",distribution of water between users,department of agriculture division of water resources,,"Industry, Commerce, and Development",1700000072,84,3869,81,1,0,0,2,26.0,8.05,40.0,32.92180735930736
Kansas,2020-04-28,"Agency 5, Article 40",design of earth dams,department of agriculture division of water resources,,"Industry, Commerce, and Development",1700000093,461,23601,379,1,0,0,81,25.0,8.98,22.087912087912088,32.10796425606719
Kansas,2020-04-28,"Agency 5, Article 41",design of channel changes,department of agriculture division of water resources,,"Industry, Commerce, and Development",1700000094,18,698,17,0,0,0,1,14.0,7.07,14.583333333333334,33.328100470957615
Kansas,2020-04-28,"Agency 5, Article 42",design of stream obstructions,department of agriculture division of water resources,,"Industry, Commerce, and Development",1700000095,28,1505,20,0,0,0,8,28.0,7.94,20.75471698113208,35.812056737588655
Kansas,2020-04-28,"Agency 5, Article 43",sand dredging permits,department of agriculture division of water resources,,"Industry, Commerce, and Development",1700000096,26,884,25,0,0,0,1,17.0,7.25,14.000000000000002,31.1231884057971
Kansas,2020-04-28,"Agency 5, Article 44",floodplain management,department of agriculture division of water resources,,"Industry, Commerce, and Development",1700000097,36,1868,31,1,0,0,4,22.0,7.89,18.823529411764707,36.7481181239143
Kansas,2020-04-28,"Agency 5, Article 45",design of levees,department of agriculture division of water resources,,"Industry, Commerce, and Development",1700000098,75,5989,60,1,0,0,14,23.0,8.71,23.228346456692915,33.954016721192296
Kansas,2020-04-28,"Agency 5, Article 46",general permits,department of agriculture division of water resources,,"Industry, Commerce, and Development",1700000099,43,1623,41,0,0,0,2,26.0,7.51,25.0,30.94390084801044
Kansas,2020-04-28,"Agency 5, Article 5",change in the place of use the point of diversion or the use made of water under an existing water right,department of agriculture division of water resources,,"Industry, Commerce, and Development",1700000073,135,8111,122,2,0,0,11,29.0,8.18,29.844961240310077,32.32146505180213
Kansas,2020-04-28,"Agency 5, Article 50",water transfers,department of agriculture division of water resources,,"Industry, Commerce, and Development",1700000100,14,1419,13,0,0,0,1,21.0,7.52,16.417910447761194,32.570772762050495
Kansas,2020-04-28,"Agency 5, Article 6",storage of water,department of agriculture division of water resources,,"Industry, Commerce, and Development",1700000074,32,2391,27,0,0,0,5,16.0,7.64,11.564625850340136,33.96150234741784
Kansas,2020-04-28,"Agency 5, Article 7",abandonment and termination,department of agriculture division of water resources,,"Industry, Commerce, and Development",1700000075,68,3191,61,0,0,0,7,22.0,7.67,19.444444444444446,30.078753351206437
Kansas,2020-04-28,"Agency 5, Article 8",certification of water rights,department of agriculture division of water resources,,"Industry, Commerce, and Development",1700000076,52,2552,42,0,0,0,10,27.0,7.54,32.608695652173914,31.63978494623656
Kansas,2020-04-28,"Agency 5, Article 9",temporary permits,department of agriculture division of water resources,,"Industry, Commerce, and Development",1700000077,23,1412,23,0,0,0,0,13.0,7.12,8.91089108910891,31.05609756097561
Kansas,2020-04-28,"Agency 60, Article 1",approval of schools of nursing,kansas state board of nursing,,Health Services,1700000527,19,1293,15,0,0,0,4,22.0,7.8,13.559322033898304,39.45693191140279
Kansas,2020-04-28,"Agency 60, Article 11",advanced practice registered nurses,kansas state board of nursing,,Health Services,1700000536,59,3980,53,0,0,0,6,19.0,7.99,9.268292682926829,35.81092677345538
Kansas,2020-04-28,"Agency 60, Article 12",continuing education for mental health technicians,kansas state board of nursing,,Health Services,1700000537,11,450,9,0,0,0,2,12.0,6.87,2.857142857142857,36.66666666666666
Kansas,2020-04-28,"Agency 60, Article 13",fees registered nurse anesthetist,kansas state board of nursing,,Health Services,1700000538,29,1350,27,0,0,0,2,14.0,7.62,2.197802197802198,37.82933104631218
Kansas,2020-04-28,"Agency 60, Article 15",performance of selected nursing procedures in school settings,kansas state board of nursing,,Health Services,1700000539,21,1671,19,0,0,0,2,21.0,7.73,9.090909090909092,41.471057884231534
Kansas,2020-04-28,"Agency 60, Article 16",intravenous fluid therapy for licensed practical nurse,kansas state board of nursing,,Health Services,1700000540,44,2357,40,0,0,0,4,30.0,8.19,6.41025641025641,40.89410681399632
Kansas,2020-04-28,"Agency 60, Article 17",advanced nursing education program,kansas state board of nursing,,Health Services,1700000541,99,3852,93,1,0,0,5,23.0,8.13,8.383233532934131,40.12415730337079
Kansas,2020-04-28,"Agency 60, Article 2",requirements for approved nursing programs,kansas state board of nursing,,Health Services,1700000528,102,4021,99,0,0,0,3,28.0,8.19,14.084507042253522,39.646823278163374
Kansas,2020-04-28,"Agency 60, Article 3",requirements for licensure and standards of practice,kansas state board of nursing,,Health Services,1700000529,68,3838,60,0,0,0,8,22.0,8.53,8.670520231213873,36.73968253968254
Kansas,2020-04-28,"Agency 60, Article 4",fees,kansas state board of nursing,,Health Services,1700000530,5,591,5,0,0,0,0,32.0,6.54,0.0,45.32668329177057
Kansas,2020-04-28,"Agency 60, Article 5",approval of educational programs for mental health technicians,kansas state board of nursing,,Health Services,1700000531,9,194,8,0,0,0,1,7.0,6.15,0.0,32.65853658536585
Kansas,2020-04-28,"Agency 60, Article 6",requirements for approved programs for mental health technicians,kansas state board of nursing,,Health Services,1700000532,37,748,37,0,0,0,0,14.0,7.4,0.0,44.68181818181818
Kansas,2020-04-28,"Agency 60, Article 7",requirements for licensure and standards of practice,kansas state board of nursing,,Health Services,1700000533,68,3838,60,0,0,0,8,22.0,8.53,8.670520231213873,36.73968253968254
Kansas,2020-04-28,"Agency 60, Article 8",fees,kansas state board of nursing,,Health Services,1700000534,5,591,5,0,0,0,0,32.0,6.54,0.0,45.32668329177057
Kansas,2020-04-28,"Agency 60, Article 9",continuing education for nurses,kansas state board of nursing,,Health Services,1700000535,72,3225,62,0,0,0,10,24.0,8.2,13.076923076923078,37.02306425041186
Kansas,2020-04-28,"Agency 61, Article 1",sanitary rules and regulations governing barber shops schools and colleges and public rest rooms in connection therewith,kansas board of barber examiners,,"Industry, Commerce, and Development",1700000542,46,1645,34,2,0,8,2,12.0,7.46,11.11111111111111,30.520471894517694
Kansas,2020-04-28,"Agency 61, Article 3",schools requirements,kansas board of barber examiners,,"Industry, Commerce, and Development",1700000543,68,2641,63,1,0,0,4,13.0,7.61,6.122448979591836,31.507625272331158
Kansas,2020-04-28,"Agency 61, Article 4",issuance renewal revocation and suspension of certificates of registration,kansas board of barber examiners,,"Industry, Commerce, and Development",1700000544,4,295,4,0,0,0,0,22.0,6.58,7.6923076923076925,26.58498023715415
Kansas,2020-04-28,"Agency 61, Article 5",applications,kansas board of barber examiners,,"Industry, Commerce, and Development",1700000545,1,62,1,0,0,0,0,8.0,5.17,0.0,32.297872340425535
Kansas,2020-04-28,"Agency 61, Article 6",reciprocity,kansas board of barber examiners,,"Industry, Commerce, and Development",1700000546,4,176,4,0,0,0,0,14.0,6.29,0.0,36.01315789473684
Kansas,2020-04-28,"Agency 61, Article 7",fees,kansas board of barber examiners,,"Industry, Commerce, and Development",1700000547,6,335,6,0,0,0,0,55.0,6.07,50.0,36.01515151515152
Kansas,2020-04-28,"Agency 63, Article 1",embalming continuing education of embalmers and funeral directors,kansas state board of mortuary arts,,"Industry, Commerce, and Development",1700000548,74,2449,70,0,0,0,4,18.0,7.98,8.823529411764707,34.03083294983893
Kansas,2020-04-28,"Agency 63, Article 2",funeral directing,kansas state board of mortuary arts,,"Industry, Commerce, and Development",1700000549,73,2752,68,0,0,0,5,16.0,7.48,6.748466257668712,34.519872087711285
Kansas,2020-04-28,"Agency 63, Article 3",preparation and transportation of bodies burial in mausoleums and funeral establishments,kansas state board of mortuary arts,,"Industry, Commerce, and Development",1700000550,81,3424,77,0,0,0,4,20.0,8.25,11.976047904191615,35.60244451592152
Kansas,2020-04-28,"Agency 63, Article 4",fees,kansas state board of mortuary arts,,"Industry, Commerce, and Development",1700000551,1,265,1,0,0,0,0,35.0,5.81,42.85714285714285,46.97894736842105
Kansas,2020-04-28,"Agency 63, Article 5",administrative hearings and disciplinary action,kansas state board of mortuary arts,,"Industry, Commerce, and Development",1700000552,5,1123,5,0,0,0,0,46.0,8.08,8.333333333333332,37.71617786187323
Kansas,2020-04-28,"Agency 63, Article 6",continuing education,kansas state board of mortuary arts,,"Industry, Commerce, and Development",1700000553,74,2449,70,0,0,0,4,18.0,7.98,8.823529411764707,34.03083294983893
Kansas,2020-04-28,"Agency 63, Article 7",crematories,kansas state board of mortuary arts,,"Industry, Commerce, and Development",1700000554,79,2794,77,0,0,0,2,16.0,7.96,2.9069767441860463,32.86640776699029
Kansas,2020-04-28,"Agency 65, Article 10",maintaining an office,state board of examiners in optometry,,Health Services,1700000560,8,475,8,0,0,0,0,18.0,6.63,19.230769230769237,36.85321100917431
Kansas,2020-04-28,"Agency 65, Article 11",advertising,state board of examiners in optometry,,Health Services,1700000561,6,463,6,0,0,0,0,20.0,6.92,22.727272727272727,37.47663551401869
Kansas,2020-04-28,"Agency 65, Article 4",general provisions,state board of examiners in optometry,,Health Services,1700000555,13,1778,11,0,0,0,2,24.0,8.39,5.555555555555555,39.5726392251816
Kansas,2020-04-28,"Agency 65, Article 5",licenses,state board of examiners in optometry,,Health Services,1700000556,51,2261,45,0,0,0,6,18.0,7.97,15.2,35.71186440677966
Kansas,2020-04-28,"Agency 65, Article 6",general provisions,state board of examiners in optometry,,Health Services,1700000557,13,1778,11,0,0,0,2,24.0,8.39,5.555555555555555,39.5726392251816
Kansas,2020-04-28,"Agency 65, Article 8",minimum standards for ophthalmic services,state board of examiners in optometry,,Health Services,1700000558,17,1031,16,0,0,0,1,25.0,7.38,12.195121951219512,39.33405875952122
Kansas,2020-04-28,"Agency 65, Article 9",trade names,state board of examiners in optometry,,Health Services,1700000559,16,935,16,0,0,0,0,19.0,6.96,24.489795918367346,29.13773148148148
Kansas,2020-04-28,"Agency 66, Article 10",experience,state board of technical professions,,"Industry, Commerce, and Development",1700000566,69,2726,54,0,0,0,15,15.0,7.36,1.7341040462427744,37.39008336989908
Kansas,2020-04-28,"Agency 66, Article 11",intern certification and admission to the fundamentals examination,state board of technical professions,,"Industry, Commerce, and Development",1700000567,10,727,10,0,0,0,0,11.0,6.6,0.0,36.654513888888886
Kansas,2020-04-28,"Agency 66, Article 12",minimum standards for the practice of professional surveying,state board of technical professions,,"Industry, Commerce, and Development",1700000568,1,138,1,0,0,0,0,19.0,6.04,14.285714285714285,35.8921568627451
Kansas,2020-04-28,"Agency 66, Article 13",administrative procedures,state board of technical professions,,"Industry, Commerce, and Development",1700000569,5,254,3,1,0,0,1,21.0,6.36,8.333333333333332,41.42672413793103
Kansas,2020-04-28,"Agency 66, Article 14",continuing education requirements,state board of technical professions,,"Industry, Commerce, and Development",1700000570,50,1912,45,0,0,0,5,12.0,7.51,4.57516339869281,38.52133580705009
Kansas,2020-04-28,"Agency 66, Article 15",fees,state board of technical professions,,"Industry, Commerce, and Development",1700000571,2,178,2,0,0,0,0,33.0,5.77,0.0,42.86013986013986
Kansas,2020-04-28,"Agency 66, Article 6",professional practice,state board of technical professions,,"Industry, Commerce, and Development",1700000562,68,2769,60,0,0,0,8,23.0,8.23,20.689655172413797,34.38884524744697
Kansas,2020-04-28,"Agency 66, Article 7",applications,state board of technical professions,,"Industry, Commerce, and Development",1700000563,9,777,9,0,0,0,0,13.0,7.1,5.357142857142857,32.914027149321264
Kansas,2020-04-28,"Agency 66, Article 8",examinations,state board of technical professions,,"Industry, Commerce, and Development",1700000564,34,1305,23,0,0,0,11,13.0,6.91,9.183673469387756,39.22020018198362
Kansas,2020-04-28,"Agency 66, Article 9",education,state board of technical professions,,"Industry, Commerce, and Development",1700000565,5,852,5,0,0,0,0,16.0,6.89,11.320754716981131,38.52957746478873
Kansas,2020-04-28,"Agency 67, Article 1",application for license,kansas board of examiners in fitting and dispensing of hearing instruments,,Health Services,1700000572,9,693,9,0,0,0,0,23.0,7.32,10.344827586206897,34.35257410296412
Kansas,2020-04-28,"Agency 67, Article 10",educational requirements,kansas board of examiners in fitting and dispensing of hearing instruments,,Health Services,1700000581,10,402,10,0,0,0,0,11.0,6.33,3.0303030303030303,36.82267441860465
Kansas,2020-04-28,"Agency 67, Article 11",renewals,kansas board of examiners in fitting and dispensing of hearing instruments,,Health Services,1700000582,3,342,3,0,0,0,0,15.0,6.3,4.761904761904762,40.12167300380228
Kansas,2020-04-28,"Agency 67, Article 12",filing and investigation of charges,kansas board of examiners in fitting and dispensing of hearing instruments,,Health Services,1700000583,5,176,5,0,0,0,0,12.0,5.79,7.142857142857142,30.90566037735849
Kansas,2020-04-28,"Agency 67, Article 13",suspension or revocation proceedings,kansas board of examiners in fitting and dispensing of hearing instruments,,Health Services,1700000584,7,178,7,0,0,0,0,11.0,5.65,0.0,29.18471337579618
Kansas,2020-04-28,"Agency 67, Article 2",examinations,kansas board of examiners in fitting and dispensing of hearing instruments,,Health Services,1700000573,8,218,6,0,0,0,2,18.0,5.96,8.333333333333332,39.035714285714285
Kansas,2020-04-28,"Agency 67, Article 3",duties of sponsors of temporary licensees,kansas board of examiners in fitting and dispensing of hearing instruments,,Health Services,1700000574,9,366,9,0,0,0,0,12.0,6.33,3.333333333333333,37.03174603174603
Kansas,2020-04-28,"Agency 67, Article 4",educational requirements,kansas board of examiners in fitting and dispensing of hearing instruments,,Health Services,1700000575,10,402,10,0,0,0,0,11.0,6.33,3.0303030303030303,36.82267441860465
Kansas,2020-04-28,"Agency 67, Article 5",renewals,kansas board of examiners in fitting and dispensing of hearing instruments,,Health Services,1700000576,3,342,3,0,0,0,0,15.0,6.3,4.761904761904762,40.12167300380228
Kansas,2020-04-28,"Agency 67, Article 6",unethical conduct,kansas board of examiners in fitting and dispensing of hearing instruments,,Health Services,1700000577,8,393,8,0,0,0,0,28.0,7.15,7.142857142857142,37.814516129032256
Kansas,2020-04-28,"Agency 67, Article 7",calibration of audiometric equipment,kansas board of examiners in fitting and dispensing of hearing instruments,,Health Services,1700000578,7,233,3,0,0,0,4,21.0,6.31,0.0,35.03414634146341
Kansas,2020-04-28,"Agency 67, Article 8",filing and investigation of charges,kansas board of examiners in fitting and dispensing of hearing instruments,,Health Services,1700000579,5,176,5,0,0,0,0,12.0,5.79,7.142857142857142,30.90566037735849
Kansas,2020-04-28,"Agency 67, Article 9",suspension or revocation proceedings,kansas board of examiners in fitting and dispensing of hearing instruments,,Health Services,1700000580,7,178,7,0,0,0,0,11.0,5.65,0.0,29.18471337579618
Kansas,2020-04-28,"Agency 68, Article 1",registration and examination of pharmacists,kansas state board of pharmacy,,Health Services,1700000585,43,1901,35,0,0,0,8,17.0,7.69,6.5420560747663545,35.004857316332725
Kansas,2020-04-28,"Agency 68, Article 11",fees,kansas state board of pharmacy,,Health Services,1700000592,48,759,48,0,0,0,0,17.0,6.25,0.0,36.61538461538461
Kansas,2020-04-28,"Agency 68, Article 12",resale of medication,kansas state board of pharmacy,,Health Services,1700000593,1,94,1,0,0,0,0,15.0,5.58,16.666666666666664,34.56164383561644
Kansas,2020-04-28,"Agency 68, Article 13",parenteral products,kansas state board of pharmacy,,Health Services,1700000594,123,6838,118,0,0,1,4,32.0,8.86,27.570093457943923,40.65815234016519
Kansas,2020-04-28,"Agency 68, Article 14",wholesale distributors,kansas state board of pharmacy,,Health Services,1700000595,148,7204,145,0,0,0,3,28.0,8.39,17.120622568093385,39.84470520063741
Kansas,2020-04-28,"Agency 68, Article 15",nonprescription wholesale distributors,kansas state board of pharmacy,,Health Services,1700000596,3,249,2,0,0,0,1,10.0,6.03,4.166666666666666,41.72985781990521
Kansas,2020-04-28,"Agency 68, Article 18",utilization of unused medications,kansas state board of pharmacy,,Health Services,1700000597,20,1060,20,0,0,0,0,26.0,6.73,7.5,35.03389830508475
Kansas,2020-04-28,"Agency 68, Article 19",continuous quality assurance programs,kansas state board of pharmacy,,Health Services,1700000598,1,170,1,0,0,0,0,34.0,5.97,0.0,35.611464968152866
Kansas,2020-04-28,"Agency 68, Article 2",drugstores,kansas state board of pharmacy,,Health Services,1700000586,47,2444,37,0,0,0,10,20.0,8.08,15.254237288135592,39.02863741339492
Kansas,2020-04-28,"Agency 68, Article 20",controlled substances,kansas state board of pharmacy,,Health Services,1700000599,219,10617,194,0,0,0,25,24.0,8.81,22.950819672131143,38.22009279806335
Kansas,2020-04-28,"Agency 68, Article 21",prescription monitoring program,kansas state board of pharmacy,,Health Services,1700000600,60,3470,56,0,0,0,4,22.0,8.06,18.35443037974684,37.00856531049251
Kansas,2020-04-28,"Agency 68, Article 22",electronic supervision of medical care facility s pharmacy personnel,kansas state board of pharmacy,,Health Services,1700000601,27,1175,25,0,0,0,2,13.0,6.61,5.747126436781609,38.219421101774046
Kansas,2020-04-28,"Agency 68, Article 3",retail dealer s permit,kansas state board of pharmacy,,Health Services,1700000587,6,228,2,0,0,0,4,14.0,6.11,6.25,31.247524752475247
Kansas,2020-04-28,"Agency 68, Article 5",general rules,kansas state board of pharmacy,,Health Services,1700000588,36,1659,29,0,0,0,7,22.0,7.8,1.3157894736842104,38.8515625
Kansas,2020-04-28,"Agency 68, Article 7",miscellaneous provisions,kansas state board of pharmacy,,Health Services,1700000589,224,10275,212,0,0,0,12,27.0,8.68,17.5531914893617,37.78524319868096
Kansas,2020-04-28,"Agency 68, Article 8",advertising,kansas state board of pharmacy,,Health Services,1700000590,1,62,1,0,0,0,0,8.0,5.01,0.0,34.44444444444444
Kansas,2020-04-28,"Agency 68, Article 9",automated prescription systems,kansas state board of pharmacy,,Health Services,1700000591,33,2563,28,0,0,0,5,35.0,7.85,21.12676056338028,38.29933388842631
Kansas,2020-04-28,"Agency 69, Article 1",licensing and qualifications of cosmetologists,kansas board of cosmetology,,"Industry, Commerce, and Development",1700000602,18,871,13,0,0,0,5,19.0,7.38,8.695652173913043,37.08377659574468
Kansas,2020-04-28,"Agency 69, Article 11",fees,kansas board of cosmetology,,"Industry, Commerce, and Development",1700000607,2,399,2,0,0,0,0,21.0,5.99,0.0,47.91439688715953
Kansas,2020-04-28,"Agency 69, Article 12",tanning facilities,kansas board of cosmetology,,"Industry, Commerce, and Development",1700000608,43,1485,42,0,0,0,1,12.0,7.31,2.4390243902439024,34.7367613200307
Kansas,2020-04-28,"Agency 69, Article 13",inspections,kansas board of cosmetology,,"Industry, Commerce, and Development",1700000609,7,483,7,0,0,0,0,11.0,6.73,9.75609756097561,36.57314148681055
Kansas,2020-04-28,"Agency 69, Article 14",continuing education for cosmetologists and other licensees,kansas board of cosmetology,,"Industry, Commerce, and Development",1700000610,36,1307,30,0,0,0,6,18.0,7.5,7.142857142857142,36.2297520661157
Kansas,2020-04-28,"Agency 69, Article 15",tattooing body piercing and permanent cosmetics,kansas board of cosmetology,,"Industry, Commerce, and Development",1700000611,204,7681,184,0,0,6,14,18.0,9.13,10.0,36.3404647208841
Kansas,2020-04-28,"Agency 69, Article 3",schools,kansas board of cosmetology,,"Industry, Commerce, and Development",1700000603,28,1578,28,0,0,0,0,15.0,7.53,3.8461538461538463,31.25242718446602
Kansas,2020-04-28,"Agency 69, Article 4",students,kansas board of cosmetology,,"Industry, Commerce, and Development",1700000604,6,305,5,0,0,0,1,12.0,6.08,0.0,29.746835443037973
Kansas,2020-04-28,"Agency 69, Article 5",shop apprentices,kansas board of cosmetology,,"Industry, Commerce, and Development",1700000605,9,500,9,0,0,0,0,11.0,6.68,0.0,34.05515587529976
Kansas,2020-04-28,"Agency 69, Article 6",beauty shops,kansas board of cosmetology,,"Industry, Commerce, and Development",1700000606,7,327,7,0,0,0,0,9.0,6.36,5.714285714285714,33.72727272727273
Kansas,2020-04-28,"Agency 6, Article 1",apportionment of election expenses,state election board,,Administration,1700000101,9,309,8,0,0,0,1,13.0,6.29,13.043478260869565,36.06115107913669
Kansas,2020-04-28,"Agency 70, Article 1",definitions,kansas board of veterinary medical examiners,,"Industry, Commerce, and Development",1700000612,3,342,3,0,0,0,0,10.0,6.75,3.0303030303030303,37.36896551724138
Kansas,2020-04-28,"Agency 70, Article 10",fines,kansas board of veterinary medical examiners,,"Industry, Commerce, and Development",1700000620,13,602,11,0,0,0,2,37.0,6.68,12.5,30.34982332155477
Kansas,2020-04-28,"Agency 70, Article 3",examinations,kansas board of veterinary medical examiners,,"Industry, Commerce, and Development",1700000613,5,243,5,0,0,0,0,9.0,6.15,4.0,37.1
Kansas,2020-04-28,"Agency 70, Article 4",applications,kansas board of veterinary medical examiners,,"Industry, Commerce, and Development",1700000614,24,1824,20,0,0,0,4,26.0,8.04,10.144927536231885,40.20473372781065
Kansas,2020-04-28,"Agency 70, Article 5",fees,kansas board of veterinary medical examiners,,"Industry, Commerce, and Development",1700000615,1,190,1,0,0,0,0,25.0,5.91,14.285714285714285,48.95238095238095
Kansas,2020-04-28,"Agency 70, Article 6",minimum standards for veterinary premises sanitary conditions and physical plant,kansas board of veterinary medical examiners,,"Industry, Commerce, and Development",1700000616,85,1338,82,0,0,0,3,14.0,7.92,11.34020618556701,37.14329738058552
Kansas,2020-04-28,"Agency 70, Article 7",standards of veterinary practice,kansas board of veterinary medical examiners,,"Industry, Commerce, and Development",1700000617,41,1317,38,0,0,0,3,23.0,7.59,22.41379310344828,40.9233746130031
Kansas,2020-04-28,"Agency 70, Article 8",unprofessional conduct,kansas board of veterinary medical examiners,,"Industry, Commerce, and Development",1700000618,5,1071,3,0,0,0,2,118.0,8.12,,40.351869606903165
Kansas,2020-04-28,"Agency 70, Article 9",impairment,kansas board of veterinary medical examiners,,"Industry, Commerce, and Development",1700000619,10,340,9,0,0,0,1,18.0,6.24,16.666666666666664,34.95638629283489
Kansas,2020-04-28,"Agency 71, Article 1",general rules,kansas dental board,,Health Services,1700000621,78,2948,72,0,0,0,6,21.0,8.68,21.014492753623188,34.47171824973319
Kansas,2020-04-28,"Agency 71, Article 10",practice of dental hygiene by a dental hygiene student,kansas dental board,,Health Services,1700000630,15,847,15,0,0,0,0,21.0,6.72,7.6923076923076925,38.54303797468354
Kansas,2020-04-28,"Agency 71, Article 11",miscellaneous provisions,kansas dental board,,Health Services,1700000631,1,106,1,0,0,0,0,17.0,5.63,16.666666666666664,38.03092783505155
Kansas,2020-04-28,"Agency 71, Article 2",specialists,kansas dental board,,Health Services,1700000622,8,998,7,0,0,0,1,27.0,7.61,2.702702702702702,43.046236559139786
Kansas,2020-04-28,"Agency 71, Article 3",dental hygienists,kansas dental board,,Health Services,1700000623,24,1120,19,0,1,2,2,14.0,7.36,7.59493670886076,35.69061876247505
Kansas,2020-04-28,"Agency 71, Article 4",continuing education requirements,kansas dental board,,Health Services,1700000624,30,1146,22,0,0,0,8,22.0,7.38,5.769230769230769,37.05209302325581
Kansas,2020-04-28,"Agency 71, Article 5",sedative and general anaesthesia,kansas dental board,,Health Services,1700000625,71,4365,61,0,0,0,10,30.0,8.05,19.01408450704225,37.18632017651385
Kansas,2020-04-28,"Agency 71, Article 6",dental auxiliaries,kansas dental board,,Health Services,1700000626,10,870,8,0,0,0,2,14.0,7.34,6.666666666666667,38.440832249674905
Kansas,2020-04-28,"Agency 71, Article 7",advertising,kansas dental board,,Health Services,1700000627,1,98,1,0,0,0,0,19.0,5.32,0.0,39.05494505494506
Kansas,2020-04-28,"Agency 71, Article 8",mobile dental facilities and portable dental operations,kansas dental board,,Health Services,1700000628,36,1670,34,0,0,0,2,19.0,7.26,15.294117647058824,35.73913043478261
Kansas,2020-04-28,"Agency 71, Article 9",practice of dentistry by a dental student,kansas dental board,,Health Services,1700000629,15,650,14,0,0,0,1,17.0,6.7,5.405405405405405,38.16946308724832
Kansas,2020-04-28,"Agency 74, Article 1",examinations,board of accountancy,,"Industry, Commerce, and Development",1700000632,19,1609,16,0,0,0,3,18.0,7.36,13.953488372093023,33.97344514325646
Kansas,2020-04-28,"Agency 74, Article 10",licensed municipal public accountants,board of accountancy,,"Industry, Commerce, and Development",1700000640,2,59,2,0,0,0,0,10.0,5.26,0.0,28.32
Kansas,2020-04-28,"Agency 74, Article 11",peer review program,board of accountancy,,"Industry, Commerce, and Development",1700000641,19,862,17,0,0,0,2,23.0,6.94,10.81081081081081,31.45632333767927
Kansas,2020-04-28,"Agency 74, Article 12",fees,board of accountancy,,"Industry, Commerce, and Development",1700000642,1,304,1,0,0,0,0,48.0,6.28,66.66666666666666,33.01321585903084
Kansas,2020-04-28,"Agency 74, Article 15",uniform accountancy act,board of accountancy,,"Industry, Commerce, and Development",1700000643,1,86,1,0,0,0,0,10.0,5.4,0.0,33.43076923076923
Kansas,2020-04-28,"Agency 74, Article 2",cpa exam application and education requirements,board of accountancy,,"Industry, Commerce, and Development",1700000633,19,1061,15,1,0,0,3,17.0,7.43,3.278688524590164,36.58075221238938
Kansas,2020-04-28,"Agency 74, Article 3",issuance of certificates,board of accountancy,,"Industry, Commerce, and Development",1700000634,2,75,1,0,0,0,1,12.0,5.46,0.0,37.763636363636365
Kansas,2020-04-28,"Agency 74, Article 4",permits to practice and continuing professional education requirements,board of accountancy,,"Industry, Commerce, and Development",1700000635,68,3234,53,0,0,0,15,23.0,8.09,11.510791366906476,35.58665749656121
Kansas,2020-04-28,"Agency 74, Article 5",code of professional conduct,board of accountancy,,"Industry, Commerce, and Development",1700000636,57,5001,52,0,0,1,4,24.0,7.87,13.30049261083744,37.94920104936799
Kansas,2020-04-28,"Agency 74, Article 6",additional offices,board of accountancy,,"Industry, Commerce, and Development",1700000637,3,417,3,0,0,0,0,16.0,6.65,0.0,31.626780626780626
Kansas,2020-04-28,"Agency 74, Article 7",firm registration,board of accountancy,,"Industry, Commerce, and Development",1700000638,4,472,4,0,0,0,0,14.0,6.71,6.25,29.98759305210918
Kansas,2020-04-28,"Agency 74, Article 9",continuing education,board of accountancy,,"Industry, Commerce, and Development",1700000639,68,3234,53,0,0,0,15,23.0,8.09,11.510791366906476,35.58665749656121
Kansas,2020-04-28,"Agency 75, Article 6",uniform consumer credit code,state bank commissioner consumer and mortgage lending division,,"Banking, Insurance, and Securities",1700000644,73,4524,61,1,0,0,11,32.0,8.68,12.318840579710146,35.46065773447016
Kansas,2020-04-28,"Agency 7, Article 16",fees,secretary of state,,Administration,1700000102,2,174,2,0,0,0,0,12.0,5.56,0.0,34.61417322834646
Kansas,2020-04-28,"Agency 7, Article 17",uniform commercial code,secretary of state,,Administration,1700000103,128,4909,126,0,0,0,2,17.0,7.97,15.91695501730104,30.900044523597508
Kansas,2020-04-28,"Agency 7, Article 20",changing hours of elections,secretary of state,,Administration,1700000104,4,134,2,0,0,0,2,13.0,5.51,10.0,22.110091743119263
Kansas,2020-04-28,"Agency 7, Article 21",voting machines,secretary of state,,Administration,1700000105,34,917,33,0,0,0,1,18.0,7.08,7.6923076923076925,32.04302325581396
Kansas,2020-04-28,"Agency 7, Article 23",voter registration,secretary of state,,Administration,1700000106,40,1645,32,0,0,0,8,20.0,7.33,30.37974683544304,37.391927083333336
Kansas,2020-04-28,"Agency 7, Article 24",supplies for voting places,secretary of state,,Administration,1700000107,13,323,11,0,0,0,2,17.0,6.27,10.526315789473683,31.85
Kansas,2020-04-28,"Agency 7, Article 25",abstracts of votes cast,secretary of state,,Administration,1700000108,3,63,3,0,0,0,0,10.0,5.1,0.0,35.7037037037037
Kansas,2020-04-28,"Agency 7, Article 26",certificates of nomination and election,secretary of state,,Administration,1700000109,2,96,2,0,0,0,0,10.0,5.11,0.0,38.96153846153846
Kansas,2020-04-28,"Agency 7, Article 27",party affiliation,secretary of state,,Administration,1700000110,8,284,8,0,0,0,0,22.0,6.06,23.07692307692308,33.041825095057035
Kansas,2020-04-28,"Agency 7, Article 28",sufficiency of petitions,secretary of state,,Administration,1700000111,7,285,7,0,0,0,0,26.0,6.0,,36.09489051094891
Kansas,2020-04-28,"Agency 7, Article 29",ballots,secretary of state,,Administration,1700000112,4,103,3,0,0,0,1,13.0,5.52,25.0,29.38888888888889
Kansas,2020-04-28,"Agency 7, Article 30",session laws,secretary of state,,Administration,1700000113,1,41,1,0,0,0,0,6.0,4.67,0.0,28.33333333333333
Kansas,2020-04-28,"Agency 7, Article 32",law books,secretary of state,,Administration,1700000114,2,181,2,0,0,0,0,18.0,5.81,0.0,41.48062015503876
Kansas,2020-04-28,"Agency 7, Article 33",information fees,secretary of state,,Administration,1700000115,4,167,4,0,0,0,0,12.0,6.12,14.285714285714285,35.08955223880597
Kansas,2020-04-28,"Agency 7, Article 34",corporation filing fees,secretary of state,,Administration,1700000116,1,160,1,0,0,0,0,29.0,6.13,0.0,43.95762711864407
Kansas,2020-04-28,"Agency 7, Article 35",census adjustment,secretary of state,,Administration,1700000117,14,560,14,0,0,0,0,24.0,6.58,17.391304347826086,37.32748538011696
Kansas,2020-04-28,"Agency 7, Article 36",absentee and advance voting,secretary of state,,Administration,1700000118,28,1378,27,0,0,0,1,16.0,6.96,25.925925925925924,33.433978132884775
Kansas,2020-04-28,"Agency 7, Article 37",motor voter,secretary of state,,Administration,1700000119,5,186,5,0,0,0,0,20.0,5.7,11.11111111111111,37.25988700564972
Kansas,2020-04-28,"Agency 7, Article 38",national voter registration act,secretary of state,,Administration,1700000120,5,239,5,0,0,0,0,24.0,5.83,50.0,35.15350877192982
Kansas,2020-04-28,"Agency 7, Article 39",uniform partnership act,secretary of state,,Administration,1700000121,3,161,3,0,0,0,0,23.0,5.81,14.285714285714285,39.96875
Kansas,2020-04-28,"Agency 7, Article 40",revised kansas trademark act,secretary of state,,Administration,1700000122,1,84,1,0,0,0,0,14.0,5.2,0.0,35.929577464788736
Kansas,2020-04-28,"Agency 7, Article 41",kansas uniform electronic transactions act,secretary of state,,Administration,1700000123,38,3343,33,0,0,0,5,19.0,7.83,10.714285714285714,41.71643253838615
Kansas,2020-04-28,"Agency 7, Article 42",charitable organizations,secretary of state,,Administration,1700000124,18,823,16,0,0,0,2,17.0,6.51,6.382978723404255,40.624
Kansas,2020-04-28,"Agency 7, Article 43",notaries public,secretary of state,,Administration,1700000125,12,719,11,0,0,0,1,13.0,6.8,11.320754716981131,40.19300911854104
Kansas,2020-04-28,"Agency 7, Article 44",address confidentialty program,secretary of state,,Administration,1700000126,24,1330,23,0,0,0,1,17.0,7.14,11.538461538461538,38.26236378876781
Kansas,2020-04-28,"Agency 7, Article 45",election board workers,secretary of state,,Administration,1700000127,9,417,9,0,0,0,0,18.0,6.46,9.090909090909092,33.590078328981726
Kansas,2020-04-28,"Agency 7, Article 46",photographic identification requirements,secretary of state,,Administration,1700000128,20,1053,20,0,0,0,0,20.0,6.88,35.294117647058826,36.31405782652044
Kansas,2020-04-28,"Agency 7, Article 47",audits,secretary of state,,Administration,1700000129,15,450,15,0,0,0,0,18.0,6.65,8.333333333333332,32.94536817102138
Kansas,2020-04-28,"Agency 80, Article 1",membership,kansas public employees retirement system,,Administration,1700000645,24,1596,21,0,0,0,3,12.0,6.91,4.098360655737705,31.56374355195284
Kansas,2020-04-28,"Agency 80, Article 2",multiple enrollment,kansas public employees retirement system,,Administration,1700000646,21,774,20,0,0,0,1,15.0,6.94,14.000000000000002,36.44699140401146
Kansas,2020-04-28,"Agency 80, Article 3",credit and breaks in service,kansas public employees retirement system,,Administration,1700000647,34,1469,31,1,0,0,2,15.0,7.49,14.432989690721648,33.68320610687023
Kansas,2020-04-28,"Agency 80, Article 4",members accounts,kansas public employees retirement system,,Administration,1700000648,4,257,3,0,0,0,1,9.0,5.9,3.4482758620689653,31.08743169398907
Kansas,2020-04-28,"Agency 80, Article 45",state school retirement system retirement credit,kansas public employees retirement system,,Administration,1700000654,7,496,4,1,0,0,2,15.0,6.38,18.181818181818183,33.77324263038549
Kansas,2020-04-28,"Agency 80, Article 5",retirement,kansas public employees retirement system,,Administration,1700000649,48,2764,46,0,0,0,2,14.0,7.92,10.106382978723405,31.668056713928276
Kansas,2020-04-28,"Agency 80, Article 50",police and firemen general,kansas public employees retirement system,,Administration,1700000655,21,852,21,0,0,0,0,15.0,7.07,5.357142857142857,34.19485791610284
Kansas,2020-04-28,"Agency 80, Article 51",police and firemen membership,kansas public employees retirement system,,Administration,1700000656,3,207,3,0,0,0,0,13.0,6.22,6.666666666666667,31.0
Kansas,2020-04-28,"Agency 80, Article 53",police and firemen credit and breaks in service,kansas public employees retirement system,,Administration,1700000657,1,130,1,0,0,0,0,18.0,5.33,0.0,29.0
Kansas,2020-04-28,"Agency 80, Article 55",police and firemen retirement,kansas public employees retirement system,,Administration,1700000658,10,348,10,0,0,0,0,15.0,6.36,13.043478260869565,31.594155844155843
Kansas,2020-04-28,"Agency 80, Article 6",actuarial tables,kansas public employees retirement system,,Administration,1700000650,3,300,3,0,0,0,0,24.0,6.44,16.666666666666664,31.70740740740741
Kansas,2020-04-28,"Agency 80, Article 7",insurance,kansas public employees retirement system,,Administration,1700000651,12,543,12,0,0,0,0,22.0,6.73,20.833333333333336,30.62977867203219
Kansas,2020-04-28,"Agency 80, Article 8",board election,kansas public employees retirement system,,Administration,1700000652,61,1861,59,0,1,0,1,13.0,7.61,3.6231884057971016,29.631837738168407
Kansas,2020-04-28,"Agency 80, Article 9",investments,kansas public employees retirement system,,Administration,1700000653,10,339,10,0,0,0,0,9.0,6.02,0.0,32.815331010452965
Kansas,2020-04-28,"Agency 81, Article 1",definitions of terms,office of the securities commissioner,,"Banking, Insurance, and Securities",1700000659,4,1792,4,0,0,0,0,35.0,8.2,26.0,37.62226169330965
Kansas,2020-04-28,"Agency 81, Article 10",advertising,office of the securities commissioner,,"Banking, Insurance, and Securities",1700000666,8,370,8,0,0,0,0,20.0,6.87,22.22222222222222,41.445427728613566
Kansas,2020-04-28,"Agency 81, Article 11",administrative procedure,office of the securities commissioner,,"Banking, Insurance, and Securities",1700000667,29,2407,27,0,0,0,2,8.0,6.76,8.480565371024735,26.450733752620547
Kansas,2020-04-28,"Agency 81, Article 14",investment advisers and investment adviser representatives,office of the securities commissioner,,"Banking, Insurance, and Securities",1700000668,351,15882,266,0,0,7,78,30.0,8.78,23.85496183206107,37.87285291214215
Kansas,2020-04-28,"Agency 81, Article 2",filing fees and forms,office of the securities commissioner,,"Banking, Insurance, and Securities",1700000660,3,941,3,0,0,0,0,22.0,7.34,7.894736842105263,32.24555735056543
Kansas,2020-04-28,"Agency 81, Article 27",advertising,office of the securities commissioner,,"Banking, Insurance, and Securities",1700000669,8,370,8,0,0,0,0,20.0,6.87,22.22222222222222,41.445427728613566
Kansas,2020-04-28,"Agency 81, Article 3",licensing broker dealers and agents,office of the securities commissioner,,"Banking, Insurance, and Securities",1700000661,148,7946,128,0,0,7,13,29.0,8.94,22.26277372262774,36.894511378848726
Kansas,2020-04-28,"Agency 81, Article 30",administrative procedure,office of the securities commissioner,,"Banking, Insurance, and Securities",1700000670,29,2407,27,0,0,0,2,8.0,6.76,8.480565371024735,26.450733752620547
Kansas,2020-04-28,"Agency 81, Article 4",registration of securities,office of the securities commissioner,,"Banking, Insurance, and Securities",1700000662,24,1181,17,0,0,0,7,20.0,7.43,21.428571428571427,36.14739884393064
Kansas,2020-04-28,"Agency 81, Article 5",exemptions,office of the securities commissioner,,"Banking, Insurance, and Securities",1700000663,121,8433,119,0,0,0,2,24.0,8.75,17.647058823529413,34.72361486052192
Kansas,2020-04-28,"Agency 81, Article 6",prospectus,office of the securities commissioner,,"Banking, Insurance, and Securities",1700000664,6,353,4,0,0,0,2,16.0,6.21,19.047619047619047,36.93421052631579
Kansas,2020-04-28,"Agency 81, Article 7",policy relating to registration,office of the securities commissioner,,"Banking, Insurance, and Securities",1700000665,24,1623,22,0,0,0,2,30.0,7.42,22.641509433962263,39.649721448467965
Kansas,2020-04-28,"Agency 82, Article 1",rules of practice and procedure,kansas corporation commission,,"Industry, Commerce, and Development",1700000671,501,20694,457,0,1,1,42,20.0,9.23,16.24015748031496,35.462801383654295
Kansas,2020-04-28,"Agency 82, Article 10",oil and natural gas liquid pipelines,kansas corporation commission,,"Industry, Commerce, and Development",1700000678,21,983,19,0,1,0,1,14.0,7.22,4.6875,32.43799772468714
Kansas,2020-04-28,"Agency 82, Article 11",natural gas pipeline safety,kansas corporation commission,,"Industry, Commerce, and Development",1700000679,218,9271,191,5,0,5,17,24.0,8.9,18.83289124668435,33.96138211382114
Kansas,2020-04-28,"Agency 82, Article 12",wire stringing rules,kansas corporation commission,,"Industry, Commerce, and Development",1700000680,29,1692,24,0,0,0,5,20.0,7.73,15.476190476190476,39.29185091598231
Kansas,2020-04-28,"Agency 82, Article 13",telecommunications,kansas corporation commission,,"Industry, Commerce, and Development",1700000681,42,1309,36,2,0,0,4,26.0,6.76,20.40816326530612,38.707142857142856
Kansas,2020-04-28,"Agency 82, Article 14",kansas underground utility damage prevention act,kansas corporation commission,,"Industry, Commerce, and Development",1700000682,79,4886,74,0,0,0,5,29.0,8.27,24.55089820359281,34.59855611463575
Kansas,2020-04-28,"Agency 82, Article 15",video service authorization,kansas corporation commission,,"Industry, Commerce, and Development",1700000683,18,556,18,0,0,0,0,28.0,6.39,20.0,36.99605522682446
Kansas,2020-04-28,"Agency 82, Article 16",electric utility renewable energy standards,kansas corporation commission,,"Industry, Commerce, and Development",1700000684,36,2066,31,0,0,0,5,23.0,7.83,18.181818181818183,34.74419804022692
Kansas,2020-04-28,"Agency 82, Article 17",net metering,kansas corporation commission,,"Industry, Commerce, and Development",1700000685,21,1487,18,0,0,0,3,20.0,7.62,7.042253521126761,36.50477590007348
Kansas,2020-04-28,"Agency 82, Article 3",production and conservation of oil and gas,kansas corporation commission,,"Industry, Commerce, and Development",1700000672,1940,78672,1753,1,2,9,175,21.0,9.53,13.026819923371647,34.358291283610974
Kansas,2020-04-28,"Agency 82, Article 4",motor carriers of persons and property,kansas corporation commission,,"Industry, Commerce, and Development",1700000673,1018,36192,979,7,0,0,32,15.0,8.59,5.9918293236495686,30.792471991089563
Kansas,2020-04-28,"Agency 82, Article 5",railroad safety,kansas corporation commission,,"Industry, Commerce, and Development",1700000674,62,3210,53,6,2,0,1,27.0,8.28,24.786324786324787,33.43332178732248
Kansas,2020-04-28,"Agency 82, Article 6",suppression of diesel locomotive originated fires on railroad right of way,kansas corporation commission,,"Industry, Commerce, and Development",1700000675,10,534,10,0,0,0,0,19.0,7.1,7.4074074074074066,29.25625
Kansas,2020-04-28,"Agency 82, Article 8",siting of nuclear generation facilities,kansas corporation commission,,"Industry, Commerce, and Development",1700000676,41,2404,32,0,0,0,9,39.0,8.34,13.333333333333334,37.8325952170062
Kansas,2020-04-28,"Agency 82, Article 9",railroad rates,kansas corporation commission,,"Industry, Commerce, and Development",1700000677,129,7005,124,1,2,1,1,18.0,8.48,18.882978723404257,34.29982858033349
Kansas,2020-04-28,"Agency 84, Article 1",general provisions,public employee relations board,,Labor and Workforce Development,1700000686,13,638,12,0,0,0,1,14.0,6.97,15.909090909090908,32.54260869565218
Kansas,2020-04-28,"Agency 84, Article 2",procedure,public employee relations board,,Labor and Workforce Development,1700000687,124,4938,112,6,0,0,6,22.0,8.32,18.94273127753304,31.415727902946276
Kansas,2020-04-28,"Agency 84, Article 3",prohibited practices,public employee relations board,,Labor and Workforce Development,1700000688,18,1002,13,0,0,5,0,17.0,7.17,12.06896551724138,30.681974741676235
Kansas,2020-04-28,"Agency 84, Article 4",local government procedures,public employee relations board,,Labor and Workforce Development,1700000689,27,1732,21,5,0,0,1,20.0,7.45,10.344827586206897,34.47707006369427
Kansas,2020-04-28,"Agency 84, Article 5",impasse,public employee relations board,,Labor and Workforce Development,1700000690,0,84,0,0,0,0,0,16.0,5.53,20.0,30.772727272727277
Kansas,2020-04-28,"Agency 85, Article 3",abstract bonds,abstracters board of examiners,,"Industry, Commerce, and Development",1700000691,1,72,1,0,0,0,0,9.0,5.33,0.0,28.63636363636364
Kansas,2020-04-28,"Agency 85, Article 4",license fee,abstracters board of examiners,,"Industry, Commerce, and Development",1700000692,1,51,1,0,0,0,0,8.0,5.12,0.0,29.516129032258064
Kansas,2020-04-28,"Agency 85, Article 6",insurance,abstracters board of examiners,,"Industry, Commerce, and Development",1700000693,2,109,2,0,0,0,0,13.0,5.67,0.0,28.310344827586206
Kansas,2020-04-28,"Agency 85, Article 7",examination fees,abstracters board of examiners,,"Industry, Commerce, and Development",1700000694,2,71,2,0,0,0,0,11.0,5.27,16.666666666666664,30.28
Kansas,2020-04-28,"Agency 86, Article 1",examination and registration,kansas real estate commission,,"Industry, Commerce, and Development",1700000695,74,3866,69,0,0,0,5,19.0,7.94,5.5,33.436450839328536
Kansas,2020-04-28,"Agency 86, Article 2",authority of commission procedure,kansas real estate commission,,"Industry, Commerce, and Development",1700000696,0,70,0,0,0,0,0,5.0,5.08,0.0,21.51219512195122
Kansas,2020-04-28,"Agency 86, Article 3",persons holding licenses duties,kansas real estate commission,,"Industry, Commerce, and Development",1700000697,75,4421,68,0,0,0,7,20.0,8.14,11.627906976744184,33.93594031386674
Kansas,2020-04-28,"Agency 88, Article 10",tax sheltered annuity program,kansas board of regents,,College and University,1700000702,25,1392,24,0,0,0,1,12.0,6.97,0.9345794392523364,33.999122036874454
Kansas,2020-04-28,"Agency 88, Article 11",tax sheltered annuity programs for persons covered by k s a 74 4925b,kansas board of regents,,College and University,1700000703,24,1341,23,0,0,0,1,15.0,6.99,1.1363636363636365,34.592727272727274
Kansas,2020-04-28,"Agency 88, Article 12",guidelines for participation in the regents voluntary phased retirement program,kansas board of regents,,College and University,1700000704,17,800,17,0,0,0,0,15.0,6.73,7.4074074074074066,37.27162367223065
Kansas,2020-04-28,"Agency 88, Article 13",student assistance programs,kansas board of regents,,College and University,1700000705,40,3036,29,0,0,0,11,18.0,7.74,8.024691358024691,36.74418604651163
Kansas,2020-04-28,"Agency 88, Article 14",community resource program,kansas board of regents,,College and University,1700000706,26,643,23,0,0,0,3,12.0,6.9,1.8867924528301887,36.80960854092527
Kansas,2020-04-28,"Agency 88, Article 17",waiver of fees or tuition for selected rotc members,kansas board of regents,,College and University,1700000707,9,421,8,0,0,0,1,17.0,6.29,4.166666666666666,37.15633423180593
Kansas,2020-04-28,"Agency 88, Article 18",kansas honors program,kansas board of regents,,College and University,1700000708,22,1079,16,0,0,0,6,12.0,7.38,5.747126436781609,35.88671472708548
Kansas,2020-04-28,"Agency 88, Article 19",kansas rhodes scholarship program,kansas board of regents,,College and University,1700000709,8,548,5,0,0,0,3,15.0,6.77,0.0,34.90744466800805
Kansas,2020-04-28,"Agency 88, Article 2",procedures for determining residence for fee purposes,kansas board of regents,,College and University,1700000698,19,713,19,0,0,0,0,18.0,6.96,12.82051282051282,36.413953488372094
Kansas,2020-04-28,"Agency 88, Article 20",kansas nursing student scholarship program,kansas board of regents,,College and University,1700000710,18,1723,14,0,0,0,4,14.0,7.91,6.4,35.7680412371134
Kansas,2020-04-28,"Agency 88, Article 21",kansas ethnic minority scholarship program,kansas board of regents,,College and University,1700000711,20,1445,16,0,0,0,4,14.0,7.77,9.803921568627452,37.06766325727774
Kansas,2020-04-28,"Agency 88, Article 22",kansas teacher scholarship program,kansas board of regents,,College and University,1700000712,25,1427,19,0,0,0,6,13.0,7.6,6.862745098039216,36.58517350157729
Kansas,2020-04-28,"Agency 88, Article 24",general education development ged test,kansas board of regents,,College and University,1700000713,5,333,5,0,0,0,0,19.0,6.75,5.88235294117647,34.69415807560137
Kansas,2020-04-28,"Agency 88, Article 26",community colleges technical colleges and washburn institute of technology,kansas board of regents,,College and University,1700000714,36,2649,31,0,0,0,5,15.0,8.03,7.0588235294117645,36.783425886373344
Kansas,2020-04-28,"Agency 88, Article 27",washburn municipal university,kansas board of regents,,College and University,1700000715,27,1133,27,0,0,0,0,21.0,7.07,9.433962264150944,32.58506616257089
Kansas,2020-04-28,"Agency 88, Article 28",private and out of state postsecondary education institutions,kansas board of regents,,College and University,1700000716,113,6365,98,1,0,0,14,35.0,8.71,27.68361581920904,37.09332884097035
Kansas,2020-04-28,"Agency 88, Article 29",qualified admission,kansas board of regents,,College and University,1700000717,161,9894,151,0,0,0,10,33.0,8.61,7.534246575342466,37.79792576419214
Kansas,2020-04-28,"Agency 88, Article 29a",state university admissions,kansas board of regents,,College and University,1700000718,175,8727,163,0,0,0,12,28.0,7.79,27.242524916943523,35.65712515489467
Kansas,2020-04-28,"Agency 88, Article 29b",university of kansas admissions,kansas board of regents,,College and University,1700000719,149,9175,133,0,0,0,16,24.0,7.68,16.06648199445983,34.28554173209325
Kansas,2020-04-28,"Agency 88, Article 3",guidelines for the determination of residency for fee purposes,kansas board of regents,,College and University,1700000699,42,3565,38,1,0,0,3,25.0,8.03,22.463768115942027,35.307466579719595
Kansas,2020-04-28,"Agency 88, Article 30",student health insurance program,kansas board of regents,,College and University,1700000720,9,808,9,0,0,0,0,23.0,7.22,8.823529411764707,34.36141304347826
Kansas,2020-04-28,"Agency 88, Article 8",kansas career work study program,kansas board of regents,,College and University,1700000700,27,1373,25,1,0,0,1,17.0,7.45,1.2195121951219512,35.83668543845535
Kansas,2020-04-28,"Agency 88, Article 9",vocational education scholarship program,kansas board of regents,,College and University,1700000701,11,804,7,0,0,0,4,15.0,7.18,7.6923076923076925,38.228142076502735
Kansas,2020-04-28,"Agency 91, Article 1",certificate regulations,kansas state department of education,,Primary and Secondary Education,1700000721,377,21450,354,0,0,0,23,34.0,8.51,13.62179487179487,40.97226047609679
Kansas,2020-04-28,"Agency 91, Article 15",school conduct rules,kansas state department of education,,Primary and Secondary Education,1700000724,3,137,3,0,0,0,0,23.0,5.59,0.0,32.266666666666666
Kansas,2020-04-28,"Agency 91, Article 16",vocational education,kansas state department of education,,Primary and Secondary Education,1700000725,58,3042,52,2,0,0,4,22.0,7.69,12.408759124087592,32.223116313094366
Kansas,2020-04-28,"Agency 91, Article 19",student teachers,kansas state department of education,,Primary and Secondary Education,1700000726,20,695,17,0,0,2,1,16.0,6.28,2.380952380952381,44.101246105919
Kansas,2020-04-28,"Agency 91, Article 21",disorganization of a unified school district by election,kansas state department of education,,Primary and Secondary Education,1700000727,12,439,12,0,0,0,0,31.0,6.3,50.0,37.13443396226416
Kansas,2020-04-28,"Agency 91, Article 22",professional practices commission,kansas state department of education,,Primary and Secondary Education,1700000728,47,1768,46,0,0,0,1,19.0,7.58,10.989010989010987,34.04037267080745
Kansas,2020-04-28,"Agency 91, Article 26",nonprofit school food service programs,kansas state department of education,,Primary and Secondary Education,1700000729,28,1313,27,0,0,1,0,17.0,7.71,10.526315789473683,34.282448979591834
Kansas,2020-04-28,"Agency 91, Article 29",procedures for employees of the kansas state schools for the deaf and visually handicapped to participate in tax sheltered annuities,kansas state department of education,,Primary and Secondary Education,1700000730,30,1265,28,0,0,1,1,15.0,7.05,4.938271604938271,34.00468603561387
Kansas,2020-04-28,"Agency 91, Article 37",parents as teachers grants,kansas state department of education,,Primary and Secondary Education,1700000731,24,958,22,0,0,0,2,20.0,7.13,2.083333333333333,35.48131370328426
Kansas,2020-04-28,"Agency 91, Article 38",school bus transportation,kansas state department of education,,Primary and Secondary Education,1700000732,164,5316,145,0,0,0,19,22.0,8.27,20.49180327868853,36.07416930379747
Kansas,2020-04-28,"Agency 91, Article 41",mentor teacher program,kansas state department of education,,Primary and Secondary Education,1700000733,5,743,5,0,0,0,0,19.0,6.98,7.894736842105263,40.44791666666666
Kansas,2020-04-28,"Agency 91, Article 42",emergency safety interventions,kansas state department of education,,Primary and Secondary Education,1700000734,91,4325,82,2,0,1,6,31.0,8.22,30.656934306569344,36.30731707317073
Kansas,2020-04-28,"Agency 91, Article 5",driver and traffic safety education courses,kansas state department of education,,Primary and Secondary Education,1700000722,33,1861,31,0,0,0,2,21.0,7.41,14.117647058823527,34.2264631043257
Kansas,2020-04-28,"Agency 91, Article 7",commercial drivers training schools,kansas state department of education,,Primary and Secondary Education,1700000723,80,2423,72,0,0,1,7,19.0,7.69,7.751937984496124,33.02453166815344
Kansas,2020-04-28,"Agency 92, Article 11",withholding and estimated tax,kansas department of revenue,,Taxes and Public Finance,1700000739,20,818,13,0,0,1,6,17.0,6.82,13.043478260869565,29.62585969738652
Kansas,2020-04-28,"Agency 92, Article 13",interstate motor fuel use tax,kansas department of revenue,,Taxes and Public Finance,1700000740,34,1447,31,0,0,0,3,16.0,7.52,10.465116279069768,32.91003184713376
Kansas,2020-04-28,"Agency 92, Article 14",liquefied petroleum fuel tax,kansas department of revenue,,Taxes and Public Finance,1700000741,24,1198,21,0,0,0,3,17.0,7.34,20.588235294117645,26.70121381886088
Kansas,2020-04-28,"Agency 92, Article 15",nonresident contractors,kansas department of revenue,,Taxes and Public Finance,1700000742,13,486,11,0,0,0,2,15.0,6.48,9.67741935483871,32.91743119266055
Kansas,2020-04-28,"Agency 92, Article 17",tobacco products,kansas department of revenue,,Taxes and Public Finance,1700000743,35,1203,30,0,0,0,5,20.0,7.07,8.47457627118644,31.0264598540146
Kansas,2020-04-28,"Agency 92, Article 2",inheritance taxes,kansas department of revenue,,Taxes and Public Finance,1700000735,131,6279,124,1,1,0,5,15.0,8.12,14.85148514851485,31.22235807860262
Kansas,2020-04-28,"Agency 92, Article 21",local retailers sales tax,kansas department of revenue,,Taxes and Public Finance,1700000744,10,1083,7,0,0,0,3,10.0,6.63,9.25925925925926,28.286729857819907
Kansas,2020-04-28,"Agency 92, Article 22",homestead tax relief,kansas department of revenue,,Taxes and Public Finance,1700000745,42,2272,40,0,0,0,2,18.0,7.74,19.166666666666668,30.639376218323587
Kansas,2020-04-28,"Agency 92, Article 23",charitable gaming,kansas department of revenue,,Taxes and Public Finance,1700000746,129,5237,112,3,0,3,11,16.0,8.03,14.285714285714285,30.31282915525595
Kansas,2020-04-28,"Agency 92, Article 24",liquor drink tax,kansas department of revenue,,Taxes and Public Finance,1700000747,51,2602,44,0,0,1,6,15.0,7.62,9.411764705882351,30.14599542334096
Kansas,2020-04-28,"Agency 92, Article 25",transient guest tax,kansas department of revenue,,Taxes and Public Finance,1700000748,1,134,1,0,0,0,0,16.0,5.58,0.0,23.19626168224299
Kansas,2020-04-28,"Agency 92, Article 26",agricultural ethyl alcohol producer incentive,kansas department of revenue,,Taxes and Public Finance,1700000749,38,1538,32,0,0,0,6,20.0,7.77,14.285714285714285,35.2093023255814
Kansas,2020-04-28,"Agency 92, Article 27",qualified biodiesel fuel producer incentive,kansas department of revenue,,Taxes and Public Finance,1700000750,29,1151,26,0,0,0,3,20.0,7.26,20.0,36.5162213740458
Kansas,2020-04-28,"Agency 92, Article 28",retail dealer incentive,kansas department of revenue,,Taxes and Public Finance,1700000751,22,727,19,0,0,0,3,17.0,6.73,9.75609756097561,33.75417298937784
Kansas,2020-04-28,"Agency 92, Article 3",motor fuel tax and transportation of liquid fuel,kansas department of revenue,,Taxes and Public Finance,1700000736,53,2196,50,0,0,0,3,18.0,8.04,10.655737704918032,31.670454545454547
Kansas,2020-04-28,"Agency 92, Article 5",cigarette tax,kansas department of revenue,,Taxes and Public Finance,1700000737,50,2020,43,0,0,0,7,17.0,7.47,5.982905982905983,32.76268320180383
Kansas,2020-04-28,"Agency 92, Article 50",manufacture distribution and sale of motor vehicles review board,kansas department of revenue,,Taxes and Public Finance,1700000752,4,123,3,0,0,0,1,11.0,5.61,9.090909090909092,28.272727272727277
Kansas,2020-04-28,"Agency 92, Article 51",titles and registration,kansas department of revenue,,Taxes and Public Finance,1700000753,106,5209,96,0,0,0,10,18.0,8.27,16.319444444444446,32.37794085905461
Kansas,2020-04-28,"Agency 92, Article 52",motor vehicle drivers licenses,kansas department of revenue,,Taxes and Public Finance,1700000754,36,2441,31,0,0,0,5,15.0,8.01,5.405405405405405,32.2856463878327
Kansas,2020-04-28,"Agency 92, Article 55",motor vehicle taxation,kansas department of revenue,,Taxes and Public Finance,1700000755,43,2958,40,0,0,0,3,20.0,7.39,10.416666666666668,30.58746635909265
Kansas,2020-04-28,"Agency 92, Article 56",ignition interlock devices,kansas department of revenue,,Taxes and Public Finance,1700000756,107,5008,90,0,0,1,16,28.0,8.32,21.11111111111111,36.82272917538719
Kansas,2020-04-28,"Agency 92, Article 57",tax on consumable material,kansas department of revenue,,Taxes and Public Finance,1700000757,27,1431,25,0,0,0,2,21.0,7.32,10.44776119402985,35.48905109489051
Kansas,2020-04-28,"Agency 92, Article 9",minerals and natural products leases on navigable streambeds,kansas department of revenue,,Taxes and Public Finance,1700000738,19,762,18,0,0,0,1,13.0,7.25,3.636363636363636,28.449852507374636
Kansas,2020-04-28,"Agency 93, Article 4",real estate ratio study,kansas department of revenue division of property valuation,,Taxes and Public Finance,1700000758,11,976,10,0,0,0,1,23.0,7.08,7.142857142857142,35.493135011441645
Kansas,2020-04-28,"Agency 93, Article 5",property valuation notices,kansas department of revenue division of property valuation,,Taxes and Public Finance,1700000759,2,154,1,0,0,0,1,16.0,5.87,0.0,36.38805970149254
Kansas,2020-04-28,"Agency 93, Article 6",registered mass appraiser,kansas department of revenue division of property valuation,,Taxes and Public Finance,1700000760,35,1405,31,0,0,0,4,17.0,7.37,1.2658227848101269,36.6863711001642
Kansas,2020-04-28,"Agency 93, Article 7",machinery and equipment exemption,kansas department of revenue division of property valuation,,Taxes and Public Finance,1700000761,6,278,6,0,0,0,0,14.0,5.98,15.0,38.958333333333336
Kansas,2020-04-28,"Agency 93, Article 8",telecommuncations machinery and equipment and railroad machinery and equipment exemption,kansas department of revenue division of property valuation,,Taxes and Public Finance,1700000762,6,287,6,0,0,0,0,14.0,5.95,15.0,42.397590361445786
Kansas,2020-04-28,"Agency 93, Article 9",complex industrial property,kansas department of revenue division of property valuation,,Taxes and Public Finance,1700000763,5,275,3,0,0,0,2,14.0,6.26,0.0,40.56378600823045
Kansas,2020-04-28,"Agency 94, Article 3",economic development revenue bonds,kansas board of tax appeals,,Taxes and Public Finance,1700000764,25,809,19,0,0,0,6,14.0,7.36,8.771929824561402,31.73617021276596
Kansas,2020-04-28,"Agency 94, Article 4",court member continued education,kansas board of tax appeals,,Taxes and Public Finance,1700000765,6,219,4,0,0,0,2,13.0,6.1,0.0,33.34285714285714
Kansas,2020-04-28,"Agency 97, Article 1",soldiers home membership,kansas commission on veterans affairs,,"Security, Justice, and Corrections",1700000766,54,2405,52,0,0,0,2,17.0,8.1,16.666666666666664,33.474734042553195
Kansas,2020-04-28,"Agency 97, Article 2",rules governing members,kansas commission on veterans affairs,,"Security, Justice, and Corrections",1700000767,8,245,8,0,0,0,0,14.0,6.12,0.0,30.255924170616115
Kansas,2020-04-28,"Agency 97, Article 3",discharges termination of membership,kansas commission on veterans affairs,,"Security, Justice, and Corrections",1700000768,19,847,16,0,0,2,1,18.0,7.2,4.444444444444445,29.186928104575163
Kansas,2020-04-28,"Agency 97, Article 4",veteran memorial donations to the kansas commission on veterans affairs for the construction and maintenance of capital improvement projects,kansas commission on veterans affairs,,"Security, Justice, and Corrections",1700000769,55,2086,53,0,0,0,2,18.0,8.04,12.389380530973453,36.80438104941416
Kansas,2020-04-28,"Agency 97, Article 5",financial benefits to dependents of prisoners of war persons missing in action or who died as a result of injuries suffered in the line of duty,kansas commission on veterans affairs,,"Security, Justice, and Corrections",1700000770,2,299,1,1,0,0,0,17.0,6.51,5.88235294117647,34.900383141762454
Kansas,2020-04-28,"Agency 97, Article 6",veterans claims assistance program and the service grant program,kansas commission on veterans affairs,,"Security, Justice, and Corrections",1700000771,69,3292,61,0,0,0,8,24.0,8.19,8.823529411764707,37.55392936684696
Kansas,2020-04-28,"Agency 97, Article 7",vietnam war era medallion program,kansas commission on veterans affairs,,"Security, Justice, and Corrections",1700000772,34,1790,32,0,0,0,2,19.0,7.48,14.893617021276595,34.61890427453341
Kansas,2020-04-28,"Agency 98, Article 1",definitions,kansas water authority,,"Environmental Protection, Public Utilities, and Natural Resources",1700000773,3,991,3,0,0,0,0,18.0,7.58,0.0,33.95531914893617
Kansas,2020-04-28,"Agency 98, Article 2",public hearings on the state water plan,kansas water authority,,"Environmental Protection, Public Utilities, and Natural Resources",1700000774,11,441,11,0,0,0,0,16.0,6.37,7.4074074074074066,28.38942307692308
Kansas,2020-04-28,"Agency 98, Article 4",weather modification,kansas water authority,,"Environmental Protection, Public Utilities, and Natural Resources",1700000775,52,2199,42,0,0,0,10,22.0,7.9,12.12121212121212,34.27682508574228
Kansas,2020-04-28,"Agency 98, Article 5",state water plan storage,kansas water authority,,"Environmental Protection, Public Utilities, and Natural Resources",1700000776,72,3220,67,0,0,0,5,21.0,7.77,20.13422818791946,32.53840992955384
Kansas,2020-04-28,"Agency 98, Article 6",water assurance program,kansas water authority,,"Environmental Protection, Public Utilities, and Natural Resources",1700000777,19,1335,19,0,0,0,0,27.0,7.36,16.666666666666664,36.018167456556085
Kansas,2020-04-28,"Agency 98, Article 7",lower smoky hill water supply access program,kansas water authority,,"Environmental Protection, Public Utilities, and Natural Resources",1700000778,43,2090,42,0,0,0,1,23.0,7.46,16.666666666666664,35.130632911392404
Kansas,2020-04-28,"Agency 98, Article 8",easement authority on navigable rivers,kansas water authority,,"Environmental Protection, Public Utilities, and Natural Resources",1700000779,18,872,17,1,0,0,0,21.0,6.85,19.047619047619047,33.066265060240966
Kansas,2020-04-28,"Agency 99, Article 25",technical requirements for weighing and measuring devices,kansas state department of agriculture division of weights and measures,,"Industry, Commerce, and Development",1700000780,36,2119,29,0,0,0,7,15.0,7.82,6.0606060606060606,36.81969949916528
Kansas,2020-04-28,"Agency 99, Article 26",fees,kansas state department of agriculture division of weights and measures,,"Industry, Commerce, and Development",1700000781,3,235,3,0,0,0,0,21.0,6.45,0.0,35.05102040816327
Kansas,2020-04-28,"Agency 99, Article 27",civil penalty,kansas state department of agriculture division of weights and measures,,"Industry, Commerce, and Development",1700000782,15,1689,15,0,0,0,0,25.0,7.68,21.53846153846154,32.70857891290111
Kansas,2020-04-28,"Agency 99, Article 30",large capacity scales testing and service,kansas state department of agriculture division of weights and measures,,"Industry, Commerce, and Development",1700000783,19,817,17,0,0,0,2,15.0,7.05,5.769230769230769,31.96948682385576
Kansas,2020-04-28,"Agency 99, Article 31",motor vehicle fuel measuring devices,kansas state department of agriculture division of weights and measures,,"Industry, Commerce, and Development",1700000784,18,878,16,0,0,0,2,15.0,7.21,3.571428571428571,34.60915032679738
Kansas,2020-04-28,"Agency 99, Article 40",petroleum measurement,kansas state department of agriculture division of weights and measures,,"Industry, Commerce, and Development",1700000785,4,204,3,0,0,0,1,18.0,6.19,27.27272727272727,32.3125
Kansas,2020-04-28,"Agency 9, Article 1",anthrax vaccine,animal health department,,"Environmental Protection, Public Utilities, and Natural Resources",1700000130,5,263,5,0,0,0,0,22.0,5.72,50.0,38.48987854251012
Kansas,2020-04-28,"Agency 9, Article 10",public livestock markets,animal health department,,"Environmental Protection, Public Utilities, and Natural Resources",1700000139,182,6562,169,1,0,0,12,16.0,8.46,12.18274111675127,33.024283305227655
Kansas,2020-04-28,"Agency 9, Article 11",tuberculosis,animal health department,,"Environmental Protection, Public Utilities, and Natural Resources",1700000140,0,91,0,0,0,0,0,14.0,5.51,0.0,41.65
Kansas,2020-04-28,"Agency 9, Article 12",swine specific pathogen free regulations,animal health department,,"Environmental Protection, Public Utilities, and Natural Resources",1700000141,36,1261,28,3,0,0,5,14.0,7.38,7.6923076923076925,39.78122232063773
Kansas,2020-04-28,"Agency 9, Article 14",livestock dealers registration,animal health department,,"Environmental Protection, Public Utilities, and Natural Resources",1700000142,7,448,7,0,0,0,0,16.0,6.91,3.7037037037037033,35.97938144329897
Kansas,2020-04-28,"Agency 9, Article 15",livestock brands,animal health department,,"Environmental Protection, Public Utilities, and Natural Resources",1700000143,8,590,8,0,0,0,0,14.0,6.74,4.761904761904762,31.49036402569593
Kansas,2020-04-28,"Agency 9, Article 17",pseudorabies in swine,animal health department,,"Environmental Protection, Public Utilities, and Natural Resources",1700000144,22,1471,22,0,0,0,0,10.0,6.8,5.0,30.09819967266776
Kansas,2020-04-28,"Agency 9, Article 18",animal facility inspection program license and registration fees,animal health department,,"Environmental Protection, Public Utilities, and Natural Resources",1700000145,226,8738,205,0,0,4,17,19.0,8.83,12.527472527472527,32.565046153846154
Kansas,2020-04-28,"Agency 9, Article 2",bovine brucellosis,animal health department,,"Environmental Protection, Public Utilities, and Natural Resources",1700000131,17,771,15,2,0,0,0,19.0,7.24,20.0,33.8179012345679
Kansas,2020-04-28,"Agency 9, Article 27",reportable diseases,animal health department,,"Environmental Protection, Public Utilities, and Natural Resources",1700000146,2,205,2,0,0,0,0,22.0,6.7,0.0,45.85326086956522
Kansas,2020-04-28,"Agency 9, Article 28",brucella ovis,animal health department,,"Environmental Protection, Public Utilities, and Natural Resources",1700000147,8,399,8,0,0,0,0,15.0,6.47,3.8461538461538463,32.73770491803279
Kansas,2020-04-28,"Agency 9, Article 3",swine brucellosis and cervids,animal health department,,"Environmental Protection, Public Utilities, and Natural Resources",1700000132,102,5348,94,0,0,1,7,19.0,8.36,12.318840579710146,33.59177471636953
Kansas,2020-04-28,"Agency 9, Article 30",equine infectious anemia,animal health department,,"Environmental Protection, Public Utilities, and Natural Resources",1700000148,12,472,12,0,0,0,0,15.0,6.65,3.225806451612903,30.90801886792453
Kansas,2020-04-28,"Agency 9, Article 32",scrapie in sheep and goats,animal health department,,"Environmental Protection, Public Utilities, and Natural Resources",1700000149,56,2853,47,0,0,0,9,30.0,7.71,24.46808510638298,35.85387596899225
Kansas,2020-04-28,"Agency 9, Article 4",disposal plants,animal health department,,"Environmental Protection, Public Utilities, and Natural Resources",1700000133,17,727,17,0,0,0,0,16.0,7.21,13.333333333333334,33.77293233082707
Kansas,2020-04-28,"Agency 9, Article 5",garbage feeding,animal health department,,"Environmental Protection, Public Utilities, and Natural Resources",1700000134,22,813,21,0,0,0,1,15.0,6.88,11.538461538461538,36.21244925575102
Kansas,2020-04-28,"Agency 9, Article 6",hog cholera,animal health department,,"Environmental Protection, Public Utilities, and Natural Resources",1700000135,9,499,7,0,0,2,0,11.0,6.49,6.666666666666667,34.340966921119595
Kansas,2020-04-28,"Agency 9, Article 7",movement of livestock into or through kansas,animal health department,,"Environmental Protection, Public Utilities, and Natural Resources",1700000136,140,6412,128,0,0,3,9,22.0,8.34,15.19434628975265,36.00910183754079
Kansas,2020-04-28,"Agency 9, Article 8",livestock feed lots,animal health department,,"Environmental Protection, Public Utilities, and Natural Resources",1700000137,20,609,20,0,0,0,0,15.0,7.15,10.0,34.63186813186813
Kansas,2020-04-28,"Agency 9, Article 9",poultry and hatching eggs,animal health department,,"Environmental Protection, Public Utilities, and Natural Resources",1700000138,13,882,11,0,0,1,1,26.0,6.97,35.294117647058826,35.60791366906475
Kansas,2021-07-21,"Agency 100, Article 1",board of healing arts,kansas state board of healing arts,,Health Services,1700003397,2,40,2,0,0,0,0,7.0,4.62,0.0,27.41935483870968
Kansas,2021-07-21,"Agency 100, Article 10a",exempt license,kansas state board of healing arts,,Health Services,1700003406,21,1024,15,2,0,0,4,13.0,7.25,15.492957746478872,34.12910532276331
Kansas,2021-07-21,"Agency 100, Article 11",fees,kansas state board of healing arts,,Health Services,1700003407,1,462,1,0,0,0,0,55.0,6.34,0.0,32.329861111111114
Kansas,2021-07-21,"Agency 100, Article 12",records,kansas state board of healing arts,,Health Services,1700003408,5,111,4,0,0,0,1,13.0,5.64,0.0,31.13793103448276
Kansas,2021-07-21,"Agency 100, Article 15",license renewal continuing education,kansas state board of healing arts,,Health Services,1700003409,47,1767,43,0,0,0,4,25.0,7.73,5.88235294117647,37.16053921568628
Kansas,2021-07-21,"Agency 100, Article 16",revocation,kansas state board of healing arts,,Health Services,1700003410,0,0,0,0,0,0,0,,0.0,0.0,0.0
Kansas,2021-07-21,"Agency 100, Article 18a",advertising,kansas state board of healing arts,,Health Services,1700003411,2,99,2,0,0,0,0,11.0,5.13,0.0,37.298850574712645
Kansas,2021-07-21,"Agency 100, Article 19",administrative procedures,kansas state board of healing arts,,Health Services,1700003412,5,346,4,1,0,0,0,19.0,6.68,5.88235294117647,42.72549019607843
Kansas,2021-07-21,"Agency 100, Article 2",officers,kansas state board of healing arts,,Health Services,1700003398,6,197,5,0,0,0,1,9.0,5.82,10.0,30.89880952380953
Kansas,2021-07-21,"Agency 100, Article 21",dispensing physicians,kansas state board of healing arts,,Health Services,1700003413,19,646,17,0,0,0,2,15.0,7.05,7.5,37.01880341880342
Kansas,2021-07-21,"Agency 100, Article 22",dishonorable conduct,kansas state board of healing arts,,Health Services,1700003414,35,2148,33,0,0,1,1,18.0,8.01,8.928571428571429,34.73863068465767
Kansas,2021-07-21,"Agency 100, Article 23",treatment of obesity,kansas state board of healing arts,,Health Services,1700003415,12,491,12,0,0,0,0,22.0,6.95,33.33333333333333,36.27702702702703
Kansas,2021-07-21,"Agency 100, Article 24",patient records,kansas state board of healing arts,,Health Services,1700003416,10,636,10,0,0,0,0,16.0,7.13,23.684210526315788,35.31681415929204
Kansas,2021-07-21,"Agency 100, Article 25",office requirements,kansas state board of healing arts,,Health Services,1700003417,60,3002,57,0,0,1,2,27.0,8.57,20.75471698113208,39.80916577157178
Kansas,2021-07-21,"Agency 100, Article 26",services rendered to individuals located in this state,kansas state board of healing arts,,Health Services,1700003418,4,787,4,0,0,0,0,20.0,7.06,8.571428571428571,34.3968253968254
Kansas,2021-07-21,"Agency 100, Article 27",light based medical treatment,kansas state board of healing arts,,Health Services,1700003419,16,705,9,0,0,1,6,27.0,7.17,28.000000000000004,35.40610687022901
Kansas,2021-07-21,"Agency 100, Article 28a",physician assistants,kansas state board of healing arts,,Health Services,1700003420,91,6072,73,0,0,1,17,24.0,8.38,16.386554621848738,41.21427254287295
Kansas,2021-07-21,"Agency 100, Article 28b",independent practice of midwifery,kansas state board of healing arts,,Health Services,1700003421,14,1554,14,0,0,0,0,21.0,8.02,11.11111111111111,36.795313576843554
Kansas,2021-07-21,"Agency 100, Article 29",physical therapy,kansas state board of healing arts,,Health Services,1700003422,155,6325,124,0,0,0,31,22.0,8.55,8.0,39.67795735900963
Kansas,2021-07-21,"Agency 100, Article 3",committees,kansas state board of healing arts,,Health Services,1700003399,1,77,1,0,0,0,0,10.0,5.22,14.285714285714285,33.25806451612903
Kansas,2021-07-21,"Agency 100, Article 4",vacancies,kansas state board of healing arts,,Health Services,1700003400,6,161,6,0,0,0,0,14.0,5.45,18.181818181818183,26.52413793103448
Kansas,2021-07-21,"Agency 100, Article 49",podiatry,kansas state board of healing arts,,Health Services,1700003423,34,1947,31,0,0,0,3,16.0,7.7,6.422018348623854,34.622699386503065
Kansas,2021-07-21,"Agency 100, Article 5",meetings,kansas state board of healing arts,,Health Services,1700003401,6,300,6,0,0,0,0,13.0,6.19,9.090909090909092,28.41509433962264
Kansas,2021-07-21,"Agency 100, Article 54",occupational therapy,kansas state board of healing arts,,Health Services,1700003424,81,4075,69,2,0,0,10,22.0,8.43,6.25,42.64470145239376
Kansas,2021-07-21,"Agency 100, Article 55",respiratory therapy,kansas state board of healing arts,,Health Services,1700003425,70,3207,53,0,0,0,17,23.0,8.43,5.343511450381679,38.63586015922465
Kansas,2021-07-21,"Agency 100, Article 6",licenses,kansas state board of healing arts,,Health Services,1700003402,67,2610,60,1,0,0,6,23.0,8.35,10.0,38.733113673805605
Kansas,2021-07-21,"Agency 100, Article 69",athletic training,kansas state board of healing arts,,Health Services,1700003426,62,3049,56,0,0,0,6,26.0,8.6,7.964601769911504,39.42628205128205
Kansas,2021-07-21,"Agency 100, Article 7",examinations,kansas state board of healing arts,,Health Services,1700003403,6,384,4,0,0,0,2,30.0,6.07,0.0,36.49425287356322
Kansas,2021-07-21,"Agency 100, Article 72",naturopathy,kansas state board of healing arts,,Health Services,1700003427,40,3312,35,0,0,0,5,33.0,8.68,9.574468085106384,40.10073382254837
Kansas,2021-07-21,"Agency 100, Article 73",radiologic technologists,kansas state board of healing arts,,Health Services,1700003428,53,2869,47,0,0,0,6,23.0,8.31,6.722689075630252,39.91734260332174
Kansas,2021-07-21,"Agency 100, Article 75",contact lenses,kansas state board of healing arts,,Health Services,1700003429,1,50,1,0,0,0,0,7.0,4.96,0.0,34.38709677419355
Kansas,2021-07-21,"Agency 100, Article 76",acupuncturists,kansas state board of healing arts,,Health Services,1700003430,76,3969,65,0,0,1,10,21.0,8.55,10.05586592178771,39.5229997212155
Kansas,2021-07-21,"Agency 100, Article 77",telemedicine,kansas state board of healing arts,,Health Services,1700003431,3,208,3,0,0,0,0,9.0,5.86,0.0,38.74842767295598
Kansas,2021-07-21,"Agency 100, Article 78",business entities,kansas state board of healing arts,,Health Services,1700003432,2,118,2,0,0,0,0,9.0,5.43,0.0,43.45569620253165
Kansas,2021-07-21,"Agency 100, Article 8",license by endorsement,kansas state board of healing arts,,Health Services,1700003404,10,1169,8,0,0,0,2,22.0,7.87,2.0,35.538108356290174
Kansas,2021-07-21,"Agency 100, Article 9",temporary license,kansas state board of healing arts,,Health Services,1700003405,0,63,0,0,0,0,0,6.0,5.16,0.0,31.630434782608692
Kansas,2021-07-21,"Agency 102, Article 1",certification of psychologists,behavioral sciences regulatory board,,Health Services,1700003433,200,12832,170,0,3,0,27,29.0,9.14,16.113744075829384,41.03033095936322
Kansas,2021-07-21,"Agency 102, Article 2",licensing of social workers,behavioral sciences regulatory board,,Health Services,1700003434,267,14836,227,0,1,0,39,30.0,8.99,15.466101694915254,38.06224696356275
Kansas,2021-07-21,"Agency 102, Article 3",professional counselors fees,behavioral sciences regulatory board,,Health Services,1700003435,183,13018,153,1,1,0,28,36.0,9.09,21.20343839541547,41.655304888017
Kansas,2021-07-21,"Agency 102, Article 4",master s level psychologists,behavioral sciences regulatory board,,Health Services,1700003436,214,14973,175,1,1,1,36,33.0,9.21,19.954648526077097,41.06947608200456
Kansas,2021-07-21,"Agency 102, Article 5",licensing of marriage and family therapists,behavioral sciences regulatory board,,Health Services,1700003437,211,13882,182,0,1,0,28,35.0,9.03,20.365535248041773,39.14386233269598
Kansas,2021-07-21,"Agency 102, Article 7",licensing of addiction counselors,behavioral sciences regulatory board,,Health Services,1700003438,200,13061,173,2,0,1,24,37.0,8.95,21.828908554572276,40.67989112504124
Kansas,2021-07-21,"Agency 102, Article 8",applied behavior analysis,behavioral sciences regulatory board,,Health Services,1700003439,72,4724,59,0,0,1,12,36.0,8.73,21.705426356589147,39.24825568309701
Kansas,2021-07-21,"Agency 103, Article 1",security for deposit of public funds,joint regulations state bank commissioner and savings and loan commissioner,,"Banking, Insurance, and Securities",1700003440,1,123,1,0,0,0,0,23.0,5.82,0.0,34.34862385321101
Kansas,2021-07-21,"Agency 104, Article 1",no title indicated,joint regulations consumer credit commissioner credit union administrator savings and loan commissioner and bank commissioner,,"Banking, Insurance, and Securities",1700003441,2,233,2,0,0,0,0,20.0,6.1,18.181818181818183,35.321100917431195
Kansas,2021-07-21,"Agency 105, Article 1",general,state board of indigents defense services,,"Security, Justice, and Corrections",1700003442,4,445,3,0,0,0,1,10.0,6.32,2.631578947368421,31.572207084468666
Kansas,2021-07-21,"Agency 105, Article 10",systems for providing legal defense services for indigent persons,state board of indigents defense services,,"Security, Justice, and Corrections",1700003451,16,1165,16,0,0,0,0,18.0,7.0,22.58064516129032,32.524904214559385
Kansas,2021-07-21,"Agency 105, Article 2",terms defined,state board of indigents defense services,,"Security, Justice, and Corrections",1700003443,1,400,1,0,0,0,0,19.0,6.61,10.0,37.86103542234333
Kansas,2021-07-21,"Agency 105, Article 21",public defender guidelines,state board of indigents defense services,,"Security, Justice, and Corrections",1700003452,13,596,13,0,0,0,0,11.0,6.9,8.16326530612245,34.37009345794392
Kansas,2021-07-21,"Agency 105, Article 3",appointed attorneys,state board of indigents defense services,,"Security, Justice, and Corrections",1700003444,55,2543,53,0,0,0,2,15.0,7.73,12.418300653594772,32.238540275923455
Kansas,2021-07-21,"Agency 105, Article 31",contract counsel guidelines,state board of indigents defense services,,"Security, Justice, and Corrections",1700003453,6,359,6,0,0,0,0,7.0,6.07,4.651162790697675,35.63793103448276
Kansas,2021-07-21,"Agency 105, Article 4",entitlement to legal representation,state board of indigents defense services,,"Security, Justice, and Corrections",1700003445,18,1193,18,0,0,0,0,18.0,7.47,23.33333333333333,35.0921052631579
Kansas,2021-07-21,"Agency 105, Article 5",attorney compensation,state board of indigents defense services,,"Security, Justice, and Corrections",1700003446,21,1857,20,0,0,0,1,16.0,7.06,13.26530612244898,32.15985915492958
Kansas,2021-07-21,"Agency 105, Article 6",reimbursement of expenses,state board of indigents defense services,,"Security, Justice, and Corrections",1700003447,4,297,4,0,0,0,0,10.0,6.56,14.814814814814811,34.241106719367586
Kansas,2021-07-21,"Agency 105, Article 7",investigative expert or other services,state board of indigents defense services,,"Security, Justice, and Corrections",1700003448,22,873,22,0,0,0,0,11.0,6.59,8.333333333333332,33.89068825910931
Kansas,2021-07-21,"Agency 105, Article 8",court reporters transcripts,state board of indigents defense services,,"Security, Justice, and Corrections",1700003449,10,383,10,0,0,0,0,8.0,6.29,9.30232558139535,32.301886792452834
Kansas,2021-07-21,"Agency 105, Article 9",claims generally,state board of indigents defense services,,"Security, Justice, and Corrections",1700003450,10,607,10,0,0,0,0,14.0,6.88,7.317073170731707,31.32965009208103
Kansas,2021-07-21,"Agency 106, Article 2",definitions,law enforcement training commission,,"Security, Justice, and Corrections",1700003454,13,2541,9,0,0,0,4,11.0,7.5,13.526570048309178,34.93410672853828
Kansas,2021-07-21,"Agency 106, Article 3",officer certification standards,law enforcement training commission,,"Security, Justice, and Corrections",1700003455,11,819,8,0,0,0,3,11.0,7.18,4.285714285714286,35.832116788321166
Kansas,2021-07-21,"Agency 106, Article 4",training school standards,law enforcement training commission,,"Security, Justice, and Corrections",1700003456,16,1029,15,0,0,0,1,33.0,7.01,6.451612903225806,40.09948717948718
Kansas,2021-07-21,"Agency 108, Article 1",eligibility requirements,state employees health care commission,,Health Services,1700003457,80,7766,76,1,0,0,3,31.0,7.93,22.82157676348548,34.05119780971937
Kansas,2021-07-21,"Agency 109, Article 1",definitions,board of emergency medical services,,Health Services,1700003458,14,2525,9,0,0,0,5,28.0,8.49,4.545454545454546,40.08103521425541
Kansas,2021-07-21,"Agency 109, Article 10",curricula,board of emergency medical services,,Health Services,1700003466,30,2118,27,0,0,0,3,19.0,7.56,3.92156862745098,40.87598528638991
Kansas,2021-07-21,"Agency 109, Article 11",course approvals,board of emergency medical services,,Health Services,1700003467,38,2089,34,0,0,0,4,21.0,7.79,10.526315789473683,41.03765465303927
Kansas,2021-07-21,"Agency 109, Article 14",do not resuscitate identifiers,board of emergency medical services,,Health Services,1700003468,1,191,0,0,0,0,1,22.0,6.05,12.5,37.16279069767442
Kansas,2021-07-21,"Agency 109, Article 15",certification,board of emergency medical services,,Health Services,1700003469,3,1327,3,0,0,0,0,24.0,7.16,20.40816326530612,39.67945439045183
Kansas,2021-07-21,"Agency 109, Article 16",graduated sanctions,board of emergency medical services,,Health Services,1700003470,2,390,2,0,0,0,0,20.0,6.8,10.526315789473683,39.953216374269005
Kansas,2021-07-21,"Agency 109, Article 2",ambulance services permits and regulations,board of emergency medical services,,Health Services,1700003459,169,7020,159,0,0,1,9,23.0,8.65,8.532423208191126,35.91616114481257
Kansas,2021-07-21,"Agency 109, Article 3",standards for ambulance attendants first responders and drivers,board of emergency medical services,,Health Services,1700003460,7,1342,7,0,0,0,0,27.0,8.05,8.88888888888889,44.224489795918366
Kansas,2021-07-21,"Agency 109, Article 5",continuing education,board of emergency medical services,,Health Services,1700003461,33,2895,31,0,0,0,2,26.0,7.69,2.941176470588235,37.656237778646855
Kansas,2021-07-21,"Agency 109, Article 6",temporary certification,board of emergency medical services,,Health Services,1700003462,11,478,8,0,0,0,3,17.0,6.95,19.230769230769237,39.23980815347722
Kansas,2021-07-21,"Agency 109, Article 7",fees,board of emergency medical services,,Health Services,1700003463,3,510,3,0,0,0,0,19.0,6.21,62.5,47.74545454545454
Kansas,2021-07-21,"Agency 109, Article 8",examinations,board of emergency medical services,,Health Services,1700003464,24,844,21,0,0,0,3,26.0,6.81,0.0,51.742599742599744
Kansas,2021-07-21,"Agency 109, Article 9",instructor coordinator,board of emergency medical services,,Health Services,1700003465,10,686,9,0,0,0,1,26.0,7.28,16.666666666666664,42.38279932546374
Kansas,2021-07-21,"Agency 10, Article 10",collection and reporting,kansas bureau of investigation,,"Security, Justice, and Corrections",1700002745,7,407,6,0,0,0,1,6.0,6.31,3.7037037037037033,35.55298013245033
Kansas,2021-07-21,"Agency 10, Article 11",security,kansas bureau of investigation,,"Security, Justice, and Corrections",1700002746,4,195,3,0,0,1,0,10.0,5.91,16.666666666666664,37.7030303030303
Kansas,2021-07-21,"Agency 10, Article 12",dissemination,kansas bureau of investigation,,"Security, Justice, and Corrections",1700002747,6,372,5,0,0,0,1,11.0,6.15,6.896551724137931,38.01552795031056
Kansas,2021-07-21,"Agency 10, Article 13",inspection and challenge,kansas bureau of investigation,,"Security, Justice, and Corrections",1700002748,3,234,3,0,0,0,0,12.0,6.29,0.0,36.075
Kansas,2021-07-21,"Agency 10, Article 14",auditing criminal justice agencies,kansas bureau of investigation,,"Security, Justice, and Corrections",1700002749,2,114,2,0,0,0,0,5.0,5.33,5.88235294117647,42.55555555555556
Kansas,2021-07-21,"Agency 10, Article 15",reportable events duplication,kansas bureau of investigation,,"Security, Justice, and Corrections",1700002750,2,74,1,0,0,0,1,5.0,5.09,0.0,38.629629629629626
Kansas,2021-07-21,"Agency 10, Article 19",juvenile justice information system,kansas bureau of investigation,,"Security, Justice, and Corrections",1700002751,26,1242,22,0,0,0,4,13.0,7.42,5.617977528089887,34.42669172932331
Kansas,2021-07-21,"Agency 10, Article 20",missing persons unidentified deceased persons,kansas bureau of investigation,,"Security, Justice, and Corrections",1700002752,13,758,13,0,0,0,0,17.0,6.92,4.761904761904762,33.98701298701299
Kansas,2021-07-21,"Agency 10, Article 21",kansas bureau of investigation dna databank,kansas bureau of investigation,,"Security, Justice, and Corrections",1700002753,46,2306,42,0,0,0,4,18.0,7.74,9.090909090909092,34.09201307800093
Kansas,2021-07-21,"Agency 10, Article 22",field testing for controlled substances,kansas bureau of investigation,,"Security, Justice, and Corrections",1700002754,3,226,3,0,0,0,0,24.0,6.44,0.0,48.20918367346939
Kansas,2021-07-21,"Agency 10, Article 23",kansas asset seizure and forfeiture repository,kansas bureau of investigation,,"Security, Justice, and Corrections",1700002755,18,659,16,0,0,1,1,12.0,6.44,11.538461538461538,36.316139767054906
Kansas,2021-07-21,"Agency 10, Article 24",kansas scrap metal data repository,kansas bureau of investigation,,"Security, Justice, and Corrections",1700002756,3,480,3,0,0,0,0,14.0,6.7,6.25,32.306763285024154
Kansas,2021-07-21,"Agency 10, Article 9",definitions,kansas bureau of investigation,,"Security, Justice, and Corrections",1700002744,2,279,2,0,0,0,0,13.0,6.64,5.0,38.94921875
Kansas,2021-07-21,"Agency 110, Article 1",venture capital company certification,kansas department of commerce,,"Industry, Commerce, and Development",1700003471,17,698,12,0,0,0,5,24.0,7.26,14.285714285714285,35.34536891679749
Kansas,2021-07-21,"Agency 110, Article 10",low income housing tax credits,kansas department of commerce,,"Industry, Commerce, and Development",1700003479,2,269,2,0,0,0,0,43.0,6.57,0.0,38.652360515021456
Kansas,2021-07-21,"Agency 110, Article 11",kansas downtown redevelopment act,kansas department of commerce,,"Industry, Commerce, and Development",1700003480,10,725,10,0,0,0,0,18.0,7.24,7.5,40.82116244411326
Kansas,2021-07-21,"Agency 110, Article 13",rural business development tax credit program,kansas department of commerce,,"Industry, Commerce, and Development",1700003481,39,2135,39,0,0,0,0,14.0,7.91,5.714285714285714,38.72153846153847
Kansas,2021-07-21,"Agency 110, Article 13a",enterprise facilitation fund,kansas department of commerce,,"Industry, Commerce, and Development",1700003482,17,909,15,0,0,0,2,19.0,7.35,4.3478260869565215,37.72824791418356
Kansas,2021-07-21,"Agency 110, Article 14",individual account program act,kansas department of commerce,,"Industry, Commerce, and Development",1700003483,6,231,6,0,0,0,0,9.0,5.74,4.545454545454546,35.26767676767677
Kansas,2021-07-21,"Agency 110, Article 15",kansas energy incentive act refinery and expanded refinery projects,kansas department of commerce,,"Industry, Commerce, and Development",1700003484,18,1102,14,0,0,0,4,15.0,7.61,8.695652173913043,34.73434343434344
Kansas,2021-07-21,"Agency 110, Article 16",kansas energy incentive act new qualifying pipeline projects,kansas department of commerce,,"Industry, Commerce, and Development",1700003485,19,1094,15,0,0,0,4,15.0,7.61,8.955223880597014,35.171399594320484
Kansas,2021-07-21,"Agency 110, Article 17",kansas energy incentive act integrated coal or coke gasification nitrogen fertilizer plants,kansas department of commerce,,"Industry, Commerce, and Development",1700003486,18,1150,14,0,0,0,4,15.0,7.59,10.0,35.63102119460501
Kansas,2021-07-21,"Agency 110, Article 18",kansas energy incentive act biomass to energy projects,kansas department of commerce,,"Industry, Commerce, and Development",1700003487,18,1077,14,0,0,0,4,14.0,7.54,8.571428571428571,34.09251559251559
Kansas,2021-07-21,"Agency 110, Article 19",kansas energy incentive act renewable electric cogeneration facility projects,kansas department of commerce,,"Industry, Commerce, and Development",1700003488,18,1083,14,0,0,0,4,16.0,7.63,9.67741935483871,37.32565130260521
Kansas,2021-07-21,"Agency 110, Article 2",local seed capital pool certification,kansas department of commerce,,"Industry, Commerce, and Development",1700003472,12,564,9,0,0,0,3,29.0,7.08,10.526315789473683,34.46407766990291
Kansas,2021-07-21,"Agency 110, Article 20",kansas energy incentive act storage and blending equipment projects,kansas department of commerce,,"Industry, Commerce, and Development",1700003489,17,1011,13,0,0,0,4,17.0,7.56,9.090909090909092,36.45192307692308
Kansas,2021-07-21,"Agency 110, Article 21",promoting employment across kansas peak program,kansas department of commerce,,"Industry, Commerce, and Development",1700003490,28,2185,27,0,0,0,1,23.0,7.88,15.217391304347828,35.47102897102897
Kansas,2021-07-21,"Agency 110, Article 22",student loan repayment program,kansas department of commerce,,"Industry, Commerce, and Development",1700003491,25,1487,24,0,0,0,1,14.0,7.33,12.5,37.36994660564454
Kansas,2021-07-21,"Agency 110, Article 3",kansas partnership fund program,kansas department of commerce,,"Industry, Commerce, and Development",1700003473,54,2477,51,1,0,1,1,21.0,7.99,14.529914529914532,35.85451433461703
Kansas,2021-07-21,"Agency 110, Article 4",investments in major projects and comprehensive training impact act,kansas department of commerce,,"Industry, Commerce, and Development",1700003474,22,2326,21,0,0,0,1,32.0,7.99,11.76470588235294,33.93655303030303
Kansas,2021-07-21,"Agency 110, Article 40",kansas export finance act,kansas department of commerce,,"Industry, Commerce, and Development",1700003492,45,1954,40,0,0,0,5,14.0,7.72,6.923076923076923,36.608793686584
Kansas,2021-07-21,"Agency 110, Article 5",kansas enterprise zone act,kansas department of commerce,,"Industry, Commerce, and Development",1700003475,14,1137,10,0,0,0,4,36.0,7.17,6.666666666666667,39.45070422535211
Kansas,2021-07-21,"Agency 110, Article 6",high performance incentive program,kansas department of commerce,,"Industry, Commerce, and Development",1700003476,64,3776,59,0,0,0,5,26.0,8.47,23.18840579710145,36.817853170189096
Kansas,2021-07-21,"Agency 110, Article 7",kansas community services program,kansas department of commerce,,"Industry, Commerce, and Development",1700003477,11,612,11,0,0,0,0,15.0,7.13,15.789473684210526,35.40892857142857
Kansas,2021-07-21,"Agency 110, Article 9",sales tax revenue bonds,kansas department of commerce,,"Industry, Commerce, and Development",1700003478,27,1915,22,0,0,0,5,14.0,7.87,9.6,33.22446555819477
Kansas,2021-07-21,"Agency 112, Article 10",animal health,kansas racing and gaming commission,,"Culture, Recreation, and the Arts",1700003500,204,9346,191,0,1,7,5,23.0,8.45,15.064935064935064,34.302423603793464
Kansas,2021-07-21,"Agency 112, Article 100",general provisions and definitions,kansas racing and gaming commission,,"Culture, Recreation, and the Arts",1700003509,14,671,13,0,0,0,1,11.0,6.82,1.818181818181818,39.14502529510961
Kansas,2021-07-21,"Agency 112, Article 101",facility manager certification,kansas racing and gaming commission,,"Culture, Recreation, and the Arts",1700003510,65,3281,56,0,0,1,8,19.0,7.99,4.375,38.3481875623545
Kansas,2021-07-21,"Agency 112, Article 102",gaming supplier and non gaming supplier certification,kansas racing and gaming commission,,"Culture, Recreation, and the Arts",1700003511,28,2086,26,0,0,0,2,19.0,7.69,5.714285714285714,37.45291951604419
Kansas,2021-07-21,"Agency 112, Article 103",employee licensing,kansas racing and gaming commission,,"Culture, Recreation, and the Arts",1700003512,35,2329,30,0,0,0,5,23.0,8.1,10.1010101010101,37.507834101382485
Kansas,2021-07-21,"Agency 112, Article 104",minimum internal control system,kansas racing and gaming commission,,"Culture, Recreation, and the Arts",1700003513,894,32915,781,1,0,3,109,34.0,9.12,19.6875,35.10434700494192
Kansas,2021-07-21,"Agency 112, Article 105",security,kansas racing and gaming commission,,"Culture, Recreation, and the Arts",1700003514,35,1640,32,0,0,0,3,23.0,7.73,15.714285714285714,36.84830339321357
Kansas,2021-07-21,"Agency 112, Article 106",surveillance,kansas racing and gaming commission,,"Culture, Recreation, and the Arts",1700003515,69,2853,61,0,0,0,8,28.0,8.03,11.88118811881188,38.19706103993971
Kansas,2021-07-21,"Agency 112, Article 107",electronic gaming machines,kansas racing and gaming commission,,"Culture, Recreation, and the Arts",1700003516,367,15953,316,0,0,0,51,29.0,8.73,17.690875232774676,36.33186654406936
Kansas,2021-07-21,"Agency 112, Article 108",table games,kansas racing and gaming commission,,"Culture, Recreation, and the Arts",1700003517,792,23950,747,1,0,5,39,23.0,8.84,17.11177052423343,31.936714366491238
Kansas,2021-07-21,"Agency 112, Article 11",security and safety,kansas racing and gaming commission,,"Culture, Recreation, and the Arts",1700003501,120,6319,106,0,0,4,10,20.0,8.74,17.17171717171717,33.36358754027927
Kansas,2021-07-21,"Agency 112, Article 110",technical standards,kansas racing and gaming commission,,"Culture, Recreation, and the Arts",1700003518,182,6727,173,1,0,0,8,25.0,8.69,17.17557251908397,34.60476647472809
Kansas,2021-07-21,"Agency 112, Article 111",involuntary exclusions,kansas racing and gaming commission,,"Culture, Recreation, and the Arts",1700003519,24,1315,23,0,0,1,0,26.0,7.39,16.0,31.40868865647627
Kansas,2021-07-21,"Agency 112, Article 112",responsible gaming,kansas racing and gaming commission,,"Culture, Recreation, and the Arts",1700003520,56,2802,54,0,0,0,2,18.0,7.57,7.586206896551724,35.36286919831224
Kansas,2021-07-21,"Agency 112, Article 113",sanctions,kansas racing and gaming commission,,"Culture, Recreation, and the Arts",1700003521,7,609,7,0,0,0,0,37.0,7.14,6.25,38.82661996497373
Kansas,2021-07-21,"Agency 112, Article 114",rules of hearing,kansas racing and gaming commission,,"Culture, Recreation, and the Arts",1700003522,51,1909,47,0,0,0,4,16.0,7.64,14.15929203539823,34.48732394366197
Kansas,2021-07-21,"Agency 112, Article 12",kansas horse breeding development fund,kansas racing and gaming commission,,"Culture, Recreation, and the Arts",1700003502,72,3798,65,0,0,0,7,17.0,7.44,12.376237623762377,33.65841735410938
Kansas,2021-07-21,"Agency 112, Article 13",kansas whelped program,kansas racing and gaming commission,,"Culture, Recreation, and the Arts",1700003503,38,1621,38,0,0,0,0,22.0,7.51,7.142857142857142,36.42292225201072
Kansas,2021-07-21,"Agency 112, Article 14",harness racing rules,kansas racing and gaming commission,,"Culture, Recreation, and the Arts",1700003504,84,2826,81,0,0,2,1,20.0,7.99,27.40740740740741,25.394168875425976
Kansas,2021-07-21,"Agency 112, Article 15",award of research grants,kansas racing and gaming commission,,"Culture, Recreation, and the Arts",1700003505,23,1269,23,0,0,0,0,12.0,7.29,2.0,36.1953488372093
Kansas,2021-07-21,"Agency 112, Article 16",simplified hearing procedures,kansas racing and gaming commission,,"Culture, Recreation, and the Arts",1700003506,47,2751,44,0,0,0,3,13.0,7.6,8.585858585858585,30.75284210526316
Kansas,2021-07-21,"Agency 112, Article 17",fair association or horsemen s nonprofit organization,kansas racing and gaming commission,,"Culture, Recreation, and the Arts",1700003507,70,5389,57,1,0,0,12,15.0,8.11,7.736389684813753,35.66806282722513
Kansas,2021-07-21,"Agency 112, Article 18",simulcasting licenses,kansas racing and gaming commission,,"Culture, Recreation, and the Arts",1700003508,167,8103,151,1,1,0,14,22.0,8.43,16.857142857142858,33.87511838722771
Kansas,2021-07-21,"Agency 112, Article 3",application procedure,kansas racing and gaming commission,,"Culture, Recreation, and the Arts",1700003493,317,12034,275,2,0,0,40,26.0,8.72,10.940919037199125,36.25332978156633
Kansas,2021-07-21,"Agency 112, Article 4",occupation and concessionaire licenses,kansas racing and gaming commission,,"Culture, Recreation, and the Arts",1700003494,198,8667,158,0,0,7,33,16.0,8.43,9.836065573770492,34.65201757890532
Kansas,2021-07-21,"Agency 112, Article 5",race track officials,kansas racing and gaming commission,,"Culture, Recreation, and the Arts",1700003495,96,3061,93,0,0,1,2,18.0,7.97,13.664596273291924,32.19039208760155
Kansas,2021-07-21,"Agency 112, Article 6",race track officials,kansas racing and gaming commission,,"Culture, Recreation, and the Arts",1700003496,125,3947,117,1,0,6,1,18.0,8.0,14.563106796116504,31.360892031547458
Kansas,2021-07-21,"Agency 112, Article 7",rules for racing,kansas racing and gaming commission,,"Culture, Recreation, and the Arts",1700003497,265,9531,252,0,0,3,10,20.0,8.61,28.37837837837838,27.904066736183523
Kansas,2021-07-21,"Agency 112, Article 8",rules of racing,kansas racing and gaming commission,,"Culture, Recreation, and the Arts",1700003498,122,4020,122,0,0,0,0,19.0,7.88,22.92682926829269,29.56029684601113
Kansas,2021-07-21,"Agency 112, Article 9",parimutuel wagering,kansas racing and gaming commission,,"Culture, Recreation, and the Arts",1700003499,440,19736,423,7,0,8,2,25.0,7.81,54.33911882510013,30.623439258346284
Kansas,2021-07-21,"Agency 115, Article 1",definitions,kansas department of wildlife parks and tourism,,"Culture, Recreation, and the Arts",1700003523,9,1846,7,0,0,0,2,20.0,8.73,8.98876404494382,30.483573487031705
Kansas,2021-07-21,"Agency 115, Article 10",special surety bond,kansas department of wildlife parks and tourism,,"Culture, Recreation, and the Arts",1700003531,24,1077,20,0,0,0,4,12.0,6.73,3.571428571428571,30.791623036649213
Kansas,2021-07-21,"Agency 115, Article 11",controlled shooting areas,kansas department of wildlife parks and tourism,,"Culture, Recreation, and the Arts",1700003532,34,950,28,0,0,1,5,19.0,7.03,10.638297872340424,31.879133409350057
Kansas,2021-07-21,"Agency 115, Article 12",game breeders,kansas department of wildlife parks and tourism,,"Culture, Recreation, and the Arts",1700003533,8,275,6,0,0,0,2,17.0,6.54,6.25,30.93522267206478
Kansas,2021-07-21,"Agency 115, Article 13",training dogs and field trial events,kansas department of wildlife parks and tourism,,"Culture, Recreation, and the Arts",1700003534,90,3163,77,0,0,0,13,20.0,7.53,24.503311258278146,31.591094493541807
Kansas,2021-07-21,"Agency 115, Article 14",falconry,kansas department of wildlife parks and tourism,,"Culture, Recreation, and the Arts",1700003535,305,10247,274,0,0,6,25,26.0,8.42,23.4375,33.973942026057976
Kansas,2021-07-21,"Agency 115, Article 15",nongame threatened and endangered species,kansas department of wildlife parks and tourism,,"Culture, Recreation, and the Arts",1700003536,65,3385,50,0,0,2,13,31.0,9.13,21.904761904761905,42.52567877003598
Kansas,2021-07-21,"Agency 115, Article 16",wildlife damage control,kansas department of wildlife parks and tourism,,"Culture, Recreation, and the Arts",1700003537,99,3807,84,0,0,0,15,22.0,8.08,30.303030303030305,33.12111801242236
Kansas,2021-07-21,"Agency 115, Article 17",wildlife commercial uses authorized,kansas department of wildlife parks and tourism,,"Culture, Recreation, and the Arts",1700003538,101,4582,95,0,0,1,5,17.0,8.25,12.903225806451612,32.54664041348757
Kansas,2021-07-21,"Agency 115, Article 18",special permits,kansas department of wildlife parks and tourism,,"Culture, Recreation, and the Arts",1700003539,171,6670,145,0,1,3,22,21.0,8.69,12.540192926045016,36.394067796610166
Kansas,2021-07-21,"Agency 115, Article 2",fees registrations and other charges,kansas department of wildlife parks and tourism,,"Culture, Recreation, and the Arts",1700003524,37,3228,29,1,0,0,7,35.0,7.64,4.938271604938271,34.62276692978812
Kansas,2021-07-21,"Agency 115, Article 20",miscellaneous regulations,kansas department of wildlife parks and tourism,,"Culture, Recreation, and the Arts",1700003540,109,3978,102,2,0,0,5,24.0,8.67,21.951219512195124,31.7935914552737
Kansas,2021-07-21,"Agency 115, Article 22",sport shooting ranges,kansas department of wildlife parks and tourism,,"Culture, Recreation, and the Arts",1700003541,0,160,0,0,0,0,0,16.0,5.61,0.0,44.14173228346457
Kansas,2021-07-21,"Agency 115, Article 3",smallgame,kansas department of wildlife parks and tourism,,"Culture, Recreation, and the Arts",1700003525,14,604,14,0,0,0,0,21.0,7.21,29.629629629629623,29.934333958724203
Kansas,2021-07-21,"Agency 115, Article 30",boating,kansas department of wildlife parks and tourism,,"Culture, Recreation, and the Arts",1700003542,105,3807,90,0,0,1,14,20.0,8.4,22.22222222222222,31.250866050808312
Kansas,2021-07-21,"Agency 115, Article 35",local government outdoor recreation grant program,kansas department of wildlife parks and tourism,,"Culture, Recreation, and the Arts",1700003543,3,262,3,0,0,0,0,17.0,6.58,0.0,40.58158995815899
Kansas,2021-07-21,"Agency 115, Article 4",big game,kansas department of wildlife parks and tourism,,"Culture, Recreation, and the Arts",1700003526,184,10890,179,0,0,0,5,32.0,8.32,29.141104294478527,29.38529411764706
Kansas,2021-07-21,"Agency 115, Article 40",agritourism,kansas department of wildlife parks and tourism,,"Culture, Recreation, and the Arts",1700003544,15,758,15,0,0,0,0,11.0,6.87,8.064516129032258,36.037593984962406
Kansas,2021-07-21,"Agency 115, Article 5",furbearers,kansas department of wildlife parks and tourism,,"Culture, Recreation, and the Arts",1700003527,33,1658,32,0,0,1,0,22.0,8.05,18.055555555555557,32.41573770491803
Kansas,2021-07-21,"Agency 115, Article 7",fish and frogs,kansas department of wildlife parks and tourism,,"Culture, Recreation, and the Arts",1700003528,104,3849,97,0,0,5,2,25.0,8.43,22.516556291390728,30.912231030577576
Kansas,2021-07-21,"Agency 115, Article 8",department lands and waters,kansas department of wildlife parks and tourism,,"Culture, Recreation, and the Arts",1700003529,139,5289,116,0,0,16,7,19.0,8.57,15.730337078651685,33.845265112440686
Kansas,2021-07-21,"Agency 115, Article 9",licenses permits stamps and other department issues,kansas department of wildlife parks and tourism,,"Culture, Recreation, and the Arts",1700003530,47,1943,38,0,0,0,9,15.0,7.63,4.918032786885246,34.01076487252125
Kansas,2021-07-21,"Agency 116, Article 1",cereal malt beverages,the kansas state fair board,,"Industry, Commerce, and Development",1700003545,5,361,5,0,0,0,0,16.0,6.26,14.285714285714285,31.63141993957704
Kansas,2021-07-21,"Agency 116, Article 2",fairgrounds,the kansas state fair board,,"Industry, Commerce, and Development",1700003546,1,66,1,0,0,0,0,9.0,5.44,33.33333333333333,30.846153846153847
Kansas,2021-07-21,"Agency 116, Article 3",soliciting and advertising,the kansas state fair board,,"Industry, Commerce, and Development",1700003547,6,277,4,0,0,2,0,19.0,6.52,7.142857142857142,35.28136882129277
Kansas,2021-07-21,"Agency 116, Article 4",tent camping,the kansas state fair board,,"Industry, Commerce, and Development",1700003548,2,239,2,0,0,0,0,15.0,6.06,13.333333333333334,30.678571428571427
Kansas,2021-07-21,"Agency 117, Article 1",definitions,real estate appraisal board,,Taxes and Public Finance,1700003549,1,453,1,0,0,0,0,19.0,7.0,0.0,43.6460396039604
Kansas,2021-07-21,"Agency 117, Article 10",inactive status,real estate appraisal board,,Taxes and Public Finance,1700003558,1,73,1,0,0,0,0,9.0,5.35,0.0,40.54838709677419
Kansas,2021-07-21,"Agency 117, Article 2",qualifications criteria residential real estate appraiser classification,real estate appraisal board,,Taxes and Public Finance,1700003550,53,2393,47,0,0,0,6,26.0,7.93,11.235955056179774,41.33978792070079
Kansas,2021-07-21,"Agency 117, Article 20",appraisal management company registration,real estate appraisal board,,Taxes and Public Finance,1700003559,15,834,14,0,0,0,1,11.0,6.96,0.0,35.91778774289985
Kansas,2021-07-21,"Agency 117, Article 3",qualifications criteria general appraiser classification,real estate appraisal board,,Taxes and Public Finance,1700003551,50,2588,43,0,0,0,7,28.0,7.91,11.235955056179774,41.16838046272493
Kansas,2021-07-21,"Agency 117, Article 4",qualifications criteria certified residential appraiser classification,real estate appraisal board,,Taxes and Public Finance,1700003552,50,2754,44,0,0,0,6,30.0,8.07,13.333333333333334,42.03953674121406
Kansas,2021-07-21,"Agency 117, Article 5",qualifications criteria provisional classification,real estate appraisal board,,Taxes and Public Finance,1700003553,22,1105,21,0,0,0,1,19.0,7.03,5.555555555555555,43.25432349949136
Kansas,2021-07-21,"Agency 117, Article 6",continuing education,real estate appraisal board,,Taxes and Public Finance,1700003554,56,2635,49,0,0,0,7,30.0,7.98,13.095238095238097,36.50481776288228
Kansas,2021-07-21,"Agency 117, Article 7",fees,real estate appraisal board,,Taxes and Public Finance,1700003555,10,286,10,0,0,0,0,16.0,6.14,18.75,30.67579908675799
Kansas,2021-07-21,"Agency 117, Article 8",uniform standards of professional appraisal practice,real estate appraisal board,,Taxes and Public Finance,1700003556,1,220,1,0,0,0,0,13.0,6.28,13.333333333333334,39.25268817204301
Kansas,2021-07-21,"Agency 117, Article 9",temporary practice,real estate appraisal board,,Taxes and Public Finance,1700003557,2,208,2,0,0,0,0,16.0,6.31,8.333333333333332,32.93333333333333
Kansas,2021-07-21,"Agency 118, Article 1",kansas state historical society deaccessioning act,state historical society,,"Culture, Recreation, and the Arts",1700003560,54,2005,53,0,0,0,1,20.0,7.91,13.541666666666666,41.38833420914346
Kansas,2021-07-21,"Agency 118, Article 2",removal of human remains and associated burial goods from the kansas state historical society collections act,state historical society,,"Culture, Recreation, and the Arts",1700003561,3,119,3,0,0,0,0,9.0,5.39,0.0,31.21212121212121
Kansas,2021-07-21,"Agency 118, Article 3",review of projects affecting historic properties and their environs,state historical society,,"Culture, Recreation, and the Arts",1700003562,60,3561,44,1,0,0,15,20.0,7.77,16.363636363636363,39.31311881188119
Kansas,2021-07-21,"Agency 118, Article 4",land survey reference reports,state historical society,,"Culture, Recreation, and the Arts",1700003563,15,748,14,0,0,0,1,18.0,6.86,20.51282051282051,32.105421686746986
Kansas,2021-07-21,"Agency 118, Article 5",state rehabilitation tax credit program,state historical society,,"Culture, Recreation, and the Arts",1700003564,113,3847,105,0,0,0,8,21.0,7.93,18.857142857142858,42.77511286681715
Kansas,2021-07-21,"Agency 11, Article 1",water resources cost share program,state conservation commission,,"Environmental Protection, Public Utilities, and Natural Resources",1700002757,66,2892,64,0,0,0,2,20.0,8.21,22.794117647058822,38.48233995584989
Kansas,2021-07-21,"Agency 11, Article 10",water rights purchase program,state conservation commission,,"Environmental Protection, Public Utilities, and Natural Resources",1700002764,31,1129,31,0,0,0,0,14.0,7.04,1.2987012987012987,31.846376811594205
Kansas,2021-07-21,"Agency 11, Article 12",water right transition assistance pilot project program,state conservation commission,,"Environmental Protection, Public Utilities, and Natural Resources",1700002765,49,2992,48,0,0,0,1,27.0,7.97,19.090909090909093,33.88900671615412
Kansas,2021-07-21,"Agency 11, Article 13",kansas sediment and nutrient reduction initiative,state conservation commission,,"Environmental Protection, Public Utilities, and Natural Resources",1700002766,19,1255,15,0,0,0,4,14.0,7.71,2.4390243902439024,36.57068062827225
Kansas,2021-07-21,"Agency 11, Article 3",watershed dam construction program,state conservation commission,,"Environmental Protection, Public Utilities, and Natural Resources",1700002758,46,2435,42,0,0,0,4,11.0,7.77,3.883495145631068,37.441570881226056
Kansas,2021-07-21,"Agency 11, Article 4",state grants for construction or renovation of multipurpose small lakes,state conservation commission,,"Environmental Protection, Public Utilities, and Natural Resources",1700002759,79,2705,70,0,0,0,9,13.0,7.72,4.615384615384616,35.76417910447761
Kansas,2021-07-21,"Agency 11, Article 6",water supply restoration program,state conservation commission,,"Environmental Protection, Public Utilities, and Natural Resources",1700002760,19,928,18,0,0,0,1,14.0,7.38,4.761904761904762,38.33096926713948
Kansas,2021-07-21,"Agency 11, Article 7",non point source pollution control fund,state conservation commission,,"Environmental Protection, Public Utilities, and Natural Resources",1700002761,102,4716,98,0,0,0,4,21.0,8.57,17.061611374407583,39.271706758304695
Kansas,2021-07-21,"Agency 11, Article 8",land reclamation program,state conservation commission,,"Environmental Protection, Public Utilities, and Natural Resources",1700002762,54,1948,50,0,0,0,4,18.0,7.75,17.647058823529413,32.84937712344281
Kansas,2021-07-21,"Agency 11, Article 9",kansas water quality buffer initiative,state conservation commission,,"Environmental Protection, Public Utilities, and Natural Resources",1700002763,22,1283,20,0,0,0,2,12.0,7.74,7.6923076923076925,35.19725557461407
Kansas,2021-07-21,"Agency 121, Article 1",low income community development credit unions,department of credit unions,,"Banking, Insurance, and Securities",1700003565,11,1161,8,0,0,0,3,25.0,6.65,23.25581395348837,29.088372093023256
Kansas,2021-07-21,"Agency 121, Article 10",credit union annual audit requirements,department of credit unions,,"Banking, Insurance, and Securities",1700003574,9,465,6,0,0,0,3,26.0,6.59,5.88235294117647,36.29318181818182
Kansas,2021-07-21,"Agency 121, Article 11",merger of credit unions,department of credit unions,,"Banking, Insurance, and Securities",1700003575,22,1777,21,0,0,0,1,36.0,7.41,16.666666666666664,33.5885447106955
Kansas,2021-07-21,"Agency 121, Article 12",credit union branches,department of credit unions,,"Banking, Insurance, and Securities",1700003576,1,58,1,0,0,0,0,4.0,4.83,0.0,28.83333333333333
Kansas,2021-07-21,"Agency 121, Article 2",business recovery contingency planning,department of credit unions,,"Banking, Insurance, and Securities",1700003566,9,406,9,0,0,0,0,20.0,6.83,10.0,35.77023498694517
Kansas,2021-07-21,"Agency 121, Article 3",credit union services organization,department of credit unions,,"Banking, Insurance, and Securities",1700003567,21,1260,16,0,0,3,2,29.0,7.39,13.953488372093023,32.98921161825726
Kansas,2021-07-21,"Agency 121, Article 4",trust supervision,department of credit unions,,"Banking, Insurance, and Securities",1700003568,109,5555,103,0,0,3,3,29.0,8.14,25.806451612903224,34.137090773809526
Kansas,2021-07-21,"Agency 121, Article 5",credit union deteriorating condition,department of credit unions,,"Banking, Insurance, and Securities",1700003569,8,800,8,0,0,0,0,18.0,7.18,12.5,34.997014925373136
Kansas,2021-07-21,"Agency 121, Article 6",reporting place of business for credit unions,department of credit unions,,"Banking, Insurance, and Securities",1700003570,3,162,3,0,0,0,0,12.0,5.78,16.666666666666664,32.682758620689654
Kansas,2021-07-21,"Agency 121, Article 7",incidental powers of credit unions,department of credit unions,,"Banking, Insurance, and Securities",1700003571,2,144,2,0,0,0,0,19.0,5.56,14.285714285714285,31.42962962962963
Kansas,2021-07-21,"Agency 121, Article 8",credit union unsafe and unsound practices,department of credit unions,,"Banking, Insurance, and Securities",1700003572,1,184,1,0,0,0,0,29.0,5.98,0.0,35.11834319526627
Kansas,2021-07-21,"Agency 121, Article 9",foreign credit unions,department of credit unions,,"Banking, Insurance, and Securities",1700003573,3,351,3,0,0,0,0,38.0,6.25,33.33333333333333,33.39402985074627
Kansas,2021-07-21,"Agency 122, Article 1",definitions,pooled money investment board,,"Banking, Insurance, and Securities",1700003577,1,94,1,0,0,0,0,8.0,5.29,0.0,29.84931506849315
Kansas,2021-07-21,"Agency 122, Article 2",depository banks,pooled money investment board,,"Banking, Insurance, and Securities",1700003578,29,873,28,0,0,0,1,17.0,7.15,0.0,35.06463878326996
Kansas,2021-07-21,"Agency 122, Article 3",investment of state moneys,pooled money investment board,,"Banking, Insurance, and Securities",1700003579,36,1961,34,0,0,0,2,10.0,7.52,4.571428571428571,36.4524248004911
Kansas,2021-07-21,"Agency 122, Article 4",municipal investment pool,pooled money investment board,,"Banking, Insurance, and Securities",1700003580,6,188,6,0,0,0,0,14.0,6.0,0.0,36.2289156626506
Kansas,2021-07-21,"Agency 122, Article 5",investment accounts in qualified banks,pooled money investment board,,"Banking, Insurance, and Securities",1700003581,2,194,2,0,0,0,0,12.0,6.36,0.0,42.392405063291136
Kansas,2021-07-21,"Agency 123, Article 1",general administration,juvenile justice authority,,"Security, Justice, and Corrections",1700003582,5,343,4,0,0,0,1,13.0,6.55,12.0,38.99354838709677
Kansas,2021-07-21,"Agency 123, Article 12",offender conduct and penalties,juvenile justice authority,,"Security, Justice, and Corrections",1700003586,413,11862,383,0,0,22,8,13.0,8.43,8.886255924170616,33.77834241892266
Kansas,2021-07-21,"Agency 123, Article 13",offender disciplinary procedure,juvenile justice authority,,"Security, Justice, and Corrections",1700003587,331,11716,315,0,0,0,16,17.0,8.34,22.51552795031056,33.9271791099669
Kansas,2021-07-21,"Agency 123, Article 15",offender grievance procedure,juvenile justice authority,,"Security, Justice, and Corrections",1700003588,140,4978,133,0,0,1,6,19.0,8.14,19.35483870967742,35.13174536256324
Kansas,2021-07-21,"Agency 123, Article 16",offender injury and property claims,juvenile justice authority,,"Security, Justice, and Corrections",1700003589,11,334,9,0,0,0,2,13.0,6.3,20.833333333333336,32.33887043189369
Kansas,2021-07-21,"Agency 123, Article 17",community juvenile supervision,juvenile justice authority,,"Security, Justice, and Corrections",1700003590,3,172,3,0,0,0,0,21.0,5.54,0.0,48.70886075949367
Kansas,2021-07-21,"Agency 123, Article 2",facilities management,juvenile justice authority,,"Security, Justice, and Corrections",1700003583,19,1399,18,0,0,0,1,18.0,7.89,9.45945945945946,36.01050080775444
Kansas,2021-07-21,"Agency 123, Article 5",offender management,juvenile justice authority,,"Security, Justice, and Corrections",1700003584,84,3147,80,0,0,4,0,23.0,8.21,39.849624060150376,35.9877847474414
Kansas,2021-07-21,"Agency 123, Article 6",good time credits and sentence computation,juvenile justice authority,,"Security, Justice, and Corrections",1700003585,36,1920,34,0,0,0,2,19.0,7.39,22.34042553191489,31.24004550625711
Kansas,2021-07-21,"Agency 124, Article 1",child deaths,child death review board,,Health Services,1700003591,21,816,21,0,0,0,0,19.0,6.9,4.761904761904762,34.494897959183675
Kansas,2021-07-21,"Agency 125, Article 1",kansas agriculture remediation reimbursement program,kansas agricultural remediation board,,"Industry, Commerce, and Development",1700003592,33,2494,27,0,0,0,6,26.0,8.09,31.18279569892473,37.35941530524506
Kansas,2021-07-21,"Agency 126, Article 1",unmarked burial sites,unmarked burial sites preservation board,,"Culture, Recreation, and the Arts",1700003593,13,913,11,0,0,0,2,36.0,7.45,24.0,36.4363425925926
Kansas,2021-07-21,"Agency 127, Article 1",dwellings constructed with public financial assistance accessibility standards,kansas housing resources corporation,,"Industry, Commerce, and Development",1700003594,10,418,10,0,0,0,0,19.0,6.75,9.523809523809524,40.78841309823677
Kansas,2021-07-21,"Agency 127, Article 2",kansas manufactured housing installation,kansas housing resources corporation,,"Industry, Commerce, and Development",1700003595,12,829,10,0,0,0,2,24.0,7.27,28.125,36.97229916897507
Kansas,2021-07-21,"Agency 128, Article 1",definitions,department of commerce kansas athletic commission,,"Culture, Recreation, and the Arts",1700003596,13,1650,9,2,0,0,2,18.0,7.95,5.813953488372093,32.229892336922106
Kansas,2021-07-21,"Agency 128, Article 2",licenses and permits,department of commerce kansas athletic commission,,"Culture, Recreation, and the Arts",1700003597,111,4211,92,0,0,9,10,17.0,7.97,12.444444444444445,34.97749196141479
Kansas,2021-07-21,"Agency 128, Article 3",tickets and fees,department of commerce kansas athletic commission,,"Culture, Recreation, and the Arts",1700003598,29,889,26,0,0,0,3,26.0,7.03,30.303030303030305,29.78114086146682
Kansas,2021-07-21,"Agency 128, Article 4",officials and licensees and their responsibilities,department of commerce kansas athletic commission,,"Culture, Recreation, and the Arts",1700003599,202,5704,190,1,0,2,9,19.0,8.33,19.58041958041958,32.43325265313722
Kansas,2021-07-21,"Agency 128, Article 4a",inspectors and their responsibilities,department of commerce kansas athletic commission,,"Culture, Recreation, and the Arts",1700003600,16,517,15,0,0,1,0,21.0,6.74,12.5,32.77777777777778
Kansas,2021-07-21,"Agency 128, Article 5",facility and equipment requirements for professional boxing professional kickboxing professional full contact karate professional mixed martial arts amateur mixed martial arts and amateur sanctioning organizations,department of commerce kansas athletic commission,,"Culture, Recreation, and the Arts",1700003601,64,1805,63,0,0,0,1,22.0,7.8,16.25,30.032748538011692
Kansas,2021-07-21,"Agency 128, Article 6",rules of conduct and equipment requirements for professional boxing professional kickboxing professional full contact karate and professional mixed martial arts,department of commerce kansas athletic commission,,"Culture, Recreation, and the Arts",1700003602,448,14973,439,3,0,0,6,27.0,8.55,46.02587800369686,30.26597521926772
Kansas,2021-07-21,"Agency 129, Article 1",definitions,kansas department of health and environment division of health care finance,,Health Services,1700003603,0,304,0,0,0,0,0,17.0,6.55,5.88235294117647,37.55072463768116
Kansas,2021-07-21,"Agency 129, Article 10",adult care home program,kansas department of health and environment division of health care finance,,Health Services,1700003609,346,13338,320,1,0,0,25,24.0,9.05,17.702448210922785,33.725184255919714
Kansas,2021-07-21,"Agency 129, Article 14",children s health insurance program,kansas department of health and environment division of health care finance,,Health Services,1700003610,122,6316,114,0,0,0,8,20.0,8.65,13.85135135135135,34.53960396039604
Kansas,2021-07-21,"Agency 129, Article 2",general,kansas department of health and environment division of health care finance,,Health Services,1700003604,3,237,2,0,0,0,1,17.0,6.4,15.384615384615383,35.691542288557216
Kansas,2021-07-21,"Agency 129, Article 5",provider participation scope of services and reimbursements for the medicaid medical assistance program,kansas department of health and environment division of health care finance,,Health Services,1700003605,182,8723,175,0,0,0,7,23.0,9.35,19.230769230769237,39.361828289067326
Kansas,2021-07-21,"Agency 129, Article 6",medical assistance program clients eligibility for participation,kansas department of health and environment division of health care finance,,Health Services,1700003606,592,28810,574,0,0,1,17,23.0,9.03,24.091293322062555,34.410616853592
Kansas,2021-07-21,"Agency 129, Article 7",appeals fair hearings and taf ga disqualification hearings,kansas department of health and environment division of health care finance,,Health Services,1700003607,8,555,6,0,0,0,2,22.0,7.09,25.0,35.310940499040306
Kansas,2021-07-21,"Agency 129, Article 9",managed care provider grievances reconsiderations appeals external independent third party review and state fair hearings feefor service provider grievances and state fair hearings,kansas department of health and environment division of health care finance,,Health Services,1700003608,65,2772,60,0,0,0,5,38.0,7.33,26.76056338028169,32.731073446327684
Kansas,2021-07-21,"Agency 12, Article 1",general provisions,agricultural labor relations board,,"Environmental Protection, Public Utilities, and Natural Resources",1700002767,14,461,13,0,0,0,1,15.0,6.68,27.58620689655172,30.09090909090909
Kansas,2021-07-21,"Agency 12, Article 2",procedure,agricultural labor relations board,,"Environmental Protection, Public Utilities, and Natural Resources",1700002768,131,4385,120,0,0,5,6,17.0,8.1,14.979757085020244,30.629995185363505
Kansas,2021-07-21,"Agency 130, Article 1",registration renewal and examination,livestock brand commissioner,,"Industry, Commerce, and Development",1700003611,24,1244,13,0,0,0,11,18.0,7.12,0.0,38.62707182320442
Kansas,2021-07-21,"Agency 130, Article 2",fees,livestock brand commissioner,,"Industry, Commerce, and Development",1700003612,1,170,1,0,0,0,0,17.0,5.9,0.0,44.074380165289256
Kansas,2021-07-21,"Agency 130, Article 3",education programs,livestock brand commissioner,,"Industry, Commerce, and Development",1700003613,16,868,15,0,0,0,1,37.0,7.55,17.391304347826086,36.53094059405941
Kansas,2021-07-21,"Agency 130, Article 4",code of ethics and standards of practice,livestock brand commissioner,,"Industry, Commerce, and Development",1700003614,2,123,2,0,0,0,0,8.0,5.51,0.0,38.07446808510638
Kansas,2021-07-21,"Agency 130, Article 5",continuing education,livestock brand commissioner,,"Industry, Commerce, and Development",1700003615,15,463,12,0,0,0,3,16.0,6.47,0.0,37.023866348448685
Kansas,2021-07-21,"Agency 131, Article 1",definitions,committee on surety bonds and insurance,,"Banking, Insurance, and Securities",1700003616,3,190,2,0,0,0,1,10.0,5.56,5.88235294117647,27.98181818181818
Kansas,2021-07-21,"Agency 132, Article 1",fees,911 coordinating council,,"Security, Justice, and Corrections",1700003617,1,52,1,0,0,0,0,4.0,4.65,0.0,26.5
Kansas,2021-07-21,"Agency 132, Article 2",local collection point administrator requirements,911 coordinating council,,"Security, Justice, and Corrections",1700003618,7,369,6,0,0,0,1,19.0,6.71,10.526315789473683,39.45588235294117
Kansas,2021-07-21,"Agency 132, Article 3",grant funds,911 coordinating council,,"Security, Justice, and Corrections",1700003619,2,293,2,0,0,0,0,14.0,6.64,5.0,37.63453815261044
Kansas,2021-07-21,"Agency 132, Article 4",penalties,911 coordinating council,,"Security, Justice, and Corrections",1700003620,11,507,8,0,0,0,3,18.0,6.07,7.142857142857142,32.62888888888889
Kansas,2021-07-21,"Agency 133, Article 1",general procedures concerning parties,office of administrative hearings,,Administration,1700003621,17,1459,15,0,0,0,2,21.0,7.42,12.12121212121212,33.24120234604106
Kansas,2021-07-21,"Agency 14, Article 10",trade practices,kansas department of revenue division of alcoholic beverage control,,"Industry, Commerce, and Development",1700002773,17,1427,15,0,0,1,1,20.0,7.91,6.153846153846154,33.60414937759336
Kansas,2021-07-21,"Agency 14, Article 11",farm wineries,kansas department of revenue division of alcoholic beverage control,,"Industry, Commerce, and Development",1700002774,88,3927,75,0,0,4,9,15.0,7.65,3.673469387755103,29.70157938487116
Kansas,2021-07-21,"Agency 14, Article 13",retail liquor dealer,kansas department of revenue division of alcoholic beverage control,,"Industry, Commerce, and Development",1700002775,131,7443,107,0,0,3,21,23.0,8.48,12.698412698412698,31.55049992754673
Kansas,2021-07-21,"Agency 14, Article 14",manufacturers distributors nonbeverage users farm wineries microbreweries,kansas department of revenue division of alcoholic beverage control,,"Industry, Commerce, and Development",1700002776,132,6338,117,0,0,2,13,24.0,8.47,14.173228346456693,33.771578768865524
Kansas,2021-07-21,"Agency 14, Article 15",beer and cereal malt beverage keg registration,kansas department of revenue division of alcoholic beverage control,,"Industry, Commerce, and Development",1700002777,22,869,20,0,0,0,2,27.0,6.9,25.0,33.31719128329298
Kansas,2021-07-21,"Agency 14, Article 16",licenses suspension and revocation,kansas department of revenue division of alcoholic beverage control,,"Industry, Commerce, and Development",1700002778,21,1609,19,0,0,0,2,11.0,7.35,6.428571428571428,30.18451519536903
Kansas,2021-07-21,"Agency 14, Article 17",miscellaneous,kansas department of revenue division of alcoholic beverage control,,"Industry, Commerce, and Development",1700002779,25,1027,21,0,0,0,4,17.0,7.56,14.285714285714285,32.0343716433942
Kansas,2021-07-21,"Agency 14, Article 19",class a clubs,kansas department of revenue division of alcoholic beverage control,,"Industry, Commerce, and Development",1700002780,156,8013,144,1,0,2,9,18.0,8.52,9.63855421686747,30.80791889299904
Kansas,2021-07-21,"Agency 14, Article 20",class b clubs,kansas department of revenue division of alcoholic beverage control,,"Industry, Commerce, and Development",1700002781,163,8130,151,1,0,2,9,17.0,8.53,9.11111111111111,29.995927233233772
Kansas,2021-07-21,"Agency 14, Article 21",drinking establishments,kansas department of revenue division of alcoholic beverage control,,"Industry, Commerce, and Development",1700002782,142,7037,130,1,0,1,10,19.0,8.44,11.666666666666666,33.118813427010146
Kansas,2021-07-21,"Agency 14, Article 22",caterer,kansas department of revenue division of alcoholic beverage control,,"Industry, Commerce, and Development",1700002783,99,5000,80,0,0,4,15,17.0,8.3,7.913669064748201,30.69310035842294
Kansas,2021-07-21,"Agency 14, Article 23",temporary permits,kansas department of revenue division of alcoholic beverage control,,"Industry, Commerce, and Development",1700002784,49,3637,42,0,0,1,6,18.0,7.98,7.894736842105263,30.01939655172414
Kansas,2021-07-21,"Agency 14, Article 25",off premises cereal malt beverage retailers,kansas department of revenue division of alcoholic beverage control,,"Industry, Commerce, and Development",1700002785,52,2638,45,0,0,1,6,27.0,7.56,15.789473684210526,31.261979575805185
Kansas,2021-07-21,"Agency 14, Article 26",on premises cereal malt beverage retailers,kansas department of revenue division of alcoholic beverage control,,"Industry, Commerce, and Development",1700002786,33,1809,28,0,0,1,4,19.0,7.49,12.087912087912088,31.836854460093896
Kansas,2021-07-21,"Agency 14, Article 5",transportation carriers and storage,kansas department of revenue division of alcoholic beverage control,,"Industry, Commerce, and Development",1700002769,15,835,14,0,0,0,1,17.0,6.62,10.638297872340424,31.25170068027211
Kansas,2021-07-21,"Agency 14, Article 6",containers and labels,kansas department of revenue division of alcoholic beverage control,,"Industry, Commerce, and Development",1700002770,35,1240,31,0,0,1,3,23.0,7.6,19.230769230769237,34.09495295124037
Kansas,2021-07-21,"Agency 14, Article 7",tax and tax stamps crowns and lids,kansas department of revenue division of alcoholic beverage control,,"Industry, Commerce, and Development",1700002771,52,1559,42,4,1,0,5,19.0,7.63,8.974358974358974,32.329624478442284
Kansas,2021-07-21,"Agency 14, Article 8",advertising,kansas department of revenue division of alcoholic beverage control,,"Industry, Commerce, and Development",1700002772,10,560,8,0,0,2,0,11.0,6.78,6.8181818181818175,35.16888888888889
Kansas,2021-07-21,"Agency 16, Article 1",private detectives and agencies,attorney general,,"Security, Justice, and Corrections",1700002787,2,235,2,0,0,0,0,8.0,5.87,0.0,31.43636363636364
Kansas,2021-07-21,"Agency 16, Article 10",child rape protection,attorney general,,"Security, Justice, and Corrections",1700002794,8,628,8,0,0,0,0,18.0,7.05,15.625,31.600358422939067
Kansas,2021-07-21,"Agency 16, Article 11",personal and family protection act,attorney general,,"Security, Justice, and Corrections",1700002795,56,3896,51,0,0,1,4,24.0,8.3,15.384615384615383,33.766837899543376
Kansas,2021-07-21,"Agency 16, Article 12",batterer intervention program requirements and certification,attorney general,,"Security, Justice, and Corrections",1700002796,54,5222,38,0,0,0,16,37.0,8.5,16.78832116788321,40.64316905801622
Kansas,2021-07-21,"Agency 16, Article 13",open carry signs,attorney general,,"Security, Justice, and Corrections",1700002797,24,801,17,0,0,7,0,30.0,7.03,30.76923076923077,28.790257104194858
Kansas,2021-07-21,"Agency 16, Article 14",scrap metal dealers registration and hearing procedure,attorney general,,"Security, Justice, and Corrections",1700002798,56,2214,44,0,0,0,12,12.0,7.73,8.928571428571429,31.40502354788069
Kansas,2021-07-21,"Agency 16, Article 15",bail enforcement agent licensing,attorney general,,"Security, Justice, and Corrections",1700002799,45,1627,34,0,0,0,11,20.0,7.62,24.0,35.774609640190086
Kansas,2021-07-21,"Agency 16, Article 16",skill development training course,attorney general,,"Security, Justice, and Corrections",1700002800,13,547,12,0,0,0,1,19.0,6.59,3.7037037037037033,39.33858267716536
Kansas,2021-07-21,"Agency 16, Article 17",commercial driver s license training in human trafficking identification and prevention,attorney general,,"Security, Justice, and Corrections",1700002801,7,355,7,0,0,0,0,20.0,6.27,5.88235294117647,35.68263473053892
Kansas,2021-07-21,"Agency 16, Article 18",elder and dependent adult abuse prevention council,attorney general,,"Security, Justice, and Corrections",1700002802,19,800,19,0,0,0,0,26.0,7.09,0.0,38.470666666666666
Kansas,2021-07-21,"Agency 16, Article 19",victim information and notification everyday advisory board,attorney general,,"Security, Justice, and Corrections",1700002803,10,445,10,0,0,0,0,19.0,6.79,4.3478260869565215,36.69711538461539
Kansas,2021-07-21,"Agency 16, Article 2",definitions,attorney general,,"Security, Justice, and Corrections",1700002788,1,286,1,0,0,0,0,20.0,6.43,14.285714285714285,35.1764705882353
Kansas,2021-07-21,"Agency 16, Article 20",kansas open meetings act,attorney general,,"Security, Justice, and Corrections",1700002804,9,1308,7,0,0,0,2,47.0,7.33,,33.57154405820533
Kansas,2021-07-21,"Agency 16, Article 3",applications for private detective license,attorney general,,"Security, Justice, and Corrections",1700002789,16,629,13,0,0,1,2,14.0,6.79,2.5,35.497373029772326
Kansas,2021-07-21,"Agency 16, Article 4",continuing education,attorney general,,"Security, Justice, and Corrections",1700002790,20,975,17,0,0,0,3,19.0,7.27,12.244897959183673,40.56103023516238
Kansas,2021-07-21,"Agency 16, Article 5",firearm trainers,attorney general,,"Security, Justice, and Corrections",1700002791,23,1129,23,0,0,0,0,30.0,7.5,10.81081081081081,36.43222748815166
Kansas,2021-07-21,"Agency 16, Article 6",firearm permits,attorney general,,"Security, Justice, and Corrections",1700002792,9,634,8,0,0,0,1,16.0,6.7,13.88888888888889,31.98003629764065
Kansas,2021-07-21,"Agency 16, Article 8",roofing contractors,attorney general,,"Security, Justice, and Corrections",1700002793,22,1659,22,0,0,0,0,22.0,7.45,19.718309859154928,38.15803814713897
Kansas,2021-07-21,"Agency 17, Article 1",definitions,office of the state bank commissioner,,"Banking, Insurance, and Securities",1700002805,0,41,0,0,0,0,0,5.0,4.57,0.0,41.41379310344828
Kansas,2021-07-21,"Agency 17, Article 11",documentation requirements,office of the state bank commissioner,,"Banking, Insurance, and Securities",1700002808,40,1970,35,0,0,0,5,17.0,7.78,13.636363636363637,30.52057971014493
Kansas,2021-07-21,"Agency 17, Article 12",transactions,office of the state bank commissioner,,"Banking, Insurance, and Securities",1700002809,5,207,5,0,0,0,0,11.0,5.93,5.88235294117647,30.439306358381504
Kansas,2021-07-21,"Agency 17, Article 14",deposit of public funds revenue bond approval,office of the state bank commissioner,,"Banking, Insurance, and Securities",1700002810,12,394,11,0,0,0,1,22.0,6.87,23.52941176470588,28.47645429362881
Kansas,2021-07-21,"Agency 17, Article 15",records,office of the state bank commissioner,,"Banking, Insurance, and Securities",1700002811,1,2247,1,0,0,0,0,93.0,7.63,,42.0989898989899
Kansas,2021-07-21,"Agency 17, Article 16",charter applications,office of the state bank commissioner,,"Banking, Insurance, and Securities",1700002812,12,835,10,0,0,0,2,21.0,7.14,13.513513513513514,32.44704264099037
Kansas,2021-07-21,"Agency 17, Article 17",financial futures contracts,office of the state bank commissioner,,"Banking, Insurance, and Securities",1700002813,19,1178,18,0,0,0,1,13.0,7.1,3.658536585365853,35.26012145748988
Kansas,2021-07-21,"Agency 17, Article 19",bank subsidiaries engaged in securities activities,office of the state bank commissioner,,"Banking, Insurance, and Securities",1700002814,20,796,17,0,0,0,3,19.0,6.99,2.4390243902439024,38.88651535380507
Kansas,2021-07-21,"Agency 17, Article 20",employment,office of the state bank commissioner,,"Banking, Insurance, and Securities",1700002815,7,199,6,0,0,0,1,15.0,6.16,15.384615384615383,37.94210526315789
Kansas,2021-07-21,"Agency 17, Article 21",bank holding companies application for the acquisition of a kansas bank or bank holding company,office of the state bank commissioner,,"Banking, Insurance, and Securities",1700002816,18,1043,15,0,0,0,3,11.0,6.74,7.777777777777778,33.82306830907055
Kansas,2021-07-21,"Agency 17, Article 22",application fees,office of the state bank commissioner,,"Banking, Insurance, and Securities",1700002817,4,456,3,0,0,0,1,20.0,6.73,10.526315789473683,35.0404984423676
Kansas,2021-07-21,"Agency 17, Article 23",trust supervision,office of the state bank commissioner,,"Banking, Insurance, and Securities",1700002818,134,8067,124,0,0,4,6,26.0,8.5,20.40816326530612,32.64528400892037
Kansas,2021-07-21,"Agency 17, Article 24",mortgage business,office of the state bank commissioner,,"Banking, Insurance, and Securities",1700002819,42,2488,31,0,0,0,11,26.0,8.31,8.98876404494382,35.23784024988844
Kansas,2021-07-21,"Agency 17, Article 25",credit services organizations,office of the state bank commissioner,,"Banking, Insurance, and Securities",1700002820,1,90,1,0,0,0,0,10.0,5.56,12.5,39.945205479452056
Kansas,2021-07-21,"Agency 17, Article 8",financial modernization,office of the state bank commissioner,,"Banking, Insurance, and Securities",1700002806,3,356,3,0,0,0,0,29.0,6.31,41.66666666666667,35.88358208955224
Kansas,2021-07-21,"Agency 17, Article 9",investment securities,office of the state bank commissioner,,"Banking, Insurance, and Securities",1700002807,15,1030,14,0,0,1,0,11.0,6.81,8.536585365853659,34.71507760532151
Kansas,2021-07-21,"Agency 18, Article 1",employee service awards,employee award board,,Labor and Workforce Development,1700002821,11,336,11,0,0,0,0,15.0,6.22,4.761904761904762,33.338815789473685
Kansas,2021-07-21,"Agency 18, Article 2",employee suggestion awards,employee award board,,Labor and Workforce Development,1700002822,15,959,15,0,0,0,0,16.0,7.21,17.543859649122805,38.73067915690866
Kansas,2021-07-21,"Agency 19, Article 1",general provisions,governmental ethics commission,,Administration,1700002823,34,2032,29,1,0,0,4,15.0,7.92,17.1875,34.024900962082626
Kansas,2021-07-21,"Agency 19, Article 2",advisory opinion requests,governmental ethics commission,,Administration,1700002824,5,239,5,0,0,0,0,13.0,6.35,18.75,30.52
Kansas,2021-07-21,"Agency 19, Article 20",campaign finance act general provisions,governmental ethics commission,,Administration,1700002833,19,991,16,0,0,0,3,17.0,7.31,25.925925925925924,37.761634506242906
Kansas,2021-07-21,"Agency 19, Article 21",candidates and committees,governmental ethics commission,,Administration,1700002834,14,1617,12,0,0,0,2,18.0,7.41,10.588235294117649,36.43824982357093
Kansas,2021-07-21,"Agency 19, Article 22",contributions and other receipts,governmental ethics commission,,Administration,1700002835,5,274,5,0,0,0,0,12.0,6.31,4.761904761904762,37.33624454148472
Kansas,2021-07-21,"Agency 19, Article 23",expenditures and other disbursements,governmental ethics commission,,Administration,1700002836,3,207,3,0,0,0,0,11.0,6.17,6.25,42.84905660377358
Kansas,2021-07-21,"Agency 19, Article 24",in kind contributions,governmental ethics commission,,Administration,1700002837,5,933,5,0,0,0,0,15.0,7.01,14.035087719298245,37.06367041198502
Kansas,2021-07-21,"Agency 19, Article 25",testimonial events and other political events,governmental ethics commission,,Administration,1700002838,1,396,1,0,0,0,0,17.0,6.33,57.14285714285714,31.345821325648416
Kansas,2021-07-21,"Agency 19, Article 26",receiving contributions and making expenditures,governmental ethics commission,,Administration,1700002839,6,353,2,1,0,0,3,21.0,6.37,12.5,33.99013157894737
Kansas,2021-07-21,"Agency 19, Article 27",accounts and records,governmental ethics commission,,Administration,1700002840,31,1342,25,0,0,0,6,22.0,7.44,12.06896551724138,34.1010951979781
Kansas,2021-07-21,"Agency 19, Article 28",reporting periods and election periods,governmental ethics commission,,Administration,1700002841,4,308,4,0,0,0,0,18.0,6.2,6.25,35.05243445692884
Kansas,2021-07-21,"Agency 19, Article 29",receipts and expenditures report,governmental ethics commission,,Administration,1700002842,77,2278,61,0,2,0,14,17.0,7.78,15.07936507936508,34.73873873873874
Kansas,2021-07-21,"Agency 19, Article 3",investigations,governmental ethics commission,,Administration,1700002825,12,497,7,0,0,0,5,17.0,6.72,11.11111111111111,35.22327790973872
Kansas,2021-07-21,"Agency 19, Article 4",noncompliance with filing provisions,governmental ethics commission,,Administration,1700002826,18,731,15,0,0,0,3,18.0,7.01,10.526315789473683,31.89280245022971
Kansas,2021-07-21,"Agency 19, Article 40",state conflict of interest provisions,governmental ethics commission,,Administration,1700002843,7,960,6,0,0,1,0,16.0,7.64,16.071428571428573,31.294520547945204
Kansas,2021-07-21,"Agency 19, Article 41",statement of substantial interests,governmental ethics commission,,Administration,1700002844,32,1284,23,0,1,0,8,15.0,7.72,7.142857142857142,33.5621301775148
Kansas,2021-07-21,"Agency 19, Article 42",representation case disclosure statements,governmental ethics commission,,Administration,1700002845,9,436,9,0,0,0,0,18.0,6.5,8.695652173913043,35.628865979381445
Kansas,2021-07-21,"Agency 19, Article 4a",civil penalty assessment,governmental ethics commission,,Administration,1700002827,3,247,3,0,0,0,0,22.0,6.44,18.181818181818183,29.464601769911503
Kansas,2021-07-21,"Agency 19, Article 5",complaints,governmental ethics commission,,Administration,1700002828,30,1120,29,0,0,0,1,13.0,7.08,14.473684210526317,34.46004319654428
Kansas,2021-07-21,"Agency 19, Article 6",disclosure and confidential procedures,governmental ethics commission,,Administration,1700002829,11,549,9,0,0,0,2,14.0,6.96,5.555555555555555,35.82251082251082
Kansas,2021-07-21,"Agency 19, Article 60",lobbying regulation provisions,governmental ethics commission,,Administration,1700002846,19,1279,18,0,0,0,1,31.0,7.75,20.0,36.86761032472939
Kansas,2021-07-21,"Agency 19, Article 61",lobbying,governmental ethics commission,,Administration,1700002847,3,591,0,2,0,0,1,16.0,6.87,25.0,38.87709497206704
Kansas,2021-07-21,"Agency 19, Article 62",lobbyist registration,governmental ethics commission,,Administration,1700002848,19,602,12,3,0,0,4,16.0,6.96,25.0,36.20036429872496
Kansas,2021-07-21,"Agency 19, Article 63",lobbyist reporting provisions,governmental ethics commission,,Administration,1700002849,17,931,15,0,0,0,2,19.0,7.31,19.565217391304348,38.2433734939759
Kansas,2021-07-21,"Agency 19, Article 7",proceedings,governmental ethics commission,,Administration,1700002830,70,3234,69,0,0,0,1,15.0,8.01,18.181818181818183,33.40076203671632
Kansas,2021-07-21,"Agency 19, Article 8",action subsequent to final report,governmental ethics commission,,Administration,1700002831,5,231,3,0,0,0,2,13.0,6.25,12.5,39.02051282051282
Kansas,2021-07-21,"Agency 19, Article 9",maintenance of public records,governmental ethics commission,,Administration,1700002832,4,169,3,0,0,0,1,15.0,6.08,0.0,29.21232876712329
Kansas,2021-07-21,"Agency 1, Article 1",purpose adoption and amendment of regulations personnel policies,department of administration,,Administration,1700002594,18,723,17,0,0,0,1,21.0,7.16,0.0,38.69298245614035
Kansas,2021-07-21,"Agency 1, Article 11",nondisciplinary termination,department of administration,,Administration,1700002603,5,249,3,0,0,0,2,17.0,6.38,14.285714285714285,35.32888888888889
Kansas,2021-07-21,"Agency 1, Article 12",grievances and appeals,department of administration,,Administration,1700002604,11,332,11,0,0,0,0,13.0,6.07,0.0,30.683168316831683
Kansas,2021-07-21,"Agency 1, Article 13",records reports research and evaluation of personnel system,department of administration,,Administration,1700002605,12,714,12,0,0,0,0,22.0,7.09,16.129032258064516,38.09216589861751
Kansas,2021-07-21,"Agency 1, Article 14",layoff procedures and alternatives to layoff,department of administration,,Administration,1700002606,88,3384,80,1,0,0,7,24.0,7.93,30.215827338129497,32.28405158854986
Kansas,2021-07-21,"Agency 1, Article 16",travel reimbursement,department of administration,,Administration,1700002607,106,5901,91,3,0,1,11,18.0,8.3,21.71052631578948,35.36304138594803
Kansas,2021-07-21,"Agency 1, Article 17",use of state owned or operated motor vehicles on official state business,department of administration,,Administration,1700002608,97,3910,84,1,0,2,10,18.0,7.95,17.703349282296653,31.46961170512099
Kansas,2021-07-21,"Agency 1, Article 18",maximum allowance for mileage for use of a privately owned conveyance for public purposes,department of administration,,Administration,1700002609,7,752,6,0,0,0,1,21.0,6.95,19.35483870967742,30.742105263157896
Kansas,2021-07-21,"Agency 1, Article 19",housing food service and other employee maintenance,department of administration,,Administration,1700002610,67,3354,53,4,2,0,8,21.0,8.32,19.745222929936308,33.64720812182741
Kansas,2021-07-21,"Agency 1, Article 2",definitions,department of administration,,Administration,1700002595,48,3867,40,2,0,0,6,9.0,7.47,1.3020833333333337,33.03260515161396
Kansas,2021-07-21,"Agency 1, Article 21",united states savings bond deduction program,department of administration,,Administration,1700002611,15,906,15,0,0,0,0,15.0,7.2,3.508771929824561,36.37696335078534
Kansas,2021-07-21,"Agency 1, Article 23",state vanpool program,department of administration,,Administration,1700002612,65,2111,57,1,0,2,5,15.0,7.87,9.923664122137405,33.6413612565445
Kansas,2021-07-21,"Agency 1, Article 24",payroll deductions for charitable contributions,department of administration,,Administration,1700002613,12,410,10,0,0,2,0,13.0,6.64,6.896551724137931,36.08355795148248
Kansas,2021-07-21,"Agency 1, Article 26",write off of accounts receivable by state agencies,department of administration,,Administration,1700002614,10,542,10,0,0,0,0,18.0,6.84,17.857142857142858,33.13453815261044
Kansas,2021-07-21,"Agency 1, Article 27",canteens and benefit funds,department of administration,,Administration,1700002615,22,735,21,0,0,0,1,14.0,6.78,4.0,34.14436090225564
Kansas,2021-07-21,"Agency 1, Article 3",workforce planning and control,department of administration,,Administration,1700002596,9,447,8,0,0,0,1,16.0,6.9,7.6923076923076925,41.36674816625917
Kansas,2021-07-21,"Agency 1, Article 31",computer services general,department of administration,,Administration,1700002616,12,1208,10,0,0,0,2,18.0,7.52,7.8125,37.52166224580018
Kansas,2021-07-21,"Agency 1, Article 32",policy and procedures memorandum,department of administration,,Administration,1700002617,2,240,1,0,0,0,1,16.0,6.31,0.0,38.59047619047619
Kansas,2021-07-21,"Agency 1, Article 33",rates and charges for data processing services,department of administration,,Administration,1700002618,14,1182,11,0,0,0,3,15.0,7.39,16.216216216216218,32.97302504816955
Kansas,2021-07-21,"Agency 1, Article 34",systems design and programming services rates and charges,department of administration,,Administration,1700002619,8,476,6,0,0,0,2,14.0,6.7,19.35483870967742,31.9088785046729
Kansas,2021-07-21,"Agency 1, Article 35",payment of rates and charges,department of administration,,Administration,1700002620,5,369,4,0,0,0,1,11.0,6.42,6.896551724137931,35.870860927152314
Kansas,2021-07-21,"Agency 1, Article 36",determination of priorities and schedules,department of administration,,Administration,1700002621,1,373,0,0,0,0,1,16.0,6.77,9.090909090909092,39.832317073170735
Kansas,2021-07-21,"Agency 1, Article 37",standards for the submission of data,department of administration,,Administration,1700002622,8,784,2,4,0,0,2,16.0,7.29,13.333333333333334,40.34285714285714
Kansas,2021-07-21,"Agency 1, Article 38",standards for security and confidentiality,department of administration,,Administration,1700002623,11,698,5,2,0,0,4,15.0,7.29,6.976744186046512,41.101404056162245
Kansas,2021-07-21,"Agency 1, Article 4",classification,department of administration,,Administration,1700002597,47,1854,44,0,0,0,3,18.0,7.43,24.489795918367346,37.24747774480712
Kansas,2021-07-21,"Agency 1, Article 45",motor vehicle parking on certain state owned or operated property in shawnee county,department of administration,,Administration,1700002624,69,2879,64,0,0,1,4,17.0,7.61,13.20754716981132,30.648318042813457
Kansas,2021-07-21,"Agency 1, Article 46",parking for the statehouse,department of administration,,Administration,1700002625,64,2999,63,0,0,0,1,15.0,7.41,11.666666666666666,34.38470363288719
Kansas,2021-07-21,"Agency 1, Article 47",vehicle traffic,department of administration,,Administration,1700002626,10,602,10,0,0,0,0,12.0,6.58,6.666666666666667,31.436475409836067
Kansas,2021-07-21,"Agency 1, Article 49",personal conduct certain buildings and grounds,department of administration,,Administration,1700002627,32,1405,29,0,0,3,0,11.0,7.18,7.964601769911504,28.22316145393069
Kansas,2021-07-21,"Agency 1, Article 5",compensation,department of administration,,Administration,1700002598,167,8050,161,0,0,0,6,21.0,7.95,24.431818181818183,29.79958071278826
Kansas,2021-07-21,"Agency 1, Article 6",recruiting and staffing,department of administration,,Administration,1700002599,172,7633,151,0,0,0,21,19.0,8.33,17.647058823529413,34.778002309468825
Kansas,2021-07-21,"Agency 1, Article 60",special assessments against the state,department of administration,,Administration,1700002628,2,334,2,0,0,0,0,14.0,6.74,9.090909090909092,36.97377049180328
Kansas,2021-07-21,"Agency 1, Article 61",allotment system,department of administration,,Administration,1700002629,13,772,12,0,0,0,1,28.0,6.71,22.22222222222222,34.27785419532324
Kansas,2021-07-21,"Agency 1, Article 62",handicapped accessibility standards,department of administration,,Administration,1700002630,2,183,2,0,0,0,0,21.0,5.73,0.0,38.86060606060606
Kansas,2021-07-21,"Agency 1, Article 63",quality management,department of administration,,Administration,1700002631,11,335,11,0,0,0,0,18.0,6.55,0.0,48.51677852348993
Kansas,2021-07-21,"Agency 1, Article 65",energy star products and equipment,department of administration,,Administration,1700002632,4,223,4,0,0,0,0,14.0,5.73,7.142857142857142,32.305
Kansas,2021-07-21,"Agency 1, Article 66",energy audits for real property,department of administration,,Administration,1700002633,12,758,10,0,0,0,2,19.0,6.95,15.789473684210526,31.896358543417367
Kansas,2021-07-21,"Agency 1, Article 67",energy efficiency performance standards for state owned buildings,department of administration,,Administration,1700002634,7,519,7,0,0,0,0,11.0,6.17,4.761904761904762,37.0238611713666
Kansas,2021-07-21,"Agency 1, Article 68",average fuel economy standards for state owned motor vehicles,department of administration,,Administration,1700002635,10,453,10,0,0,0,0,14.0,6.58,7.142857142857142,30.91959798994975
Kansas,2021-07-21,"Agency 1, Article 7",probationary period and employee evaluation,department of administration,,Administration,1700002600,79,2976,72,0,0,1,6,19.0,7.5,18.666666666666668,34.46942580164057
Kansas,2021-07-21,"Agency 1, Article 8",training and career development,department of administration,,Administration,1700002601,11,404,10,0,0,0,1,10.0,6.23,0.0,39.54125412541254
Kansas,2021-07-21,"Agency 1, Article 9",hours leaves employee management relations,department of administration,,Administration,1700002602,293,13642,251,0,0,2,40,24.0,8.65,19.888475836431223,33.28920195309373
Kansas,2021-07-21,"Agency 20, Article 1",definitions,crime victims compensation board,,"Security, Justice, and Corrections",1700002850,2,273,2,0,0,0,0,16.0,6.91,0.0,37.508
Kansas,2021-07-21,"Agency 20, Article 2",claims,crime victims compensation board,,"Security, Justice, and Corrections",1700002851,22,1515,21,0,0,0,1,19.0,7.78,21.333333333333336,37.224
Kansas,2021-07-21,"Agency 20, Article 4",attorney fees,crime victims compensation board,,"Security, Justice, and Corrections",1700002852,2,110,2,0,0,0,0,14.0,5.64,0.0,38.64948453608248
Kansas,2021-07-21,"Agency 20, Article 5",assignment,crime victims compensation board,,"Security, Justice, and Corrections",1700002853,1,55,1,0,0,0,0,7.0,5.16,0.0,34.0
Kansas,2021-07-21,"Agency 21, Article 30",guidelines on employee selection procedures and recruitment,kansas human rights commission,,Administration,1700002854,42,3783,8,22,4,0,8,19.0,8.68,25.13089005235602,39.18299186079147
Kansas,2021-07-21,"Agency 21, Article 31",guidelines on discrimination because of national origin or ancestry,kansas human rights commission,,Administration,1700002855,2,477,1,0,1,0,0,17.0,6.92,23.07692307692308,38.12443438914027
Kansas,2021-07-21,"Agency 21, Article 32",guidelines on discrimination because of sex,kansas human rights commission,,Administration,1700002856,14,1669,8,2,0,3,1,18.0,7.9,18.39080459770115,37.17958913187542
Kansas,2021-07-21,"Agency 21, Article 33",guidelines on discrimination because of religion,kansas human rights commission,,Administration,1700002857,2,335,0,0,0,0,2,27.0,6.84,16.666666666666664,38.20872274143302
Kansas,2021-07-21,"Agency 21, Article 34",discrimination because of disability,kansas human rights commission,,Administration,1700002858,17,3571,13,2,0,2,0,20.0,8.01,13.496932515337424,37.57046764894299
Kansas,2021-07-21,"Agency 21, Article 40",general provisions,kansas human rights commission,,Administration,1700002859,69,3960,54,2,1,1,11,18.0,8.38,21.49532710280374,33.903444534852184
Kansas,2021-07-21,"Agency 21, Article 41",complaints and responses,kansas human rights commission,,Administration,1700002860,7,855,7,0,0,0,0,8.0,6.49,8.045977011494253,33.49696048632219
Kansas,2021-07-21,"Agency 21, Article 42",investigation,kansas human rights commission,,Administration,1700002861,11,789,10,0,1,0,0,13.0,6.92,19.642857142857142,39.99120234604106
Kansas,2021-07-21,"Agency 21, Article 43",conference and conciliation,kansas human rights commission,,Administration,1700002862,9,725,9,0,0,0,0,13.0,6.91,26.0,38.45094936708861
Kansas,2021-07-21,"Agency 21, Article 44",compliance,kansas human rights commission,,Administration,1700002863,10,630,7,0,1,0,2,14.0,7.34,20.0,37.4502712477396
Kansas,2021-07-21,"Agency 21, Article 46",miscellaneous substantive provisions,kansas human rights commission,,Administration,1700002864,1,100,1,0,0,0,0,13.0,5.51,0.0,36.61627906976744
Kansas,2021-07-21,"Agency 21, Article 50",contract compliance,kansas human rights commission,,Administration,1700002865,11,984,11,0,0,0,0,12.0,7.66,7.894736842105263,41.17309812568909
Kansas,2021-07-21,"Agency 21, Article 60",discriminatory housing practices,kansas human rights commission,,Administration,1700002866,31,6730,20,1,1,6,3,21.0,8.3,14.093959731543624,35.53227670463926
Kansas,2021-07-21,"Agency 21, Article 70",nondiscrimination on the basis of disability by public accommodations,kansas human rights commission,,Administration,1700002867,135,8693,121,0,0,0,14,18.0,8.73,15.879828326180256,40.22556860784804
Kansas,2021-07-21,"Agency 21, Article 80",guidelines on age discrimination in employment,kansas human rights commission,,Administration,1700002868,42,2103,38,0,1,0,3,16.0,8.13,14.0625,37.85611879160266
Kansas,2021-07-21,"Agency 22, Article 1",kansas fire prevention code,state fire marshal,,"Security, Justice, and Corrections",1700002869,21,1960,18,0,0,0,3,19.0,8.05,9.278350515463918,36.33527019174898
Kansas,2021-07-21,"Agency 22, Article 10",installation and certification standards for extinguishing devices,state fire marshal,,"Security, Justice, and Corrections",1700002875,84,4155,76,1,0,2,5,21.0,8.28,8.762886597938143,39.559593800106896
Kansas,2021-07-21,"Agency 22, Article 11",adult care homes hospitals residential care facilities and maternity centers,state fire marshal,,"Security, Justice, and Corrections",1700002876,16,597,16,0,0,0,0,17.0,7.16,6.0606060606060606,31.11948529411765
Kansas,2021-07-21,"Agency 22, Article 13",places of assembly,state fire marshal,,"Security, Justice, and Corrections",1700002877,6,164,6,0,0,0,0,10.0,6.17,0.0,33.895833333333336
Kansas,2021-07-21,"Agency 22, Article 17",sale and distribution of early warning fire suppression or fire alarm devices,state fire marshal,,"Security, Justice, and Corrections",1700002878,4,390,4,0,0,0,0,18.0,6.89,4.761904761904762,42.89487870619946
Kansas,2021-07-21,"Agency 22, Article 18",educational occupancies,state fire marshal,,"Security, Justice, and Corrections",1700002879,25,663,25,0,0,0,0,20.0,6.91,15.625,32.12539682539683
Kansas,2021-07-21,"Agency 22, Article 19",certification of fire investigators,state fire marshal,,"Security, Justice, and Corrections",1700002880,32,1424,28,0,0,0,4,29.0,7.77,12.5,37.20736288504884
Kansas,2021-07-21,"Agency 22, Article 21",christmas decorations,state fire marshal,,"Security, Justice, and Corrections",1700002881,1,55,1,0,0,0,0,10.0,5.09,20.0,34.85106382978724
Kansas,2021-07-21,"Agency 22, Article 22",fire department vehicles,state fire marshal,,"Security, Justice, and Corrections",1700002882,7,211,6,1,0,0,0,16.0,6.49,7.6923076923076925,40.34554973821989
Kansas,2021-07-21,"Agency 22, Article 24",regional hazardous materials response,state fire marshal,,"Security, Justice, and Corrections",1700002883,11,495,11,0,0,0,0,14.0,6.85,12.12121212121212,35.24009324009324
Kansas,2021-07-21,"Agency 22, Article 25",reduced cigarette ignition propensity,state fire marshal,,"Security, Justice, and Corrections",1700002884,15,368,13,0,0,0,2,12.0,6.64,6.666666666666667,36.51176470588236
Kansas,2021-07-21,"Agency 22, Article 26",commercial industrial hemp processing,state fire marshal,,"Security, Justice, and Corrections",1700002885,135,5624,119,0,0,0,16,19.0,8.19,9.66542750929368,35.078031706814905
Kansas,2021-07-21,"Agency 22, Article 4",explosive materials,state fire marshal,,"Security, Justice, and Corrections",1700002870,134,3632,127,0,0,0,7,30.0,8.17,25.438596491228072,33.70693374422188
Kansas,2021-07-21,"Agency 22, Article 5",fire reporting requirements,state fire marshal,,"Security, Justice, and Corrections",1700002871,19,1195,19,0,0,0,0,17.0,7.08,13.636363636363637,30.37384898710865
Kansas,2021-07-21,"Agency 22, Article 6",fireworks,state fire marshal,,"Security, Justice, and Corrections",1700002872,107,3346,99,0,0,0,8,15.0,7.63,9.66183574879227,34.11752717391305
Kansas,2021-07-21,"Agency 22, Article 7",flammable and combustible liquids,state fire marshal,,"Security, Justice, and Corrections",1700002873,37,2126,34,0,0,0,3,24.0,8.27,13.79310344827586,37.839841819080576
Kansas,2021-07-21,"Agency 22, Article 8",liquefied petroleum gases,state fire marshal,,"Security, Justice, and Corrections",1700002874,96,2962,80,0,0,1,15,18.0,8.13,6.832298136645963,33.46419390378259
Kansas,2021-07-21,"Agency 23, Article 1",game birds,kansas department of wildlife and parks and tourism,,"Culture, Recreation, and the Arts",1700002886,0,0,0,0,0,0,0,,0.0,0.0,0.0
Kansas,2021-07-21,"Agency 23, Article 2",game animals,kansas department of wildlife and parks and tourism,,"Culture, Recreation, and the Arts",1700002887,0,0,0,0,0,0,0,,0.0,0.0,0.0
Kansas,2021-07-21,"Agency 24, Article 1",mill levy assessment,kansas wheat commission,,"Industry, Commerce, and Development",1700002888,2,63,2,0,0,0,0,9.0,5.29,0.0,31.22448979591837
Kansas,2021-07-21,"Agency 25, Article 1",warehousing,kansas state grain inspection department,,"Industry, Commerce, and Development",1700002889,0,0,0,0,0,0,0,,0.0,0.0,0.0
Kansas,2021-07-21,"Agency 26, Article 1",general provisions,kansas department for aging and disability services,,Social Assistance,1700002890,66,3844,57,0,0,1,8,25.0,8.42,6.0,36.45020920502092
Kansas,2021-07-21,"Agency 26, Article 10",administration of medicaid programs nursing facility services payment program home and community based services waiver program for the frail elderly and targeted case management services program,kansas department for aging and disability services,,Social Assistance,1700002897,1,126,1,0,0,0,0,7.0,5.43,0.0,31.51648351648352
Kansas,2021-07-21,"Agency 26, Article 2",grants and contracts,kansas department for aging and disability services,,Social Assistance,1700002891,54,3232,50,0,0,0,4,29.0,8.07,24.299065420560748,34.66164154103853
Kansas,2021-07-21,"Agency 26, Article 3",procurement,kansas department for aging and disability services,,Social Assistance,1700002892,25,1406,21,0,0,0,4,30.0,7.74,22.22222222222222,34.797564687975644
Kansas,2021-07-21,"Agency 26, Article 38",licensure of adult care home administrators,kansas department for aging and disability services,,Social Assistance,1700002898,118,5097,109,0,0,0,9,23.0,8.44,9.389671361502346,36.68144568186594
Kansas,2021-07-21,"Agency 26, Article 39",adult care homes,kansas department for aging and disability services,,Social Assistance,1700002899,215,11708,201,0,0,0,14,22.0,9.04,13.152804642166345,36.9715143793229
Kansas,2021-07-21,"Agency 26, Article 4",non medicaid hearing and appeals,kansas department for aging and disability services,,Social Assistance,1700002893,11,807,9,0,0,1,1,24.0,7.02,34.375,30.99602122015915
Kansas,2021-07-21,"Agency 26, Article 40",nursing facilities,kansas department for aging and disability services,,Social Assistance,1700002900,509,17157,474,0,0,0,35,26.0,8.7,25.505443234836704,33.72445167510244
Kansas,2021-07-21,"Agency 26, Article 41",assisted living facilities and residential health care facilities,kansas department for aging and disability services,,Social Assistance,1700002901,161,7658,156,1,0,0,4,25.0,8.41,18.33333333333333,39.94562841530055
Kansas,2021-07-21,"Agency 26, Article 42",homes plus,kansas department for aging and disability services,,Social Assistance,1700002902,152,6867,147,1,0,0,4,25.0,8.39,17.343173431734318,39.64306424538379
Kansas,2021-07-21,"Agency 26, Article 43",adult day care facilities,kansas department for aging and disability services,,Social Assistance,1700002903,154,6861,150,0,0,0,4,24.0,8.39,16.607773851590103,40.1088882101405
Kansas,2021-07-21,"Agency 26, Article 4a",customer and provider appeals in medicaid programs,kansas department for aging and disability services,,Social Assistance,1700002894,4,226,4,0,0,0,0,14.0,6.26,13.333333333333334,32.26600985221675
Kansas,2021-07-21,"Agency 26, Article 50",unlicensed employees in adult care homes,kansas department for aging and disability services,,Social Assistance,1700002904,136,5614,128,0,0,1,7,21.0,7.8,6.882591093117409,35.089623580959966
Kansas,2021-07-21,"Agency 26, Article 8",senior care act,kansas department for aging and disability services,,Social Assistance,1700002895,18,1424,17,0,0,0,1,14.0,7.62,3.260869565217391,31.526408450704224
Kansas,2021-07-21,"Agency 26, Article 9",client assessment referral and evaluation program,kansas department for aging and disability services,,Social Assistance,1700002896,5,336,5,0,0,0,0,25.0,6.61,23.07692307692308,37.87859424920128
Kansas,2021-07-21,"Agency 27, Article 1",priorities for allocation and curtailment of consumption of energy resources,kansas energy office,,"Environmental Protection, Public Utilities, and Natural Resources",1700002905,14,911,10,0,0,0,4,12.0,7.53,1.4285714285714286,41.02822085889571
Kansas,2021-07-21,"Agency 27, Article 3",petroleum allocation appeal procedures,kansas energy office,,"Environmental Protection, Public Utilities, and Natural Resources",1700002906,42,2373,41,0,0,0,1,14.0,7.62,15.483870967741936,32.56014525646845
Kansas,2021-07-21,"Agency 28, Article 1",diseases,department of health and environment,,Health Services,1700002907,132,7402,108,0,1,4,19,21.0,9.01,12.903225806451612,40.53735157071998
Kansas,2021-07-21,"Agency 28, Article 12",pathogenic microorganisms,department of health and environment,,Health Services,1700002912,1,135,1,0,0,0,0,22.0,5.88,0.0,40.96875
Kansas,2021-07-21,"Agency 28, Article 13",underground storage disposal wells and surface ponds,department of health and environment,,Health Services,1700002913,11,519,7,0,0,1,3,11.0,6.78,7.142857142857142,39.23144104803494
Kansas,2021-07-21,"Agency 28, Article 14",collection and analysis of water and public water supplies,department of health and environment,,Health Services,1700002914,5,530,5,0,0,0,0,24.0,6.99,5.263157894736842,45.46438746438746
Kansas,2021-07-21,"Agency 28, Article 15",application for permits domestic water supply,department of health and environment,,Health Services,1700002915,208,8763,185,0,0,0,23,16.0,8.79,7.450980392156863,39.18110534969015
Kansas,2021-07-21,"Agency 28, Article 15a",primary drinking water,department of health and environment,,Health Services,1700002916,95,4911,86,2,0,0,7,12.0,7.65,6.486486486486487,32.08864975659749
Kansas,2021-07-21,"Agency 28, Article 16",water pollution control,department of health and environment,,Health Services,1700002917,703,40157,623,8,0,7,65,19.0,9.72,12.071535022354697,37.25103243213479
Kansas,2021-07-21,"Agency 28, Article 17",division of vital statistics,department of health and environment,,Health Services,1700002918,100,4218,90,0,0,0,10,20.0,7.95,20.2970297029703,32.00314795383001
Kansas,2021-07-21,"Agency 28, Article 18",animal and related waste control,department of health and environment,,Health Services,1700002919,182,10024,143,0,0,2,37,18.0,8.71,10.453648915187378,35.15848239717443
Kansas,2021-07-21,"Agency 28, Article 18a",swine and related waste control,department of health and environment,,Health Services,1700002920,398,19768,330,0,1,2,65,18.0,8.65,12.211538461538462,34.12027589351878
Kansas,2021-07-21,"Agency 28, Article 19",ambient air quality standards and air pollution control,department of health and environment,,Health Services,1700002921,1522,88072,1273,11,2,7,229,26.0,9.82,19.0,36.26997407347103
Kansas,2021-07-21,"Agency 28, Article 21",food drugs and cosmetics,department of health and environment,,Health Services,1700002922,238,12183,211,2,1,0,24,25.0,9.11,25.53191489361702,35.544002747488626
Kansas,2021-07-21,"Agency 28, Article 22",enrichment of flour and bread,department of health and environment,,Health Services,1700002923,11,495,11,0,0,0,0,9.0,6.39,8.0,33.57209302325582
Kansas,2021-07-21,"Agency 28, Article 24",sanitary regulations for the practice of cosmetology nail technology electrology or esthetics,department of health and environment,,Health Services,1700002924,97,3772,96,0,0,1,0,22.0,8.31,16.265060240963855,36.919180421172456
Kansas,2021-07-21,"Agency 28, Article 24a",sanitary regulations for tanning facilities,department of health and environment,,Health Services,1700002925,5,303,5,0,0,0,0,11.0,6.42,8.0,37.75185185185185
Kansas,2021-07-21,"Agency 28, Article 25",sanitary regulations for barbers,department of health and environment,,Health Services,1700002926,49,1526,43,1,0,5,0,11.0,7.7,4.724409448818897,33.31605471562275
Kansas,2021-07-21,"Agency 28, Article 27",hazardous household articles,department of health and environment,,Health Services,1700002927,43,2604,29,0,0,10,4,14.0,8.36,21.142857142857142,33.17057837384744
Kansas,2021-07-21,"Agency 28, Article 29",solid waste management,department of health and environment,,Health Services,1700002928,1866,83356,1657,4,1,11,193,23.0,9.67,15.218642117376294,34.9911687912763
Kansas,2021-07-21,"Agency 28, Article 3",hearings,department of health and environment,,Health Services,1700002908,8,311,8,0,0,0,0,22.0,6.27,14.285714285714285,33.68092105263158
Kansas,2021-07-21,"Agency 28, Article 30",water well contractor s license water well construction and abandonment,department of health and environment,,Health Services,1700002929,216,10019,208,2,0,0,6,23.0,8.75,15.639810426540285,31.41111587063611
Kansas,2021-07-21,"Agency 28, Article 31",hazardous waste management standards and regulations,department of health and environment,,Health Services,1700002930,545,21607,500,13,0,0,32,23.0,8.73,14.835787089467722,32.79962150729155
Kansas,2021-07-21,"Agency 28, Article 32",testing human breath for law enforcement purposes,department of health and environment,,Health Services,1700002931,48,2151,44,0,0,0,4,17.0,7.73,7.43801652892562,38.76627218934911
Kansas,2021-07-21,"Agency 28, Article 33",laboratories performing other tests,department of health and environment,,Health Services,1700002932,45,1935,42,0,0,0,3,24.0,8.12,12.658227848101266,42.36279323513366
Kansas,2021-07-21,"Agency 28, Article 34",hospitals,department of health and environment,,Health Services,1700002933,870,25853,823,1,0,11,35,20.0,9.38,9.013209013209012,39.03718737187372
Kansas,2021-07-21,"Agency 28, Article 35",radiation,department of health and environment,,Health Services,1700002934,2313,121787,2044,8,1,10,250,24.0,9.96,19.63151207115629,36.7943205606626
Kansas,2021-07-21,"Agency 28, Article 39",licensure of adult care homes skilled nursing homes,department of health and environment,,Health Services,1700002935,936,30762,890,0,0,2,44,20.0,9.52,10.386965376782078,36.25517715858273
Kansas,2021-07-21,"Agency 28, Article 4",maternal and child health,department of health and environment,,Health Services,1700002909,5103,161080,4830,1,0,63,209,21.0,9.82,14.703525641025642,34.18818252473226
Kansas,2021-07-21,"Agency 28, Article 44",petroleum products storage tanks,department of health and environment,,Health Services,1700002936,253,6584,231,1,9,0,12,17.0,8.04,10.10928961748634,32.88299198575245
Kansas,2021-07-21,"Agency 28, Article 45",underground hydrocarbon storage wells and associated brine ponds,department of health and environment,,Health Services,1700002937,440,15037,404,0,0,12,24,25.0,8.73,16.129032258064516,37.40063829787234
Kansas,2021-07-21,"Agency 28, Article 45a",underground natural gas storage wells in bedded salt,department of health and environment,,Health Services,1700002938,271,9342,251,0,0,7,13,24.0,8.61,14.893617021276595,37.10519110096977
Kansas,2021-07-21,"Agency 28, Article 45b",underground crude oil storage wells and associated brine ponds,department of health and environment,,Health Services,1700002939,408,14296,375,0,0,8,25,23.0,8.73,14.355628058727568,35.80546456223943
Kansas,2021-07-21,"Agency 28, Article 46",underground injection control regulations,department of health and environment,,Health Services,1700002940,173,9181,152,0,0,5,16,18.0,8.39,13.0977130977131,34.34997365648051
Kansas,2021-07-21,"Agency 28, Article 47",use of oil and gas field salt water in road construction and maintenance projects,department of health and environment,,Health Services,1700002941,14,1012,13,0,0,0,1,16.0,7.24,8.620689655172415,33.19693654266958
Kansas,2021-07-21,"Agency 28, Article 48",spill reporting,department of health and environment,,Health Services,1700002942,5,347,4,0,0,0,1,20.0,6.68,11.76470588235294,35.790273556231
Kansas,2021-07-21,"Agency 28, Article 5",sewage and excreta disposal,department of health and environment,,Health Services,1700002910,11,893,10,0,0,1,0,16.0,7.44,3.7735849056603774,36.49042145593869
Kansas,2021-07-21,"Agency 28, Article 50",asbestos control,department of health and environment,,Health Services,1700002943,323,13123,287,1,0,0,35,32.0,8.88,21.06598984771573,35.95514870482891
Kansas,2021-07-21,"Agency 28, Article 51",home health agency licensure,department of health and environment,,Health Services,1700002944,149,5671,140,0,0,0,9,18.0,8.45,5.921052631578947,34.18870122306348
Kansas,2021-07-21,"Agency 28, Article 52",medical care facilities,department of health and environment,,Health Services,1700002945,28,1095,28,0,0,0,0,19.0,7.49,3.7037037037037033,40.43245869776482
Kansas,2021-07-21,"Agency 28, Article 53",charitable health care providers,department of health and environment,,Health Services,1700002946,8,761,7,0,0,0,1,15.0,6.96,4.25531914893617,35.85692995529061
Kansas,2021-07-21,"Agency 28, Article 54",trauma system program,department of health and environment,,Health Services,1700002947,23,1657,22,0,0,0,1,22.0,7.29,2.7777777777777777,36.26940639269407
Kansas,2021-07-21,"Agency 28, Article 56",reporting of induced terminations of pregnancy,department of health and environment,,Health Services,1700002948,39,2854,33,0,0,0,6,19.0,7.79,13.88888888888889,36.72611218568665
Kansas,2021-07-21,"Agency 28, Article 59",dietitian,department of health and environment,,Health Services,1700002949,94,3222,87,0,0,0,7,20.0,8.29,4.697986577181208,39.16323822163238
Kansas,2021-07-21,"Agency 28, Article 60",credentialing program,department of health and environment,,Health Services,1700002950,46,2325,45,0,0,0,1,18.0,7.57,11.11111111111111,40.13724562233791
Kansas,2021-07-21,"Agency 28, Article 61",licensure of speech language pathologists and audiologists,department of health and environment,,Health Services,1700002951,145,5996,133,0,0,0,12,25.0,8.59,7.079646017699115,40.875775296827925
Kansas,2021-07-21,"Agency 28, Article 65",emergency planning and right to know,department of health and environment,,Health Services,1700002952,53,1797,39,0,0,0,14,21.0,7.81,6.172839506172839,32.2485549132948
Kansas,2021-07-21,"Agency 28, Article 66",local environmental protection grant program,department of health and environment,,Health Services,1700002953,31,2208,28,1,0,1,1,28.0,7.71,22.36842105263158,37.33397220891232
Kansas,2021-07-21,"Agency 28, Article 67",health care database,department of health and environment,,Health Services,1700002954,90,3588,88,0,0,1,1,15.0,8.03,9.333333333333334,35.61434977578475
Kansas,2021-07-21,"Agency 28, Article 68",kansas drycleaner environmental response act,department of health and environment,,Health Services,1700002955,89,3736,85,0,0,0,4,18.0,7.97,10.88082901554404,35.870163370593296
Kansas,2021-07-21,"Agency 28, Article 70",cancer registry,department of health and environment,,Health Services,1700002956,30,1487,26,0,0,0,4,22.0,7.81,16.923076923076923,35.582665695557175
Kansas,2021-07-21,"Agency 28, Article 71",voluntary cleanup and property redevelopment program,department of health and environment,,Health Services,1700002957,72,4026,63,0,0,0,9,19.0,8.21,8.717948717948717,39.86983695652174
Kansas,2021-07-21,"Agency 28, Article 72",residential childhood lead poisoning prevention program,department of health and environment,,Health Services,1700002958,724,31278,641,1,0,12,70,25.0,9.03,18.197135636057286,37.75089968125578
Kansas,2021-07-21,"Agency 28, Article 73",environmental use controls program,department of health and environment,,Health Services,1700002959,72,3648,52,0,0,0,20,23.0,7.84,14.383561643835616,39.406073236082165
Kansas,2021-07-21,"Agency 28, Article 74",risk management program,department of health and environment,,Health Services,1700002960,28,1086,22,0,0,1,5,20.0,7.1,15.384615384615383,39.25468904244817
Kansas,2021-07-21,"Agency 28, Article 75",health information,department of health and environment,,Health Services,1700002961,0,55,0,0,0,0,0,7.0,5.14,0.0,43.2093023255814
Kansas,2021-07-21,"Agency 28, Article 9",construction maintenance and use of mausoleums,department of health and environment,,Health Services,1700002911,28,846,23,4,0,0,1,16.0,7.43,11.538461538461538,33.63944723618091
Kansas,2021-07-21,"Agency 2, Article 3",accounting and fiscal procedure for municipalities,municipal accounting board,,Taxes and Public Finance,1700002636,4,249,4,0,0,0,0,14.0,6.47,17.647058823529413,34.28138528138528
Kansas,2021-07-21,"Agency 30, Article 10",adult care home program,kansas department for children and families,,Social Assistance,1700002966,598,21575,560,5,2,2,29,24.0,9.0,18.31626848691695,34.28429363849882
Kansas,2021-07-21,"Agency 30, Article 2",general,kansas department for children and families,,Social Assistance,1700002962,24,1475,21,0,0,1,2,17.0,7.98,13.750000000000002,36.157486423584174
Kansas,2021-07-21,"Agency 30, Article 20",security and traffic control for state institutions operated by mental health and retardation services,kansas department for children and families,,Social Assistance,1700002967,34,1189,29,0,0,3,2,10.0,7.27,11.76470588235294,35.89504373177842
Kansas,2021-07-21,"Agency 30, Article 22",licensing of psychiatric hospitals funding of community mental health centers and facilities for the mentally retarded and facilities for handicapped persons,kansas department for children and families,,Social Assistance,1700002968,112,6145,91,13,0,0,8,21.0,8.97,16.304347826086957,37.63296664920552
Kansas,2021-07-21,"Agency 30, Article 25",state youth centers operated by social and rehabilitation services,kansas department for children and families,,Social Assistance,1700002969,0,83,0,0,0,0,0,7.0,5.16,0.0,24.96969696969697
Kansas,2021-07-21,"Agency 30, Article 26",state psychiatric hospitals catchment areas assistance to counties patient funds and medical information,kansas department for children and families,,Social Assistance,1700002970,22,1497,20,0,1,0,1,17.0,8.08,11.39240506329114,36.70152671755725
Kansas,2021-07-21,"Agency 30, Article 27",oil and gas leases on institutional properties,kansas department for children and families,,Social Assistance,1700002971,19,904,16,0,0,0,3,22.0,7.34,17.5,31.032569360675517
Kansas,2021-07-21,"Agency 30, Article 31",alcohol and drug abuse treatment programs,kansas department for children and families,,Social Assistance,1700002972,0,87,0,0,0,0,0,11.0,5.34,0.0,39.88461538461539
Kansas,2021-07-21,"Agency 30, Article 4",public assistance program,kansas department for children and families,,Social Assistance,1700002963,346,15634,323,0,1,3,19,20.0,8.98,16.666666666666664,33.45065028901734
Kansas,2021-07-21,"Agency 30, Article 42",licensing of non medical resident care facilities,kansas department for children and families,,Social Assistance,1700002973,71,2060,69,0,0,0,2,13.0,8.1,10.81081081081081,33.961884595023825
Kansas,2021-07-21,"Agency 30, Article 43",corporate guardians,kansas department for children and families,,Social Assistance,1700002974,11,683,10,0,0,0,1,45.0,7.19,33.33333333333333,35.22118380062305
Kansas,2021-07-21,"Agency 30, Article 44",support enforcement,kansas department for children and families,,Social Assistance,1700002975,20,1182,19,0,0,0,1,20.0,7.6,21.052631578947366,34.22821203953279
Kansas,2021-07-21,"Agency 30, Article 45",youth services,kansas department for children and families,,Social Assistance,1700002976,19,1409,18,0,0,0,1,14.0,7.72,11.702127659574469,36.98730158730159
Kansas,2021-07-21,"Agency 30, Article 46",child abuse and neglect,kansas department for children and families,,Social Assistance,1700002977,36,2686,32,0,0,1,3,20.0,7.89,15.07936507936508,32.40452674897119
Kansas,2021-07-21,"Agency 30, Article 47",foster care licensing,kansas department for children and families,,Social Assistance,1700002978,2,243,2,0,0,0,0,20.0,6.49,0.0,36.75799086757991
Kansas,2021-07-21,"Agency 30, Article 5",provider participation scope of services and reimbursements for the medicaid medical assistance program,kansas department for children and families,,Social Assistance,1700002964,670,31461,647,0,3,0,20,20.0,9.2,14.52589105581708,38.14379549085745
Kansas,2021-07-21,"Agency 30, Article 60",licensing of community mental health centers,kansas department for children and families,,Social Assistance,1700002979,326,18684,278,1,0,1,46,32.0,8.87,20.24866785079929,35.79368529428588
Kansas,2021-07-21,"Agency 30, Article 61",participating community mental health centers,kansas department for children and families,,Social Assistance,1700002980,44,2096,31,0,0,0,13,25.0,7.39,12.82051282051282,34.515723270440255
Kansas,2021-07-21,"Agency 30, Article 63",developmental disabilities licensing providers of community services,kansas department for children and families,,Social Assistance,1700002981,157,8800,142,0,0,0,15,29.0,8.84,26.96245733788396,35.47033544228244
Kansas,2021-07-21,"Agency 30, Article 64",developmental disabilities community developmental disability organizations,kansas department for children and families,,Social Assistance,1700002982,100,5763,93,0,0,0,7,26.0,8.25,20.476190476190474,34.24683779761905
Kansas,2021-07-21,"Agency 30, Article 65",mental retardation developmental disability provider revolving fund,kansas department for children and families,,Social Assistance,1700002983,16,623,15,0,0,0,1,22.0,6.93,11.11111111111111,34.03169014084507
Kansas,2021-07-21,"Agency 30, Article 7",appeals fair hearings and taf ga disqualification hearings,kansas department for children and families,,Social Assistance,1700002965,86,4462,83,1,0,0,2,18.0,8.1,25.321888412017167,34.23414156257654
Kansas,2021-07-21,"Agency 36, Article 1",special permits loads and vehicles,kansas department of transportation,,Transportation,1700002984,188,6871,162,10,2,4,10,18.0,9.17,17.478510028653297,32.61079979623026
Kansas,2021-07-21,"Agency 36, Article 11",public and private utilities on highway right of way,kansas department of transportation,,Transportation,1700002989,4,112,3,0,0,0,1,12.0,5.91,11.11111111111111,40.78
Kansas,2021-07-21,"Agency 36, Article 14",interstate highway system use,kansas department of transportation,,Transportation,1700002990,1,65,0,0,0,1,0,11.0,5.28,0.0,39.07272727272727
Kansas,2021-07-21,"Agency 36, Article 16",highway relocation assistance,kansas department of transportation,,Transportation,1700002991,20,1682,19,0,0,0,1,15.0,7.22,5.05050505050505,33.71781437125748
Kansas,2021-07-21,"Agency 36, Article 17",billboards and outdoor advertising,kansas department of transportation,,Transportation,1700002992,30,1972,20,2,1,6,1,18.0,8.25,5.9405940594059405,34.19619899385131
Kansas,2021-07-21,"Agency 36, Article 18",lights on highway construction and maintenance vehicles,kansas department of transportation,,Transportation,1700002993,1,71,1,0,0,0,0,13.0,5.29,0.0,42.293103448275865
Kansas,2021-07-21,"Agency 36, Article 19",standard for slow moving vehicle identification emblem,kansas department of transportation,,Transportation,1700002994,0,61,0,0,0,0,0,11.0,5.31,0.0,50.270833333333336
Kansas,2021-07-21,"Agency 36, Article 2",vehicles carrying emergency equipment,kansas department of transportation,,Transportation,1700002985,1,60,1,0,0,0,0,7.0,5.21,0.0,34.52272727272727
Kansas,2021-07-21,"Agency 36, Article 26",railroad grade crossings,kansas department of transportation,,Transportation,1700002995,11,549,8,0,0,0,3,33.0,7.32,12.5,32.04752475247525
Kansas,2021-07-21,"Agency 36, Article 27",junkyard and salvage control,kansas department of transportation,,Transportation,1700002996,46,2514,35,1,0,1,9,14.0,7.78,10.240963855421686,37.5053050397878
Kansas,2021-07-21,"Agency 36, Article 28",service brakes and second towed vehicles,kansas department of transportation,,Transportation,1700002997,2,70,2,0,0,0,0,11.0,5.15,16.666666666666664,31.683333333333334
Kansas,2021-07-21,"Agency 36, Article 29",payment of moving expenses,kansas department of transportation,,Transportation,1700002998,1,68,1,0,0,0,0,7.0,5.13,0.0,40.63461538461539
Kansas,2021-07-21,"Agency 36, Article 3",highway entrance permits,kansas department of transportation,,Transportation,1700002986,3,83,2,0,0,0,1,8.0,5.48,0.0,34.486111111111114
Kansas,2021-07-21,"Agency 36, Article 30",construction bidding procedures,kansas department of transportation,,Transportation,1700002999,21,876,21,0,0,0,0,12.0,7.06,4.477611940298507,36.490813648293965
Kansas,2021-07-21,"Agency 36, Article 31",debarment and suspension of contractors,kansas department of transportation,,Transportation,1700003000,37,2113,36,0,1,0,0,17.0,7.72,23.27586206896552,35.18702095043434
Kansas,2021-07-21,"Agency 36, Article 32",use of roadside facilities,kansas department of transportation,,Transportation,1700003001,15,366,12,0,2,1,0,15.0,6.73,4.166666666666666,39.028985507246375
Kansas,2021-07-21,"Agency 36, Article 36",widths of vehicles and loads,kansas department of transportation,,Transportation,1700003002,2,122,2,0,0,0,0,8.0,5.83,7.6923076923076925,26.505050505050505
Kansas,2021-07-21,"Agency 36, Article 37",the oilfield certification program,kansas department of transportation,,Transportation,1700003003,49,1468,41,5,0,0,3,17.0,7.74,10.843373493975903,31.04789550072569
Kansas,2021-07-21,"Agency 36, Article 38",the multi jurisdictional oversize overweight permit program,kansas department of transportation,,Transportation,1700003004,1,123,1,0,0,0,0,10.0,5.66,0.0,41.34285714285714
Kansas,2021-07-21,"Agency 36, Article 39",rail service assistance program,kansas department of transportation,,Transportation,1700003005,27,2815,25,0,0,0,2,26.0,8.51,9.803921568627452,35.333333333333336
Kansas,2021-07-21,"Agency 36, Article 4",saddlemounts and transportation of empty trucks,kansas department of transportation,,Transportation,1700002987,0,73,0,0,0,0,0,8.0,5.44,0.0,37.08928571428572
Kansas,2021-07-21,"Agency 36, Article 40",transportation revolving fund,kansas department of transportation,,Transportation,1700003006,28,1734,25,0,0,0,3,16.0,7.53,12.871287128712872,40.38204334365325
Kansas,2021-07-21,"Agency 36, Article 41",public safety communication system revolving fund,kansas department of transportation,,Transportation,1700003007,18,1249,18,0,0,0,0,18.0,6.94,1.5151515151515151,39.24825174825175
Kansas,2021-07-21,"Agency 36, Article 42",kansas intermodal transportation revolving fund,kansas department of transportation,,Transportation,1700003008,31,1940,27,0,0,0,4,19.0,7.64,14.285714285714285,42.11984606926883
Kansas,2021-07-21,"Agency 36, Article 45",escort vehicles escort vehicle service providers and escort vehicle operators,kansas department of transportation,,Transportation,1700003009,88,3897,73,0,0,0,15,16.0,8.17,10.91703056768559,29.98326715825298
Kansas,2021-07-21,"Agency 36, Article 7",stud tires,kansas department of transportation,,Transportation,1700002988,30,1248,24,3,1,0,2,21.0,7.57,19.29824561403509,30.11
Kansas,2021-07-21,"Agency 38, Article 1",establishment of branch offices and relocation of home and branch offices,savings and loan department,,"Banking, Insurance, and Securities",1700003010,14,945,14,0,0,0,0,17.0,6.97,5.660377358490567,32.228273464658166
Kansas,2021-07-21,"Agency 38, Article 10",interstate branching,savings and loan department,,"Banking, Insurance, and Securities",1700003017,14,880,12,0,0,0,2,22.0,6.36,13.88888888888889,38.27854454203262
Kansas,2021-07-21,"Agency 38, Article 2",agents,savings and loan department,,"Banking, Insurance, and Securities",1700003011,13,506,9,0,2,0,2,8.0,6.32,1.851851851851852,36.37231503579952
Kansas,2021-07-21,"Agency 38, Article 3",notice that accounts or deposits are not insured as required by ksa 17 5825,savings and loan department,,"Banking, Insurance, and Securities",1700003012,11,313,8,0,0,0,3,13.0,6.26,4.3478260869565215,40.03321033210332
Kansas,2021-07-21,"Agency 38, Article 4",unsecured loans for property alteration,savings and loan department,,"Banking, Insurance, and Securities",1700003013,3,155,3,0,0,0,0,16.0,5.94,0.0,32.028985507246375
Kansas,2021-07-21,"Agency 38, Article 5",line of credit real estate loans,savings and loan department,,"Banking, Insurance, and Securities",1700003014,3,256,2,1,0,0,0,20.0,6.53,16.666666666666664,31.905982905982903
Kansas,2021-07-21,"Agency 38, Article 8",manufactured home financing,savings and loan department,,"Banking, Insurance, and Securities",1700003015,6,154,6,0,0,0,0,10.0,6.04,0.0,41.10526315789474
Kansas,2021-07-21,"Agency 38, Article 9",safety deposit boxes,savings and loan department,,"Banking, Insurance, and Securities",1700003016,3,209,3,0,0,0,0,20.0,6.11,0.0,32.57754010695187
Kansas,2021-07-21,"Agency 39, Article 1",limitations on use of turnpike,kansas turnpike authority,,Transportation,1700003018,48,2045,32,0,1,15,0,16.0,8.0,15.57377049180328,31.91945205479452
Kansas,2021-07-21,"Agency 39, Article 4",designation of office,kansas turnpike authority,,Transportation,1700003019,1,43,1,0,0,0,0,8.0,4.73,0.0,30.8
Kansas,2021-07-21,"Agency 3, Article 1",disposition of unclaimed property,kansas state treasurer,,Taxes and Public Finance,1700002637,14,885,10,2,0,0,2,19.0,7.3,17.77777777777778,32.479665071770334
Kansas,2021-07-21,"Agency 3, Article 2",kansas postsecondary education savings program,kansas state treasurer,,Taxes and Public Finance,1700002638,20,830,17,1,0,0,2,17.0,6.75,17.02127659574468,37.663198959687904
Kansas,2021-07-21,"Agency 3, Article 3",linked deposit loan programs,kansas state treasurer,,Taxes and Public Finance,1700002639,8,479,8,0,0,0,0,13.0,6.9,6.25,33.888888888888886
Kansas,2021-07-21,"Agency 3, Article 4",low income family postsecondary savings accounts incentive program,kansas state treasurer,,Taxes and Public Finance,1700002640,30,1320,29,0,0,0,1,15.0,7.14,11.11111111111111,36.47231833910035
Kansas,2021-07-21,"Agency 40, Article 1",general,insurance department,,"Banking, Insurance, and Securities",1700003020,158,9231,139,2,0,6,11,19.0,8.9,8.869179600886918,36.09338853037867
Kansas,2021-07-21,"Agency 40, Article 10",firefighter s relief fund tax,insurance department,,"Banking, Insurance, and Securities",1700003028,59,2216,58,0,0,0,1,18.0,7.56,9.649122807017545,35.93772151898734
Kansas,2021-07-21,"Agency 40, Article 11",proxies consents and authorizations,insurance department,,"Banking, Insurance, and Securities",1700003029,0,65,0,0,0,0,0,9.0,5.1,0.0,53.0
Kansas,2021-07-21,"Agency 40, Article 12",sale of stock,insurance department,,"Banking, Insurance, and Securities",1700003030,88,3009,82,0,0,2,4,22.0,7.74,20.0,33.11086717892426
Kansas,2021-07-21,"Agency 40, Article 13",insider stock trading,insurance department,,"Banking, Insurance, and Securities",1700003031,85,5229,79,0,0,0,6,23.0,7.78,21.12676056338028,32.22261929787681
Kansas,2021-07-21,"Agency 40, Article 14",insurance premium finance companies,insurance department,,"Banking, Insurance, and Securities",1700003032,18,807,15,1,0,0,2,12.0,6.81,5.0,33.98796992481203
Kansas,2021-07-21,"Agency 40, Article 15",variable annuities or separate accounts,insurance department,,"Banking, Insurance, and Securities",1700003033,44,1956,39,0,1,1,3,22.0,7.6,18.29268292682927,35.458591549295775
Kansas,2021-07-21,"Agency 40, Article 15a",variable life insurance,insurance department,,"Banking, Insurance, and Securities",1700003034,1,374,1,0,0,0,0,12.0,6.17,0.0,31.201277955271564
Kansas,2021-07-21,"Agency 40, Article 15b",universal life insurance,insurance department,,"Banking, Insurance, and Securities",1700003035,7,309,5,0,0,0,2,20.0,6.65,13.333333333333334,37.94117647058823
Kansas,2021-07-21,"Agency 40, Article 16",professional employer organizations,insurance department,,"Banking, Insurance, and Securities",1700003036,5,229,2,0,0,0,3,12.0,5.47,0.0,47.47619047619048
Kansas,2021-07-21,"Agency 40, Article 2",life insurance,insurance department,,"Banking, Insurance, and Securities",1700003021,181,9540,162,1,1,3,14,25.0,8.83,20.110192837465565,35.12037978975924
Kansas,2021-07-21,"Agency 40, Article 3",fire and casualty insurance,insurance department,,"Banking, Insurance, and Securities",1700003022,273,13513,230,1,1,10,31,21.0,9.03,16.27906976744186,36.1182848292166
Kansas,2021-07-21,"Agency 40, Article 4",accident and health insurance,insurance department,,"Banking, Insurance, and Securities",1700003023,411,25852,344,4,6,5,52,25.0,9.2,21.76938369781312,35.38897473376488
Kansas,2021-07-21,"Agency 40, Article 5",credit insurance,insurance department,,"Banking, Insurance, and Securities",1700003024,85,3953,71,1,1,3,9,21.0,8.15,24.277456647398843,34.88102710413695
Kansas,2021-07-21,"Agency 40, Article 7",agents,insurance department,,"Banking, Insurance, and Securities",1700003025,81,3760,77,0,0,1,3,18.0,8.23,9.9009900990099,36.22446520036156
Kansas,2021-07-21,"Agency 40, Article 8",excess coverage,insurance department,,"Banking, Insurance, and Securities",1700003026,30,1124,17,0,0,3,10,19.0,7.09,21.428571428571427,32.229491173416406
Kansas,2021-07-21,"Agency 40, Article 9",advertising,insurance department,,"Banking, Insurance, and Securities",1700003027,9,625,8,0,0,0,1,12.0,6.84,6.25,36.485768500948765
Kansas,2021-07-21,"Agency 43, Article 1",administering oaths,corrections ombudsman board,,"Security, Justice, and Corrections",1700003037,2,142,2,0,0,0,0,17.0,5.8,37.5,35.968503937007874
Kansas,2021-07-21,"Agency 44, Article 1",general administration,department of corrections,,"Security, Justice, and Corrections",1700003038,13,769,13,0,0,0,0,14.0,7.42,0.0,40.034188034188034
Kansas,2021-07-21,"Agency 44, Article 11",community corrections,department of corrections,,"Security, Justice, and Corrections",1700003046,81,4142,77,1,0,0,3,17.0,8.16,11.555555555555555,37.40765346797768
Kansas,2021-07-21,"Agency 44, Article 12",conduct and penalties,department of corrections,,"Security, Justice, and Corrections",1700003047,407,12765,380,0,0,19,8,15.0,8.89,10.834371108343712,33.535469306242945
Kansas,2021-07-21,"Agency 44, Article 13",disciplinary procedure,department of corrections,,"Security, Justice, and Corrections",1700003048,333,13391,314,0,1,0,18,22.0,8.57,25.211505922165824,32.643019850309145
Kansas,2021-07-21,"Agency 44, Article 15",grievance procedure for inmates,department of corrections,,"Security, Justice, and Corrections",1700003049,143,5270,138,0,0,1,4,20.0,8.29,16.862745098039216,33.25467941059339
Kansas,2021-07-21,"Agency 44, Article 16",reporting and claims procedure for lost or damaged property or for personal injury,department of corrections,,"Security, Justice, and Corrections",1700003050,14,419,12,0,0,0,2,15.0,6.62,14.814814814814811,32.24184782608695
Kansas,2021-07-21,"Agency 44, Article 2",facilities management,department of corrections,,"Security, Justice, and Corrections",1700003039,6,516,6,0,0,0,0,28.0,7.58,27.77777777777778,38.74267782426778
Kansas,2021-07-21,"Agency 44, Article 4",training,department of corrections,,"Security, Justice, and Corrections",1700003040,3,224,3,0,0,0,0,10.0,6.26,0.0,42.88059701492537
Kansas,2021-07-21,"Agency 44, Article 5",inmate management,department of corrections,,"Security, Justice, and Corrections",1700003041,88,3087,83,0,0,2,3,22.0,8.44,22.96296296296296,36.90792216817234
Kansas,2021-07-21,"Agency 44, Article 6",good time credits and sentence computation,department of corrections,,"Security, Justice, and Corrections",1700003042,325,16953,320,0,0,1,4,22.0,8.56,18.99070385126162,33.52695139911635
Kansas,2021-07-21,"Agency 44, Article 7",programs and activities,department of corrections,,"Security, Justice, and Corrections",1700003043,50,2190,48,0,0,2,0,26.0,8.09,35.36585365853659,34.38769670958512
Kansas,2021-07-21,"Agency 44, Article 8",work release,department of corrections,,"Security, Justice, and Corrections",1700003044,36,2156,33,0,0,0,3,14.0,7.91,8.333333333333332,38.172947857511616
Kansas,2021-07-21,"Agency 44, Article 9",parole postrelease supervision and house arrest,department of corrections,,"Security, Justice, and Corrections",1700003045,37,2503,35,0,0,0,2,15.0,7.8,14.838709677419354,32.208407079646015
Kansas,2021-07-21,"Agency 45, Article 1000",orders of restitution and expenses,kansas parole board,,"Security, Justice, and Corrections",1700003058,1,380,1,0,0,0,0,12.0,6.44,20.0,33.19825072886297
Kansas,2021-07-21,"Agency 45, Article 200",parole hearing proceedings,kansas parole board,,"Security, Justice, and Corrections",1700003051,11,453,9,0,0,0,2,15.0,6.74,20.689655172413797,31.32289156626506
Kansas,2021-07-21,"Agency 45, Article 300",dockets,kansas parole board,,"Security, Justice, and Corrections",1700003052,2,247,2,0,0,0,0,11.0,6.22,23.809523809523807,32.03211009174312
Kansas,2021-07-21,"Agency 45, Article 400",release to supervision,kansas parole board,,"Security, Justice, and Corrections",1700003053,19,1028,19,0,0,0,0,17.0,7.21,18.64406779661017,32.20330237358101
Kansas,2021-07-21,"Agency 45, Article 600",conditional release,kansas parole board,,"Security, Justice, and Corrections",1700003054,7,248,7,0,0,0,0,10.0,6.04,4.545454545454546,29.63636363636364
Kansas,2021-07-21,"Agency 45, Article 700",release of functionally incapacitated inmates,kansas parole board,,"Security, Justice, and Corrections",1700003055,16,790,15,0,0,0,1,26.0,7.27,26.666666666666668,36.053763440860216
Kansas,2021-07-21,"Agency 45, Article 800",discharge,kansas parole board,,"Security, Justice, and Corrections",1700003056,1,149,1,0,0,0,0,9.0,5.75,7.142857142857142,29.59375
Kansas,2021-07-21,"Agency 45, Article 900",executive clemency,kansas parole board,,"Security, Justice, and Corrections",1700003057,6,200,6,0,0,0,0,16.0,6.09,25.0,33.6875
Kansas,2021-07-21,"Agency 47, Article 1",general,mined land conservation and reclamation,,"Environmental Protection, Public Utilities, and Natural Resources",1700003059,20,899,19,0,0,0,1,23.0,7.28,18.91891891891892,32.998768472906406
Kansas,2021-07-21,"Agency 47, Article 10",underground mining,mined land conservation and reclamation,,"Environmental Protection, Public Utilities, and Natural Resources",1700003068,56,1778,56,0,0,0,0,9.0,6.35,1.3333333333333337,21.603993344425955
Kansas,2021-07-21,"Agency 47, Article 11",small operator assistance program,mined land conservation and reclamation,,"Environmental Protection, Public Utilities, and Natural Resources",1700003069,15,522,15,0,0,0,0,8.0,6.02,2.0408163265306123,21.06508875739645
Kansas,2021-07-21,"Agency 47, Article 12",lands unsuitable for surface mining,mined land conservation and reclamation,,"Environmental Protection, Public Utilities, and Natural Resources",1700003070,40,1400,39,0,0,1,0,10.0,6.65,2.6785714285714284,24.68955223880597
Kansas,2021-07-21,"Agency 47, Article 13",training certification and responsibilities of blasters and operators,mined land conservation and reclamation,,"Environmental Protection, Public Utilities, and Natural Resources",1700003071,13,816,13,0,0,0,0,22.0,7.15,15.151515151515152,35.27513966480447
Kansas,2021-07-21,"Agency 47, Article 14",employee financial interests,mined land conservation and reclamation,,"Environmental Protection, Public Utilities, and Natural Resources",1700003072,12,387,11,0,0,1,0,10.0,6.29,16.129032258064516,26.57044673539519
Kansas,2021-07-21,"Agency 47, Article 15",inspections and enforcement,mined land conservation and reclamation,,"Environmental Protection, Public Utilities, and Natural Resources",1700003073,67,2681,64,0,0,0,3,16.0,7.61,12.418300653594772,29.124505059392877
Kansas,2021-07-21,"Agency 47, Article 16",reclamation,mined land conservation and reclamation,,"Environmental Protection, Public Utilities, and Natural Resources",1700003074,61,2850,56,0,0,0,5,19.0,8.13,18.75,33.39937960449787
Kansas,2021-07-21,"Agency 47, Article 2",meaning of terms,mined land conservation and reclamation,,"Environmental Protection, Public Utilities, and Natural Resources",1700003060,55,2179,54,0,0,0,1,11.0,7.53,2.3529411764705883,31.130385487528343
Kansas,2021-07-21,"Agency 47, Article 3",application for mining permit,mined land conservation and reclamation,,"Environmental Protection, Public Utilities, and Natural Resources",1700003061,154,4511,150,0,0,0,4,10.0,7.15,5.8171745152354575,24.15370196813496
Kansas,2021-07-21,"Agency 47, Article 4",public hearings,mined land conservation and reclamation,,"Environmental Protection, Public Utilities, and Natural Resources",1700003062,189,8886,175,0,2,2,10,32.0,8.62,43.21428571428572,32.87536064627813
Kansas,2021-07-21,"Agency 47, Article 5",civil penalties,mined land conservation and reclamation,,"Environmental Protection, Public Utilities, and Natural Resources",1700003063,91,3289,86,0,0,0,5,22.0,8.07,21.98581560283688,29.558844507845933
Kansas,2021-07-21,"Agency 47, Article 6",permit review,mined land conservation and reclamation,,"Environmental Protection, Public Utilities, and Natural Resources",1700003064,81,2695,76,0,0,0,5,12.0,7.23,10.052910052910052,31.04085422469824
Kansas,2021-07-21,"Agency 47, Article 7",coal exploration,mined land conservation and reclamation,,"Environmental Protection, Public Utilities, and Natural Resources",1700003065,12,504,12,0,0,0,0,11.0,6.32,2.564102564102564,27.412868632707774
Kansas,2021-07-21,"Agency 47, Article 8",bonding procedures,mined land conservation and reclamation,,"Environmental Protection, Public Utilities, and Natural Resources",1700003066,26,905,26,0,0,0,0,9.0,6.5,1.2195121951219512,24.946540880503143
Kansas,2021-07-21,"Agency 47, Article 9",performance standards,mined land conservation and reclamation,,"Environmental Protection, Public Utilities, and Natural Resources",1700003067,208,6929,207,0,0,0,1,11.0,7.35,4.588910133843212,25.771457905544143
Kansas,2021-07-21,"Agency 48, Article 1",appellate procedure,department of labor employment security board of review,,Labor and Workforce Development,1700003075,65,2257,64,0,0,0,1,19.0,7.44,25.0,29.58254716981132
Kansas,2021-07-21,"Agency 48, Article 2",board organization and procedure,department of labor employment security board of review,,Labor and Workforce Development,1700003076,14,527,14,0,0,0,0,10.0,6.25,2.0,27.563063063063066
Kansas,2021-07-21,"Agency 48, Article 3",appeals,department of labor employment security board of review,,Labor and Workforce Development,1700003077,8,594,7,0,0,0,1,12.0,6.8,4.444444444444445,35.17490494296578
Kansas,2021-07-21,"Agency 48, Article 4",filing appeals,department of labor employment security board of review,,Labor and Workforce Development,1700003078,3,236,3,0,0,0,0,13.0,6.04,23.52941176470588,28.825641025641023
Kansas,2021-07-21,"Agency 49, Article 1",hours and working conditions women and minors,department of labor,,Labor and Workforce Development,1700003079,77,6729,71,1,0,5,0,21.0,9.24,19.93355481727575,36.12316261797927
Kansas,2021-07-21,"Agency 49, Article 10",holding a manual ballot,department of labor,,Labor and Workforce Development,1700003084,20,685,19,1,0,0,0,17.0,7.03,10.526315789473683,32.45510835913313
Kansas,2021-07-21,"Agency 49, Article 11",conduct of mail referendum ballot,department of labor,,Labor and Workforce Development,1700003085,2,277,1,1,0,0,0,9.0,6.16,7.4074074074074066,33.825
Kansas,2021-07-21,"Agency 49, Article 12",jointly conducted union management election,department of labor,,Labor and Workforce Development,1700003086,27,1054,26,1,0,0,0,18.0,7.37,12.280701754385964,33.700502512562814
Kansas,2021-07-21,"Agency 49, Article 15",enforcement,department of labor,,Labor and Workforce Development,1700003087,0,210,0,0,0,0,0,10.0,6.15,26.31578947368421,36.61849710982659
Kansas,2021-07-21,"Agency 49, Article 16",records and retention,department of labor,,Labor and Workforce Development,1700003088,1,213,1,0,0,0,0,9.0,6.24,9.090909090909092,33.32203389830509
Kansas,2021-07-21,"Agency 49, Article 20",wage payments and procedures for enforcement,department of labor,,Labor and Workforce Development,1700003089,18,1053,13,0,0,0,5,28.0,7.68,20.0,34.756147540983605
Kansas,2021-07-21,"Agency 49, Article 21",procedures,department of labor,,Labor and Workforce Development,1700003090,56,2236,53,0,0,0,3,24.0,8.01,24.17582417582417,30.81294964028777
Kansas,2021-07-21,"Agency 49, Article 22",general provisions,department of labor,,Labor and Workforce Development,1700003091,4,369,4,0,0,0,0,15.0,6.66,22.727272727272727,33.874233128834355
Kansas,2021-07-21,"Agency 49, Article 23",procedure,department of labor,,Labor and Workforce Development,1700003092,56,1771,51,0,0,2,3,20.0,7.6,16.091954022988507,32.207581227436826
Kansas,2021-07-21,"Agency 49, Article 24",units,department of labor,,Labor and Workforce Development,1700003093,1,98,1,0,0,0,0,13.0,5.51,28.57142857142857,44.54117647058823
Kansas,2021-07-21,"Agency 49, Article 25",elections,department of labor,,Labor and Workforce Development,1700003094,56,1612,55,0,0,0,1,16.0,7.31,14.736842105263156,36.30300957592339
Kansas,2021-07-21,"Agency 49, Article 26",impasse declaration and notification,department of labor,,Labor and Workforce Development,1700003095,10,377,9,0,0,0,1,12.0,6.37,21.428571428571427,34.717460317460315
Kansas,2021-07-21,"Agency 49, Article 27",fact finding,department of labor,,Labor and Workforce Development,1700003096,13,604,13,0,0,0,0,18.0,6.47,16.129032258064516,28.969314079422382
Kansas,2021-07-21,"Agency 49, Article 28",prohibited practices,department of labor,,Labor and Workforce Development,1700003097,8,235,7,0,0,1,0,13.0,6.07,18.75,30.307317073170733
Kansas,2021-07-21,"Agency 49, Article 30",minimum wage and maximum hours,department of labor,,Labor and Workforce Development,1700003098,33,2421,21,0,0,0,12,29.0,8.47,29.629629629629623,34.26657940663176
Kansas,2021-07-21,"Agency 49, Article 31",minimum wage and maximum hours,department of labor,,Labor and Workforce Development,1700003099,13,845,10,0,0,0,3,20.0,7.49,15.384615384615383,32.480463096960925
Kansas,2021-07-21,"Agency 49, Article 45",boiler specifications and inspections,department of labor,,Labor and Workforce Development,1700003100,0,1799,0,0,0,0,0,13.0,6.54,0.819672131147541,41.80462341536167
Kansas,2021-07-21,"Agency 49, Article 45a",definitions,department of labor,,Labor and Workforce Development,1700003101,5,870,3,0,0,0,2,27.0,7.37,0.0,33.39976275207592
Kansas,2021-07-21,"Agency 49, Article 46",boiler insurance and administration,department of labor,,Labor and Workforce Development,1700003102,12,406,10,0,0,0,2,19.0,6.59,25.0,33.45283018867924
Kansas,2021-07-21,"Agency 49, Article 47",inspectors,department of labor,,Labor and Workforce Development,1700003103,23,796,22,0,0,0,1,18.0,7.25,4.878048780487805,34.25619834710744
Kansas,2021-07-21,"Agency 49, Article 48",frequency of inspection,department of labor,,Labor and Workforce Development,1700003104,20,679,20,0,0,0,0,23.0,7.07,31.03448275862069,36.415625
Kansas,2021-07-21,"Agency 49, Article 49",fee schedule for boiler inspections,department of labor,,Labor and Workforce Development,1700003105,8,982,8,0,0,0,0,18.0,6.4,52.083333333333336,30.02902374670185
Kansas,2021-07-21,"Agency 49, Article 50",general requirements for all boilers,department of labor,,Labor and Workforce Development,1700003106,237,7151,214,0,0,3,20,18.0,8.71,16.57608695652174,33.88722600151171
Kansas,2021-07-21,"Agency 49, Article 51",high pressure boilers,department of labor,,Labor and Workforce Development,1700003107,116,3698,110,0,0,0,6,17.0,8.13,22.22222222222222,28.55975029726516
Kansas,2021-07-21,"Agency 49, Article 52",low pressure heating boilers,department of labor,,Labor and Workforce Development,1700003108,145,4402,141,0,0,0,4,18.0,8.0,19.65065502183406,28.867431640625
Kansas,2021-07-21,"Agency 49, Article 55",amusement ride regulations,department of labor,,Labor and Workforce Development,1700003109,25,1567,22,0,0,0,3,11.0,7.18,5.343511450381679,34.658256880733944
Kansas,2021-07-21,"Agency 49, Article 6",collective bargaining unit selection,department of labor,,Labor and Workforce Development,1700003080,10,1043,9,1,0,0,0,21.0,7.02,22.916666666666664,38.04848484848485
Kansas,2021-07-21,"Agency 49, Article 7",secret ballot election all union agreement,department of labor,,Labor and Workforce Development,1700003081,3,494,3,0,0,0,0,12.0,6.54,7.894736842105263,37.76732673267327
Kansas,2021-07-21,"Agency 49, Article 8",secret ballot election strike walkout and cessation of work,department of labor,,Labor and Workforce Development,1700003082,9,651,9,0,0,0,0,15.0,6.69,14.634146341463412,32.47986577181208
Kansas,2021-07-21,"Agency 49, Article 9",all types of elections,department of labor,,Labor and Workforce Development,1700003083,16,684,15,1,0,0,0,17.0,7.05,21.052631578947366,32.77777777777778
Kansas,2021-07-21,"Agency 4, Article 1",agricultural chemicals,department of agriculture,,"Industry, Commerce, and Development",1700002641,49,2485,47,0,0,0,2,18.0,7.99,19.083969465648856,35.9108867427568
Kansas,2021-07-21,"Agency 4, Article 10",anhydrous ammonia,department of agriculture,,"Industry, Commerce, and Development",1700002649,196,7384,190,0,0,1,5,22.0,8.89,18.867924528301888,32.8135691504784
Kansas,2021-07-21,"Agency 4, Article 11",eggs,department of agriculture,,"Industry, Commerce, and Development",1700002650,29,1149,29,0,0,0,0,14.0,7.37,15.789473684210526,28.61093585699264
Kansas,2021-07-21,"Agency 4, Article 13",pesticides,department of agriculture,,"Industry, Commerce, and Development",1700002651,375,17057,335,7,0,1,32,21.0,9.11,12.040557667934094,38.846784
Kansas,2021-07-21,"Agency 4, Article 15",plants and plant products,department of agriculture,,"Industry, Commerce, and Development",1700002652,48,2502,44,0,0,2,2,14.0,7.95,8.771929824561402,32.462087421944695
Kansas,2021-07-21,"Agency 4, Article 16",meat and meat products inspection,department of agriculture,,"Industry, Commerce, and Development",1700002653,86,4654,79,0,0,1,6,17.0,8.58,20.3125,33.46525529265255
Kansas,2021-07-21,"Agency 4, Article 19",soil amendments,department of agriculture,,"Industry, Commerce, and Development",1700002654,1,71,1,0,0,0,0,6.0,5.3,0.0,30.976190476190474
Kansas,2021-07-21,"Agency 4, Article 2",agricultural seed,department of agriculture,,"Industry, Commerce, and Development",1700002642,30,1523,26,2,0,0,2,15.0,7.72,16.842105263157894,33.90922844175492
Kansas,2021-07-21,"Agency 4, Article 20",chemigation,department of agriculture,,"Industry, Commerce, and Development",1700002655,53,1969,45,0,0,0,8,12.0,7.72,4.081632653061225,34.06008328375967
Kansas,2021-07-21,"Agency 4, Article 21",nutrient utilization plans,department of agriculture,,"Industry, Commerce, and Development",1700002656,65,2311,52,0,0,0,13,16.0,7.62,13.740458015267176,31.07568359375
Kansas,2021-07-21,"Agency 4, Article 25",grain warehouse,department of agriculture,,"Industry, Commerce, and Development",1700002657,81,3274,73,0,0,0,8,18.0,7.89,12.883435582822086,33.013819985825656
Kansas,2021-07-21,"Agency 4, Article 27",lodging establishments,department of agriculture,,"Industry, Commerce, and Development",1700002658,584,13975,550,0,0,13,21,19.0,9.03,16.736401673640167,33.35335290133213
Kansas,2021-07-21,"Agency 4, Article 28",food safety,department of agriculture,,"Industry, Commerce, and Development",1700002659,87,3816,80,0,0,2,5,18.0,8.45,6.930693069306932,34.01819248826291
Kansas,2021-07-21,"Agency 4, Article 3",commercial feeding stuffs definitions,department of agriculture,,"Industry, Commerce, and Development",1700002643,65,3277,58,0,0,1,6,17.0,8.22,13.586956521739127,32.315532286212914
Kansas,2021-07-21,"Agency 4, Article 33",mill levy assessment,department of agriculture,,"Industry, Commerce, and Development",1700002660,8,352,8,0,0,0,0,10.0,6.42,6.666666666666667,29.426056338028168
Kansas,2021-07-21,"Agency 4, Article 34",industrial hemp,department of agriculture,,"Industry, Commerce, and Development",1700002661,468,19141,406,0,0,1,61,27.0,8.33,18.823529411764707,36.08694467157264
Kansas,2021-07-21,"Agency 4, Article 4",commercial fertilizers,department of agriculture,,"Industry, Commerce, and Development",1700002644,284,11354,246,0,0,3,35,20.0,8.8,14.93624772313297,35.71990894432325
Kansas,2021-07-21,"Agency 4, Article 5",agricultural liming materials,department of agriculture,,"Industry, Commerce, and Development",1700002645,3,178,3,0,0,0,0,10.0,6.07,6.25,40.53333333333333
Kansas,2021-07-21,"Agency 4, Article 6",certificate of free sale,department of agriculture,,"Industry, Commerce, and Development",1700002646,8,521,8,0,0,0,0,20.0,6.83,24.0,34.741127348643005
Kansas,2021-07-21,"Agency 4, Article 7",milk and dairy products,department of agriculture,,"Industry, Commerce, and Development",1700002647,72,3852,69,0,0,0,3,12.0,8.06,4.609929078014184,33.243856920684294
Kansas,2021-07-21,"Agency 4, Article 8",noxious weeds,department of agriculture,,"Industry, Commerce, and Development",1700002648,41,3181,37,0,0,0,4,19.0,7.63,12.57861635220126,34.40502183406114
Kansas,2021-07-21,"Agency 50, Article 1",meaning of terms,department of labor division of employment,,Labor and Workforce Development,1700003110,9,1291,8,0,0,0,1,18.0,7.69,11.594202898550725,34.58158995815899
Kansas,2021-07-21,"Agency 50, Article 2",unemployment insurance contributing reimbursing and rated governmental employment,department of labor division of employment,,Labor and Workforce Development,1700003111,309,12464,276,0,1,0,32,17.0,8.78,15.944055944055943,32.06818379223486
Kansas,2021-07-21,"Agency 50, Article 3",unemployment insurance benefits,department of labor division of employment,,Labor and Workforce Development,1700003112,83,4127,73,2,0,0,8,22.0,8.28,22.04301075268817,33.996408414571576
Kansas,2021-07-21,"Agency 50, Article 4",disclosure of information,department of labor division of employment,,Labor and Workforce Development,1700003113,13,780,12,0,0,0,1,27.0,7.02,35.714285714285715,39.13527851458886
Kansas,2021-07-21,"Agency 51, Article 1",forms,department of labor division of workers compensation,,Labor and Workforce Development,1700003114,14,379,11,0,0,0,3,14.0,6.26,12.0,30.235795454545453
Kansas,2021-07-21,"Agency 51, Article 11",wages,department of labor division of workers compensation,,Labor and Workforce Development,1700003119,4,168,4,0,0,0,0,14.0,5.45,9.090909090909092,31.86092715231788
Kansas,2021-07-21,"Agency 51, Article 12",injuries occurring inside or outside the state of kansas,department of labor division of workers compensation,,Labor and Workforce Development,1700003120,2,102,2,0,0,0,0,10.0,5.52,0.0,31.314606741573037
Kansas,2021-07-21,"Agency 51, Article 13",elections,department of labor division of workers compensation,,Labor and Workforce Development,1700003121,5,197,5,0,0,0,0,18.0,6.0,0.0,31.0062893081761
Kansas,2021-07-21,"Agency 51, Article 14",securing payment of compensation by insurance and self insurance,department of labor division of workers compensation,,Labor and Workforce Development,1700003122,17,558,14,0,0,0,3,28.0,6.45,31.57894736842105,34.52247191011236
Kansas,2021-07-21,"Agency 51, Article 15",workers compensation fund,department of labor division of workers compensation,,Labor and Workforce Development,1700003123,3,256,3,0,0,0,0,9.0,6.07,8.333333333333332,31.42079207920792
Kansas,2021-07-21,"Agency 51, Article 17",time computation and extension,department of labor division of workers compensation,,Labor and Workforce Development,1700003124,33,1449,31,0,0,0,2,23.0,7.24,12.903225806451612,32.786581013561744
Kansas,2021-07-21,"Agency 51, Article 18",appeals,department of labor division of workers compensation,,Labor and Workforce Development,1700003125,17,691,16,0,0,0,1,10.0,6.83,12.903225806451612,31.667768595041323
Kansas,2021-07-21,"Agency 51, Article 19",application for review and modification pursuant to ksa 44 528,department of labor division of workers compensation,,Labor and Workforce Development,1700003126,3,196,3,0,0,0,0,16.0,6.14,18.181818181818183,34.551515151515154
Kansas,2021-07-21,"Agency 51, Article 2",fees,department of labor division of workers compensation,,Labor and Workforce Development,1700003115,28,904,28,0,0,0,0,17.0,7.22,7.84313725490196,32.87798742138365
Kansas,2021-07-21,"Agency 51, Article 20",guards,department of labor division of workers compensation,,Labor and Workforce Development,1700003127,0,76,0,0,0,0,0,12.0,5.19,16.666666666666664,34.2
Kansas,2021-07-21,"Agency 51, Article 21",assignment of compensation,department of labor division of workers compensation,,Labor and Workforce Development,1700003128,0,65,0,0,0,0,0,7.0,5.13,0.0,26.680851063829788
Kansas,2021-07-21,"Agency 51, Article 24",rehabilitation,department of labor division of workers compensation,,Labor and Workforce Development,1700003129,71,3899,66,0,0,3,2,32.0,8.35,21.008403361344534,39.62679685381069
Kansas,2021-07-21,"Agency 51, Article 3",termination of compensable cases,department of labor division of workers compensation,,Labor and Workforce Development,1700003116,59,2504,57,0,0,0,2,17.0,7.89,23.7410071942446,33.27713523131673
Kansas,2021-07-21,"Agency 51, Article 7",measurement of disability,department of labor division of workers compensation,,Labor and Workforce Development,1700003117,17,685,17,0,0,0,0,21.0,6.86,25.806451612903224,29.484502446982056
Kansas,2021-07-21,"Agency 51, Article 9",medical and hospital,department of labor division of workers compensation,,Labor and Workforce Development,1700003118,39,2018,36,1,0,0,2,17.0,7.93,15.04424778761062,33.79473985134363
Kansas,2021-07-21,"Agency 53, Article 3",general records retention disposition schedule for state agencies,state records board,,Administration,1700003130,6,228,5,0,0,0,1,19.0,5.77,25.0,36.96261682242991
Kansas,2021-07-21,"Agency 53, Article 4",records officer,state records board,,Administration,1700003131,5,405,4,0,0,0,1,26.0,6.57,6.666666666666667,38.40837696335078
Kansas,2021-07-21,"Agency 54, Article 1",regional systems of cooperating libraries,state library,,"Culture, Recreation, and the Arts",1700003132,51,2434,46,0,0,0,5,14.0,7.04,10.778443113772456,37.716027088036114
Kansas,2021-07-21,"Agency 54, Article 2",establishing a publication collection and depository system,state library,,"Culture, Recreation, and the Arts",1700003133,11,546,10,1,0,0,0,12.0,6.23,0.0,36.49176954732511
Kansas,2021-07-21,"Agency 54, Article 3",financial aid for blind and physically handicapped sub regional libraries,state library,,"Culture, Recreation, and the Arts",1700003134,8,392,7,0,1,0,0,12.0,6.89,0.0,36.47214076246334
Kansas,2021-07-21,"Agency 54, Article 4",children s internet protection public library requirements,state library,,"Culture, Recreation, and the Arts",1700003135,3,206,3,0,0,0,0,14.0,5.78,0.0,33.58918918918919
Kansas,2021-07-21,"Agency 56, Article 1",armories,state of kansas office of the adjutant general,,"Security, Justice, and Corrections",1700003136,21,1291,19,0,0,0,2,12.0,7.19,11.458333333333332,30.2701252236136
Kansas,2021-07-21,"Agency 56, Article 2",standards for local disaster agencies,state of kansas office of the adjutant general,,"Security, Justice, and Corrections",1700003137,17,853,11,0,0,0,6,27.0,7.36,6.666666666666667,41.05977584059776
Kansas,2021-07-21,"Agency 56, Article 3",nuclear emergency preparedness fees,state of kansas office of the adjutant general,,"Security, Justice, and Corrections",1700003138,40,1737,37,0,0,0,3,20.0,7.46,9.523809523809524,37.5449968533669
Kansas,2021-07-21,"Agency 5, Article 1",definitions,department of agriculture division of water resources,,"Industry, Commerce, and Development",1700002662,118,9220,88,0,0,0,30,29.0,8.74,22.07792207792208,33.20537034930026
Kansas,2021-07-21,"Agency 5, Article 10",water appropriation,department of agriculture division of water resources,,"Industry, Commerce, and Development",1700002671,22,814,22,0,0,0,0,20.0,6.98,15.789473684210526,31.27461139896373
Kansas,2021-07-21,"Agency 5, Article 11",assurance districts,department of agriculture division of water resources,,"Industry, Commerce, and Development",1700002672,8,326,8,0,0,0,0,17.0,6.05,22.22222222222222,30.657894736842103
Kansas,2021-07-21,"Agency 5, Article 12",aquifer storage and recovery,department of agriculture division of water resources,,"Industry, Commerce, and Development",1700002673,27,1301,25,0,0,0,2,20.0,7.05,16.129032258064516,35.68632268632268
Kansas,2021-07-21,"Agency 5, Article 13",sand and gravel pit operations,department of agriculture division of water resources,,"Industry, Commerce, and Development",1700002674,41,2824,30,0,0,0,11,19.0,7.75,13.571428571428571,32.66087292390885
Kansas,2021-07-21,"Agency 5, Article 14",enforcement and appeals,department of agriculture division of water resources,,"Industry, Commerce, and Development",1700002675,180,9925,158,0,0,1,21,23.0,8.39,26.923076923076923,31.90964499572284
Kansas,2021-07-21,"Agency 5, Article 15",minimum desirable streamflows,department of agriculture division of water resources,,"Industry, Commerce, and Development",1700002676,19,2034,19,0,0,0,0,26.0,7.08,24.324324324324326,34.843530048727665
Kansas,2021-07-21,"Agency 5, Article 16",flex account,department of agriculture division of water resources,,"Industry, Commerce, and Development",1700002677,29,1386,28,0,0,0,1,20.0,7.15,13.846153846153848,31.37256430241621
Kansas,2021-07-21,"Agency 5, Article 17",water banking,department of agriculture division of water resources,,"Industry, Commerce, and Development",1700002678,93,6831,89,0,0,0,4,23.0,7.68,16.140350877192983,29.21964956195244
Kansas,2021-07-21,"Agency 5, Article 2",vested rights,department of agriculture division of water resources,,"Industry, Commerce, and Development",1700002663,3,403,3,0,0,0,0,16.0,6.43,17.391304347826086,29.01108033240997
Kansas,2021-07-21,"Agency 5, Article 20",intensive groundwater use control area,department of agriculture division of water resources,,"Industry, Commerce, and Development",1700002679,38,1381,38,0,0,0,0,21.0,7.17,15.873015873015872,33.28350116189001
Kansas,2021-07-21,"Agency 5, Article 21",western kansas groundwater management district no 1,department of agriculture division of water resources,,"Industry, Commerce, and Development",1700002680,35,2044,32,0,0,0,3,18.0,7.93,15.09433962264151,33.71070857751732
Kansas,2021-07-21,"Agency 5, Article 22",equus beds groundwater management district no 2,department of agriculture division of water resources,,"Industry, Commerce, and Development",1700002681,121,9063,114,0,0,0,7,26.0,8.76,21.856287425149706,33.11342537491073
Kansas,2021-07-21,"Agency 5, Article 23",southwest kansas groundwater management district no 3,department of agriculture division of water resources,,"Industry, Commerce, and Development",1700002682,59,3933,56,0,0,0,3,19.0,8.19,14.871794871794872,33.25653273391402
Kansas,2021-07-21,"Agency 5, Article 24",northwest kansas groundwater management district no 4,department of agriculture division of water resources,,"Industry, Commerce, and Development",1700002683,88,5773,79,0,0,0,9,23.0,8.18,16.80672268907563,32.095381149079984
Kansas,2021-07-21,"Agency 5, Article 25",big bend groundwater management district no 5,department of agriculture division of water resources,,"Industry, Commerce, and Development",1700002684,144,8551,134,0,0,0,10,18.0,8.31,13.808463251670378,31.72233009708738
Kansas,2021-07-21,"Agency 5, Article 3",appropriation rights,department of agriculture division of water resources,,"Industry, Commerce, and Development",1700002664,235,16120,210,2,0,0,23,23.0,8.92,19.27710843373494,34.2511580775912
Kansas,2021-07-21,"Agency 5, Article 30",dams,department of agriculture division of water resources,,"Industry, Commerce, and Development",1700002685,1,104,1,0,0,0,0,14.0,5.42,28.57142857142857,26.9010989010989
Kansas,2021-07-21,"Agency 5, Article 4",distribution of water between users,department of agriculture division of water resources,,"Industry, Commerce, and Development",1700002665,84,3869,81,1,0,0,2,26.0,8.05,39.72602739726028,32.92180735930736
Kansas,2021-07-21,"Agency 5, Article 40",design of earth dams,department of agriculture division of water resources,,"Industry, Commerce, and Development",1700002686,461,23601,379,1,0,0,81,24.0,8.98,21.895424836601308,32.10796425606719
Kansas,2021-07-21,"Agency 5, Article 41",design of channel changes,department of agriculture division of water resources,,"Industry, Commerce, and Development",1700002687,18,699,17,0,0,0,1,13.0,7.08,14.285714285714285,33.27742946708464
Kansas,2021-07-21,"Agency 5, Article 42",design of stream obstructions,department of agriculture division of water resources,,"Industry, Commerce, and Development",1700002688,28,1505,20,0,0,0,8,27.0,7.94,20.75471698113208,35.812056737588655
Kansas,2021-07-21,"Agency 5, Article 43",sand dredging permits,department of agriculture division of water resources,,"Industry, Commerce, and Development",1700002689,26,884,25,0,0,0,1,17.0,7.25,14.000000000000002,31.1231884057971
Kansas,2021-07-21,"Agency 5, Article 44",floodplain management,department of agriculture division of water resources,,"Industry, Commerce, and Development",1700002690,36,1868,31,1,0,0,4,21.0,7.89,18.6046511627907,36.7481181239143
Kansas,2021-07-21,"Agency 5, Article 45",design of levees,department of agriculture division of water resources,,"Industry, Commerce, and Development",1700002691,75,5989,60,1,0,0,14,22.0,8.71,23.137254901960784,33.954016721192296
Kansas,2021-07-21,"Agency 5, Article 46",general permits,department of agriculture division of water resources,,"Industry, Commerce, and Development",1700002692,43,1624,41,0,0,0,2,25.0,7.51,24.193548387096776,30.92438070404172
Kansas,2021-07-21,"Agency 5, Article 5",change in the place of use the point of diversion or the use made of water under an existing water right,department of agriculture division of water resources,,"Industry, Commerce, and Development",1700002666,135,8111,122,2,0,0,11,28.0,8.18,29.50191570881226,32.32146505180213
Kansas,2021-07-21,"Agency 5, Article 50",water transfers,department of agriculture division of water resources,,"Industry, Commerce, and Development",1700002693,14,1419,13,0,0,0,1,20.0,7.52,16.417910447761194,32.570772762050495
Kansas,2021-07-21,"Agency 5, Article 6",storage of water,department of agriculture division of water resources,,"Industry, Commerce, and Development",1700002667,32,2391,27,0,0,0,5,15.0,7.64,11.564625850340136,33.96150234741784
Kansas,2021-07-21,"Agency 5, Article 7",abandonment and termination,department of agriculture division of water resources,,"Industry, Commerce, and Development",1700002668,68,3191,61,0,0,0,7,21.0,7.67,19.047619047619047,30.078753351206437
Kansas,2021-07-21,"Agency 5, Article 8",certification of water rights,department of agriculture division of water resources,,"Industry, Commerce, and Development",1700002669,52,2552,42,0,0,0,10,27.0,7.54,32.608695652173914,31.63978494623656
Kansas,2021-07-21,"Agency 5, Article 9",temporary permits,department of agriculture division of water resources,,"Industry, Commerce, and Development",1700002670,23,1412,23,0,0,0,0,13.0,7.12,8.91089108910891,31.05609756097561
Kansas,2021-07-21,"Agency 60, Article 1",approval of schools of nursing,kansas state board of nursing,,Health Services,1700003139,19,1293,15,0,0,0,4,21.0,7.8,13.559322033898304,39.45693191140279
Kansas,2021-07-21,"Agency 60, Article 11",advanced practice registered nurses,kansas state board of nursing,,Health Services,1700003148,58,3970,52,0,0,0,6,19.0,8.01,9.547738693467336,35.917788599255225
Kansas,2021-07-21,"Agency 60, Article 12",continuing education for mental health technicians,kansas state board of nursing,,Health Services,1700003149,11,450,9,0,0,0,2,12.0,6.87,2.857142857142857,36.66666666666666
Kansas,2021-07-21,"Agency 60, Article 13",fees registered nurse anesthetist,kansas state board of nursing,,Health Services,1700003150,29,1362,27,0,0,0,2,14.0,7.62,2.2222222222222223,37.83517417162277
Kansas,2021-07-21,"Agency 60, Article 15",performance of selected nursing procedures in school settings,kansas state board of nursing,,Health Services,1700003151,21,1671,19,0,0,0,2,21.0,7.73,9.090909090909092,41.471057884231534
Kansas,2021-07-21,"Agency 60, Article 16",intravenous fluid therapy for licensed practical nurse,kansas state board of nursing,,Health Services,1700003152,44,2357,40,0,0,0,4,29.0,8.19,6.41025641025641,40.89410681399632
Kansas,2021-07-21,"Agency 60, Article 17",advanced nursing education program,kansas state board of nursing,,Health Services,1700003153,99,3852,93,1,0,0,5,22.0,8.13,8.333333333333332,40.12415730337079
Kansas,2021-07-21,"Agency 60, Article 2",requirements for approved nursing programs,kansas state board of nursing,,Health Services,1700003140,102,4021,99,0,0,0,3,27.0,8.19,13.79310344827586,39.646823278163374
Kansas,2021-07-21,"Agency 60, Article 3",requirements for licensure and standards of practice,kansas state board of nursing,,Health Services,1700003141,68,3838,60,0,0,0,8,21.0,8.53,8.571428571428571,36.73968253968254
Kansas,2021-07-21,"Agency 60, Article 4",fees,kansas state board of nursing,,Health Services,1700003142,5,591,5,0,0,0,0,31.0,6.54,0.0,45.32668329177057
Kansas,2021-07-21,"Agency 60, Article 5",approval of educational programs for mental health technicians,kansas state board of nursing,,Health Services,1700003143,9,194,8,0,0,0,1,7.0,6.15,0.0,32.65853658536585
Kansas,2021-07-21,"Agency 60, Article 6",requirements for approved programs for mental health technicians,kansas state board of nursing,,Health Services,1700003144,37,748,37,0,0,0,0,14.0,7.4,0.0,44.68181818181818
Kansas,2021-07-21,"Agency 60, Article 7",requirements for licensure and standards of practice,kansas state board of nursing,,Health Services,1700003145,41,2659,37,0,0,0,4,18.0,8.48,6.25,35.743927542198435
Kansas,2021-07-21,"Agency 60, Article 8",fees,kansas state board of nursing,,Health Services,1700003146,2,217,2,0,0,0,0,24.0,6.16,0.0,42.8
Kansas,2021-07-21,"Agency 60, Article 9",continuing education for nurses,kansas state board of nursing,,Health Services,1700003147,72,3203,62,0,0,0,10,25.0,8.19,13.6,37.068805822031095
Kansas,2021-07-21,"Agency 61, Article 1",sanitary rules and regulations governing barber shops schools and colleges and public rest rooms in connection therewith,kansas board of barber examiners,,"Industry, Commerce, and Development",1700003154,46,1645,34,2,0,8,2,11.0,7.46,11.11111111111111,30.520471894517694
Kansas,2021-07-21,"Agency 61, Article 3",schools requirements,kansas board of barber examiners,,"Industry, Commerce, and Development",1700003155,68,2641,63,1,0,0,4,12.0,7.61,6.122448979591836,31.507625272331158
Kansas,2021-07-21,"Agency 61, Article 4",issuance renewal revocation and suspension of certificates of registration,kansas board of barber examiners,,"Industry, Commerce, and Development",1700003156,8,770,8,0,0,0,0,24.0,7.45,6.451612903225806,32.736467236467234
Kansas,2021-07-21,"Agency 61, Article 5",applications,kansas board of barber examiners,,"Industry, Commerce, and Development",1700003157,1,62,1,0,0,0,0,8.0,5.17,0.0,32.297872340425535
Kansas,2021-07-21,"Agency 61, Article 6",reciprocity,kansas board of barber examiners,,"Industry, Commerce, and Development",1700003158,4,176,4,0,0,0,0,14.0,6.29,0.0,36.01315789473684
Kansas,2021-07-21,"Agency 61, Article 7",fees,kansas board of barber examiners,,"Industry, Commerce, and Development",1700003159,6,335,6,0,0,0,0,54.0,6.07,50.0,36.01515151515152
Kansas,2021-07-21,"Agency 63, Article 1",embalming continuing education of embalmers and funeral directors,kansas state board of mortuary arts,,"Industry, Commerce, and Development",1700003160,74,2449,70,0,0,0,4,17.0,7.98,8.695652173913043,34.03083294983893
Kansas,2021-07-21,"Agency 63, Article 2",funeral directing,kansas state board of mortuary arts,,"Industry, Commerce, and Development",1700003161,73,2752,68,0,0,0,5,15.0,7.48,6.707317073170732,34.519872087711285
Kansas,2021-07-21,"Agency 63, Article 3",preparation and transportation of bodies burial in mausoleums and funeral establishments,kansas state board of mortuary arts,,"Industry, Commerce, and Development",1700003162,81,3424,77,0,0,0,4,19.0,8.25,11.83431952662722,35.60244451592152
Kansas,2021-07-21,"Agency 63, Article 4",fees,kansas state board of mortuary arts,,"Industry, Commerce, and Development",1700003163,1,265,1,0,0,0,0,34.0,5.81,42.85714285714285,46.97894736842105
Kansas,2021-07-21,"Agency 63, Article 5",administrative hearings and disciplinary action,kansas state board of mortuary arts,,"Industry, Commerce, and Development",1700003164,5,1123,5,0,0,0,0,45.0,8.08,8.333333333333332,37.71617786187323
Kansas,2021-07-21,"Agency 63, Article 6",continuing education,kansas state board of mortuary arts,,"Industry, Commerce, and Development",1700003165,27,1262,25,0,0,0,2,19.0,7.52,12.698412698412698,36.417391304347824
Kansas,2021-07-21,"Agency 63, Article 7",crematories,kansas state board of mortuary arts,,"Industry, Commerce, and Development",1700003166,79,2794,77,0,0,0,2,15.0,7.96,2.8735632183908044,32.86640776699029
Kansas,2021-07-21,"Agency 65, Article 10",maintaining an office,state board of examiners in optometry,,Health Services,1700003171,8,475,8,0,0,0,0,17.0,6.63,19.230769230769237,36.85321100917431
Kansas,2021-07-21,"Agency 65, Article 11",advertising,state board of examiners in optometry,,Health Services,1700003172,6,463,6,0,0,0,0,20.0,6.92,22.727272727272727,37.47663551401869
Kansas,2021-07-21,"Agency 65, Article 4",general provisions,state board of examiners in optometry,,Health Services,1700003167,13,1778,11,0,0,0,2,23.0,8.39,5.47945205479452,39.5726392251816
Kansas,2021-07-21,"Agency 65, Article 5",licenses,state board of examiners in optometry,,Health Services,1700003168,51,2261,45,0,0,0,6,17.0,7.97,15.2,35.71186440677966
Kansas,2021-07-21,"Agency 65, Article 8",minimum standards for ophthalmic services,state board of examiners in optometry,,Health Services,1700003169,17,1031,16,0,0,0,1,24.0,7.38,11.904761904761903,39.33405875952122
Kansas,2021-07-21,"Agency 65, Article 9",trade names,state board of examiners in optometry,,Health Services,1700003170,16,935,16,0,0,0,0,18.0,6.96,24.489795918367346,29.13773148148148
Kansas,2021-07-21,"Agency 66, Article 10",experience,state board of technical professions,,"Industry, Commerce, and Development",1700003177,76,2762,60,0,0,0,16,15.0,7.32,3.4682080924855487,37.783268313827485
Kansas,2021-07-21,"Agency 66, Article 11",intern certification and admission to the fundamentals examination,state board of technical professions,,"Industry, Commerce, and Development",1700003178,9,706,9,0,0,0,0,10.0,6.54,0.0,36.172413793103445
Kansas,2021-07-21,"Agency 66, Article 12",minimum standards for the practice of professional surveying,state board of technical professions,,"Industry, Commerce, and Development",1700003179,0,103,0,0,0,0,0,19.0,5.68,0.0,38.58571428571429
Kansas,2021-07-21,"Agency 66, Article 13",administrative procedures,state board of technical professions,,"Industry, Commerce, and Development",1700003180,5,254,3,1,0,0,1,20.0,6.36,8.333333333333332,41.42672413793103
Kansas,2021-07-21,"Agency 66, Article 14",continuing education requirements,state board of technical professions,,"Industry, Commerce, and Development",1700003181,48,1998,42,0,0,0,6,18.0,7.82,5.769230769230769,39.40832395950506
Kansas,2021-07-21,"Agency 66, Article 15",fees,state board of technical professions,,"Industry, Commerce, and Development",1700003182,2,178,2,0,0,0,0,31.0,5.77,0.0,42.86013986013986
Kansas,2021-07-21,"Agency 66, Article 6",professional practice,state board of technical professions,,"Industry, Commerce, and Development",1700003173,73,2851,65,0,0,0,8,24.0,8.27,21.052631578947366,34.16635017090771
Kansas,2021-07-21,"Agency 66, Article 7",applications,state board of technical professions,,"Industry, Commerce, and Development",1700003174,10,784,10,0,0,0,0,13.0,7.08,5.555555555555555,32.87761194029851
Kansas,2021-07-21,"Agency 66, Article 8",examinations,state board of technical professions,,"Industry, Commerce, and Development",1700003175,33,1226,22,0,0,0,11,13.0,6.93,9.30232558139535,39.48837209302326
Kansas,2021-07-21,"Agency 66, Article 9",education,state board of technical professions,,"Industry, Commerce, and Development",1700003176,5,891,5,0,0,0,0,17.0,7.02,12.244897959183673,39.17333333333333
Kansas,2021-07-21,"Agency 67, Article 1",application for license,kansas board of examiners in fitting and dispensing of hearing instruments,,Health Services,1700003183,9,693,9,0,0,0,0,22.0,7.32,10.0,34.35257410296412
Kansas,2021-07-21,"Agency 67, Article 2",examinations,kansas board of examiners in fitting and dispensing of hearing instruments,,Health Services,1700003184,8,218,6,0,0,0,2,18.0,5.96,8.333333333333332,39.035714285714285
Kansas,2021-07-21,"Agency 67, Article 3",duties of sponsors of temporary licensees,kansas board of examiners in fitting and dispensing of hearing instruments,,Health Services,1700003185,9,366,9,0,0,0,0,11.0,6.33,3.333333333333333,37.03174603174603
Kansas,2021-07-21,"Agency 67, Article 4",educational requirements,kansas board of examiners in fitting and dispensing of hearing instruments,,Health Services,1700003186,10,402,10,0,0,0,0,11.0,6.33,3.0303030303030303,36.82267441860465
Kansas,2021-07-21,"Agency 67, Article 5",renewals,kansas board of examiners in fitting and dispensing of hearing instruments,,Health Services,1700003187,3,342,3,0,0,0,0,14.0,6.3,4.545454545454546,40.12167300380228
Kansas,2021-07-21,"Agency 67, Article 6",unethical conduct,kansas board of examiners in fitting and dispensing of hearing instruments,,Health Services,1700003188,8,393,8,0,0,0,0,27.0,7.15,7.142857142857142,37.814516129032256
Kansas,2021-07-21,"Agency 67, Article 7",calibration of audiometric equipment,kansas board of examiners in fitting and dispensing of hearing instruments,,Health Services,1700003189,7,233,3,0,0,0,4,20.0,6.31,0.0,35.03414634146341
Kansas,2021-07-21,"Agency 67, Article 8",filing and investigation of charges,kansas board of examiners in fitting and dispensing of hearing instruments,,Health Services,1700003190,5,176,5,0,0,0,0,12.0,5.79,7.142857142857142,30.90566037735849
Kansas,2021-07-21,"Agency 67, Article 9",suspension or revocation proceedings,kansas board of examiners in fitting and dispensing of hearing instruments,,Health Services,1700003191,7,178,7,0,0,0,0,11.0,5.65,0.0,29.18471337579618
Kansas,2021-07-21,"Agency 68, Article 1",registration and examination of pharmacists,kansas state board of pharmacy,,Health Services,1700003192,43,1901,35,0,0,0,8,16.0,7.69,6.5420560747663545,35.004857316332725
Kansas,2021-07-21,"Agency 68, Article 11",fees,kansas state board of pharmacy,,Health Services,1700003199,48,759,48,0,0,0,0,12.0,6.25,0.0,36.61538461538461
Kansas,2021-07-21,"Agency 68, Article 12",resale of medication,kansas state board of pharmacy,,Health Services,1700003200,1,94,1,0,0,0,0,14.0,5.58,16.666666666666664,34.56164383561644
Kansas,2021-07-21,"Agency 68, Article 13",parenteral products,kansas state board of pharmacy,,Health Services,1700003201,123,6838,118,0,0,1,4,31.0,8.86,27.314814814814813,40.65815234016519
Kansas,2021-07-21,"Agency 68, Article 14",wholesale distributors,kansas state board of pharmacy,,Health Services,1700003202,148,7159,145,0,0,0,3,27.0,8.37,17.46031746031746,39.84969414506263
Kansas,2021-07-21,"Agency 68, Article 15",nonprescription wholesale distributors,kansas state board of pharmacy,,Health Services,1700003203,3,249,2,0,0,0,1,9.0,6.03,4.166666666666666,41.72985781990521
Kansas,2021-07-21,"Agency 68, Article 18",utilization of unused medications,kansas state board of pharmacy,,Health Services,1700003204,20,1060,20,0,0,0,0,26.0,6.73,7.5,35.03389830508475
Kansas,2021-07-21,"Agency 68, Article 19",continuous quality assurance programs,kansas state board of pharmacy,,Health Services,1700003205,1,170,1,0,0,0,0,33.0,5.97,0.0,35.611464968152866
Kansas,2021-07-21,"Agency 68, Article 2",drugstores,kansas state board of pharmacy,,Health Services,1700003193,47,2444,37,0,0,0,10,19.0,8.08,15.254237288135592,39.02863741339492
Kansas,2021-07-21,"Agency 68, Article 20",controlled substances,kansas state board of pharmacy,,Health Services,1700003206,219,10617,194,0,0,0,25,24.0,8.81,22.685185185185187,38.22009279806335
Kansas,2021-07-21,"Agency 68, Article 21",prescription monitoring program,kansas state board of pharmacy,,Health Services,1700003207,60,3470,56,0,0,0,4,21.0,8.06,18.238993710691823,37.00856531049251
Kansas,2021-07-21,"Agency 68, Article 22",electronic supervision of medical care facility s pharmacy personnel,kansas state board of pharmacy,,Health Services,1700003208,27,1175,25,0,0,0,2,12.0,6.61,5.747126436781609,38.219421101774046
Kansas,2021-07-21,"Agency 68, Article 3",retail dealer s permit,kansas state board of pharmacy,,Health Services,1700003194,6,228,2,0,0,0,4,13.0,6.11,6.25,31.247524752475247
Kansas,2021-07-21,"Agency 68, Article 5",general rules,kansas state board of pharmacy,,Health Services,1700003195,36,1659,29,0,0,0,7,21.0,7.8,1.3157894736842104,38.8515625
Kansas,2021-07-21,"Agency 68, Article 7",miscellaneous provisions,kansas state board of pharmacy,,Health Services,1700003196,224,10275,212,0,0,0,12,26.0,8.68,17.46031746031746,37.78524319868096
Kansas,2021-07-21,"Agency 68, Article 8",advertising,kansas state board of pharmacy,,Health Services,1700003197,1,62,1,0,0,0,0,8.0,5.01,0.0,34.44444444444444
Kansas,2021-07-21,"Agency 68, Article 9",automated prescription systems,kansas state board of pharmacy,,Health Services,1700003198,33,2563,28,0,0,0,5,34.0,7.85,20.833333333333336,38.29933388842631
Kansas,2021-07-21,"Agency 69, Article 1",licensing and qualifications of cosmetologists,kansas board of cosmetology,,"Industry, Commerce, and Development",1700003209,18,871,13,0,0,0,5,18.0,7.38,8.695652173913043,37.08377659574468
Kansas,2021-07-21,"Agency 69, Article 11",fees,kansas board of cosmetology,,"Industry, Commerce, and Development",1700003214,2,399,2,0,0,0,0,20.0,5.99,0.0,47.91439688715953
Kansas,2021-07-21,"Agency 69, Article 12",tanning facilities,kansas board of cosmetology,,"Industry, Commerce, and Development",1700003215,43,1485,42,0,0,0,1,11.0,7.31,2.419354838709677,34.7367613200307
Kansas,2021-07-21,"Agency 69, Article 13",inspections,kansas board of cosmetology,,"Industry, Commerce, and Development",1700003216,7,483,7,0,0,0,0,11.0,6.73,9.75609756097561,36.57314148681055
Kansas,2021-07-21,"Agency 69, Article 14",continuing education for cosmetologists and other licensees,kansas board of cosmetology,,"Industry, Commerce, and Development",1700003217,36,1308,30,0,0,0,6,18.0,7.5,7.042253521126761,36.25268373245252
Kansas,2021-07-21,"Agency 69, Article 15",tattooing body piercing and permanent cosmetics,kansas board of cosmetology,,"Industry, Commerce, and Development",1700003218,204,7681,184,0,0,6,14,18.0,9.13,9.927360774818402,36.3404647208841
Kansas,2021-07-21,"Agency 69, Article 3",schools,kansas board of cosmetology,,"Industry, Commerce, and Development",1700003210,28,1579,28,0,0,0,0,14.0,7.55,4.901960784313726,31.57206870799104
Kansas,2021-07-21,"Agency 69, Article 4",students,kansas board of cosmetology,,"Industry, Commerce, and Development",1700003211,6,305,5,0,0,0,1,11.0,6.08,0.0,29.746835443037973
Kansas,2021-07-21,"Agency 69, Article 5",shop apprentices,kansas board of cosmetology,,"Industry, Commerce, and Development",1700003212,9,500,9,0,0,0,0,11.0,6.68,0.0,34.05515587529976
Kansas,2021-07-21,"Agency 69, Article 6",beauty shops,kansas board of cosmetology,,"Industry, Commerce, and Development",1700003213,7,327,7,0,0,0,0,8.0,6.36,5.714285714285714,33.72727272727273
Kansas,2021-07-21,"Agency 6, Article 1",apportionment of election expenses,state election board,,Administration,1700002694,9,309,8,0,0,0,1,13.0,6.29,13.043478260869565,36.06115107913669
Kansas,2021-07-21,"Agency 70, Article 1",definitions,kansas board of veterinary medical examiners,,"Industry, Commerce, and Development",1700003219,3,342,3,0,0,0,0,9.0,6.75,3.0303030303030303,37.36896551724138
Kansas,2021-07-21,"Agency 70, Article 10",fines,kansas board of veterinary medical examiners,,"Industry, Commerce, and Development",1700003227,13,602,11,0,0,0,2,36.0,6.68,12.5,30.34982332155477
Kansas,2021-07-21,"Agency 70, Article 3",examinations,kansas board of veterinary medical examiners,,"Industry, Commerce, and Development",1700003220,5,243,5,0,0,0,0,9.0,6.15,4.0,37.1
Kansas,2021-07-21,"Agency 70, Article 4",applications,kansas board of veterinary medical examiners,,"Industry, Commerce, and Development",1700003221,24,1824,20,0,0,0,4,25.0,8.04,10.0,40.20473372781065
Kansas,2021-07-21,"Agency 70, Article 5",fees,kansas board of veterinary medical examiners,,"Industry, Commerce, and Development",1700003222,1,200,1,0,0,0,0,24.0,5.99,14.285714285714285,49.02272727272727
Kansas,2021-07-21,"Agency 70, Article 6",minimum standards for veterinary premises sanitary conditions and physical plant,kansas board of veterinary medical examiners,,"Industry, Commerce, and Development",1700003223,85,1338,82,0,0,0,3,14.0,7.92,11.34020618556701,37.14329738058552
Kansas,2021-07-21,"Agency 70, Article 7",standards of veterinary practice,kansas board of veterinary medical examiners,,"Industry, Commerce, and Development",1700003224,41,1317,38,0,0,0,3,22.0,7.59,22.41379310344828,40.9233746130031
Kansas,2021-07-21,"Agency 70, Article 8",unprofessional conduct,kansas board of veterinary medical examiners,,"Industry, Commerce, and Development",1700003225,5,1071,3,0,0,0,2,,8.12,,40.351869606903165
Kansas,2021-07-21,"Agency 70, Article 9",impairment,kansas board of veterinary medical examiners,,"Industry, Commerce, and Development",1700003226,10,340,9,0,0,0,1,18.0,6.24,16.666666666666664,34.95638629283489
Kansas,2021-07-21,"Agency 71, Article 1",general rules,kansas dental board,,Health Services,1700003228,78,2948,72,0,0,0,6,21.0,8.68,21.014492753623188,34.47171824973319
Kansas,2021-07-21,"Agency 71, Article 10",practice of dental hygiene by a dental hygiene student,kansas dental board,,Health Services,1700003237,15,847,15,0,0,0,0,21.0,6.72,7.6923076923076925,38.54303797468354
Kansas,2021-07-21,"Agency 71, Article 11",miscellaneous provisions,kansas dental board,,Health Services,1700003238,1,106,1,0,0,0,0,16.0,5.63,16.666666666666664,38.03092783505155
Kansas,2021-07-21,"Agency 71, Article 2",specialists,kansas dental board,,Health Services,1700003229,8,998,7,0,0,0,1,26.0,7.61,2.702702702702702,43.046236559139786
Kansas,2021-07-21,"Agency 71, Article 3",dental hygienists,kansas dental board,,Health Services,1700003230,24,1120,19,0,1,2,2,13.0,7.36,7.59493670886076,35.69061876247505
Kansas,2021-07-21,"Agency 71, Article 4",continuing education requirements,kansas dental board,,Health Services,1700003231,30,1146,22,0,0,0,8,22.0,7.38,5.769230769230769,37.05209302325581
Kansas,2021-07-21,"Agency 71, Article 5",sedative and general anaesthesia,kansas dental board,,Health Services,1700003232,71,4365,61,0,0,0,10,29.0,8.05,18.620689655172416,37.18632017651385
Kansas,2021-07-21,"Agency 71, Article 6",dental auxiliaries,kansas dental board,,Health Services,1700003233,10,870,8,0,0,0,2,13.0,7.34,6.557377049180328,38.440832249674905
Kansas,2021-07-21,"Agency 71, Article 7",advertising,kansas dental board,,Health Services,1700003234,1,98,1,0,0,0,0,19.0,5.32,0.0,39.05494505494506
Kansas,2021-07-21,"Agency 71, Article 8",mobile dental facilities and portable dental operations,kansas dental board,,Health Services,1700003235,36,1670,34,0,0,0,2,19.0,7.26,15.11627906976744,35.73913043478261
Kansas,2021-07-21,"Agency 71, Article 9",practice of dentistry by a dental student,kansas dental board,,Health Services,1700003236,15,650,14,0,0,0,1,17.0,6.7,5.405405405405405,38.16946308724832
Kansas,2021-07-21,"Agency 74, Article 1",examinations,board of accountancy,,"Industry, Commerce, and Development",1700003239,19,1609,16,0,0,0,3,18.0,7.36,13.953488372093023,33.97344514325646
Kansas,2021-07-21,"Agency 74, Article 10",licensed municipal public accountants,board of accountancy,,"Industry, Commerce, and Development",1700003246,2,59,2,0,0,0,0,9.0,5.26,0.0,28.32
Kansas,2021-07-21,"Agency 74, Article 11",peer review program,board of accountancy,,"Industry, Commerce, and Development",1700003247,19,862,17,0,0,0,2,22.0,6.94,10.526315789473683,31.45632333767927
Kansas,2021-07-21,"Agency 74, Article 12",fees,board of accountancy,,"Industry, Commerce, and Development",1700003248,1,304,1,0,0,0,0,47.0,6.28,66.66666666666666,33.01321585903084
Kansas,2021-07-21,"Agency 74, Article 15",uniform accountancy act,board of accountancy,,"Industry, Commerce, and Development",1700003249,1,86,1,0,0,0,0,10.0,5.4,0.0,33.43076923076923
Kansas,2021-07-21,"Agency 74, Article 2",cpa exam application and education requirements,board of accountancy,,"Industry, Commerce, and Development",1700003240,19,1061,15,1,0,0,3,16.0,7.43,3.278688524590164,36.58075221238938
Kansas,2021-07-21,"Agency 74, Article 3",issuance of certificates,board of accountancy,,"Industry, Commerce, and Development",1700003241,2,75,1,0,0,0,1,11.0,5.46,0.0,37.763636363636365
Kansas,2021-07-21,"Agency 74, Article 4",permits to practice and continuing professional education requirements,board of accountancy,,"Industry, Commerce, and Development",1700003242,68,3234,53,0,0,0,15,22.0,8.09,11.347517730496454,35.58665749656121
Kansas,2021-07-21,"Agency 74, Article 5",code of professional conduct,board of accountancy,,"Industry, Commerce, and Development",1700003243,57,5001,52,0,0,1,4,23.0,7.87,13.043478260869565,37.94920104936799
Kansas,2021-07-21,"Agency 74, Article 6",additional offices,board of accountancy,,"Industry, Commerce, and Development",1700003244,3,417,3,0,0,0,0,15.0,6.65,0.0,31.626780626780626
Kansas,2021-07-21,"Agency 74, Article 7",firm registration,board of accountancy,,"Industry, Commerce, and Development",1700003245,4,472,4,0,0,0,0,13.0,6.71,6.0606060606060606,29.98759305210918
Kansas,2021-07-21,"Agency 75, Article 6",uniform consumer credit code,state bank commissioner consumer and mortgage lending division,,"Banking, Insurance, and Securities",1700003250,73,4524,61,1,0,0,11,30.0,8.68,12.05673758865248,35.46065773447016
Kansas,2021-07-21,"Agency 7, Article 16",fees,secretary of state,,Administration,1700002695,2,174,2,0,0,0,0,11.0,5.56,0.0,34.61417322834646
Kansas,2021-07-21,"Agency 7, Article 17",uniform commercial code,secretary of state,,Administration,1700002696,128,4909,126,0,0,0,2,16.0,7.97,15.807560137457044,30.900044523597508
Kansas,2021-07-21,"Agency 7, Article 20",changing hours of elections,secretary of state,,Administration,1700002697,4,134,2,0,0,0,2,12.0,5.51,10.0,22.110091743119263
Kansas,2021-07-21,"Agency 7, Article 21",voting machines,secretary of state,,Administration,1700002698,34,917,33,0,0,0,1,17.0,7.08,7.6923076923076925,32.04302325581396
Kansas,2021-07-21,"Agency 7, Article 23",voter registration,secretary of state,,Administration,1700002699,40,1645,32,0,0,0,8,20.0,7.33,30.37974683544304,37.391927083333336
Kansas,2021-07-21,"Agency 7, Article 24",supplies for voting places,secretary of state,,Administration,1700002700,13,323,11,0,0,0,2,16.0,6.27,10.526315789473683,31.85
Kansas,2021-07-21,"Agency 7, Article 25",abstracts of votes cast,secretary of state,,Administration,1700002701,3,63,3,0,0,0,0,10.0,5.1,0.0,35.7037037037037
Kansas,2021-07-21,"Agency 7, Article 26",certificates of nomination and election,secretary of state,,Administration,1700002702,2,96,2,0,0,0,0,10.0,5.11,0.0,38.96153846153846
Kansas,2021-07-21,"Agency 7, Article 27",party affiliation,secretary of state,,Administration,1700002703,8,284,8,0,0,0,0,21.0,6.06,23.07692307692308,33.041825095057035
Kansas,2021-07-21,"Agency 7, Article 28",sufficiency of petitions,secretary of state,,Administration,1700002704,7,285,7,0,0,0,0,25.0,6.0,,36.09489051094891
Kansas,2021-07-21,"Agency 7, Article 29",ballots,secretary of state,,Administration,1700002705,4,103,3,0,0,0,1,12.0,5.52,25.0,29.38888888888889
Kansas,2021-07-21,"Agency 7, Article 30",session laws,secretary of state,,Administration,1700002706,1,41,1,0,0,0,0,6.0,4.67,0.0,28.33333333333333
Kansas,2021-07-21,"Agency 7, Article 32",law books,secretary of state,,Administration,1700002707,2,181,2,0,0,0,0,17.0,5.81,0.0,41.48062015503876
Kansas,2021-07-21,"Agency 7, Article 33",information fees,secretary of state,,Administration,1700002708,4,167,4,0,0,0,0,11.0,6.12,14.285714285714285,35.08955223880597
Kansas,2021-07-21,"Agency 7, Article 34",corporation filing fees,secretary of state,,Administration,1700002709,1,160,1,0,0,0,0,28.0,6.13,0.0,43.95762711864407
Kansas,2021-07-21,"Agency 7, Article 35",census adjustment,secretary of state,,Administration,1700002710,14,560,14,0,0,0,0,23.0,6.58,17.391304347826086,37.32748538011696
Kansas,2021-07-21,"Agency 7, Article 36",absentee and advance voting,secretary of state,,Administration,1700002711,28,1378,27,0,0,0,1,15.0,6.96,25.925925925925924,33.433978132884775
Kansas,2021-07-21,"Agency 7, Article 37",motor voter,secretary of state,,Administration,1700002712,5,186,5,0,0,0,0,20.0,5.7,11.11111111111111,37.25988700564972
Kansas,2021-07-21,"Agency 7, Article 38",national voter registration act,secretary of state,,Administration,1700002713,5,239,5,0,0,0,0,23.0,5.83,50.0,35.15350877192982
Kansas,2021-07-21,"Agency 7, Article 39",uniform partnership act,secretary of state,,Administration,1700002714,3,161,3,0,0,0,0,22.0,5.81,14.285714285714285,39.96875
Kansas,2021-07-21,"Agency 7, Article 40",revised kansas trademark act,secretary of state,,Administration,1700002715,1,84,1,0,0,0,0,13.0,5.2,0.0,35.929577464788736
Kansas,2021-07-21,"Agency 7, Article 41",kansas uniform electronic transactions act,secretary of state,,Administration,1700002716,38,3343,33,0,0,0,5,19.0,7.83,10.650887573964498,41.71643253838615
Kansas,2021-07-21,"Agency 7, Article 42",charitable organizations,secretary of state,,Administration,1700002717,18,823,16,0,0,0,2,16.0,6.51,6.382978723404255,40.624
Kansas,2021-07-21,"Agency 7, Article 43",notaries public,secretary of state,,Administration,1700002718,12,719,11,0,0,0,1,13.0,6.8,11.320754716981131,40.19300911854104
Kansas,2021-07-21,"Agency 7, Article 44",address confidentialty program,secretary of state,,Administration,1700002719,24,1330,23,0,0,0,1,16.0,7.14,11.538461538461538,38.26236378876781
Kansas,2021-07-21,"Agency 7, Article 45",election board workers,secretary of state,,Administration,1700002720,9,417,9,0,0,0,0,18.0,6.46,9.090909090909092,33.590078328981726
Kansas,2021-07-21,"Agency 7, Article 46",photographic identification requirements,secretary of state,,Administration,1700002721,20,1053,20,0,0,0,0,20.0,6.88,35.294117647058826,36.31405782652044
Kansas,2021-07-21,"Agency 7, Article 47",audits,secretary of state,,Administration,1700002722,15,450,15,0,0,0,0,18.0,6.65,8.333333333333332,32.94536817102138
Kansas,2021-07-21,"Agency 7, Article 48",vote centers,secretary of state,,Administration,1700002723,33,1588,30,0,0,0,3,37.0,7.31,21.428571428571427,31.946718648473038
Kansas,2021-07-21,"Agency 80, Article 1",membership,kansas public employees retirement system,,Administration,1700003251,24,1596,21,0,0,0,3,12.0,6.91,4.098360655737705,31.56374355195284
Kansas,2021-07-21,"Agency 80, Article 2",multiple enrollment,kansas public employees retirement system,,Administration,1700003252,21,774,20,0,0,0,1,14.0,6.94,13.725490196078432,36.44699140401146
Kansas,2021-07-21,"Agency 80, Article 3",credit and breaks in service,kansas public employees retirement system,,Administration,1700003253,34,1469,31,1,0,0,2,14.0,7.49,14.432989690721648,33.68320610687023
Kansas,2021-07-21,"Agency 80, Article 4",members accounts,kansas public employees retirement system,,Administration,1700003254,4,257,3,0,0,0,1,8.0,5.9,3.4482758620689653,31.08743169398907
Kansas,2021-07-21,"Agency 80, Article 45",state school retirement system retirement credit,kansas public employees retirement system,,Administration,1700003260,7,496,4,1,0,0,2,14.0,6.38,18.181818181818183,33.77324263038549
Kansas,2021-07-21,"Agency 80, Article 5",retirement,kansas public employees retirement system,,Administration,1700003255,48,2764,46,0,0,0,2,14.0,7.92,10.106382978723405,31.668056713928276
Kansas,2021-07-21,"Agency 80, Article 50",police and firemen general,kansas public employees retirement system,,Administration,1700003261,21,853,21,0,0,0,0,14.0,7.07,5.357142857142857,34.15
Kansas,2021-07-21,"Agency 80, Article 51",police and firemen membership,kansas public employees retirement system,,Administration,1700003262,3,207,3,0,0,0,0,13.0,6.22,6.666666666666667,31.0
Kansas,2021-07-21,"Agency 80, Article 53",police and firemen credit and breaks in service,kansas public employees retirement system,,Administration,1700003263,1,130,1,0,0,0,0,18.0,5.33,0.0,29.0
Kansas,2021-07-21,"Agency 80, Article 55",police and firemen retirement,kansas public employees retirement system,,Administration,1700003264,10,348,10,0,0,0,0,14.0,6.36,13.043478260869565,31.594155844155843
Kansas,2021-07-21,"Agency 80, Article 6",actuarial tables,kansas public employees retirement system,,Administration,1700003256,3,306,3,0,0,0,0,24.0,6.45,16.666666666666664,31.03985507246377
Kansas,2021-07-21,"Agency 80, Article 7",insurance,kansas public employees retirement system,,Administration,1700003257,12,543,12,0,0,0,0,22.0,6.73,20.833333333333336,30.62977867203219
Kansas,2021-07-21,"Agency 80, Article 8",board election,kansas public employees retirement system,,Administration,1700003258,61,1861,59,0,1,0,1,13.0,7.61,3.6231884057971016,29.631837738168407
Kansas,2021-07-21,"Agency 80, Article 9",investments,kansas public employees retirement system,,Administration,1700003259,10,339,10,0,0,0,0,9.0,6.02,0.0,32.815331010452965
Kansas,2021-07-21,"Agency 81, Article 1",definitions of terms,office of the securities commissioner,,"Banking, Insurance, and Securities",1700003265,4,1792,4,0,0,0,0,34.0,8.2,25.49019607843137,37.62226169330965
Kansas,2021-07-21,"Agency 81, Article 10",advertising,office of the securities commissioner,,"Banking, Insurance, and Securities",1700003272,8,370,8,0,0,0,0,19.0,6.87,21.052631578947366,41.445427728613566
Kansas,2021-07-21,"Agency 81, Article 11",administrative procedure,office of the securities commissioner,,"Banking, Insurance, and Securities",1700003273,29,2407,27,0,0,0,2,7.0,6.76,8.450704225352112,26.450733752620547
Kansas,2021-07-21,"Agency 81, Article 14",investment advisers and investment adviser representatives,office of the securities commissioner,,"Banking, Insurance, and Securities",1700003274,351,15882,266,0,0,7,78,29.0,8.78,23.674242424242426,37.87285291214215
Kansas,2021-07-21,"Agency 81, Article 2",filing fees and forms,office of the securities commissioner,,"Banking, Insurance, and Securities",1700003266,3,941,3,0,0,0,0,20.0,7.34,7.5,32.24555735056543
Kansas,2021-07-21,"Agency 81, Article 3",licensing broker dealers and agents,office of the securities commissioner,,"Banking, Insurance, and Securities",1700003267,148,7946,128,0,0,7,13,27.0,8.94,21.942446043165468,36.894511378848726
Kansas,2021-07-21,"Agency 81, Article 4",registration of securities,office of the securities commissioner,,"Banking, Insurance, and Securities",1700003268,24,1181,17,0,0,0,7,19.0,7.43,21.428571428571427,36.14739884393064
Kansas,2021-07-21,"Agency 81, Article 5",exemptions,office of the securities commissioner,,"Banking, Insurance, and Securities",1700003269,121,8433,119,0,0,0,2,23.0,8.75,17.543859649122805,34.72361486052192
Kansas,2021-07-21,"Agency 81, Article 6",prospectus,office of the securities commissioner,,"Banking, Insurance, and Securities",1700003270,6,353,4,0,0,0,2,14.0,6.21,18.181818181818183,36.93421052631579
Kansas,2021-07-21,"Agency 81, Article 7",policy relating to registration,office of the securities commissioner,,"Banking, Insurance, and Securities",1700003271,24,1623,22,0,0,0,2,28.0,7.42,22.22222222222222,39.649721448467965
Kansas,2021-07-21,"Agency 82, Article 1",rules of practice and procedure,kansas corporation commission,,"Industry, Commerce, and Development",1700003275,501,20694,457,0,1,1,42,19.0,9.23,16.11328125,35.462801383654295
Kansas,2021-07-21,"Agency 82, Article 10",oil and natural gas liquid pipelines,kansas corporation commission,,"Industry, Commerce, and Development",1700003282,21,983,19,0,1,0,1,14.0,7.22,4.6875,32.43799772468714
Kansas,2021-07-21,"Agency 82, Article 11",natural gas pipeline safety,kansas corporation commission,,"Industry, Commerce, and Development",1700003283,218,9266,191,5,0,5,17,22.0,8.91,18.34625322997416,34.07273597320253
Kansas,2021-07-21,"Agency 82, Article 12",wire stringing rules,kansas corporation commission,,"Industry, Commerce, and Development",1700003284,29,1698,24,0,0,0,5,19.0,7.74,15.476190476190476,39.14726242920076
Kansas,2021-07-21,"Agency 82, Article 13",telecommunications,kansas corporation commission,,"Industry, Commerce, and Development",1700003285,42,1309,36,2,0,0,4,26.0,6.76,20.40816326530612,38.707142857142856
Kansas,2021-07-21,"Agency 82, Article 14",kansas underground utility damage prevention act,kansas corporation commission,,"Industry, Commerce, and Development",1700003286,79,4886,74,0,0,0,5,28.0,8.27,24.404761904761905,34.59855611463575
Kansas,2021-07-21,"Agency 82, Article 15",video service authorization,kansas corporation commission,,"Industry, Commerce, and Development",1700003287,18,556,18,0,0,0,0,28.0,6.39,20.0,36.99605522682446
Kansas,2021-07-21,"Agency 82, Article 16",electric utility renewable energy standards,kansas corporation commission,,"Industry, Commerce, and Development",1700003288,36,2066,31,0,0,0,5,22.0,7.83,17.77777777777778,34.74419804022692
Kansas,2021-07-21,"Agency 82, Article 17",net metering,kansas corporation commission,,"Industry, Commerce, and Development",1700003289,21,1487,18,0,0,0,3,19.0,7.62,7.042253521126761,36.50477590007348
Kansas,2021-07-21,"Agency 82, Article 3",production and conservation of oil and gas,kansas corporation commission,,"Industry, Commerce, and Development",1700003276,1940,78685,1753,1,2,9,175,20.0,9.53,12.837108953613807,34.35229723005474
Kansas,2021-07-21,"Agency 82, Article 4",motor carriers of persons and property,kansas corporation commission,,"Industry, Commerce, and Development",1700003277,1012,36202,973,7,0,0,32,14.0,8.59,6.038756196484903,30.779474909043238
Kansas,2021-07-21,"Agency 82, Article 5",railroad safety,kansas corporation commission,,"Industry, Commerce, and Development",1700003278,62,3210,53,6,2,0,1,26.0,8.28,24.369747899159663,33.43332178732248
Kansas,2021-07-21,"Agency 82, Article 6",suppression of diesel locomotive originated fires on railroad right of way,kansas corporation commission,,"Industry, Commerce, and Development",1700003279,10,534,10,0,0,0,0,18.0,7.11,7.4074074074074066,29.25625
Kansas,2021-07-21,"Agency 82, Article 8",siting of nuclear generation facilities,kansas corporation commission,,"Industry, Commerce, and Development",1700003280,41,2406,32,0,0,0,9,39.0,8.35,13.333333333333334,37.8
Kansas,2021-07-21,"Agency 82, Article 9",railroad rates,kansas corporation commission,,"Industry, Commerce, and Development",1700003281,129,7005,124,1,2,1,1,17.0,8.48,18.58638743455497,34.29982858033349
Kansas,2021-07-21,"Agency 84, Article 1",general provisions,public employee relations board,,Labor and Workforce Development,1700003290,13,638,12,0,0,0,1,13.0,6.97,15.909090909090908,32.54260869565218
Kansas,2021-07-21,"Agency 84, Article 2",procedure,public employee relations board,,Labor and Workforce Development,1700003291,124,4938,112,6,0,0,6,21.0,8.32,18.94273127753304,31.415727902946276
Kansas,2021-07-21,"Agency 84, Article 3",prohibited practices,public employee relations board,,Labor and Workforce Development,1700003292,18,1002,13,0,0,5,0,16.0,7.17,12.06896551724138,30.681974741676235
Kansas,2021-07-21,"Agency 84, Article 4",local government procedures,public employee relations board,,Labor and Workforce Development,1700003293,27,1732,21,5,0,0,1,19.0,7.45,10.112359550561797,34.47707006369427
Kansas,2021-07-21,"Agency 84, Article 5",impasse,public employee relations board,,Labor and Workforce Development,1700003294,0,84,0,0,0,0,0,15.0,5.53,20.0,30.772727272727277
Kansas,2021-07-21,"Agency 85, Article 3",abstract bonds,abstracters board of examiners,,"Industry, Commerce, and Development",1700003295,1,72,1,0,0,0,0,9.0,5.33,0.0,28.63636363636364
Kansas,2021-07-21,"Agency 85, Article 4",license fee,abstracters board of examiners,,"Industry, Commerce, and Development",1700003296,1,51,1,0,0,0,0,6.0,5.12,0.0,29.516129032258064
Kansas,2021-07-21,"Agency 85, Article 6",insurance,abstracters board of examiners,,"Industry, Commerce, and Development",1700003297,2,109,2,0,0,0,0,12.0,5.67,0.0,28.310344827586206
Kansas,2021-07-21,"Agency 85, Article 7",examination fees,abstracters board of examiners,,"Industry, Commerce, and Development",1700003298,2,71,2,0,0,0,0,8.0,5.27,14.285714285714285,30.28
Kansas,2021-07-21,"Agency 86, Article 1",examination and registration,kansas real estate commission,,"Industry, Commerce, and Development",1700003299,65,3514,61,0,0,0,4,16.0,7.81,3.571428571428571,33.83936955063716
Kansas,2021-07-21,"Agency 86, Article 2",authority of commission procedure,kansas real estate commission,,"Industry, Commerce, and Development",1700003300,0,70,0,0,0,0,0,4.0,5.08,0.0,21.51219512195122
Kansas,2021-07-21,"Agency 86, Article 3",persons holding licenses duties,kansas real estate commission,,"Industry, Commerce, and Development",1700003301,53,3733,47,0,0,0,6,19.0,8.12,10.497237569060774,35.640782635279734
Kansas,2021-07-21,"Agency 88, Article 12",guidelines for participation in the regents voluntary phased retirement program,kansas board of regents,,College and University,1700003306,17,800,17,0,0,0,0,14.0,6.73,7.4074074074074066,37.27162367223065
Kansas,2021-07-21,"Agency 88, Article 13",student assistance programs,kansas board of regents,,College and University,1700003307,40,3036,29,0,0,0,11,17.0,7.74,7.975460122699387,36.74418604651163
Kansas,2021-07-21,"Agency 88, Article 14",community resource program,kansas board of regents,,College and University,1700003308,26,643,23,0,0,0,3,11.0,6.9,1.8867924528301887,36.80960854092527
Kansas,2021-07-21,"Agency 88, Article 17",waiver of fees or tuition for selected rotc members,kansas board of regents,,College and University,1700003309,9,421,8,0,0,0,1,16.0,6.29,4.166666666666666,37.15633423180593
Kansas,2021-07-21,"Agency 88, Article 18",kansas honors program,kansas board of regents,,College and University,1700003310,22,1079,16,0,0,0,6,12.0,7.38,5.747126436781609,35.88671472708548
Kansas,2021-07-21,"Agency 88, Article 19",kansas rhodes scholarship program,kansas board of regents,,College and University,1700003311,8,548,5,0,0,0,3,15.0,6.77,0.0,34.90744466800805
Kansas,2021-07-21,"Agency 88, Article 2",procedures for determining residence for fee purposes,kansas board of regents,,College and University,1700003302,19,713,19,0,0,0,0,17.0,6.96,12.82051282051282,36.413953488372094
Kansas,2021-07-21,"Agency 88, Article 20",kansas nursing student scholarship program,kansas board of regents,,College and University,1700003312,18,1723,14,0,0,0,4,13.0,7.91,6.349206349206349,35.7680412371134
Kansas,2021-07-21,"Agency 88, Article 21",kansas ethnic minority scholarship program,kansas board of regents,,College and University,1700003313,20,1445,16,0,0,0,4,13.0,7.77,9.70873786407767,37.06766325727774
Kansas,2021-07-21,"Agency 88, Article 22",kansas teacher scholarship program,kansas board of regents,,College and University,1700003314,25,1427,19,0,0,0,6,12.0,7.6,6.796116504854369,36.58517350157729
Kansas,2021-07-21,"Agency 88, Article 24",general education development ged test,kansas board of regents,,College and University,1700003315,5,333,5,0,0,0,0,19.0,6.75,5.88235294117647,34.69415807560137
Kansas,2021-07-21,"Agency 88, Article 25",ao k to work program,kansas board of regents,,College and University,1700003316,9,550,8,0,0,0,1,14.0,6.77,0.0,35.13636363636363
Kansas,2021-07-21,"Agency 88, Article 26",community colleges technical colleges and washburn institute of technology,kansas board of regents,,College and University,1700003317,36,2649,31,0,0,0,5,14.0,8.03,7.0588235294117645,36.783425886373344
Kansas,2021-07-21,"Agency 88, Article 27",washburn municipal university,kansas board of regents,,College and University,1700003318,27,1133,27,0,0,0,0,20.0,7.07,9.433962264150944,32.58506616257089
Kansas,2021-07-21,"Agency 88, Article 28",private and out of state postsecondary education institutions,kansas board of regents,,College and University,1700003319,113,6365,98,1,0,0,14,34.0,8.71,27.22222222222222,37.09332884097035
Kansas,2021-07-21,"Agency 88, Article 29",qualified admission,kansas board of regents,,College and University,1700003320,122,5985,114,0,0,0,8,30.0,8.7,8.24742268041237,38.702131502890175
Kansas,2021-07-21,"Agency 88, Article 29a",state university admissions,kansas board of regents,,College and University,1700003321,182,9036,170,0,0,0,12,28.0,7.85,27.39273927392739,35.38868919242751
Kansas,2021-07-21,"Agency 88, Article 29b",university of kansas admissions,kansas board of regents,,College and University,1700003322,153,9397,137,0,0,0,16,24.0,7.71,15.760869565217392,34.08163988657845
Kansas,2021-07-21,"Agency 88, Article 29c",state university admissions beginning with review of applications for 2021 summer session,kansas board of regents,,College and University,1700003323,56,3455,50,0,0,0,6,27.0,7.54,22.88135593220339,34.87258320126783
Kansas,2021-07-21,"Agency 88, Article 29d",university of kansas admissions beginning with review of applications for 2021 summer session,kansas board of regents,,College and University,1700003324,57,4250,51,0,0,0,6,27.0,7.58,19.444444444444446,32.85480093676815
Kansas,2021-07-21,"Agency 88, Article 3",guidelines for the determination of residency for fee purposes,kansas board of regents,,College and University,1700003303,42,3565,38,1,0,0,3,24.0,8.03,22.463768115942027,35.307466579719595
Kansas,2021-07-21,"Agency 88, Article 30",student health insurance program,kansas board of regents,,College and University,1700003325,9,868,9,0,0,0,0,25.0,7.3,12.12121212121212,34.46632782719187
Kansas,2021-07-21,"Agency 88, Article 8",kansas career work study program,kansas board of regents,,College and University,1700003304,27,1373,25,1,0,0,1,16.0,7.45,1.2195121951219512,35.83668543845535
Kansas,2021-07-21,"Agency 88, Article 9",vocational education scholarship program,kansas board of regents,,College and University,1700003305,11,804,7,0,0,0,4,14.0,7.18,7.547169811320755,38.228142076502735
Kansas,2021-07-21,"Agency 91, Article 1",certificate regulations,kansas state department of education,,Primary and Secondary Education,1700003326,377,21412,354,0,0,0,23,34.0,8.5,13.578274760383383,40.96720504234784
Kansas,2021-07-21,"Agency 91, Article 15",school conduct rules,kansas state department of education,,Primary and Secondary Education,1700003329,3,137,3,0,0,0,0,22.0,5.59,0.0,32.266666666666666
Kansas,2021-07-21,"Agency 91, Article 16",vocational education,kansas state department of education,,Primary and Secondary Education,1700003330,58,3044,52,2,0,0,4,21.0,7.69,12.318840579710146,32.20029239766082
Kansas,2021-07-21,"Agency 91, Article 19",student teachers,kansas state department of education,,Primary and Secondary Education,1700003331,20,695,17,0,0,2,1,16.0,6.28,2.380952380952381,44.101246105919
Kansas,2021-07-21,"Agency 91, Article 21",disorganization of a unified school district by election,kansas state department of education,,Primary and Secondary Education,1700003332,12,441,12,0,0,0,0,31.0,6.32,50.0,36.96478873239437
Kansas,2021-07-21,"Agency 91, Article 22",professional practices commission,kansas state department of education,,Primary and Secondary Education,1700003333,47,1768,46,0,0,0,1,19.0,7.58,10.989010989010987,34.04037267080745
Kansas,2021-07-21,"Agency 91, Article 26",nonprofit school food service programs,kansas state department of education,,Primary and Secondary Education,1700003334,28,1314,27,0,0,1,0,17.0,7.71,10.526315789473683,34.25530179445351
Kansas,2021-07-21,"Agency 91, Article 29",procedures for employees of the kansas state schools for the deaf and visually handicapped to participate in tax sheltered annuities,kansas state department of education,,Primary and Secondary Education,1700003335,30,1265,28,0,0,1,1,14.0,7.05,4.938271604938271,34.00468603561387
Kansas,2021-07-21,"Agency 91, Article 31",accreditation,kansas state department of education,,Primary and Secondary Education,1700003336,101,4139,95,0,0,0,6,25.0,8.11,15.66265060240964,36.380746761493526
Kansas,2021-07-21,"Agency 91, Article 37",parents as teachers grants,kansas state department of education,,Primary and Secondary Education,1700003337,24,958,22,0,0,0,2,19.0,7.13,2.083333333333333,35.48131370328426
Kansas,2021-07-21,"Agency 91, Article 38",school bus transportation,kansas state department of education,,Primary and Secondary Education,1700003338,164,5316,145,0,0,0,19,21.0,8.27,20.49180327868853,36.07416930379747
Kansas,2021-07-21,"Agency 91, Article 40",special education,kansas state department of education,,Primary and Secondary Education,1700003339,454,24727,396,3,0,0,55,26.0,8.85,27.362637362637365,35.99786260847262
Kansas,2021-07-21,"Agency 91, Article 41",mentor teacher program,kansas state department of education,,Primary and Secondary Education,1700003340,5,743,5,0,0,0,0,18.0,6.98,7.6923076923076925,40.44791666666666
Kansas,2021-07-21,"Agency 91, Article 42",emergency safety interventions,kansas state department of education,,Primary and Secondary Education,1700003341,91,4325,82,2,0,1,6,31.0,8.22,30.656934306569344,36.30731707317073
Kansas,2021-07-21,"Agency 91, Article 5",driver and traffic safety education courses,kansas state department of education,,Primary and Secondary Education,1700003327,33,1861,31,0,0,0,2,20.0,7.41,14.117647058823527,34.2264631043257
Kansas,2021-07-21,"Agency 91, Article 7",commercial drivers training schools,kansas state department of education,,Primary and Secondary Education,1700003328,80,2423,72,0,0,1,7,18.0,7.69,7.751937984496124,33.02453166815344
Kansas,2021-07-21,"Agency 92, Article 11",withholding and estimated tax,kansas department of revenue,,Taxes and Public Finance,1700003346,20,818,13,0,0,1,6,17.0,6.82,13.043478260869565,29.62585969738652
Kansas,2021-07-21,"Agency 92, Article 12",income tax,kansas department of revenue,,Taxes and Public Finance,1700003347,323,20123,299,0,0,1,23,21.0,9.06,23.09344790547798,32.7092168353756
Kansas,2021-07-21,"Agency 92, Article 13",interstate motor fuel use tax,kansas department of revenue,,Taxes and Public Finance,1700003348,33,1404,30,0,0,0,3,16.0,7.5,11.25,32.763888888888886
Kansas,2021-07-21,"Agency 92, Article 14",liquefied petroleum fuel tax,kansas department of revenue,,Taxes and Public Finance,1700003349,24,1198,21,0,0,0,3,16.0,7.34,20.588235294117645,26.70121381886088
Kansas,2021-07-21,"Agency 92, Article 15",nonresident contractors,kansas department of revenue,,Taxes and Public Finance,1700003350,13,486,11,0,0,0,2,14.0,6.48,9.67741935483871,32.91743119266055
Kansas,2021-07-21,"Agency 92, Article 17",tobacco products,kansas department of revenue,,Taxes and Public Finance,1700003351,35,1203,30,0,0,0,5,19.0,7.07,8.47457627118644,31.0264598540146
Kansas,2021-07-21,"Agency 92, Article 19",kansas retailers sales tax,kansas department of revenue,,Taxes and Public Finance,1700003352,983,44166,893,11,2,0,77,23.0,9.48,24.599786552828174,32.29691810139827
Kansas,2021-07-21,"Agency 92, Article 2",inheritance taxes,kansas department of revenue,,Taxes and Public Finance,1700003342,131,6279,124,1,1,0,5,15.0,8.12,14.85148514851485,31.22235807860262
Kansas,2021-07-21,"Agency 92, Article 20",compensating tax,kansas department of revenue,,Taxes and Public Finance,1700003353,50,3898,47,0,0,0,3,19.0,7.73,16.0427807486631,32.71378910776362
Kansas,2021-07-21,"Agency 92, Article 21",local retailers sales tax,kansas department of revenue,,Taxes and Public Finance,1700003354,10,1083,7,0,0,0,3,9.0,6.63,9.25925925925926,28.286729857819907
Kansas,2021-07-21,"Agency 92, Article 22",homestead tax relief,kansas department of revenue,,Taxes and Public Finance,1700003355,42,2272,40,0,0,0,2,18.0,7.74,19.166666666666668,30.639376218323587
Kansas,2021-07-21,"Agency 92, Article 23",charitable gaming,kansas department of revenue,,Taxes and Public Finance,1700003356,129,5237,112,3,0,3,11,16.0,8.03,14.240506329113924,30.31282915525595
Kansas,2021-07-21,"Agency 92, Article 24",liquor drink tax,kansas department of revenue,,Taxes and Public Finance,1700003357,51,2602,44,0,0,1,6,14.0,7.62,9.411764705882351,30.14599542334096
Kansas,2021-07-21,"Agency 92, Article 25",transient guest tax,kansas department of revenue,,Taxes and Public Finance,1700003358,1,134,1,0,0,0,0,15.0,5.58,0.0,23.19626168224299
Kansas,2021-07-21,"Agency 92, Article 26",agricultural ethyl alcohol producer incentive,kansas department of revenue,,Taxes and Public Finance,1700003359,38,1538,32,0,0,0,6,19.0,7.77,14.102564102564102,35.2093023255814
Kansas,2021-07-21,"Agency 92, Article 27",qualified biodiesel fuel producer incentive,kansas department of revenue,,Taxes and Public Finance,1700003360,29,1151,26,0,0,0,3,20.0,7.26,20.0,36.5162213740458
Kansas,2021-07-21,"Agency 92, Article 28",retail dealer incentive,kansas department of revenue,,Taxes and Public Finance,1700003361,22,727,19,0,0,0,3,17.0,6.73,9.75609756097561,33.75417298937784
Kansas,2021-07-21,"Agency 92, Article 3",motor fuel tax and transportation of liquid fuel,kansas department of revenue,,Taxes and Public Finance,1700003343,53,2197,50,0,0,0,3,17.0,8.05,10.655737704918032,31.679012345679013
Kansas,2021-07-21,"Agency 92, Article 5",cigarette tax,kansas department of revenue,,Taxes and Public Finance,1700003344,50,2020,43,0,0,0,7,16.0,7.47,5.982905982905983,32.76268320180383
Kansas,2021-07-21,"Agency 92, Article 50",manufacture distribution and sale of motor vehicles review board,kansas department of revenue,,Taxes and Public Finance,1700003362,4,123,3,0,0,0,1,10.0,5.61,9.090909090909092,28.272727272727277
Kansas,2021-07-21,"Agency 92, Article 51",titles and registration,kansas department of revenue,,Taxes and Public Finance,1700003363,106,5209,96,0,0,0,10,17.0,8.27,16.319444444444446,32.37794085905461
Kansas,2021-07-21,"Agency 92, Article 52",motor vehicle drivers licenses,kansas department of revenue,,Taxes and Public Finance,1700003364,36,2441,31,0,0,0,5,15.0,8.01,5.405405405405405,32.2856463878327
Kansas,2021-07-21,"Agency 92, Article 55",motor vehicle taxation,kansas department of revenue,,Taxes and Public Finance,1700003365,43,2958,40,0,0,0,3,19.0,7.39,10.416666666666668,30.58746635909265
Kansas,2021-07-21,"Agency 92, Article 56",ignition interlock devices,kansas department of revenue,,Taxes and Public Finance,1700003366,107,5008,90,0,0,1,16,27.0,8.32,20.87912087912088,36.82272917538719
Kansas,2021-07-21,"Agency 92, Article 57",tax on consumable material,kansas department of revenue,,Taxes and Public Finance,1700003367,27,1431,25,0,0,0,2,21.0,7.32,10.44776119402985,35.48905109489051
Kansas,2021-07-21,"Agency 92, Article 9",minerals and natural products leases on navigable streambeds,kansas department of revenue,,Taxes and Public Finance,1700003345,19,762,18,0,0,0,1,13.0,7.25,3.636363636363636,28.449852507374636
Kansas,2021-07-21,"Agency 93, Article 4",real estate ratio study,kansas department of revenue division of property valuation,,Taxes and Public Finance,1700003368,11,976,10,0,0,0,1,22.0,7.08,7.142857142857142,35.493135011441645
Kansas,2021-07-21,"Agency 93, Article 5",property valuation notices,kansas department of revenue division of property valuation,,Taxes and Public Finance,1700003369,2,154,1,0,0,0,1,16.0,5.87,0.0,36.38805970149254
Kansas,2021-07-21,"Agency 93, Article 6",registered mass appraiser,kansas department of revenue division of property valuation,,Taxes and Public Finance,1700003370,35,1405,31,0,0,0,4,16.0,7.37,1.2658227848101269,36.6863711001642
Kansas,2021-07-21,"Agency 93, Article 7",machinery and equipment exemption,kansas department of revenue division of property valuation,,Taxes and Public Finance,1700003371,6,278,6,0,0,0,0,13.0,5.98,15.0,38.958333333333336
Kansas,2021-07-21,"Agency 93, Article 8",telecommuncations machinery and equipment and railroad machinery and equipment exemption,kansas department of revenue division of property valuation,,Taxes and Public Finance,1700003372,6,287,6,0,0,0,0,14.0,5.95,15.0,42.397590361445786
Kansas,2021-07-21,"Agency 93, Article 9",complex industrial property,kansas department of revenue division of property valuation,,Taxes and Public Finance,1700003373,5,275,3,0,0,0,2,14.0,6.26,0.0,40.56378600823045
Kansas,2021-07-21,"Agency 94, Article 3",economic development revenue bonds,kansas board of tax appeals,,Taxes and Public Finance,1700003374,25,809,19,0,0,0,6,13.0,7.36,8.771929824561402,31.73617021276596
Kansas,2021-07-21,"Agency 94, Article 4",court member continued education,kansas board of tax appeals,,Taxes and Public Finance,1700003375,6,219,4,0,0,0,2,12.0,6.1,0.0,33.34285714285714
Kansas,2021-07-21,"Agency 94, Article 5",proceedings before the court,kansas board of tax appeals,,Taxes and Public Finance,1700003376,144,6625,136,0,0,0,8,18.0,8.54,16.231884057971012,32.74174273858921
Kansas,2021-07-21,"Agency 97, Article 1",soldiers home membership,kansas commission on veterans affairs,,"Security, Justice, and Corrections",1700003377,54,2405,52,0,0,0,2,17.0,8.1,16.666666666666664,33.474734042553195
Kansas,2021-07-21,"Agency 97, Article 2",rules governing members,kansas commission on veterans affairs,,"Security, Justice, and Corrections",1700003378,8,245,8,0,0,0,0,13.0,6.12,0.0,30.255924170616115
Kansas,2021-07-21,"Agency 97, Article 3",discharges termination of membership,kansas commission on veterans affairs,,"Security, Justice, and Corrections",1700003379,19,847,16,0,0,2,1,18.0,7.2,4.444444444444445,29.186928104575163
Kansas,2021-07-21,"Agency 97, Article 4",veteran memorial donations to the kansas commission on veterans affairs for the construction and maintenance of capital improvement projects,kansas commission on veterans affairs,,"Security, Justice, and Corrections",1700003380,55,2086,53,0,0,0,2,18.0,8.04,12.173913043478262,36.80438104941416
Kansas,2021-07-21,"Agency 97, Article 5",financial benefits to dependents of prisoners of war persons missing in action or who died as a result of injuries suffered in the line of duty,kansas commission on veterans affairs,,"Security, Justice, and Corrections",1700003381,2,299,1,1,0,0,0,16.0,6.51,5.88235294117647,34.900383141762454
Kansas,2021-07-21,"Agency 97, Article 6",veterans claims assistance program and the service grant program,kansas commission on veterans affairs,,"Security, Justice, and Corrections",1700003382,69,3292,61,0,0,0,8,24.0,8.19,8.823529411764707,37.55392936684696
Kansas,2021-07-21,"Agency 97, Article 7",vietnam war era medallion program,kansas commission on veterans affairs,,"Security, Justice, and Corrections",1700003383,34,1790,32,0,0,0,2,19.0,7.48,14.893617021276595,34.61890427453341
Kansas,2021-07-21,"Agency 98, Article 1",definitions,kansas water authority,,"Environmental Protection, Public Utilities, and Natural Resources",1700003384,3,991,3,0,0,0,0,17.0,7.58,0.0,33.95531914893617
Kansas,2021-07-21,"Agency 98, Article 2",public hearings on the state water plan,kansas water authority,,"Environmental Protection, Public Utilities, and Natural Resources",1700003385,11,441,11,0,0,0,0,16.0,6.37,7.4074074074074066,28.38942307692308
Kansas,2021-07-21,"Agency 98, Article 4",weather modification,kansas water authority,,"Environmental Protection, Public Utilities, and Natural Resources",1700003386,52,2199,42,0,0,0,10,21.0,7.9,12.12121212121212,34.27682508574228
Kansas,2021-07-21,"Agency 98, Article 5",state water plan storage,kansas water authority,,"Environmental Protection, Public Utilities, and Natural Resources",1700003387,72,3220,67,0,0,0,5,20.0,7.77,20.0,32.53840992955384
Kansas,2021-07-21,"Agency 98, Article 6",water assurance program,kansas water authority,,"Environmental Protection, Public Utilities, and Natural Resources",1700003388,19,1335,19,0,0,0,0,27.0,7.36,16.666666666666664,36.018167456556085
Kansas,2021-07-21,"Agency 98, Article 7",lower smoky hill water supply access program,kansas water authority,,"Environmental Protection, Public Utilities, and Natural Resources",1700003389,43,2090,42,0,0,0,1,22.0,7.46,16.483516483516482,35.130632911392404
Kansas,2021-07-21,"Agency 98, Article 8",easement authority on navigable rivers,kansas water authority,,"Environmental Protection, Public Utilities, and Natural Resources",1700003390,18,872,17,1,0,0,0,20.0,6.85,19.047619047619047,33.066265060240966
Kansas,2021-07-21,"Agency 99, Article 25",technical requirements for weighing and measuring devices,kansas state department of agriculture division of weights and measures,,"Industry, Commerce, and Development",1700003391,36,2119,29,0,0,0,7,14.0,7.82,5.839416058394161,36.81969949916528
Kansas,2021-07-21,"Agency 99, Article 26",fees,kansas state department of agriculture division of weights and measures,,"Industry, Commerce, and Development",1700003392,3,235,3,0,0,0,0,20.0,6.45,0.0,35.05102040816327
Kansas,2021-07-21,"Agency 99, Article 27",civil penalty,kansas state department of agriculture division of weights and measures,,"Industry, Commerce, and Development",1700003393,15,1689,15,0,0,0,0,25.0,7.68,21.53846153846154,32.70857891290111
Kansas,2021-07-21,"Agency 99, Article 30",large capacity scales testing and service,kansas state department of agriculture division of weights and measures,,"Industry, Commerce, and Development",1700003394,19,817,17,0,0,0,2,14.0,7.05,5.660377358490567,31.96948682385576
Kansas,2021-07-21,"Agency 99, Article 31",motor vehicle fuel measuring devices,kansas state department of agriculture division of weights and measures,,"Industry, Commerce, and Development",1700003395,18,878,16,0,0,0,2,14.0,7.21,3.508771929824561,34.60915032679738
Kansas,2021-07-21,"Agency 99, Article 40",petroleum measurement,kansas state department of agriculture division of weights and measures,,"Industry, Commerce, and Development",1700003396,4,204,3,0,0,0,1,17.0,6.19,27.27272727272727,32.3125
Kansas,2021-07-21,"Agency 9, Article 1",anthrax vaccine,animal health department,,"Environmental Protection, Public Utilities, and Natural Resources",1700002724,5,263,5,0,0,0,0,21.0,5.72,50.0,38.48987854251012
Kansas,2021-07-21,"Agency 9, Article 10",public livestock markets,animal health department,,"Environmental Protection, Public Utilities, and Natural Resources",1700002733,182,6562,169,1,0,0,12,16.0,8.46,12.12121212121212,33.024283305227655
Kansas,2021-07-21,"Agency 9, Article 11",tuberculosis,animal health department,,"Environmental Protection, Public Utilities, and Natural Resources",1700002734,0,91,0,0,0,0,0,12.0,5.51,0.0,41.65
Kansas,2021-07-21,"Agency 9, Article 12",swine specific pathogen free regulations,animal health department,,"Environmental Protection, Public Utilities, and Natural Resources",1700002735,36,1261,28,3,0,0,5,13.0,7.38,7.6923076923076925,39.78122232063773
Kansas,2021-07-21,"Agency 9, Article 14",livestock dealers registration,animal health department,,"Environmental Protection, Public Utilities, and Natural Resources",1700002736,7,448,7,0,0,0,0,15.0,6.91,3.7037037037037033,35.97938144329897
Kansas,2021-07-21,"Agency 9, Article 15",livestock brands,animal health department,,"Environmental Protection, Public Utilities, and Natural Resources",1700002737,8,590,8,0,0,0,0,12.0,6.74,4.761904761904762,31.49036402569593
Kansas,2021-07-21,"Agency 9, Article 17",pseudorabies in swine,animal health department,,"Environmental Protection, Public Utilities, and Natural Resources",1700002738,22,1471,22,0,0,0,0,10.0,6.8,5.0,30.09819967266776
Kansas,2021-07-21,"Agency 9, Article 18",animal facility inspection program license and registration fees,animal health department,,"Environmental Protection, Public Utilities, and Natural Resources",1700002739,226,8739,205,0,0,4,17,18.0,8.83,12.364425162689804,32.561161703175
Kansas,2021-07-21,"Agency 9, Article 2",bovine brucellosis,animal health department,,"Environmental Protection, Public Utilities, and Natural Resources",1700002725,27,1292,25,2,0,0,0,18.0,7.57,13.636363636363637,34.229609929078016
Kansas,2021-07-21,"Agency 9, Article 27",reportable diseases,animal health department,,"Environmental Protection, Public Utilities, and Natural Resources",1700002740,2,205,2,0,0,0,0,21.0,6.7,0.0,45.85326086956522
Kansas,2021-07-21,"Agency 9, Article 28",brucella ovis,animal health department,,"Environmental Protection, Public Utilities, and Natural Resources",1700002741,8,399,8,0,0,0,0,14.0,6.47,3.8461538461538463,32.73770491803279
Kansas,2021-07-21,"Agency 9, Article 3",swine brucellosis and cervids,animal health department,,"Environmental Protection, Public Utilities, and Natural Resources",1700002726,99,5257,93,0,0,1,5,18.0,8.37,11.956521739130435,33.577002477291494
Kansas,2021-07-21,"Agency 9, Article 30",equine infectious anemia,animal health department,,"Environmental Protection, Public Utilities, and Natural Resources",1700002742,12,472,12,0,0,0,0,14.0,6.65,3.225806451612903,30.90801886792453
Kansas,2021-07-21,"Agency 9, Article 32",scrapie in sheep and goats,animal health department,,"Environmental Protection, Public Utilities, and Natural Resources",1700002743,56,2853,47,0,0,0,9,29.0,7.71,24.210526315789476,35.85387596899225
Kansas,2021-07-21,"Agency 9, Article 4",disposal plants,animal health department,,"Environmental Protection, Public Utilities, and Natural Resources",1700002727,17,727,17,0,0,0,0,15.0,7.21,13.333333333333334,33.77293233082707
Kansas,2021-07-21,"Agency 9, Article 5",garbage feeding,animal health department,,"Environmental Protection, Public Utilities, and Natural Resources",1700002728,22,813,21,0,0,0,1,15.0,6.88,11.538461538461538,36.21244925575102
Kansas,2021-07-21,"Agency 9, Article 6",hog cholera,animal health department,,"Environmental Protection, Public Utilities, and Natural Resources",1700002729,9,500,7,0,0,2,0,10.0,6.5,6.666666666666667,34.256345177664976
Kansas,2021-07-21,"Agency 9, Article 7",movement of livestock into or through kansas,animal health department,,"Environmental Protection, Public Utilities, and Natural Resources",1700002730,140,6412,128,0,0,3,9,22.0,8.34,15.140845070422534,36.00910183754079
Kansas,2021-07-21,"Agency 9, Article 8",livestock feed lots,animal health department,,"Environmental Protection, Public Utilities, and Natural Resources",1700002731,20,609,20,0,0,0,0,14.0,7.15,10.0,34.63186813186813
Kansas,2021-07-21,"Agency 9, Article 9",poultry and hatching eggs,animal health department,,"Environmental Protection, Public Utilities, and Natural Resources",1700002732,13,882,11,0,0,1,1,25.0,6.97,35.294117647058826,35.60791366906475
Kansas,2022-04-25,"Agency 100, Article 1",board of healing arts,kansas state board of healing arts,,Health Services,1700007569,2,26,2,0,0,0,0,24.0,3.73,0.0,28.0
Kansas,2022-04-25,"Agency 100, Article 10a",exempt license,kansas state board of healing arts,,Health Services,1700007578,21,833,15,2,0,0,4,27.0,7.2,37.93103448275862,35.156330749354005
Kansas,2022-04-25,"Agency 100, Article 11",fees,kansas state board of healing arts,,Health Services,1700007579,1,273,1,0,0,0,0,,5.43,0.0,35.625
Kansas,2022-04-25,"Agency 100, Article 12",records,kansas state board of healing arts,,Health Services,1700007580,5,72,4,0,0,0,1,23.0,4.97,0.0,32.06060606060606
Kansas,2022-04-25,"Agency 100, Article 15",license renewal continuing education,kansas state board of healing arts,,Health Services,1700007581,47,1599,43,0,0,0,4,50.0,7.58,12.903225806451612,37.87393860222077
Kansas,2022-04-25,"Agency 100, Article 16",revocation,kansas state board of healing arts,,Health Services,1700007582,0,36,0,0,0,0,0,15.0,4.42,50.0,24.79310344827586
Kansas,2022-04-25,"Agency 100, Article 18a",advertising,kansas state board of healing arts,,Health Services,1700007583,2,79,2,0,0,0,0,38.0,4.54,0.0,38.60526315789474
Kansas,2022-04-25,"Agency 100, Article 19",administrative procedures,kansas state board of healing arts,,Health Services,1700007584,5,306,4,1,0,0,0,27.0,6.49,9.090909090909092,43.81118881118881
Kansas,2022-04-25,"Agency 100, Article 2",officers,kansas state board of healing arts,,Health Services,1700007570,6,148,5,0,0,0,1,28.0,5.35,40.0,32.39855072463768
Kansas,2022-04-25,"Agency 100, Article 21",dispensing physicians,kansas state board of healing arts,,Health Services,1700007585,19,561,17,0,0,0,2,27.0,7.01,15.0,37.89074074074074
Kansas,2022-04-25,"Agency 100, Article 22",dishonorable conduct,kansas state board of healing arts,,Health Services,1700007586,35,1962,33,0,0,1,1,30.0,7.98,15.625,35.34497354497355
Kansas,2022-04-25,"Agency 100, Article 23",treatment of obesity,kansas state board of healing arts,,Health Services,1700007587,12,437,12,0,0,0,0,27.0,6.67,43.75,36.69689737470167
Kansas,2022-04-25,"Agency 100, Article 24",patient records,kansas state board of healing arts,,Health Services,1700007588,10,525,10,0,0,0,0,40.0,6.9,69.23076923076923,37.024
Kansas,2022-04-25,"Agency 100, Article 25",office requirements,kansas state board of healing arts,,Health Services,1700007589,60,2831,57,0,0,1,2,34.0,8.57,27.160493827160494,40.11135693215339
Kansas,2022-04-25,"Agency 100, Article 26",services rendered to individuals located in this state,kansas state board of healing arts,,Health Services,1700007590,4,654,4,0,0,0,0,34.0,6.91,16.666666666666664,35.284345047923324
Kansas,2022-04-25,"Agency 100, Article 27",light based medical treatment,kansas state board of healing arts,,Health Services,1700007591,16,679,9,0,0,1,6,35.0,7.04,36.84210526315789,35.46801872074883
Kansas,2022-04-25,"Agency 100, Article 28a",physician assistants,kansas state board of healing arts,,Health Services,1700007592,71,4473,60,0,0,0,11,48.0,8.52,39.56043956043956,41.50318621666273
Kansas,2022-04-25,"Agency 100, Article 29",physical therapy,kansas state board of healing arts,,Health Services,1700007593,158,5941,131,0,0,0,27,37.0,8.53,13.924050632911392,39.96452642781128
Kansas,2022-04-25,"Agency 100, Article 3",committees,kansas state board of healing arts,,Health Services,1700007571,1,55,1,0,0,0,0,17.0,4.86,33.33333333333333,34.8
Kansas,2022-04-25,"Agency 100, Article 4",vacancies,kansas state board of healing arts,,Health Services,1700007572,6,137,6,0,0,0,0,44.0,5.05,66.66666666666666,26.65648854961832
Kansas,2022-04-25,"Agency 100, Article 49",podiatry,kansas state board of healing arts,,Health Services,1700007594,35,1666,32,0,0,0,3,31.0,7.71,14.285714285714285,35.85588633288227
Kansas,2022-04-25,"Agency 100, Article 5",meetings,kansas state board of healing arts,,Health Services,1700007573,6,242,6,0,0,0,0,30.0,5.9,25.0,28.31601731601732
Kansas,2022-04-25,"Agency 100, Article 54",occupational therapy,kansas state board of healing arts,,Health Services,1700007595,81,3697,69,2,0,0,10,32.0,8.39,9.821428571428571,43.33788395904437
Kansas,2022-04-25,"Agency 100, Article 55",respiratory therapy,kansas state board of healing arts,,Health Services,1700007596,70,2871,53,0,0,0,17,36.0,8.41,8.974358974358974,39.19667896678967
Kansas,2022-04-25,"Agency 100, Article 6",licenses,kansas state board of healing arts,,Health Services,1700007574,70,2628,63,1,0,0,6,28.0,8.32,12.22222222222222,38.9488409272582
Kansas,2022-04-25,"Agency 100, Article 69",athletic training,kansas state board of healing arts,,Health Services,1700007597,44,2125,40,0,0,0,4,40.0,8.13,11.76470588235294,39.28435782108946
Kansas,2022-04-25,"Agency 100, Article 7",examinations,kansas state board of healing arts,,Health Services,1700007575,6,339,4,0,0,0,2,83.0,5.76,0.0,37.99688473520249
Kansas,2022-04-25,"Agency 100, Article 72",naturopathy,kansas state board of healing arts,,Health Services,1700007598,40,3070,35,0,0,0,5,66.0,8.72,20.0,40.46919596240864
Kansas,2022-04-25,"Agency 100, Article 73",radiologic technologists,kansas state board of healing arts,,Health Services,1700007599,53,2624,47,0,0,0,6,40.0,8.31,12.5,40.46466287571081
Kansas,2022-04-25,"Agency 100, Article 75",contact lenses,kansas state board of healing arts,,Health Services,1700007600,1,25,1,0,0,0,0,21.0,4.12,0.0,37.77777777777778
Kansas,2022-04-25,"Agency 100, Article 76",acupuncturists,kansas state board of healing arts,,Health Services,1700007601,76,3608,65,0,0,1,10,36.0,8.67,18.367346938775512,40.09374081692624
Kansas,2022-04-25,"Agency 100, Article 77",telemedicine,kansas state board of healing arts,,Health Services,1700007602,3,136,3,0,0,0,0,25.0,5.72,0.0,40.13821138211382
Kansas,2022-04-25,"Agency 100, Article 78",business entities,kansas state board of healing arts,,Health Services,1700007603,2,70,2,0,0,0,0,31.0,4.84,0.0,47.0
Kansas,2022-04-25,"Agency 100, Article 8",license by endorsement,kansas state board of healing arts,,Health Services,1700007576,10,1078,8,0,0,0,2,35.0,7.81,3.333333333333333,35.971181556195965
Kansas,2022-04-25,"Agency 100, Article 9",temporary license,kansas state board of healing arts,,Health Services,1700007577,0,42,0,0,0,0,0,18.0,4.85,0.0,36.1764705882353
Kansas,2022-04-25,"Agency 102, Article 1",certification of psychologists,behavioral sciences regulatory board,,Health Services,1700007604,200,11917,170,0,3,0,27,44.0,9.14,25.563909774436087,41.92807709154621
Kansas,2022-04-25,"Agency 102, Article 2",licensing of social workers,behavioral sciences regulatory board,,Health Services,1700007605,267,13876,227,0,1,0,39,40.0,8.94,21.72619047619048,38.576469704932805
Kansas,2022-04-25,"Agency 102, Article 3",professional counselors fees,behavioral sciences regulatory board,,Health Services,1700007606,183,12453,153,1,1,0,28,52.0,9.05,31.759656652360512,42.07105108631826
Kansas,2022-04-25,"Agency 102, Article 4",master s level psychologists,behavioral sciences regulatory board,,Health Services,1700007607,214,14353,175,1,1,1,36,45.0,9.18,28.11501597444089,41.46327766027277
Kansas,2022-04-25,"Agency 102, Article 5",licensing of marriage and family therapists,behavioral sciences regulatory board,,Health Services,1700007608,211,13292,182,0,1,0,28,49.0,8.98,29.433962264150946,39.445865369527695
Kansas,2022-04-25,"Agency 102, Article 7",licensing of addiction counselors,behavioral sciences regulatory board,,Health Services,1700007609,205,12611,176,2,0,1,26,53.0,8.95,32.61802575107296,41.22263712554975
Kansas,2022-04-25,"Agency 102, Article 8",applied behavior analysis,behavioral sciences regulatory board,,Health Services,1700007610,72,4476,59,0,0,1,12,59.0,8.72,37.333333333333336,39.44194669756663
Kansas,2022-04-25,"Agency 103, Article 1",security for deposit of public funds,joint regulations state bank commissioner and savings and loan commissioner,,"Banking, Insurance, and Securities",1700007611,1,104,1,0,0,0,0,,5.49,0.0,34.13265306122449
Kansas,2022-04-25,"Agency 104, Article 1",no title indicated,joint regulations consumer credit commissioner credit union administrator savings and loan commissioner and bank commissioner,,"Banking, Insurance, and Securities",1700007612,2,210,2,0,0,0,0,29.0,5.77,28.57142857142857,35.36585365853659
Kansas,2022-04-25,"Agency 105, Article 1",general,state board of indigents defense services,,"Security, Justice, and Corrections",1700007613,4,378,3,0,0,0,1,17.0,6.47,5.0,33.723404255319146
Kansas,2022-04-25,"Agency 105, Article 10",systems for providing legal defense services for indigent persons,state board of indigents defense services,,"Security, Justice, and Corrections",1700007622,16,1053,16,0,0,0,0,29.0,6.88,40.0,32.37843336724313
Kansas,2022-04-25,"Agency 105, Article 2",terms defined,state board of indigents defense services,,"Security, Justice, and Corrections",1700007614,1,366,1,0,0,0,0,23.0,6.38,13.333333333333334,38.13793103448276
Kansas,2022-04-25,"Agency 105, Article 21",public defender guidelines,state board of indigents defense services,,"Security, Justice, and Corrections",1700007623,13,494,13,0,0,0,0,28.0,6.91,23.52941176470588,35.190274841437635
Kansas,2022-04-25,"Agency 105, Article 3",appointed attorneys,state board of indigents defense services,,"Security, Justice, and Corrections",1700007615,55,2171,53,0,0,0,2,27.0,7.65,25.0,33.142507345739475
Kansas,2022-04-25,"Agency 105, Article 31",contract counsel guidelines,state board of indigents defense services,,"Security, Justice, and Corrections",1700007624,6,251,6,0,0,0,0,30.0,6.21,25.0,37.82608695652174
Kansas,2022-04-25,"Agency 105, Article 4",entitlement to legal representation,state board of indigents defense services,,"Security, Justice, and Corrections",1700007616,18,1010,18,0,0,0,0,34.0,7.39,48.27586206896552,36.04933196300103
Kansas,2022-04-25,"Agency 105, Article 5",attorney compensation,state board of indigents defense services,,"Security, Justice, and Corrections",1700007617,21,1588,20,0,0,0,1,22.0,7.18,20.967741935483872,32.51820294345469
Kansas,2022-04-25,"Agency 105, Article 6",reimbursement of expenses,state board of indigents defense services,,"Security, Justice, and Corrections",1700007618,4,240,4,0,0,0,0,18.0,6.47,33.33333333333333,35.80909090909091
Kansas,2022-04-25,"Agency 105, Article 7",investigative expert or other services,state board of indigents defense services,,"Security, Justice, and Corrections",1700007619,22,638,22,0,0,0,0,27.0,6.46,26.08695652173913,35.60591133004926
Kansas,2022-04-25,"Agency 105, Article 8",court reporters transcripts,state board of indigents defense services,,"Security, Justice, and Corrections",1700007620,10,252,10,0,0,0,0,24.0,6.05,40.0,35.69166666666667
Kansas,2022-04-25,"Agency 105, Article 9",claims generally,state board of indigents defense services,,"Security, Justice, and Corrections",1700007621,10,520,10,0,0,0,0,32.0,6.9,18.75,31.56827309236948
Kansas,2022-04-25,"Agency 106, Article 2",definitions,law enforcement training commission,,"Security, Justice, and Corrections",1700007625,13,2296,9,0,0,0,4,14.0,7.48,18.543046357615893,35.984095427435385
Kansas,2022-04-25,"Agency 106, Article 3",officer certification standards,law enforcement training commission,,"Security, Justice, and Corrections",1700007626,11,565,8,0,0,0,3,46.0,7.38,25.0,39.493506493506494
Kansas,2022-04-25,"Agency 106, Article 4",training school standards,law enforcement training commission,,"Security, Justice, and Corrections",1700007627,16,989,15,0,0,0,1,45.0,6.88,9.090909090909092,40.52836134453781
Kansas,2022-04-25,"Agency 108, Article 1",eligibility requirements,state employees health care commission,,Health Services,1700007628,72,6499,71,1,0,0,0,36.0,7.79,25.842696629213485,34.89700464520263
Kansas,2022-04-25,"Agency 109, Article 1",definitions,board of emergency medical services,,Health Services,1700007629,12,2114,8,0,0,0,4,32.0,8.25,1.5384615384615383,39.749754661432775
Kansas,2022-04-25,"Agency 109, Article 10",curricula,board of emergency medical services,,Health Services,1700007637,17,1133,15,0,0,0,2,36.0,6.52,3.333333333333333,42.66238532110092
Kansas,2022-04-25,"Agency 109, Article 11",course approvals,board of emergency medical services,,Health Services,1700007638,26,1402,26,0,0,0,0,31.0,7.08,11.627906976744184,40.36015037593985
Kansas,2022-04-25,"Agency 109, Article 14",do not resuscitate identifiers,board of emergency medical services,,Health Services,1700007639,1,177,0,0,0,0,1,55.0,5.91,33.33333333333333,37.26993865030675
Kansas,2022-04-25,"Agency 109, Article 15",certification,board of emergency medical services,,Health Services,1700007640,9,1513,9,0,0,0,0,38.0,7.09,35.13513513513514,38.4194464158978
Kansas,2022-04-25,"Agency 109, Article 16",graduated sanctions,board of emergency medical services,,Health Services,1700007641,2,347,2,0,0,0,0,42.0,6.56,25.0,41.59621451104101
Kansas,2022-04-25,"Agency 109, Article 17",sponsoring organizations,board of emergency medical services,,Health Services,1700007642,35,1939,33,0,0,0,2,54.0,7.75,17.142857142857142,41.79446854663775
Kansas,2022-04-25,"Agency 109, Article 2",ambulance services permits and regulations,board of emergency medical services,,Health Services,1700007630,184,7425,174,0,0,1,9,32.0,8.55,13.963963963963964,36.34781989170704
Kansas,2022-04-25,"Agency 109, Article 3",standards for ambulance attendants first responders and drivers,board of emergency medical services,,Health Services,1700007631,6,1207,6,0,0,0,0,59.0,8.0,21.052631578947366,44.95525114155251
Kansas,2022-04-25,"Agency 109, Article 5",continuing education,board of emergency medical services,,Health Services,1700007632,23,1558,23,0,0,0,0,42.0,7.29,8.571428571428571,39.77716643741403
Kansas,2022-04-25,"Agency 109, Article 6",temporary certification,board of emergency medical services,,Health Services,1700007633,11,676,8,0,0,0,3,22.0,6.84,21.428571428571427,38.669918699186994
Kansas,2022-04-25,"Agency 109, Article 7",fees,board of emergency medical services,,Health Services,1700007634,3,437,3,0,0,0,0,,5.68,,53.42613636363637
Kansas,2022-04-25,"Agency 109, Article 8",examinations,board of emergency medical services,,Health Services,1700007635,24,743,21,0,0,0,3,33.0,6.42,0.0,53.14697802197802
Kansas,2022-04-25,"Agency 109, Article 9",instructor coordinator,board of emergency medical services,,Health Services,1700007636,10,573,9,0,0,0,1,54.0,7.05,40.0,43.99627560521415
Kansas,2022-04-25,"Agency 10, Article 10",collection and reporting,kansas bureau of investigation,,"Security, Justice, and Corrections",1700006914,7,252,6,0,0,0,1,12.0,6.15,10.526315789473683,38.976851851851855
Kansas,2022-04-25,"Agency 10, Article 11",security,kansas bureau of investigation,,"Security, Justice, and Corrections",1700006915,4,142,3,0,0,1,0,34.0,5.46,75.0,39.15441176470589
Kansas,2022-04-25,"Agency 10, Article 12",dissemination,kansas bureau of investigation,,"Security, Justice, and Corrections",1700006916,6,287,5,0,0,0,1,27.0,5.79,20.0,39.589090909090906
Kansas,2022-04-25,"Agency 10, Article 13",inspection and challenge,kansas bureau of investigation,,"Security, Justice, and Corrections",1700006917,3,176,3,0,0,0,0,29.0,5.85,0.0,37.27647058823529
Kansas,2022-04-25,"Agency 10, Article 14",auditing criminal justice agencies,kansas bureau of investigation,,"Security, Justice, and Corrections",1700006918,2,60,2,0,0,0,0,17.0,4.85,33.33333333333333,51.19607843137255
Kansas,2022-04-25,"Agency 10, Article 15",reportable events duplication,kansas bureau of investigation,,"Security, Justice, and Corrections",1700006919,2,45,1,0,0,0,1,10.0,4.72,0.0,42.76923076923077
Kansas,2022-04-25,"Agency 10, Article 19",juvenile justice information system,kansas bureau of investigation,,"Security, Justice, and Corrections",1700006920,26,993,22,0,0,0,4,36.0,7.4,18.51851851851852,35.50270855904659
Kansas,2022-04-25,"Agency 10, Article 20",missing persons unidentified deceased persons,kansas bureau of investigation,,"Security, Justice, and Corrections",1700006921,13,656,13,0,0,0,0,38.0,6.7,11.76470588235294,34.556259904912835
Kansas,2022-04-25,"Agency 10, Article 21",kansas bureau of investigation dna databank,kansas bureau of investigation,,"Security, Justice, and Corrections",1700006922,46,2187,42,0,0,0,4,24.0,7.71,12.643678160919542,34.19565217391305
Kansas,2022-04-25,"Agency 10, Article 22",field testing for controlled substances,kansas bureau of investigation,,"Security, Justice, and Corrections",1700006923,3,237,3,0,0,0,0,45.0,6.44,0.0,49.820754716981135
Kansas,2022-04-25,"Agency 10, Article 23",kansas asset seizure and forfeiture repository,kansas bureau of investigation,,"Security, Justice, and Corrections",1700006924,18,575,16,0,0,1,1,25.0,6.29,27.27272727272727,36.3473491773309
Kansas,2022-04-25,"Agency 10, Article 24",kansas scrap metal data repository,kansas bureau of investigation,,"Security, Justice, and Corrections",1700006925,3,381,3,0,0,0,0,33.0,6.59,18.181818181818183,33.044444444444444
Kansas,2022-04-25,"Agency 10, Article 9",definitions,kansas bureau of investigation,,"Security, Justice, and Corrections",1700006913,2,252,2,0,0,0,0,18.0,6.55,7.6923076923076925,39.63900414937759
Kansas,2022-04-25,"Agency 110, Article 1",venture capital company certification,kansas department of commerce,,"Industry, Commerce, and Development",1700007643,17,674,12,0,0,0,5,31.0,7.27,19.047619047619047,35.46474358974359
Kansas,2022-04-25,"Agency 110, Article 10",low income housing tax credits,kansas department of commerce,,"Industry, Commerce, and Development",1700007651,2,240,2,0,0,0,0,,6.35,0.0,38.23076923076923
Kansas,2022-04-25,"Agency 110, Article 11",kansas downtown redevelopment act,kansas department of commerce,,"Industry, Commerce, and Development",1700007652,10,666,10,0,0,0,0,27.0,7.2,12.5,41.00466562986003
Kansas,2022-04-25,"Agency 110, Article 13",rural business development tax credit program,kansas department of commerce,,"Industry, Commerce, and Development",1700007653,39,1873,39,0,0,0,0,30.0,7.95,12.903225806451612,40.00667408231368
Kansas,2022-04-25,"Agency 110, Article 13a",enterprise facilitation fund,kansas department of commerce,,"Industry, Commerce, and Development",1700007654,17,856,15,0,0,0,2,26.0,7.33,6.451612903225806,37.85679012345679
Kansas,2022-04-25,"Agency 110, Article 14",individual account program act,kansas department of commerce,,"Industry, Commerce, and Development",1700007655,6,187,6,0,0,0,0,22.0,5.52,12.5,36.37356321839081
Kansas,2022-04-25,"Agency 110, Article 15",kansas energy incentive act refinery and expanded refinery projects,kansas department of commerce,,"Industry, Commerce, and Development",1700007656,18,929,14,0,0,0,4,29.0,7.6,19.35483870967742,36.10614525139665
Kansas,2022-04-25,"Agency 110, Article 16",kansas energy incentive act new qualifying pipeline projects,kansas department of commerce,,"Industry, Commerce, and Development",1700007657,19,929,15,0,0,0,4,29.0,7.6,19.35483870967742,36.4536312849162
Kansas,2022-04-25,"Agency 110, Article 17",kansas energy incentive act integrated coal or coke gasification nitrogen fertilizer plants,kansas department of commerce,,"Industry, Commerce, and Development",1700007658,18,977,14,0,0,0,4,30.0,7.57,21.875,37.02332979851538
Kansas,2022-04-25,"Agency 110, Article 18",kansas energy incentive act biomass to energy projects,kansas department of commerce,,"Industry, Commerce, and Development",1700007659,18,895,14,0,0,0,4,29.0,7.54,20.0,35.602787456445995
Kansas,2022-04-25,"Agency 110, Article 19",kansas energy incentive act renewable electric cogeneration facility projects,kansas department of commerce,,"Industry, Commerce, and Development",1700007660,18,991,14,0,0,0,4,28.0,7.66,17.647058823529413,37.95767195767196
Kansas,2022-04-25,"Agency 110, Article 2",local seed capital pool certification,kansas department of commerce,,"Industry, Commerce, and Development",1700007644,12,545,9,0,0,0,3,45.0,7.08,16.666666666666664,34.445544554455445
Kansas,2022-04-25,"Agency 110, Article 20",kansas energy incentive act storage and blending equipment projects,kansas department of commerce,,"Industry, Commerce, and Development",1700007661,17,927,13,0,0,0,4,31.0,7.57,17.24137931034483,36.94475760992108
Kansas,2022-04-25,"Agency 110, Article 21",promoting employment across kansas peak program,kansas department of commerce,,"Industry, Commerce, and Development",1700007662,28,2035,27,0,0,0,1,43.0,7.86,29.78723404255319,36.07616066770996
Kansas,2022-04-25,"Agency 110, Article 22",student loan repayment program,kansas department of commerce,,"Industry, Commerce, and Development",1700007663,25,1284,24,0,0,0,1,25.0,7.34,26.0,38.5195020746888
Kansas,2022-04-25,"Agency 110, Article 3",kansas partnership fund program,kansas department of commerce,,"Industry, Commerce, and Development",1700007645,54,2338,51,1,0,1,1,37.0,7.99,27.41935483870968,35.52795031055901
Kansas,2022-04-25,"Agency 110, Article 4",investments in major projects and comprehensive training impact act,kansas department of commerce,,"Industry, Commerce, and Development",1700007646,22,2090,21,0,0,0,1,54.0,7.94,21.052631578947366,34.10746268656717
Kansas,2022-04-25,"Agency 110, Article 40",kansas export finance act,kansas department of commerce,,"Industry, Commerce, and Development",1700007664,45,1751,40,0,0,0,5,23.0,7.78,12.0,37.36259771497294
Kansas,2022-04-25,"Agency 110, Article 5",kansas enterprise zone act,kansas department of commerce,,"Industry, Commerce, and Development",1700007647,14,972,10,0,0,0,4,78.0,7.21,16.666666666666664,38.969365426695845
Kansas,2022-04-25,"Agency 110, Article 6",high performance incentive program,kansas department of commerce,,"Industry, Commerce, and Development",1700007648,64,3692,59,0,0,0,5,32.0,8.46,28.82882882882883,36.87225042301184
Kansas,2022-04-25,"Agency 110, Article 7",kansas community services program,kansas department of commerce,,"Industry, Commerce, and Development",1700007649,11,551,11,0,0,0,0,28.0,7.12,31.57894736842105,35.45992366412214
Kansas,2022-04-25,"Agency 110, Article 9",sales tax revenue bonds,kansas department of commerce,,"Industry, Commerce, and Development",1700007650,27,1582,22,0,0,0,5,32.0,8.01,25.53191489361702,35.21063257065949
Kansas,2022-04-25,"Agency 112, Article 10",animal health,kansas racing and gaming commission,,"Culture, Recreation, and the Arts",1700007672,204,8326,191,0,1,7,5,36.0,8.33,25.217391304347824,34.88408497950056
Kansas,2022-04-25,"Agency 112, Article 100",general provisions and definitions,kansas racing and gaming commission,,"Culture, Recreation, and the Arts",1700007681,14,542,13,0,0,0,1,29.0,6.7,5.555555555555555,40.181467181467184
Kansas,2022-04-25,"Agency 112, Article 101",facility manager certification,kansas racing and gaming commission,,"Culture, Recreation, and the Arts",1700007682,65,2950,56,0,0,1,8,45.0,8.02,10.9375,38.81856839121191
Kansas,2022-04-25,"Agency 112, Article 102",gaming supplier and non gaming supplier certification,kansas racing and gaming commission,,"Culture, Recreation, and the Arts",1700007683,28,1861,26,0,0,0,2,45.0,7.65,15.0,37.77079796264856
Kansas,2022-04-25,"Agency 112, Article 103",employee licensing,kansas racing and gaming commission,,"Culture, Recreation, and the Arts",1700007684,38,2236,33,0,0,0,5,49.0,8.13,22.22222222222222,37.07056074766355
Kansas,2022-04-25,"Agency 112, Article 104",minimum internal control system,kansas racing and gaming commission,,"Culture, Recreation, and the Arts",1700007685,894,32289,781,1,0,3,109,42.0,9.1,25.166444740346204,35.101431258168375
Kansas,2022-04-25,"Agency 112, Article 105",security,kansas racing and gaming commission,,"Culture, Recreation, and the Arts",1700007686,35,1549,32,0,0,0,3,40.0,7.71,28.947368421052637,36.871369294605806
Kansas,2022-04-25,"Agency 112, Article 106",surveillance,kansas racing and gaming commission,,"Culture, Recreation, and the Arts",1700007687,69,2739,61,0,0,0,8,41.0,7.96,18.181818181818183,38.25435540069687
Kansas,2022-04-25,"Agency 112, Article 107",electronic gaming machines,kansas racing and gaming commission,,"Culture, Recreation, and the Arts",1700007688,367,15523,316,0,0,0,51,41.0,8.71,26.08695652173913,36.45725699067909
Kansas,2022-04-25,"Agency 112, Article 108",table games,kansas racing and gaming commission,,"Culture, Recreation, and the Arts",1700007689,792,23123,747,1,0,5,39,32.0,8.83,24.02777777777778,31.858865942674026
Kansas,2022-04-25,"Agency 112, Article 11",security and safety,kansas racing and gaming commission,,"Culture, Recreation, and the Arts",1700007673,120,5483,106,0,0,4,10,43.0,8.86,40.47619047619048,34.16445830085737
Kansas,2022-04-25,"Agency 112, Article 110",technical standards,kansas racing and gaming commission,,"Culture, Recreation, and the Arts",1700007690,182,6416,173,1,0,0,8,37.0,8.69,26.785714285714285,34.803456790123455
Kansas,2022-04-25,"Agency 112, Article 111",involuntary exclusions,kansas racing and gaming commission,,"Culture, Recreation, and the Arts",1700007691,24,1229,23,0,0,1,0,55.0,7.29,36.36363636363637,31.40268456375839
Kansas,2022-04-25,"Agency 112, Article 112",responsible gaming,kansas racing and gaming commission,,"Culture, Recreation, and the Arts",1700007692,56,2524,54,0,0,0,2,34.0,7.58,15.27777777777778,36.4387546087669
Kansas,2022-04-25,"Agency 112, Article 113",sanctions,kansas racing and gaming commission,,"Culture, Recreation, and the Arts",1700007693,7,592,7,0,0,0,0,53.0,7.06,9.090909090909092,38.90909090909091
Kansas,2022-04-25,"Agency 112, Article 114",rules of hearing,kansas racing and gaming commission,,"Culture, Recreation, and the Arts",1700007694,51,1717,47,0,0,0,4,30.0,7.57,28.07017543859649,34.49128081779916
Kansas,2022-04-25,"Agency 112, Article 12",kansas horse breeding development fund,kansas racing and gaming commission,,"Culture, Recreation, and the Arts",1700007674,72,3129,65,0,0,0,7,29.0,7.34,24.509803921568626,34.28649200408302
Kansas,2022-04-25,"Agency 112, Article 13",kansas whelped program,kansas racing and gaming commission,,"Culture, Recreation, and the Arts",1700007675,38,1495,38,0,0,0,0,39.0,7.38,13.513513513513514,36.69733146067416
Kansas,2022-04-25,"Agency 112, Article 14",harness racing rules,kansas racing and gaming commission,,"Culture, Recreation, and the Arts",1700007676,84,2599,81,0,0,2,1,30.0,7.95,43.02325581395349,25.085419149781487
Kansas,2022-04-25,"Agency 112, Article 15",award of research grants,kansas racing and gaming commission,,"Culture, Recreation, and the Arts",1700007677,23,1072,23,0,0,0,0,20.0,7.36,3.92156862745098,37.29253112033195
Kansas,2022-04-25,"Agency 112, Article 16",simplified hearing procedures,kansas racing and gaming commission,,"Culture, Recreation, and the Arts",1700007678,47,2165,44,0,0,0,3,25.0,7.75,20.48192771084337,31.91075735648818
Kansas,2022-04-25,"Agency 112, Article 17",fair association or horsemen s nonprofit organization,kansas racing and gaming commission,,"Culture, Recreation, and the Arts",1700007679,70,4234,57,1,0,0,12,50.0,8.46,32.53012048192771,39.37320810677212
Kansas,2022-04-25,"Agency 112, Article 18",simulcasting licenses,kansas racing and gaming commission,,"Culture, Recreation, and the Arts",1700007680,167,7174,151,1,1,0,14,39.0,8.47,33.146067415730336,34.3769164015042
Kansas,2022-04-25,"Agency 112, Article 3",application procedure,kansas racing and gaming commission,,"Culture, Recreation, and the Arts",1700007665,317,11381,275,2,0,0,40,37.0,8.75,16.39344262295082,36.47589809384164
Kansas,2022-04-25,"Agency 112, Article 4",occupation and concessionaire licenses,kansas racing and gaming commission,,"Culture, Recreation, and the Arts",1700007666,198,7036,158,0,0,7,33,34.0,8.51,24.0,35.94909417577482
Kansas,2022-04-25,"Agency 112, Article 5",race track officials,kansas racing and gaming commission,,"Culture, Recreation, and the Arts",1700007667,96,2726,93,0,0,1,2,28.0,7.85,22.916666666666664,32.42339622641509
Kansas,2022-04-25,"Agency 112, Article 6",race track officials,kansas racing and gaming commission,,"Culture, Recreation, and the Arts",1700007668,125,3571,117,1,0,6,1,28.0,7.88,23.809523809523807,31.54820143884892
Kansas,2022-04-25,"Agency 112, Article 7",rules for racing,kansas racing and gaming commission,,"Culture, Recreation, and the Arts",1700007669,261,8309,248,0,0,3,10,30.0,8.62,45.45454545454545,27.864614614614613
Kansas,2022-04-25,"Agency 112, Article 8",rules of racing,kansas racing and gaming commission,,"Culture, Recreation, and the Arts",1700007670,123,3654,123,0,0,0,0,27.0,7.76,35.07462686567165,29.50796311818944
Kansas,2022-04-25,"Agency 112, Article 9",parimutuel wagering,kansas racing and gaming commission,,"Culture, Recreation, and the Arts",1700007671,440,18178,423,7,0,8,2,41.0,7.63,,30.79148434870414
Kansas,2022-04-25,"Agency 115, Article 1",definitions,kansas department of wildlife parks and tourism,,"Culture, Recreation, and the Arts",1700007695,9,1800,7,0,0,0,2,21.0,8.68,9.523809523809524,30.443859649122807
Kansas,2022-04-25,"Agency 115, Article 10",special surety bond,kansas department of wildlife parks and tourism,,"Culture, Recreation, and the Arts",1700007704,24,917,20,0,0,0,4,31.0,6.82,10.714285714285714,31.038416763678697
Kansas,2022-04-25,"Agency 115, Article 11",controlled shooting areas,kansas department of wildlife parks and tourism,,"Culture, Recreation, and the Arts",1700007705,34,857,28,0,0,1,5,29.0,6.91,17.24137931034483,32.5273390036452
Kansas,2022-04-25,"Agency 115, Article 12",game breeders,kansas department of wildlife parks and tourism,,"Culture, Recreation, and the Arts",1700007706,8,239,6,0,0,0,2,39.0,6.16,16.666666666666664,30.607142857142858
Kansas,2022-04-25,"Agency 115, Article 13",training dogs and field trial events,kansas department of wildlife parks and tourism,,"Culture, Recreation, and the Arts",1700007707,90,3013,77,0,0,0,13,25.0,7.45,31.35593220338983,31.938925938925937
Kansas,2022-04-25,"Agency 115, Article 14",falconry,kansas department of wildlife parks and tourism,,"Culture, Recreation, and the Arts",1700007708,305,10169,274,0,0,6,25,28.0,8.4,24.930747922437675,33.946513752156704
Kansas,2022-04-25,"Agency 115, Article 15",nongame threatened and endangered species,kansas department of wildlife parks and tourism,,"Culture, Recreation, and the Arts",1700007709,65,3187,50,0,0,2,13,45.0,9.12,32.857142857142854,43.417261297995246
Kansas,2022-04-25,"Agency 115, Article 16",wildlife damage control,kansas department of wildlife parks and tourism,,"Culture, Recreation, and the Arts",1700007710,99,3608,84,0,0,0,15,31.0,8.01,43.103448275862064,33.40472716661803
Kansas,2022-04-25,"Agency 115, Article 17",wildlife commercial uses authorized,kansas department of wildlife parks and tourism,,"Culture, Recreation, and the Arts",1700007711,192,6978,174,0,0,1,17,30.0,8.12,21.145374449339208,34.97692424472446
Kansas,2022-04-25,"Agency 115, Article 18",special permits,kansas department of wildlife parks and tourism,,"Culture, Recreation, and the Arts",1700007712,171,6135,145,0,1,3,22,30.0,8.62,19.306930693069308,36.86099193409988
Kansas,2022-04-25,"Agency 115, Article 2",fees registrations and other charges,kansas department of wildlife parks and tourism,,"Culture, Recreation, and the Arts",1700007696,19,2134,12,1,0,0,6,89.0,7.1,9.523809523809524,36.14782608695652
Kansas,2022-04-25,"Agency 115, Article 20",miscellaneous regulations,kansas department of wildlife parks and tourism,,"Culture, Recreation, and the Arts",1700007713,109,3780,102,2,0,0,5,32.0,8.6,31.03448275862069,31.998621450234356
Kansas,2022-04-25,"Agency 115, Article 22",sport shooting ranges,kansas department of wildlife parks and tourism,,"Culture, Recreation, and the Arts",1700007714,0,139,0,0,0,0,0,68.0,5.33,0.0,45.83478260869565
Kansas,2022-04-25,"Agency 115, Article 3",smallgame,kansas department of wildlife parks and tourism,,"Culture, Recreation, and the Arts",1700007697,14,496,14,0,0,0,0,33.0,6.9,53.333333333333336,30.11181434599156
Kansas,2022-04-25,"Agency 115, Article 30",boating,kansas department of wildlife parks and tourism,,"Culture, Recreation, and the Arts",1700007715,110,3599,94,0,0,1,15,29.0,8.42,34.74576271186441,31.57960644007156
Kansas,2022-04-25,"Agency 115, Article 35",local government outdoor recreation grant program,kansas department of wildlife parks and tourism,,"Culture, Recreation, and the Arts",1700007716,3,247,3,0,0,0,0,22.0,6.53,0.0,40.63636363636363
Kansas,2022-04-25,"Agency 115, Article 4",big game,kansas department of wildlife parks and tourism,,"Culture, Recreation, and the Arts",1700007698,183,10451,178,0,0,0,5,40.0,8.22,37.84860557768924,29.428184281842817
Kansas,2022-04-25,"Agency 115, Article 40",agritourism,kansas department of wildlife parks and tourism,,"Culture, Recreation, and the Arts",1700007717,15,643,15,0,0,0,0,23.0,6.92,19.230769230769237,36.6677796327212
Kansas,2022-04-25,"Agency 115, Article 5",furbearers,kansas department of wildlife parks and tourism,,"Culture, Recreation, and the Arts",1700007699,33,1515,32,0,0,1,0,33.0,7.93,28.88888888888889,31.99101589495508
Kansas,2022-04-25,"Agency 115, Article 6",fur dealers,kansas department of wildlife parks and tourism,,"Culture, Recreation, and the Arts",1700007700,16,634,13,0,0,0,3,33.0,6.48,15.789473684210526,32.186385737439224
Kansas,2022-04-25,"Agency 115, Article 7",fish and frogs,kansas department of wildlife parks and tourism,,"Culture, Recreation, and the Arts",1700007701,124,4447,116,0,0,5,3,37.0,8.4,35.59322033898305,31.98136352913423
Kansas,2022-04-25,"Agency 115, Article 8",department lands and waters,kansas department of wildlife parks and tourism,,"Culture, Recreation, and the Arts",1700007702,139,4767,116,0,0,16,7,30.0,8.5,27.09677419354839,34.172284644194754
Kansas,2022-04-25,"Agency 115, Article 9",licenses permits stamps and other department issues,kansas department of wildlife parks and tourism,,"Culture, Recreation, and the Arts",1700007703,47,1632,38,0,0,0,9,36.0,7.48,13.333333333333334,35.68963337547408
Kansas,2022-04-25,"Agency 116, Article 1",cereal malt beverages,the kansas state fair board,,"Industry, Commerce, and Development",1700007718,5,315,5,0,0,0,0,28.0,5.93,27.27272727272727,31.400651465798045
Kansas,2022-04-25,"Agency 116, Article 2",fairgrounds,the kansas state fair board,,"Industry, Commerce, and Development",1700007719,1,43,1,0,0,0,0,40.0,4.57,,30.525
Kansas,2022-04-25,"Agency 116, Article 3",soliciting and advertising,the kansas state fair board,,"Industry, Commerce, and Development",1700007720,6,253,4,0,0,2,0,41.0,6.38,16.666666666666664,35.072874493927124
Kansas,2022-04-25,"Agency 116, Article 4",tent camping,the kansas state fair board,,"Industry, Commerce, and Development",1700007721,2,215,2,0,0,0,0,30.0,5.84,28.57142857142857,30.14423076923077
Kansas,2022-04-25,"Agency 117, Article 1",definitions,real estate appraisal board,,Taxes and Public Finance,1700007722,1,394,1,0,0,0,0,22.0,6.71,0.0,44.66577540106952
Kansas,2022-04-25,"Agency 117, Article 10",inactive status,real estate appraisal board,,Taxes and Public Finance,1700007731,1,59,1,0,0,0,0,26.0,4.97,0.0,41.15094339622642
Kansas,2022-04-25,"Agency 117, Article 2",qualifications criteria residential real estate appraiser classification,real estate appraisal board,,Taxes and Public Finance,1700007723,53,2153,47,0,0,0,6,30.0,7.78,14.492753623188406,41.74670571010249
Kansas,2022-04-25,"Agency 117, Article 20",appraisal management company registration,real estate appraisal board,,Taxes and Public Finance,1700007732,15,632,14,0,0,0,1,24.0,6.92,0.0,36.44173913043478
Kansas,2022-04-25,"Agency 117, Article 3",qualifications criteria general appraiser classification,real estate appraisal board,,Taxes and Public Finance,1700007724,50,2342,43,0,0,0,7,33.0,7.76,14.492753623188406,41.67481884057971
Kansas,2022-04-25,"Agency 117, Article 4",qualifications criteria certified residential appraiser classification,real estate appraisal board,,Taxes and Public Finance,1700007725,50,2493,44,0,0,0,6,35.0,7.93,17.142857142857142,42.56221003795866
Kansas,2022-04-25,"Agency 117, Article 5",qualifications criteria provisional classification,real estate appraisal board,,Taxes and Public Finance,1700007726,22,1001,21,0,0,0,1,25.0,6.83,7.894736842105263,43.78006500541712
Kansas,2022-04-25,"Agency 117, Article 6",continuing education,real estate appraisal board,,Taxes and Public Finance,1700007727,56,2520,49,0,0,0,7,37.0,7.85,20.0,36.71736375158429
Kansas,2022-04-25,"Agency 117, Article 7",fees,real estate appraisal board,,Taxes and Public Finance,1700007728,10,203,10,0,0,0,0,17.0,5.48,27.27272727272727,30.24022346368715
Kansas,2022-04-25,"Agency 117, Article 8",uniform standards of professional appraisal practice,real estate appraisal board,,Taxes and Public Finance,1700007729,1,172,1,0,0,0,0,83.0,5.92,,41.43949044585988
Kansas,2022-04-25,"Agency 117, Article 9",temporary practice,real estate appraisal board,,Taxes and Public Finance,1700007730,2,166,2,0,0,0,0,33.0,5.85,20.0,34.095541401273884
Kansas,2022-04-25,"Agency 118, Article 1",kansas state historical society deaccessioning act,state historical society,,"Culture, Recreation, and the Arts",1700007733,54,1942,53,0,0,0,1,23.0,7.88,16.049382716049383,41.46781115879829
Kansas,2022-04-25,"Agency 118, Article 2",removal of human remains and associated burial goods from the kansas state historical society collections act,state historical society,,"Culture, Recreation, and the Arts",1700007734,3,105,3,0,0,0,0,13.0,5.31,0.0,30.73333333333333
Kansas,2022-04-25,"Agency 118, Article 3",review of projects affecting historic properties and their environs,state historical society,,"Culture, Recreation, and the Arts",1700007735,60,3151,44,1,0,0,15,35.0,7.88,31.03448275862069,40.06005308560053
Kansas,2022-04-25,"Agency 118, Article 4",land survey reference reports,state historical society,,"Culture, Recreation, and the Arts",1700007736,15,678,14,0,0,0,1,34.0,6.82,42.10526315789473,32.31290322580645
Kansas,2022-04-25,"Agency 118, Article 5",state rehabilitation tax credit program,state historical society,,"Culture, Recreation, and the Arts",1700007737,113,3623,105,0,0,0,8,28.0,7.88,26.190476190476197,42.81969123215846
Kansas,2022-04-25,"Agency 11, Article 1",water resources cost share program,state conservation commission,,"Environmental Protection, Public Utilities, and Natural Resources",1700006926,66,2681,64,0,0,0,2,32.0,8.15,38.2716049382716,39.00347893312718
Kansas,2022-04-25,"Agency 11, Article 10",water rights purchase program,state conservation commission,,"Environmental Protection, Public Utilities, and Natural Resources",1700006933,31,997,31,0,0,0,0,23.0,7.0,2.4390243902439024,32.59177215189873
Kansas,2022-04-25,"Agency 11, Article 12",water right transition assistance pilot project program,state conservation commission,,"Environmental Protection, Public Utilities, and Natural Resources",1700006934,49,2826,48,0,0,0,1,37.0,7.91,28.000000000000004,33.91776315789474
Kansas,2022-04-25,"Agency 11, Article 13",kansas sediment and nutrient reduction initiative,state conservation commission,,"Environmental Protection, Public Utilities, and Natural Resources",1700006935,19,1134,15,0,0,0,4,25.0,7.8,4.545454545454546,37.11906976744186
Kansas,2022-04-25,"Agency 11, Article 3",watershed dam construction program,state conservation commission,,"Environmental Protection, Public Utilities, and Natural Resources",1700006927,46,1840,42,0,0,0,4,29.0,7.96,12.903225806451612,40.97661152310325
Kansas,2022-04-25,"Agency 11, Article 4",state grants for construction or renovation of multipurpose small lakes,state conservation commission,,"Environmental Protection, Public Utilities, and Natural Resources",1700006928,79,2094,70,0,0,0,9,26.0,7.86,11.538461538461538,37.80478087649402
Kansas,2022-04-25,"Agency 11, Article 6",water supply restoration program,state conservation commission,,"Environmental Protection, Public Utilities, and Natural Resources",1700006929,19,844,18,0,0,0,1,24.0,7.34,8.823529411764707,38.542929292929294
Kansas,2022-04-25,"Agency 11, Article 7",non point source pollution control fund,state conservation commission,,"Environmental Protection, Public Utilities, and Natural Resources",1700006930,102,4400,98,0,0,0,4,32.0,8.55,26.86567164179105,39.5475621414914
Kansas,2022-04-25,"Agency 11, Article 8",land reclamation program,state conservation commission,,"Environmental Protection, Public Utilities, and Natural Resources",1700006931,54,1806,50,0,0,0,4,28.0,7.78,29.03225806451613,33.02199762187872
Kansas,2022-04-25,"Agency 11, Article 9",kansas water quality buffer initiative,state conservation commission,,"Environmental Protection, Public Utilities, and Natural Resources",1700006932,22,1071,20,0,0,0,2,23.0,7.7,17.77777777777778,36.1692607003891
Kansas,2022-04-25,"Agency 121, Article 1",low income community development credit unions,department of credit unions,,"Banking, Insurance, and Securities",1700007738,11,1126,8,0,0,0,3,30.0,6.56,29.411764705882355,29.15180265654649
Kansas,2022-04-25,"Agency 121, Article 10",credit union annual audit requirements,department of credit unions,,"Banking, Insurance, and Securities",1700007747,9,437,6,0,0,0,3,43.0,6.42,10.0,36.27725118483412
Kansas,2022-04-25,"Agency 121, Article 11",merger of credit unions,department of credit unions,,"Banking, Insurance, and Securities",1700007748,22,1741,21,0,0,0,1,48.0,7.37,22.22222222222222,33.65778567199526
Kansas,2022-04-25,"Agency 121, Article 12",credit union branches,department of credit unions,,"Banking, Insurance, and Securities",1700007749,1,32,1,0,0,0,0,14.0,4.75,0.0,33.53846153846154
Kansas,2022-04-25,"Agency 121, Article 2",business recovery contingency planning,department of credit unions,,"Banking, Insurance, and Securities",1700007739,9,374,9,0,0,0,0,31.0,6.63,16.666666666666664,36.62258953168044
Kansas,2022-04-25,"Agency 121, Article 3",credit union services organization,department of credit unions,,"Banking, Insurance, and Securities",1700007740,21,1214,16,0,0,3,2,37.0,7.27,18.181818181818183,33.35799319727891
Kansas,2022-04-25,"Agency 121, Article 4",trust supervision,department of credit unions,,"Banking, Insurance, and Securities",1700007741,109,5425,103,0,0,3,3,38.0,8.12,33.80281690140845,34.0937618147448
Kansas,2022-04-25,"Agency 121, Article 5",credit union deteriorating condition,department of credit unions,,"Banking, Insurance, and Securities",1700007742,8,721,8,0,0,0,0,30.0,7.09,21.73913043478261,35.63099041533546
Kansas,2022-04-25,"Agency 121, Article 6",reporting place of business for credit unions,department of credit unions,,"Banking, Insurance, and Securities",1700007743,3,136,3,0,0,0,0,32.0,5.57,50.0,32.55905511811024
Kansas,2022-04-25,"Agency 121, Article 7",incidental powers of credit unions,department of credit unions,,"Banking, Insurance, and Securities",1700007744,2,127,2,0,0,0,0,62.0,5.19,50.0,31.830645161290324
Kansas,2022-04-25,"Agency 121, Article 8",credit union unsafe and unsound practices,department of credit unions,,"Banking, Insurance, and Securities",1700007745,1,159,1,0,0,0,0,,5.6,0.0,35.52564102564103
Kansas,2022-04-25,"Agency 121, Article 9",foreign credit unions,department of credit unions,,"Banking, Insurance, and Securities",1700007746,3,331,3,0,0,0,0,81.0,6.09,75.0,33.54179566563467
Kansas,2022-04-25,"Agency 122, Article 1",definitions,pooled money investment board,,"Banking, Insurance, and Securities",1700007750,1,59,1,0,0,0,0,27.0,4.9,0.0,32.25925925925926
Kansas,2022-04-25,"Agency 122, Article 2",depository banks,pooled money investment board,,"Banking, Insurance, and Securities",1700007751,29,758,28,0,0,0,1,27.0,6.89,0.0,36.378266850068776
Kansas,2022-04-25,"Agency 122, Article 3",investment of state moneys,pooled money investment board,,"Banking, Insurance, and Securities",1700007752,36,1430,34,0,0,0,2,21.0,7.76,12.307692307692308,39.79034690799397
Kansas,2022-04-25,"Agency 122, Article 4",municipal investment pool,pooled money investment board,,"Banking, Insurance, and Securities",1700007753,6,152,6,0,0,0,0,25.0,5.46,0.0,37.465753424657535
Kansas,2022-04-25,"Agency 122, Article 5",investment accounts in qualified banks,pooled money investment board,,"Banking, Insurance, and Securities",1700007754,2,144,2,0,0,0,0,34.0,6.08,0.0,46.53076923076923
Kansas,2022-04-25,"Agency 123, Article 1",general administration,juvenile justice authority,,"Security, Justice, and Corrections",1700007755,5,306,4,0,0,0,1,19.0,6.58,20.0,40.829268292682926
Kansas,2022-04-25,"Agency 123, Article 12",offender conduct and penalties,juvenile justice authority,,"Security, Justice, and Corrections",1700007759,413,10500,383,0,0,22,8,23.0,8.65,17.045454545454543,34.518045641902084
Kansas,2022-04-25,"Agency 123, Article 13",offender disciplinary procedure,juvenile justice authority,,"Security, Justice, and Corrections",1700007760,331,10780,315,0,0,0,16,27.0,8.43,36.80203045685279,34.608155339805826
Kansas,2022-04-25,"Agency 123, Article 15",offender grievance procedure,juvenile justice authority,,"Security, Justice, and Corrections",1700007761,140,4727,133,0,0,1,6,26.0,8.12,26.666666666666668,35.557080610021785
Kansas,2022-04-25,"Agency 123, Article 16",offender injury and property claims,juvenile justice authority,,"Security, Justice, and Corrections",1700007762,11,282,9,0,0,0,2,28.0,6.11,50.0,33.59851301115241
Kansas,2022-04-25,"Agency 123, Article 17",community juvenile supervision,juvenile justice authority,,"Security, Justice, and Corrections",1700007763,3,158,3,0,0,0,0,52.0,5.27,0.0,49.52348993288591
Kansas,2022-04-25,"Agency 123, Article 2",facilities management,juvenile justice authority,,"Security, Justice, and Corrections",1700007756,19,1147,18,0,0,0,1,54.0,7.94,33.33333333333333,38.65101289134439
Kansas,2022-04-25,"Agency 123, Article 5",offender management,juvenile justice authority,,"Security, Justice, and Corrections",1700007757,84,2991,80,0,0,4,0,33.0,8.23,58.88888888888889,36.575912657795975
Kansas,2022-04-25,"Agency 123, Article 6",good time credits and sentence computation,juvenile justice authority,,"Security, Justice, and Corrections",1700007758,36,1741,34,0,0,0,2,37.0,7.27,45.65217391304348,31.713853599516032
Kansas,2022-04-25,"Agency 124, Article 1",child deaths,child death review board,,Health Services,1700007764,21,765,21,0,0,0,0,29.0,6.81,7.6923076923076925,34.495327102803735
Kansas,2022-04-25,"Agency 125, Article 1",kansas agriculture remediation reimbursement program,kansas agricultural remediation board,,"Industry, Commerce, and Development",1700007765,33,2267,27,0,0,0,6,48.0,8.08,61.70212765957447,37.60081558676937
Kansas,2022-04-25,"Agency 126, Article 1",unmarked burial sites,unmarked burial sites preservation board,,"Culture, Recreation, and the Arts",1700007766,13,883,11,0,0,0,2,51.0,7.42,35.294117647058826,36.47872340425532
Kansas,2022-04-25,"Agency 127, Article 1",dwellings constructed with public financial assistance accessibility standards,kansas housing resources corporation,,"Industry, Commerce, and Development",1700007767,10,395,10,0,0,0,0,26.0,6.65,13.333333333333334,41.27604166666666
Kansas,2022-04-25,"Agency 127, Article 2",kansas manufactured housing installation,kansas housing resources corporation,,"Industry, Commerce, and Development",1700007768,11,774,9,0,0,0,2,42.0,7.28,52.94117647058824,36.9493487698987
Kansas,2022-04-25,"Agency 128, Article 1",definitions,department of commerce kansas athletic commission,,"Culture, Recreation, and the Arts",1700007769,13,1616,9,2,0,0,2,20.0,7.91,6.329113924050633,32.21817018554063
Kansas,2022-04-25,"Agency 128, Article 2",licenses and permits,department of commerce kansas athletic commission,,"Culture, Recreation, and the Arts",1700007770,111,3801,92,0,0,9,10,27.0,8.04,20.8955223880597,35.40016968325792
Kansas,2022-04-25,"Agency 128, Article 3",tickets and fees,department of commerce kansas athletic commission,,"Culture, Recreation, and the Arts",1700007771,29,853,26,0,0,0,3,33.0,6.88,38.46153846153847,30.00357142857143
Kansas,2022-04-25,"Agency 128, Article 4",officials and licensees and their responsibilities,department of commerce kansas athletic commission,,"Culture, Recreation, and the Arts",1700007772,202,5431,190,1,0,2,9,24.0,8.33,25.112107623318387,32.56960091655528
Kansas,2022-04-25,"Agency 128, Article 4a",inspectors and their responsibilities,department of commerce kansas athletic commission,,"Culture, Recreation, and the Arts",1700007773,16,491,15,0,0,1,0,28.0,6.61,17.647058823529413,32.93153526970954
Kansas,2022-04-25,"Agency 128, Article 5",facility and equipment requirements for professional boxing professional kickboxing professional full contact karate professional mixed martial arts amateur mixed martial arts and amateur sanctioning organizations,department of commerce kansas athletic commission,,"Culture, Recreation, and the Arts",1700007774,64,1716,63,0,0,0,1,28.0,7.71,21.311475409836063,30.10737852429514
Kansas,2022-04-25,"Agency 128, Article 6",rules of conduct and equipment requirements for professional boxing professional kickboxing professional full contact karate and professional mixed martial arts,department of commerce kansas athletic commission,,"Culture, Recreation, and the Arts",1700007775,448,14801,439,3,0,0,6,29.0,8.51,49.700598802395206,30.25447928331467
Kansas,2022-04-25,"Agency 129, Article 1",definitions,kansas department of health and environment division of health care finance,,Health Services,1700007776,0,277,0,0,0,0,0,22.0,6.31,8.333333333333332,37.8212927756654
Kansas,2022-04-25,"Agency 129, Article 10",adult care home program,kansas department of health and environment division of health care finance,,Health Services,1700007782,345,13015,319,1,0,0,25,28.0,9.04,21.02908277404922,33.87189064610983
Kansas,2022-04-25,"Agency 129, Article 14",children s health insurance program,kansas department of health and environment division of health care finance,,Health Services,1700007783,122,5739,114,0,0,0,8,29.0,8.71,21.46596858638744,34.67088136853849
Kansas,2022-04-25,"Agency 129, Article 2",general,kansas department of health and environment division of health care finance,,Health Services,1700007777,3,192,2,0,0,0,1,62.0,6.09,66.66666666666666,36.12921348314607
Kansas,2022-04-25,"Agency 129, Article 5",provider participation scope of services and reimbursements for the medicaid medical assistance program,kansas department of health and environment division of health care finance,,Health Services,1700007778,180,8242,173,0,0,0,7,33.0,9.35,28.39506172839506,39.70204342273308
Kansas,2022-04-25,"Agency 129, Article 6",medical assistance program clients eligibility for participation,kansas department of health and environment division of health care finance,,Health Services,1700007779,592,27352,574,0,0,1,17,28.0,9.05,31.25,34.46158636257492
Kansas,2022-04-25,"Agency 129, Article 7",appeals fair hearings and taf ga disqualification hearings,kansas department of health and environment division of health care finance,,Health Services,1700007780,8,541,6,0,0,0,2,27.0,7.03,31.57894736842105,35.298828125
Kansas,2022-04-25,"Agency 129, Article 9",managed care provider grievances reconsiderations appeals external independent third party review and state fair hearings feefor service provider grievances and state fair hearings,kansas department of health and environment division of health care finance,,Health Services,1700007781,65,2737,60,0,0,0,5,42.0,7.28,29.6875,32.80652503793627
Kansas,2022-04-25,"Agency 12, Article 1",general provisions,agricultural labor relations board,,"Environmental Protection, Public Utilities, and Natural Resources",1700006936,14,425,13,0,0,0,1,20.0,6.65,40.0,30.74572127139364
Kansas,2022-04-25,"Agency 12, Article 2",procedure,agricultural labor relations board,,"Environmental Protection, Public Utilities, and Natural Resources",1700006937,131,4074,120,0,0,5,6,21.0,8.17,19.170984455958543,31.36278717495582
Kansas,2022-04-25,"Agency 130, Article 1",registration renewal and examination,livestock brand commissioner,,"Industry, Commerce, and Development",1700007784,24,1070,13,0,0,0,11,39.0,7.03,0.0,40.20020325203252
Kansas,2022-04-25,"Agency 130, Article 2",fees,livestock brand commissioner,,"Industry, Commerce, and Development",1700007785,1,129,1,0,0,0,0,,5.44,0.0,48.93939393939394
Kansas,2022-04-25,"Agency 130, Article 3",education programs,livestock brand commissioner,,"Industry, Commerce, and Development",1700007786,16,837,15,0,0,0,1,48.0,7.46,23.52941176470588,36.721871049304674
Kansas,2022-04-25,"Agency 130, Article 4",code of ethics and standards of practice,livestock brand commissioner,,"Industry, Commerce, and Development",1700007787,2,78,2,0,0,0,0,37.0,4.8,0.0,40.85294117647059
Kansas,2022-04-25,"Agency 130, Article 5",continuing education,livestock brand commissioner,,"Industry, Commerce, and Development",1700007788,15,411,12,0,0,0,3,26.0,6.25,0.0,38.68733850129199
Kansas,2022-04-25,"Agency 131, Article 1",definitions,committee on surety bonds and insurance,,"Banking, Insurance, and Securities",1700007789,3,164,2,0,0,0,1,17.0,5.41,11.11111111111111,28.604026845637584
Kansas,2022-04-25,"Agency 132, Article 1",fees,911 coordinating council,,"Security, Justice, and Corrections",1700007790,1,70,1,0,0,0,0,22.0,5.06,33.33333333333333,29.484375
Kansas,2022-04-25,"Agency 132, Article 2",local collection point administrator requirements,911 coordinating council,,"Security, Justice, and Corrections",1700007791,9,320,8,0,0,0,1,24.0,6.53,7.6923076923076925,38.3421926910299
Kansas,2022-04-25,"Agency 132, Article 3",grant funds,911 coordinating council,,"Security, Justice, and Corrections",1700007792,1,98,1,0,0,0,0,48.0,4.84,,31.956989247311828
Kansas,2022-04-25,"Agency 132, Article 4",penalties,911 coordinating council,,"Security, Justice, and Corrections",1700007793,8,456,8,0,0,0,0,18.0,6.57,8.333333333333332,33.682382133995034
Kansas,2022-04-25,"Agency 132, Article 5",training standards,911 coordinating council,,"Security, Justice, and Corrections",1700007794,1,171,1,0,0,0,0,55.0,6.25,0.0,47.32098765432099
Kansas,2022-04-25,"Agency 132, Article 6",geographic information system gis data requirements,911 coordinating council,,"Security, Justice, and Corrections",1700007795,22,397,19,0,0,0,3,22.0,6.38,5.555555555555555,32.661458333333336
Kansas,2022-04-25,"Agency 133, Article 1",general procedures concerning parties,office of administrative hearings,,Administration,1700007796,17,1378,15,0,0,0,2,30.0,7.38,18.181818181818183,33.160606060606064
Kansas,2022-04-25,"Agency 14, Article 10",trade practices,kansas department of revenue division of alcoholic beverage control,,"Industry, Commerce, and Development",1700006942,17,1240,15,0,0,1,1,36.0,7.91,12.5,34.38580527752502
Kansas,2022-04-25,"Agency 14, Article 11",farm wineries,kansas department of revenue division of alcoholic beverage control,,"Industry, Commerce, and Development",1700006943,91,3647,78,0,0,4,9,29.0,7.67,8.870967741935484,30.5011448196909
Kansas,2022-04-25,"Agency 14, Article 13",retail liquor dealer,kansas department of revenue division of alcoholic beverage control,,"Industry, Commerce, and Development",1700006944,131,6760,107,0,0,3,21,37.0,8.43,22.22222222222222,32.16134969325153
Kansas,2022-04-25,"Agency 14, Article 14",manufacturers distributors nonbeverage users farm wineries microbreweries,kansas department of revenue division of alcoholic beverage control,,"Industry, Commerce, and Development",1700006945,132,5892,117,0,0,2,13,36.0,8.44,22.22222222222222,34.049463122689666
Kansas,2022-04-25,"Agency 14, Article 15",beer and cereal malt beverage keg registration,kansas department of revenue division of alcoholic beverage control,,"Industry, Commerce, and Development",1700006946,22,841,20,0,0,0,2,34.0,6.8,33.33333333333333,33.20493827160494
Kansas,2022-04-25,"Agency 14, Article 16",licenses suspension and revocation,kansas department of revenue division of alcoholic beverage control,,"Industry, Commerce, and Development",1700006947,27,1350,25,0,0,0,2,25.0,7.49,19.230769230769237,32.91064491064491
Kansas,2022-04-25,"Agency 14, Article 17",miscellaneous,kansas department of revenue division of alcoholic beverage control,,"Industry, Commerce, and Development",1700006948,25,886,21,0,0,0,4,62.0,7.51,57.14285714285714,32.75757575757576
Kansas,2022-04-25,"Agency 14, Article 19",class a clubs,kansas department of revenue division of alcoholic beverage control,,"Industry, Commerce, and Development",1700006949,169,7580,156,1,0,3,9,37.0,8.62,20.19704433497537,31.76768642447419
Kansas,2022-04-25,"Agency 14, Article 20",class b clubs,kansas department of revenue division of alcoholic beverage control,,"Industry, Commerce, and Development",1700006950,176,7594,163,1,0,3,9,34.0,8.64,19.17808219178082,31.03850354997269
Kansas,2022-04-25,"Agency 14, Article 21",drinking establishments,kansas department of revenue division of alcoholic beverage control,,"Industry, Commerce, and Development",1700006951,155,6766,142,1,0,2,10,35.0,8.5,22.63157894736842,34.03788343558282
Kansas,2022-04-25,"Agency 14, Article 22",caterer,kansas department of revenue division of alcoholic beverage control,,"Industry, Commerce, and Development",1700006952,101,4452,80,0,0,5,16,38.0,8.36,18.96551724137931,31.68279569892473
Kansas,2022-04-25,"Agency 14, Article 23",temporary permits,kansas department of revenue division of alcoholic beverage control,,"Industry, Commerce, and Development",1700006953,51,3371,42,0,0,2,7,44.0,8.04,20.0,30.896627108057466
Kansas,2022-04-25,"Agency 14, Article 25",off premises cereal malt beverage retailers,kansas department of revenue division of alcoholic beverage control,,"Industry, Commerce, and Development",1700006954,52,2554,45,0,0,1,6,39.0,7.5,23.07692307692308,31.153290529695024
Kansas,2022-04-25,"Agency 14, Article 26",on premises cereal malt beverage retailers,kansas department of revenue division of alcoholic beverage control,,"Industry, Commerce, and Development",1700006955,33,1697,28,0,0,1,4,32.0,7.46,21.568627450980397,31.653186274509803
Kansas,2022-04-25,"Agency 14, Article 5",transportation carriers and storage,kansas department of revenue division of alcoholic beverage control,,"Industry, Commerce, and Development",1700006938,15,647,14,0,0,0,1,53.0,6.24,41.66666666666667,32.793977812995244
Kansas,2022-04-25,"Agency 14, Article 6",containers and labels,kansas department of revenue division of alcoholic beverage control,,"Industry, Commerce, and Development",1700006939,35,1151,31,0,0,1,3,34.0,7.48,29.411764705882355,34.434666666666665
Kansas,2022-04-25,"Agency 14, Article 7",tax and tax stamps crowns and lids,kansas department of revenue division of alcoholic beverage control,,"Industry, Commerce, and Development",1700006940,52,1390,42,4,1,0,5,34.0,7.49,17.5,32.92952522255193
Kansas,2022-04-25,"Agency 14, Article 8",advertising,kansas department of revenue division of alcoholic beverage control,,"Industry, Commerce, and Development",1700006941,10,363,8,0,0,2,0,35.0,6.77,30.0,39.7953216374269
Kansas,2022-04-25,"Agency 15, Article 7",fish and frogs,athletic commission,,"Culture, Recreation, and the Arts",1700006956,4,147,4,0,0,0,0,28.0,5.69,40.0,21.20634920634921
Kansas,2022-04-25,"Agency 15, Article 8",department lands and waters,athletic commission,,"Culture, Recreation, and the Arts",1700006957,10,184,6,0,0,4,0,25.0,5.81,14.285714285714285,31.491620111731844
Kansas,2022-04-25,"Agency 16, Article 1",private detectives and agencies,attorney general,,"Security, Justice, and Corrections",1700006958,2,139,2,0,0,0,0,,5.32,0.0,41.64150943396226
Kansas,2022-04-25,"Agency 16, Article 10",child rape protection,attorney general,,"Security, Justice, and Corrections",1700006965,8,565,8,0,0,0,0,27.0,6.96,25.0,31.11742424242424
Kansas,2022-04-25,"Agency 16, Article 11",personal and family protection act,attorney general,,"Security, Justice, and Corrections",1700006966,56,3527,51,0,0,1,4,34.0,8.26,24.24242424242424,34.41576086956522
Kansas,2022-04-25,"Agency 16, Article 12",batterer intervention program requirements and certification,attorney general,,"Security, Justice, and Corrections",1700006967,54,4835,38,0,0,0,16,73.0,8.52,35.38461538461539,41.00539141686435
Kansas,2022-04-25,"Agency 16, Article 13",open carry signs,attorney general,,"Security, Justice, and Corrections",1700006968,24,729,17,0,0,7,0,39.0,6.9,44.44444444444444,28.83260553129549
Kansas,2022-04-25,"Agency 16, Article 14",scrap metal dealers registration and hearing procedure,attorney general,,"Security, Justice, and Corrections",1700006969,56,1721,44,0,0,0,12,27.0,7.82,24.59016393442623,32.85479951397327
Kansas,2022-04-25,"Agency 16, Article 15",bail enforcement agent licensing,attorney general,,"Security, Justice, and Corrections",1700006970,45,1498,34,0,0,0,11,31.0,7.63,39.130434782608695,36.07790368271954
Kansas,2022-04-25,"Agency 16, Article 16",skill development training course,attorney general,,"Security, Justice, and Corrections",1700006971,13,511,12,0,0,0,1,33.0,6.49,6.666666666666667,39.16837782340863
Kansas,2022-04-25,"Agency 16, Article 17",commercial driver s license training in human trafficking identification and prevention,attorney general,,"Security, Justice, and Corrections",1700006972,7,340,7,0,0,0,0,27.0,6.2,8.333333333333332,35.646153846153844
Kansas,2022-04-25,"Agency 16, Article 18",elder and dependent adult abuse prevention council,attorney general,,"Security, Justice, and Corrections",1700006973,19,758,19,0,0,0,0,50.0,7.06,0.0,38.468879668049794
Kansas,2022-04-25,"Agency 16, Article 19",victim information and notification everyday advisory board,attorney general,,"Security, Justice, and Corrections",1700006974,10,409,10,0,0,0,0,37.0,6.65,9.090909090909092,36.517857142857146
Kansas,2022-04-25,"Agency 16, Article 2",definitions,attorney general,,"Security, Justice, and Corrections",1700006959,1,261,1,0,0,0,0,37.0,6.2,28.57142857142857,35.9453125
Kansas,2022-04-25,"Agency 16, Article 20",kansas open meetings act,attorney general,,"Security, Justice, and Corrections",1700006975,9,1281,7,0,0,0,2,57.0,7.29,,33.49591503267974
Kansas,2022-04-25,"Agency 16, Article 3",applications for private detective license,attorney general,,"Security, Justice, and Corrections",1700006960,16,549,13,0,0,1,2,25.0,6.69,4.761904761904762,36.56130268199234
Kansas,2022-04-25,"Agency 16, Article 4",continuing education,attorney general,,"Security, Justice, and Corrections",1700006961,20,891,17,0,0,0,3,31.0,7.14,21.428571428571427,41.77353992848629
Kansas,2022-04-25,"Agency 16, Article 5",firearm trainers,attorney general,,"Security, Justice, and Corrections",1700006962,23,1056,23,0,0,0,0,52.0,7.38,20.0,36.795252225519285
Kansas,2022-04-25,"Agency 16, Article 6",firearm permits,attorney general,,"Security, Justice, and Corrections",1700006963,9,549,8,0,0,0,1,30.0,6.45,29.411764705882355,32.675350701402806
Kansas,2022-04-25,"Agency 16, Article 8",roofing contractors,attorney general,,"Security, Justice, and Corrections",1700006964,28,1865,27,0,0,0,1,45.0,7.45,42.5,38.72083805209513
Kansas,2022-04-25,"Agency 17, Article 1",definitions,office of the state bank commissioner,,"Banking, Insurance, and Securities",1700006976,0,23,0,0,0,0,0,21.0,3.68,0.0,49.44444444444444
Kansas,2022-04-25,"Agency 17, Article 11",documentation requirements,office of the state bank commissioner,,"Banking, Insurance, and Securities",1700006979,40,1629,35,0,0,0,5,40.0,7.78,37.5,31.13102998696219
Kansas,2022-04-25,"Agency 17, Article 12",transactions,office of the state bank commissioner,,"Banking, Insurance, and Securities",1700006980,5,145,5,0,0,0,0,28.0,5.53,20.0,31.194244604316548
Kansas,2022-04-25,"Agency 17, Article 14",deposit of public funds revenue bond approval,office of the state bank commissioner,,"Banking, Insurance, and Securities",1700006981,12,373,11,0,0,0,1,32.0,6.8,36.36363636363637,28.810888252149
Kansas,2022-04-25,"Agency 17, Article 15",records,office of the state bank commissioner,,"Banking, Insurance, and Securities",1700006982,1,2222,1,0,0,0,0,79.0,7.57,71.42857142857143,41.88498727735369
Kansas,2022-04-25,"Agency 17, Article 16",charter applications,office of the state bank commissioner,,"Banking, Insurance, and Securities",1700006983,12,664,10,0,0,0,2,59.0,6.9,45.45454545454545,33.10518053375196
Kansas,2022-04-25,"Agency 17, Article 17",financial futures contracts,office of the state bank commissioner,,"Banking, Insurance, and Securities",1700006984,19,881,18,0,0,0,1,37.0,7.22,13.043478260869565,36.49454545454545
Kansas,2022-04-25,"Agency 17, Article 19",bank subsidiaries engaged in securities activities,office of the state bank commissioner,,"Banking, Insurance, and Securities",1700006985,20,740,17,0,0,0,3,35.0,6.85,4.761904761904762,39.07152875175316
Kansas,2022-04-25,"Agency 17, Article 20",employment,office of the state bank commissioner,,"Banking, Insurance, and Securities",1700006986,7,187,6,0,0,0,1,20.0,6.02,22.22222222222222,37.95604395604396
Kansas,2022-04-25,"Agency 17, Article 21",bank holding companies application for the acquisition of a kansas bank or bank holding company,office of the state bank commissioner,,"Banking, Insurance, and Securities",1700006987,18,852,15,0,0,0,3,22.0,6.9,18.91891891891892,34.84526854219949
Kansas,2022-04-25,"Agency 17, Article 22",application fees,office of the state bank commissioner,,"Banking, Insurance, and Securities",1700006988,4,355,3,0,0,0,1,32.0,6.68,20.0,35.39041095890411
Kansas,2022-04-25,"Agency 17, Article 23",trust supervision,office of the state bank commissioner,,"Banking, Insurance, and Securities",1700006989,134,7549,124,0,0,4,6,42.0,8.5,34.090909090909086,33.16980360065467
Kansas,2022-04-25,"Agency 17, Article 24",mortgage business,office of the state bank commissioner,,"Banking, Insurance, and Securities",1700006990,42,2265,31,0,0,0,11,46.0,8.34,17.02127659574468,35.934720908230844
Kansas,2022-04-25,"Agency 17, Article 25",credit services organizations,office of the state bank commissioner,,"Banking, Insurance, and Securities",1700006991,1,64,1,0,0,0,0,20.0,5.38,33.33333333333333,44.35087719298246
Kansas,2022-04-25,"Agency 17, Article 8",financial modernization,office of the state bank commissioner,,"Banking, Insurance, and Securities",1700006977,3,340,3,0,0,0,0,48.0,6.22,71.42857142857143,36.08
Kansas,2022-04-25,"Agency 17, Article 9",investment securities,office of the state bank commissioner,,"Banking, Insurance, and Securities",1700006978,15,845,14,0,0,1,0,39.0,7.09,33.33333333333333,35.69961977186312
Kansas,2022-04-25,"Agency 18, Article 1",employee service awards,employee award board,,Labor and Workforce Development,1700006992,11,300,11,0,0,0,0,22.0,6.01,7.6923076923076925,32.91197183098591
Kansas,2022-04-25,"Agency 18, Article 2",employee suggestion awards,employee award board,,Labor and Workforce Development,1700006993,15,833,15,0,0,0,0,28.0,7.24,34.48275862068966,38.670918367346935
Kansas,2022-04-25,"Agency 19, Article 1",general provisions,governmental ethics commission,,Administration,1700006994,34,1650,29,1,0,0,4,21.0,8.0,28.947368421052637,34.77054361567636
Kansas,2022-04-25,"Agency 19, Article 2",advisory opinion requests,governmental ethics commission,,Administration,1700006995,5,167,5,0,0,0,0,33.0,5.69,60.0,32.74233128834356
Kansas,2022-04-25,"Agency 19, Article 20",campaign finance act general provisions,governmental ethics commission,,Administration,1700007004,19,865,16,0,0,0,3,31.0,7.15,51.85185185185185,38.71428571428572
Kansas,2022-04-25,"Agency 19, Article 21",candidates and committees,governmental ethics commission,,Administration,1700007005,14,1324,12,0,0,0,2,27.0,7.27,19.148936170212767,37.771971496437054
Kansas,2022-04-25,"Agency 19, Article 22",contributions and other receipts,governmental ethics commission,,Administration,1700007006,5,200,5,0,0,0,0,21.0,5.82,11.11111111111111,39.2041884816754
Kansas,2022-04-25,"Agency 19, Article 23",expenditures and other disbursements,governmental ethics commission,,Administration,1700007007,3,124,3,0,0,0,0,30.0,5.55,25.0,48.44915254237288
Kansas,2022-04-25,"Agency 19, Article 24",in kind contributions,governmental ethics commission,,Administration,1700007008,5,718,5,0,0,0,0,27.0,6.75,32.0,38.74132947976879
Kansas,2022-04-25,"Agency 19, Article 25",testimonial events and other political events,governmental ethics commission,,Administration,1700007009,1,317,1,0,0,0,0,26.0,5.92,,31.883116883116884
Kansas,2022-04-25,"Agency 19, Article 26",receiving contributions and making expenditures,governmental ethics commission,,Administration,1700007010,6,280,2,1,0,0,3,46.0,5.9,33.33333333333333,34.80223880597015
Kansas,2022-04-25,"Agency 19, Article 27",accounts and records,governmental ethics commission,,Administration,1700007011,31,1109,25,0,0,0,6,36.0,7.24,23.33333333333333,34.99906542056075
Kansas,2022-04-25,"Agency 19, Article 28",reporting periods and election periods,governmental ethics commission,,Administration,1700007012,4,238,4,0,0,0,0,39.0,5.67,16.666666666666664,36.043103448275865
Kansas,2022-04-25,"Agency 19, Article 29",receipts and expenditures report,governmental ethics commission,,Administration,1700007013,77,2107,61,0,2,0,14,22.0,7.66,20.43010752688172,35.03819444444444
Kansas,2022-04-25,"Agency 19, Article 3",investigations,governmental ethics commission,,Administration,1700006996,12,376,7,0,0,0,5,31.0,6.39,25.0,35.75482093663912
Kansas,2022-04-25,"Agency 19, Article 4",noncompliance with filing provisions,governmental ethics commission,,Administration,1700006997,18,623,15,0,0,0,3,23.0,6.71,15.384615384615383,32.29048414023372
Kansas,2022-04-25,"Agency 19, Article 40",state conflict of interest provisions,governmental ethics commission,,Administration,1700007014,7,858,6,0,0,1,0,29.0,7.6,31.03448275862069,31.58924205378973
Kansas,2022-04-25,"Agency 19, Article 41",statement of substantial interests,governmental ethics commission,,Administration,1700007015,32,1171,23,0,1,0,8,17.0,7.69,9.090909090909092,33.710479573712256
Kansas,2022-04-25,"Agency 19, Article 42",representation case disclosure statements,governmental ethics commission,,Administration,1700007016,9,360,9,0,0,0,0,25.0,6.3,14.285714285714285,36.22413793103448
Kansas,2022-04-25,"Agency 19, Article 4a",civil penalty assessment,governmental ethics commission,,Administration,1700006998,3,219,3,0,0,0,0,36.0,6.18,33.33333333333333,29.471698113207548
Kansas,2022-04-25,"Agency 19, Article 5",complaints,governmental ethics commission,,Administration,1700006999,30,811,29,0,0,0,1,25.0,7.01,35.483870967741936,35.697823303457106
Kansas,2022-04-25,"Agency 19, Article 6",disclosure and confidential procedures,governmental ethics commission,,Administration,1700007000,11,437,9,0,0,0,2,22.0,6.76,10.526315789473683,37.11246943765281
Kansas,2022-04-25,"Agency 19, Article 60",lobbying regulation provisions,governmental ethics commission,,Administration,1700007017,19,1208,18,0,0,0,1,39.0,7.64,26.666666666666668,37.1098712446352
Kansas,2022-04-25,"Agency 19, Article 61",lobbying,governmental ethics commission,,Administration,1700007018,3,507,0,2,0,0,1,23.0,6.59,40.909090909090914,39.71805273833672
Kansas,2022-04-25,"Agency 19, Article 62",lobbyist registration,governmental ethics commission,,Administration,1700007019,19,522,12,3,0,0,4,22.0,6.76,39.130434782608695,36.75739644970414
Kansas,2022-04-25,"Agency 19, Article 63",lobbyist reporting provisions,governmental ethics commission,,Administration,1700007020,17,788,15,0,0,0,2,39.0,7.18,45.0,38.91258278145696
Kansas,2022-04-25,"Agency 19, Article 7",proceedings,governmental ethics commission,,Administration,1700007001,70,2735,69,0,0,0,1,23.0,8.04,31.03448275862069,33.99811534112326
Kansas,2022-04-25,"Agency 19, Article 8",action subsequent to final report,governmental ethics commission,,Administration,1700007002,5,175,3,0,0,0,2,28.0,5.8,33.33333333333333,40.92899408284024
Kansas,2022-04-25,"Agency 19, Article 9",maintenance of public records,governmental ethics commission,,Administration,1700007003,4,146,3,0,0,0,1,28.0,5.73,0.0,29.36764705882353
Kansas,2022-04-25,"Agency 1, Article 1",purpose adoption and amendment of regulations personnel policies,department of administration,,Administration,1700006763,18,670,17,0,0,0,1,30.0,7.02,0.0,39.19207317073171
Kansas,2022-04-25,"Agency 1, Article 11",nondisciplinary termination,department of administration,,Administration,1700006772,5,206,3,0,0,0,2,29.0,6.08,28.57142857142857,36.67164179104478
Kansas,2022-04-25,"Agency 1, Article 12",grievances and appeals,department of administration,,Administration,1700006773,11,288,11,0,0,0,0,22.0,5.85,0.0,30.84837545126354
Kansas,2022-04-25,"Agency 1, Article 13",records reports research and evaluation of personnel system,department of administration,,Administration,1700006774,12,651,12,0,0,0,0,35.0,6.96,27.77777777777778,38.50649350649351
Kansas,2022-04-25,"Agency 1, Article 14",layoff procedures and alternatives to layoff,department of administration,,Administration,1700006775,88,3112,80,1,0,0,7,32.0,7.82,42.70833333333333,32.34491890102615
Kansas,2022-04-25,"Agency 1, Article 16",travel reimbursement,department of administration,,Administration,1700006776,105,4917,90,3,0,1,11,29.0,8.37,40.0,36.12755536626916
Kansas,2022-04-25,"Agency 1, Article 17",use of state owned or operated motor vehicles on official state business,department of administration,,Administration,1700006777,97,3396,84,1,0,2,10,30.0,7.94,34.25925925925926,31.812671337191592
Kansas,2022-04-25,"Agency 1, Article 18",maximum allowance for mileage for use of a privately owned conveyance for public purposes,department of administration,,Administration,1700006778,0,146,0,0,0,0,0,,5.63,,33.86713286713287
Kansas,2022-04-25,"Agency 1, Article 19",housing food service and other employee maintenance,department of administration,,Administration,1700006779,67,3140,53,4,2,0,8,28.0,8.32,27.927927927927925,33.843330055719434
Kansas,2022-04-25,"Agency 1, Article 2",definitions,department of administration,,Administration,1700006764,48,2631,40,2,0,0,6,24.0,7.96,4.901960784313726,35.54303797468354
Kansas,2022-04-25,"Agency 1, Article 21",united states savings bond deduction program,department of administration,,Administration,1700006780,15,794,15,0,0,0,0,24.0,7.17,6.25,36.17372881355932
Kansas,2022-04-25,"Agency 1, Article 23",state vanpool program,department of administration,,Administration,1700006781,65,1820,57,1,0,2,5,25.0,7.93,18.055555555555557,34.14797951052931
Kansas,2022-04-25,"Agency 1, Article 24",payroll deductions for charitable contributions,department of administration,,Administration,1700006782,13,380,11,0,0,2,0,26.0,6.56,14.285714285714285,37.28531855955679
Kansas,2022-04-25,"Agency 1, Article 26",write off of accounts receivable by state agencies,department of administration,,Administration,1700006783,10,506,10,0,0,0,0,28.0,6.79,29.411764705882355,33.359243697478995
Kansas,2022-04-25,"Agency 1, Article 27",canteens and benefit funds,department of administration,,Administration,1700006784,22,651,21,0,0,0,1,26.0,6.75,8.0,34.539967373572594
Kansas,2022-04-25,"Agency 1, Article 3",workforce planning and control,department of administration,,Administration,1700006765,9,385,8,0,0,0,1,31.0,6.84,16.666666666666664,43.11671087533156
Kansas,2022-04-25,"Agency 1, Article 31",computer services general,department of administration,,Administration,1700006785,12,1167,10,0,0,0,2,20.0,7.48,8.771929824561402,37.76660682226212
Kansas,2022-04-25,"Agency 1, Article 32",policy and procedures memorandum,department of administration,,Administration,1700006786,2,194,1,0,0,0,1,32.0,6.09,0.0,39.9468085106383
Kansas,2022-04-25,"Agency 1, Article 33",rates and charges for data processing services,department of administration,,Administration,1700006787,14,977,11,0,0,0,3,28.0,7.52,35.294117647058826,33.64718384697131
Kansas,2022-04-25,"Agency 1, Article 34",systems design and programming services rates and charges,department of administration,,Administration,1700006788,8,406,6,0,0,0,2,27.0,6.56,40.0,32.40355329949239
Kansas,2022-04-25,"Agency 1, Article 35",payment of rates and charges,department of administration,,Administration,1700006789,5,277,4,0,0,0,1,20.0,6.42,15.384615384615383,37.38372093023256
Kansas,2022-04-25,"Agency 1, Article 36",determination of priorities and schedules,department of administration,,Administration,1700006790,1,310,0,0,0,0,1,30.0,6.67,20.0,41.17275747508306
Kansas,2022-04-25,"Agency 1, Article 37",standards for the submission of data,department of administration,,Administration,1700006791,8,669,2,4,0,0,2,24.0,7.25,22.22222222222222,41.48062015503876
Kansas,2022-04-25,"Agency 1, Article 38",standards for security and confidentiality,department of administration,,Administration,1700006792,11,620,5,2,0,0,4,25.0,7.23,12.5,42.32727272727273
Kansas,2022-04-25,"Agency 1, Article 4",classification,department of administration,,Administration,1700006766,47,1615,44,0,0,0,3,30.0,7.42,46.15384615384615,38.38649517684888
Kansas,2022-04-25,"Agency 1, Article 45",motor vehicle parking on certain state owned or operated property in shawnee county,department of administration,,Administration,1700006793,58,2276,55,0,0,1,2,29.0,7.54,20.77922077922078,31.9739010989011
Kansas,2022-04-25,"Agency 1, Article 46",parking for the statehouse,department of administration,,Administration,1700006794,64,2472,63,0,0,0,1,29.0,7.5,25.60975609756097,35.51836037574722
Kansas,2022-04-25,"Agency 1, Article 47",vehicle traffic,department of administration,,Administration,1700006795,10,415,10,0,0,0,0,39.0,6.56,30.0,33.130434782608695
Kansas,2022-04-25,"Agency 1, Article 49",personal conduct certain buildings and grounds,department of administration,,Administration,1700006796,32,1116,29,0,0,3,0,26.0,7.27,21.951219512195124,29.47796278158668
Kansas,2022-04-25,"Agency 1, Article 5",compensation,department of administration,,Administration,1700006767,167,6678,161,0,0,0,6,32.0,7.87,42.364532019704434,30.36327036234128
Kansas,2022-04-25,"Agency 1, Article 6",recruiting and staffing,department of administration,,Administration,1700006768,172,6791,151,0,0,0,21,26.0,8.32,26.4,35.46522744795682
Kansas,2022-04-25,"Agency 1, Article 60",special assessments against the state,department of administration,,Administration,1700006797,2,298,2,0,0,0,0,29.0,6.62,20.0,37.745644599303134
Kansas,2022-04-25,"Agency 1, Article 61",allotment system,department of administration,,Administration,1700006798,13,717,12,0,0,0,1,44.0,6.55,37.5,34.32902298850575
Kansas,2022-04-25,"Agency 1, Article 62",handicapped accessibility standards,department of administration,,Administration,1700006799,2,171,2,0,0,0,0,32.0,5.65,0.0,38.92356687898089
Kansas,2022-04-25,"Agency 1, Article 63",quality management,department of administration,,Administration,1700006800,11,286,11,0,0,0,0,31.0,6.23,0.0,49.55109489051095
Kansas,2022-04-25,"Agency 1, Article 65",energy star products and equipment,department of administration,,Administration,1700006801,4,208,4,0,0,0,0,21.0,5.6,11.11111111111111,32.167539267015705
Kansas,2022-04-25,"Agency 1, Article 66",energy audits for real property,department of administration,,Administration,1700006802,12,713,10,0,0,0,2,30.0,6.88,26.08695652173913,31.765647743813684
Kansas,2022-04-25,"Agency 1, Article 67",energy efficiency performance standards for state owned buildings,department of administration,,Administration,1700006803,7,474,7,0,0,0,0,16.0,6.08,7.4074074074074066,37.13594470046083
Kansas,2022-04-25,"Agency 1, Article 68",average fuel economy standards for state owned motor vehicles,department of administration,,Administration,1700006804,10,426,10,0,0,0,0,21.0,6.54,11.11111111111111,30.71578947368421
Kansas,2022-04-25,"Agency 1, Article 7",probationary period and employee evaluation,department of administration,,Administration,1700006769,79,2581,72,0,0,1,6,26.0,7.36,28.57142857142857,35.40290088638195
Kansas,2022-04-25,"Agency 1, Article 8",training and career development,department of administration,,Administration,1700006770,11,246,10,0,0,0,1,22.0,5.91,0.0,44.48198198198198
Kansas,2022-04-25,"Agency 1, Article 9",hours leaves employee management relations,department of administration,,Administration,1700006771,293,12540,251,0,0,2,40,32.0,8.6,28.609625668449198,33.59713255638467
Kansas,2022-04-25,"Agency 20, Article 1",definitions,crime victims compensation board,,"Security, Justice, and Corrections",1700007021,0,439,0,0,0,0,0,23.0,7.24,16.666666666666664,32.392857142857146
Kansas,2022-04-25,"Agency 20, Article 15",notoriety for profit contracts,crime victims compensation board,,"Security, Justice, and Corrections",1700007026,16,656,15,1,0,0,0,20.0,7.0,16.129032258064516,32.31993569131833
Kansas,2022-04-25,"Agency 20, Article 2",claims,crime victims compensation board,,"Security, Justice, and Corrections",1700007022,26,1461,25,0,0,0,1,32.0,7.86,40.909090909090914,36.401310997815
Kansas,2022-04-25,"Agency 20, Article 4",attorney fees,crime victims compensation board,,"Security, Justice, and Corrections",1700007023,2,90,2,0,0,0,0,44.0,5.28,0.0,39.95294117647059
Kansas,2022-04-25,"Agency 20, Article 5",assignment,crime victims compensation board,,"Security, Justice, and Corrections",1700007024,1,43,1,0,0,0,0,20.0,4.71,0.0,35.94736842105263
Kansas,2022-04-25,"Agency 20, Article 6",definitions,crime victims compensation board,,"Security, Justice, and Corrections",1700007025,0,348,0,0,0,0,0,19.0,6.65,0.0,35.08982035928144
Kansas,2022-04-25,"Agency 21, Article 30",guidelines on employee selection procedures and recruitment,kansas human rights commission,,Administration,1700007027,42,3535,8,22,4,0,8,34.0,8.7,46.601941747572816,39.77181208053691
Kansas,2022-04-25,"Agency 21, Article 31",guidelines on discrimination because of national origin or ancestry,kansas human rights commission,,Administration,1700007028,2,429,1,0,1,0,0,70.0,6.89,,39.11835748792271
Kansas,2022-04-25,"Agency 21, Article 32",guidelines on discrimination because of sex,kansas human rights commission,,Administration,1700007029,14,1432,8,2,0,3,1,30.0,7.89,34.04255319148936,37.97788873038517
Kansas,2022-04-25,"Agency 21, Article 33",guidelines on discrimination because of religion,kansas human rights commission,,Administration,1700007030,2,314,0,0,0,0,2,45.0,6.62,28.57142857142857,38.61736334405145
Kansas,2022-04-25,"Agency 21, Article 34",discrimination because of disability,kansas human rights commission,,Administration,1700007031,17,2862,13,2,0,2,0,48.0,8.33,37.93103448275862,38.48350439882698
Kansas,2022-04-25,"Agency 21, Article 40",general provisions,kansas human rights commission,,Administration,1700007032,69,3597,54,2,1,1,11,28.0,8.47,37.096774193548384,34.26951566951567
Kansas,2022-04-25,"Agency 21, Article 41",complaints and responses,kansas human rights commission,,Administration,1700007033,7,505,7,0,0,0,0,29.0,6.75,41.17647058823529,38.80543933054393
Kansas,2022-04-25,"Agency 21, Article 42",investigation,kansas human rights commission,,Administration,1700007034,11,642,10,0,1,0,0,29.0,6.85,52.38095238095239,41.64869281045752
Kansas,2022-04-25,"Agency 21, Article 43",conference and conciliation,kansas human rights commission,,Administration,1700007035,9,599,9,0,0,0,0,29.0,6.83,65.0,39.80944055944056
Kansas,2022-04-25,"Agency 21, Article 44",compliance,kansas human rights commission,,Administration,1700007036,10,526,7,0,1,0,2,32.0,7.45,50.0,38.44246031746032
Kansas,2022-04-25,"Agency 21, Article 46",miscellaneous substantive provisions,kansas human rights commission,,Administration,1700007037,1,79,1,0,0,0,0,38.0,4.93,0.0,38.078947368421055
Kansas,2022-04-25,"Agency 21, Article 50",contract compliance,kansas human rights commission,,Administration,1700007038,11,899,11,0,0,0,0,20.0,7.7,13.636363636363637,42.27505827505828
Kansas,2022-04-25,"Agency 21, Article 60",discriminatory housing practices,kansas human rights commission,,Administration,1700007039,31,5737,20,1,1,6,3,49.0,8.54,36.84210526315789,36.47052441229656
Kansas,2022-04-25,"Agency 21, Article 70",nondiscrimination on the basis of disability by public accommodations,kansas human rights commission,,Administration,1700007040,135,7836,121,0,0,0,14,39.0,8.99,37.755102040816325,41.00388219544846
Kansas,2022-04-25,"Agency 21, Article 80",guidelines on age discrimination in employment,kansas human rights commission,,Administration,1700007041,42,1902,38,0,1,0,3,32.0,8.22,31.03448275862069,38.395969498910674
Kansas,2022-04-25,"Agency 22, Article 1",kansas fire prevention code,state fire marshal,,"Security, Justice, and Corrections",1700007042,21,1882,18,0,0,0,3,29.0,8.01,15.625,35.60851808634772
Kansas,2022-04-25,"Agency 22, Article 10",installation and certification standards for extinguishing devices,state fire marshal,,"Security, Justice, and Corrections",1700007048,84,3404,76,1,0,2,5,32.0,8.21,16.19047619047619,40.10946654332408
Kansas,2022-04-25,"Agency 22, Article 11",adult care homes hospitals residential care facilities and maternity centers,state fire marshal,,"Security, Justice, and Corrections",1700007049,16,539,16,0,0,0,0,24.0,7.03,9.090909090909092,30.61867704280156
Kansas,2022-04-25,"Agency 22, Article 13",places of assembly,state fire marshal,,"Security, Justice, and Corrections",1700007050,6,150,6,0,0,0,0,15.0,6.05,0.0,34.43065693430657
Kansas,2022-04-25,"Agency 22, Article 17",sale and distribution of early warning fire suppression or fire alarm devices,state fire marshal,,"Security, Justice, and Corrections",1700007051,4,373,4,0,0,0,0,24.0,6.84,6.666666666666667,43.18005540166205
Kansas,2022-04-25,"Agency 22, Article 18",educational occupancies,state fire marshal,,"Security, Justice, and Corrections",1700007052,25,628,25,0,0,0,0,28.0,6.75,22.727272727272727,32.09001636661211
Kansas,2022-04-25,"Agency 22, Article 19",certification of fire investigators,state fire marshal,,"Security, Justice, and Corrections",1700007053,33,1466,29,0,0,0,4,40.0,7.77,16.666666666666664,37.98575498575499
Kansas,2022-04-25,"Agency 22, Article 21",christmas decorations,state fire marshal,,"Security, Justice, and Corrections",1700007054,1,44,1,0,0,0,0,41.0,4.72,,34.707317073170735
Kansas,2022-04-25,"Agency 22, Article 22",fire department vehicles,state fire marshal,,"Security, Justice, and Corrections",1700007055,7,197,6,1,0,0,0,24.0,6.32,12.5,40.5989010989011
Kansas,2022-04-25,"Agency 22, Article 24",regional hazardous materials response,state fire marshal,,"Security, Justice, and Corrections",1700007056,11,393,11,0,0,0,0,27.0,6.66,28.57142857142857,35.319148936170215
Kansas,2022-04-25,"Agency 22, Article 25",reduced cigarette ignition propensity,state fire marshal,,"Security, Justice, and Corrections",1700007057,15,328,13,0,0,0,2,20.0,6.57,12.5,37.17088607594937
Kansas,2022-04-25,"Agency 22, Article 26",commercial industrial hemp processing,state fire marshal,,"Security, Justice, and Corrections",1700007058,103,4463,89,0,0,1,13,36.0,8.31,22.131147540983605,35.46705471478463
Kansas,2022-04-25,"Agency 22, Article 4",explosive materials,state fire marshal,,"Security, Justice, and Corrections",1700007043,134,3608,127,0,0,0,7,31.0,8.16,26.605504587155966,33.68181818181818
Kansas,2022-04-25,"Agency 22, Article 5",fire reporting requirements,state fire marshal,,"Security, Justice, and Corrections",1700007044,19,1067,19,0,0,0,0,28.0,6.86,23.684210526315788,30.13412228796844
Kansas,2022-04-25,"Agency 22, Article 6",fireworks,state fire marshal,,"Security, Justice, and Corrections",1700007045,108,3223,100,0,0,0,8,23.0,7.62,16.793893129770993,34.3742730071844
Kansas,2022-04-25,"Agency 22, Article 7",flammable and combustible liquids,state fire marshal,,"Security, Justice, and Corrections",1700007046,37,1881,34,0,0,0,3,49.0,8.2,31.57894736842105,37.35410921125207
Kansas,2022-04-25,"Agency 22, Article 8",liquefied petroleum gases,state fire marshal,,"Security, Justice, and Corrections",1700007047,96,2723,80,0,0,1,15,26.0,8.09,10.784313725490197,33.44788841534289
Kansas,2022-04-25,"Agency 24, Article 1",mill levy assessment,kansas wheat commission,,"Industry, Commerce, and Development",1700007059,2,40,2,0,0,0,0,19.0,4.46,0.0,29.80555555555556
Kansas,2022-04-25,"Agency 26, Article 1",general provisions,kansas department for aging and disability services,,Social Assistance,1700007060,66,3586,57,0,0,1,8,31.0,8.34,7.964601769911504,36.69431554524362
Kansas,2022-04-25,"Agency 26, Article 10",administration of medicaid programs nursing facility services payment program home and community based services waiver program for the frail elderly and targeted case management services program,kansas department for aging and disability services,,Social Assistance,1700007068,1,95,1,0,0,0,0,10.0,5.34,0.0,32.770270270270274
Kansas,2022-04-25,"Agency 26, Article 2",grants and contracts,kansas department for aging and disability services,,Social Assistance,1700007061,54,2954,50,0,0,0,4,39.0,7.97,34.66666666666667,34.71649665845938
Kansas,2022-04-25,"Agency 26, Article 3",procurement,kansas department for aging and disability services,,Social Assistance,1700007062,25,1290,21,0,0,0,4,41.0,7.57,32.25806451612903,34.94417862838915
Kansas,2022-04-25,"Agency 26, Article 38",licensure of adult care home administrators,kansas department for aging and disability services,,Social Assistance,1700007067,118,4914,109,0,0,0,9,29.0,8.44,12.195121951219512,36.8024505588994
Kansas,2022-04-25,"Agency 26, Article 39",adult care homes,kansas department for aging and disability services,,Social Assistance,1700007069,215,11317,201,0,0,0,14,26.0,9.02,16.346153846153847,37.1084091330982
Kansas,2022-04-25,"Agency 26, Article 4",non medicaid hearing and appeals,kansas department for aging and disability services,,Social Assistance,1700007063,11,744,9,0,0,1,1,35.0,6.79,52.38095238095239,31.133518776077885
Kansas,2022-04-25,"Agency 26, Article 40",nursing facilities,kansas department for aging and disability services,,Social Assistance,1700007070,509,17113,474,0,0,0,35,27.0,8.69,26.537216828478964,33.44126524206205
Kansas,2022-04-25,"Agency 26, Article 41",assisted living facilities and residential health care facilities,kansas department for aging and disability services,,Social Assistance,1700007071,161,7467,156,1,0,0,4,31.0,8.4,23.20675105485232,39.98262923846581
Kansas,2022-04-25,"Agency 26, Article 42",homes plus,kansas department for aging and disability services,,Social Assistance,1700007072,152,6688,147,1,0,0,4,31.0,8.37,22.16981132075472,39.67609134690073
Kansas,2022-04-25,"Agency 26, Article 43",adult day care facilities,kansas department for aging and disability services,,Social Assistance,1700007073,154,6672,150,0,0,0,4,30.0,8.38,21.363636363636363,40.14130096483038
Kansas,2022-04-25,"Agency 26, Article 4a",customer and provider appeals in medicaid programs,kansas department for aging and disability services,,Social Assistance,1700007064,4,212,4,0,0,0,0,19.0,6.15,20.0,32.09278350515464
Kansas,2022-04-25,"Agency 26, Article 50",unlicensed employees in adult care homes,kansas department for aging and disability services,,Social Assistance,1700007074,136,5085,128,0,0,1,7,31.0,7.76,10.828025477707008,35.60914023372287
Kansas,2022-04-25,"Agency 26, Article 8",senior care act,kansas department for aging and disability services,,Social Assistance,1700007065,18,995,17,0,0,0,1,21.0,7.71,6.666666666666667,33.28385698808234
Kansas,2022-04-25,"Agency 26, Article 9",client assessment referral and evaluation program,kansas department for aging and disability services,,Social Assistance,1700007066,5,308,5,0,0,0,0,38.0,6.34,37.5,38.21476510067114
Kansas,2022-04-25,"Agency 27, Article 1",priorities for allocation and curtailment of consumption of energy resources,kansas energy office,,"Environmental Protection, Public Utilities, and Natural Resources",1700007075,14,795,10,0,0,0,4,17.0,7.5,2.2222222222222223,42.30952380952381
Kansas,2022-04-25,"Agency 27, Article 3",petroleum allocation appeal procedures,kansas energy office,,"Environmental Protection, Public Utilities, and Natural Resources",1700007076,42,2126,41,0,0,0,1,29.0,7.71,33.33333333333333,32.20294117647059
Kansas,2022-04-25,"Agency 28, Article 1",diseases,department of health and environment,,Health Services,1700007077,135,6685,111,0,0,5,19,31.0,9.05,21.153846153846157,41.22727272727273
Kansas,2022-04-25,"Agency 28, Article 12",pathogenic microorganisms,department of health and environment,,Health Services,1700007082,1,125,1,0,0,0,0,61.0,5.68,0.0,41.77049180327869
Kansas,2022-04-25,"Agency 28, Article 13",underground storage disposal wells and surface ponds,department of health and environment,,Health Services,1700007083,13,520,9,0,0,1,3,31.0,6.82,18.75,39.787321063394685
Kansas,2022-04-25,"Agency 28, Article 14",collection and analysis of water and public water supplies,department of health and environment,,Health Services,1700007084,5,434,5,0,0,0,0,47.0,6.77,12.5,48.44481605351171
Kansas,2022-04-25,"Agency 28, Article 15",application for permits domestic water supply,department of health and environment,,Health Services,1700007085,208,7860,185,0,0,0,23,25.0,8.85,12.582781456953644,40.33071399539358
Kansas,2022-04-25,"Agency 28, Article 15a",primary drinking water,department of health and environment,,Health Services,1700007086,95,4280,86,2,0,0,7,18.0,7.71,11.707317073170731,31.480045610034207
Kansas,2022-04-25,"Agency 28, Article 16",water pollution control,department of health and environment,,Health Services,1700007087,702,37376,622,8,0,7,65,27.0,9.8,18.13432835820896,37.832858253433535
Kansas,2022-04-25,"Agency 28, Article 17",division of vital statistics,department of health and environment,,Health Services,1700007088,100,3699,90,0,0,0,10,28.0,7.83,31.538461538461537,32.37101776148858
Kansas,2022-04-25,"Agency 28, Article 18",animal and related waste control,department of health and environment,,Health Services,1700007089,188,9156,144,0,0,2,42,33.0,8.78,21.11111111111111,36.77172874880611
Kansas,2022-04-25,"Agency 28, Article 18a",swine and related waste control,department of health and environment,,Health Services,1700007090,411,18148,339,0,0,2,70,32.0,8.77,25.272727272727277,35.61858365019011
Kansas,2022-04-25,"Agency 28, Article 19",ambient air quality standards and air pollution control,department of health and environment,,Health Services,1700007091,1522,84066,1273,11,2,7,229,35.0,9.83,26.049700085689803,36.48292419190814
Kansas,2022-04-25,"Agency 28, Article 21",food drugs and cosmetics,department of health and environment,,Health Services,1700007092,238,11837,211,2,1,0,24,34.0,9.14,35.294117647058826,35.72167466201483
Kansas,2022-04-25,"Agency 28, Article 22",enrichment of flour and bread,department of health and environment,,Health Services,1700007093,12,481,12,0,0,0,0,39.0,6.64,33.33333333333333,34.885714285714286
Kansas,2022-04-25,"Agency 28, Article 24",sanitary regulations for the practice of cosmetology nail technology electrology or esthetics,department of health and environment,,Health Services,1700007094,97,3459,96,0,0,1,0,31.0,8.32,24.545454545454547,36.95504944560983
Kansas,2022-04-25,"Agency 28, Article 24a",sanitary regulations for tanning facilities,department of health and environment,,Health Services,1700007095,5,255,5,0,0,0,0,19.0,6.29,15.384615384615383,38.11934156378601
Kansas,2022-04-25,"Agency 28, Article 25",sanitary regulations for barbers,department of health and environment,,Health Services,1700007096,49,1305,43,1,0,5,0,24.0,7.82,11.11111111111111,33.08359872611465
Kansas,2022-04-25,"Agency 28, Article 27",hazardous household articles,department of health and environment,,Health Services,1700007097,43,2364,29,0,0,10,4,31.0,8.46,49.333333333333336,33.777827248441675
Kansas,2022-04-25,"Agency 28, Article 29",solid waste management,department of health and environment,,Health Services,1700007098,1865,81031,1657,4,1,11,192,27.0,9.66,18.393602225312936,35.08810326207175
Kansas,2022-04-25,"Agency 28, Article 3",hearings,department of health and environment,,Health Services,1700007078,8,299,8,0,0,0,0,30.0,6.13,20.0,33.57432432432432
Kansas,2022-04-25,"Agency 28, Article 30",water well contractor s license water well construction and abandonment,department of health and environment,,Health Services,1700007099,216,9456,208,2,0,0,6,29.0,8.72,20.82018927444795,31.57665042091272
Kansas,2022-04-25,"Agency 28, Article 31",hazardous waste management standards and regulations,department of health and environment,,Health Services,1700007100,565,21392,519,13,0,0,33,28.0,8.73,19.310344827586206,32.82451191858858
Kansas,2022-04-25,"Agency 28, Article 32",testing human breath for law enforcement purposes,department of health and environment,,Health Services,1700007101,48,2029,44,0,0,0,4,23.0,7.64,10.465116279069768,38.894790602655775
Kansas,2022-04-25,"Agency 28, Article 33",laboratories performing other tests,department of health and environment,,Health Services,1700007102,45,1899,42,0,0,0,3,26.0,8.1,13.88888888888889,42.47826086956522
Kansas,2022-04-25,"Agency 28, Article 34",hospitals,department of health and environment,,Health Services,1700007103,870,24787,823,1,0,11,35,24.0,9.37,11.658291457286431,39.16304393525331
Kansas,2022-04-25,"Agency 28, Article 35",radiation,department of health and environment,,Health Services,1700007104,2393,119447,2113,8,1,10,261,32.0,9.99,26.4257481648786,36.99524245362525
Kansas,2022-04-25,"Agency 28, Article 38",licensure of adult care home administrators,department of health and environment,,Health Services,1700007105,6,330,6,0,0,0,0,40.0,6.67,37.5,39.03503184713376
Kansas,2022-04-25,"Agency 28, Article 39",licensure of adult care homes skilled nursing homes,department of health and environment,,Health Services,1700007106,1022,33121,973,0,0,2,47,24.0,9.48,14.872944693572496,36.13502947760018
Kansas,2022-04-25,"Agency 28, Article 4",maternal and child health,department of health and environment,,Health Services,1700007079,5103,154723,4830,1,0,63,209,25.0,9.81,17.965825874694875,34.26029751754167
Kansas,2022-04-25,"Agency 28, Article 44",petroleum products storage tanks,department of health and environment,,Health Services,1700007107,253,6255,231,1,9,0,12,20.0,8.05,12.802768166089963,32.7120765832106
Kansas,2022-04-25,"Agency 28, Article 45",underground hydrocarbon storage wells and associated brine ponds,department of health and environment,,Health Services,1700007108,440,14336,404,0,0,12,24,32.0,8.75,21.49321266968326,37.43560468329576
Kansas,2022-04-25,"Agency 28, Article 45a",underground natural gas storage wells in bedded salt,department of health and environment,,Health Services,1700007109,271,8890,251,0,0,7,13,31.0,8.62,19.8581560283688,37.141468556037005
Kansas,2022-04-25,"Agency 28, Article 45b",underground crude oil storage wells and associated brine ponds,department of health and environment,,Health Services,1700007110,408,13549,375,0,0,8,25,32.0,8.78,20.863309352517987,36.197603870670456
Kansas,2022-04-25,"Agency 28, Article 46",underground injection control regulations,department of health and environment,,Health Services,1700007111,173,7341,152,0,0,5,16,30.0,8.65,26.359832635983267,34.96871239470517
Kansas,2022-04-25,"Agency 28, Article 47",use of oil and gas field salt water in road construction and maintenance projects,department of health and environment,,Health Services,1700007112,14,865,13,0,0,0,1,35.0,7.2,20.833333333333336,33.11566265060241
Kansas,2022-04-25,"Agency 28, Article 48",spill reporting,department of health and environment,,Health Services,1700007113,5,319,4,0,0,0,1,45.0,6.55,28.57142857142857,35.82315112540193
Kansas,2022-04-25,"Agency 28, Article 5",sewage and excreta disposal,department of health and environment,,Health Services,1700007080,11,738,10,0,0,1,0,36.0,7.38,10.0,37.10872675250358
Kansas,2022-04-25,"Agency 28, Article 50",asbestos control,department of health and environment,,Health Services,1700007114,323,12681,287,1,0,0,35,37.0,8.83,25.151515151515152,36.08783783783784
Kansas,2022-04-25,"Agency 28, Article 51",home health agency licensure,department of health and environment,,Health Services,1700007115,149,5163,140,0,0,0,9,24.0,8.43,8.866995073891626,34.61082527268985
Kansas,2022-04-25,"Agency 28, Article 52",medical care facilities,department of health and environment,,Health Services,1700007116,28,1039,28,0,0,0,0,26.0,7.39,5.263157894736842,40.496981891348085
Kansas,2022-04-25,"Agency 28, Article 53",charitable health care providers,department of health and environment,,Health Services,1700007117,8,625,7,0,0,0,1,34.0,6.89,11.11111111111111,36.83898305084746
Kansas,2022-04-25,"Agency 28, Article 54",trauma system program,department of health and environment,,Health Services,1700007118,23,1506,22,0,0,0,1,45.0,7.17,6.0606060606060606,36.48094248094248
Kansas,2022-04-25,"Agency 28, Article 56",reporting of induced terminations of pregnancy,department of health and environment,,Health Services,1700007119,39,2617,33,0,0,0,6,32.0,7.83,25.64102564102564,37.20911310008137
Kansas,2022-04-25,"Agency 28, Article 59",dietitian,department of health and environment,,Health Services,1700007120,94,3013,87,0,0,0,7,28.0,8.26,6.730769230769231,39.79598198822307
Kansas,2022-04-25,"Agency 28, Article 60",credentialing program,department of health and environment,,Health Services,1700007121,46,2039,45,0,0,0,1,25.0,7.54,17.5,41.09268795056643
Kansas,2022-04-25,"Agency 28, Article 61",licensure of speech language pathologists and audiologists,department of health and environment,,Health Services,1700007122,145,5728,133,0,0,0,12,33.0,8.6,9.75609756097561,41.065039169247584
Kansas,2022-04-25,"Agency 28, Article 65",emergency planning and right to know,department of health and environment,,Health Services,1700007123,53,1691,39,0,0,0,14,24.0,7.75,7.575757575757576,31.870259481037923
Kansas,2022-04-25,"Agency 28, Article 66",local environmental protection grant program,department of health and environment,,Health Services,1700007124,31,2161,28,1,0,1,1,35.0,7.7,28.33333333333333,37.31177042801556
Kansas,2022-04-25,"Agency 28, Article 67",health care database,department of health and environment,,Health Services,1700007125,90,3337,88,0,0,1,1,21.0,8.0,13.725490196078432,36.076148521082445
Kansas,2022-04-25,"Agency 28, Article 68",kansas drycleaner environmental response act,department of health and environment,,Health Services,1700007126,89,3534,85,0,0,0,4,23.0,8.01,14.788732394366196,36.68143961927424
Kansas,2022-04-25,"Agency 28, Article 70",cancer registry,department of health and environment,,Health Services,1700007127,30,1401,26,0,0,0,4,30.0,7.77,24.444444444444443,35.70007535795026
Kansas,2022-04-25,"Agency 28, Article 71",voluntary cleanup and property redevelopment program,department of health and environment,,Health Services,1700007128,72,3673,63,0,0,0,9,30.0,8.27,14.529914529914532,40.667429879793936
Kansas,2022-04-25,"Agency 28, Article 72",residential childhood lead poisoning prevention program,department of health and environment,,Health Services,1700007129,724,29956,641,1,0,12,70,30.0,9.05,22.52346193952033,37.74427159974774
Kansas,2022-04-25,"Agency 28, Article 73",environmental use controls program,department of health and environment,,Health Services,1700007130,72,3457,52,0,0,0,20,34.0,7.85,21.649484536082475,39.75910621365167
Kansas,2022-04-25,"Agency 28, Article 74",risk management program,department of health and environment,,Health Services,1700007131,28,1026,22,0,0,1,5,31.0,7.08,25.0,39.40327533265097
Kansas,2022-04-25,"Agency 28, Article 75",health information,department of health and environment,,Health Services,1700007132,0,41,0,0,0,0,0,18.0,4.88,0.0,45.3235294117647
Kansas,2022-04-25,"Agency 28, Article 9",construction maintenance and use of mausoleums,department of health and environment,,Health Services,1700007081,28,805,23,4,0,0,1,32.0,7.46,24.0,34.20565552699229
Kansas,2022-04-25,"Agency 2, Article 3",accounting and fiscal procedure for municipalities,municipal accounting board,,Taxes and Public Finance,1700006805,4,227,4,0,0,0,0,25.0,6.4,33.33333333333333,34.80821917808219
Kansas,2022-04-25,"Agency 30, Article 10",adult care home program,kansas department for children and families,,Social Assistance,1700007137,598,19854,560,5,2,2,29,27.0,9.01,22.708039492242595,34.43910474297966
Kansas,2022-04-25,"Agency 30, Article 2",general,kansas department for children and families,,Social Assistance,1700007133,24,1206,21,0,0,1,2,30.0,7.94,28.205128205128204,37.35596170583116
Kansas,2022-04-25,"Agency 30, Article 20",security and traffic control for state institutions operated by mental health and retardation services,kansas department for children and families,,Social Assistance,1700007138,34,957,29,0,0,3,2,28.0,7.49,37.5,36.64293785310734
Kansas,2022-04-25,"Agency 30, Article 22",licensing of psychiatric hospitals funding of community mental health centers and facilities for the mentally retarded and facilities for handicapped persons,kansas department for children and families,,Social Assistance,1700007139,117,5967,96,13,0,0,8,28.0,9.0,22.115384615384613,37.6812379786676
Kansas,2022-04-25,"Agency 30, Article 25",state youth centers operated by social and rehabilitation services,kansas department for children and families,,Social Assistance,1700007140,0,59,0,0,0,0,0,18.0,4.88,0.0,24.28846153846154
Kansas,2022-04-25,"Agency 30, Article 26",state psychiatric hospitals catchment areas assistance to counties patient funds and medical information,kansas department for children and families,,Social Assistance,1700007141,22,1334,20,0,1,0,1,30.0,8.08,21.428571428571427,37.600969305331176
Kansas,2022-04-25,"Agency 30, Article 27",oil and gas leases on institutional properties,kansas department for children and families,,Social Assistance,1700007142,19,803,16,0,0,0,3,39.0,7.28,35.0,31.068298969072163
Kansas,2022-04-25,"Agency 30, Article 31",alcohol and drug abuse treatment programs,kansas department for children and families,,Social Assistance,1700007143,0,41,0,0,0,0,0,37.0,4.72,0.0,45.69444444444444
Kansas,2022-04-25,"Agency 30, Article 4",public assistance program,kansas department for children and families,,Social Assistance,1700007134,346,13020,323,0,1,3,19,26.0,9.2,25.352112676056336,34.29932135728543
Kansas,2022-04-25,"Agency 30, Article 42",licensing of non medical resident care facilities,kansas department for children and families,,Social Assistance,1700007144,84,2270,80,1,0,0,3,24.0,8.22,22.82608695652174,34.566106315311224
Kansas,2022-04-25,"Agency 30, Article 43",corporate guardians,kansas department for children and families,,Social Assistance,1700007145,11,665,10,0,0,0,1,60.0,7.09,45.45454545454545,35.15506329113924
Kansas,2022-04-25,"Agency 30, Article 44",support enforcement,kansas department for children and families,,Social Assistance,1700007146,20,1108,19,0,0,0,1,30.0,7.51,33.33333333333333,34.05154639175258
Kansas,2022-04-25,"Agency 30, Article 45",youth services,kansas department for children and families,,Social Assistance,1700007147,18,1020,17,0,0,0,1,29.0,7.63,29.411764705882355,39.16820512820513
Kansas,2022-04-25,"Agency 30, Article 46",child abuse and neglect,kansas department for children and families,,Social Assistance,1700007148,36,2339,32,0,0,1,3,34.0,7.82,28.35820895522388,33.16718680338832
Kansas,2022-04-25,"Agency 30, Article 47",foster care licensing,kansas department for children and families,,Social Assistance,1700007149,2,215,2,0,0,0,0,50.0,6.29,0.0,37.551219512195125
Kansas,2022-04-25,"Agency 30, Article 5",provider participation scope of services and reimbursements for the medicaid medical assistance program,kansas department for children and families,,Social Assistance,1700007135,670,27376,647,0,3,0,20,28.0,9.36,22.66526757607555,38.65114670969229
Kansas,2022-04-25,"Agency 30, Article 60",licensing of community mental health centers,kansas department for children and families,,Social Assistance,1700007150,338,17897,289,1,0,1,47,47.0,8.92,32.24932249322493,36.32975468975469
Kansas,2022-04-25,"Agency 30, Article 61",participating community mental health centers,kansas department for children and families,,Social Assistance,1700007151,44,1861,31,0,0,0,13,42.0,7.29,23.25581395348837,35.42913165266106
Kansas,2022-04-25,"Agency 30, Article 63",developmental disabilities licensing providers of community services,kansas department for children and families,,Social Assistance,1700007152,167,8728,152,0,0,0,15,48.0,8.87,47.77777777777778,35.81063829787234
Kansas,2022-04-25,"Agency 30, Article 64",developmental disabilities community developmental disability organizations,kansas department for children and families,,Social Assistance,1700007153,100,5398,93,0,0,0,7,45.0,8.26,36.75213675213676,34.39949553744664
Kansas,2022-04-25,"Agency 30, Article 65",mental retardation developmental disability provider revolving fund,kansas department for children and families,,Social Assistance,1700007154,16,554,15,0,0,0,1,36.0,6.8,20.0,33.80263157894737
Kansas,2022-04-25,"Agency 30, Article 7",appeals fair hearings and taf ga disqualification hearings,kansas department for children and families,,Social Assistance,1700007136,87,4051,84,1,0,0,2,36.0,8.17,54.54545454545454,34.686478069037115
Kansas,2022-04-25,"Agency 36, Article 1",special permits loads and vehicles,kansas department of transportation,,Transportation,1700007155,188,6610,162,10,2,4,10,23.0,9.16,22.10144927536232,32.67993019197208
Kansas,2022-04-25,"Agency 36, Article 11",public and private utilities on highway right of way,kansas department of transportation,,Transportation,1700007160,4,90,3,0,0,0,1,29.0,5.49,33.33333333333333,42.70114942528736
Kansas,2022-04-25,"Agency 36, Article 14",interstate highway system use,kansas department of transportation,,Transportation,1700007161,1,51,0,0,0,1,0,48.0,4.78,0.0,42.8125
Kansas,2022-04-25,"Agency 36, Article 16",highway relocation assistance,kansas department of transportation,,Transportation,1700007162,20,1168,19,0,0,0,1,29.0,7.35,12.82051282051282,35.78272727272727
Kansas,2022-04-25,"Agency 36, Article 17",billboards and outdoor advertising,kansas department of transportation,,Transportation,1700007163,30,1770,20,2,1,6,1,29.0,8.16,10.0,34.927304964539005
Kansas,2022-04-25,"Agency 36, Article 18",lights on highway construction and maintenance vehicles,kansas department of transportation,,Transportation,1700007164,1,51,1,0,0,0,0,49.0,4.79,0.0,44.26086956521739
Kansas,2022-04-25,"Agency 36, Article 19",standard for slow moving vehicle identification emblem,kansas department of transportation,,Transportation,1700007165,0,45,0,0,0,0,0,41.0,4.83,0.0,54.05263157894737
Kansas,2022-04-25,"Agency 36, Article 2",vehicles carrying emergency equipment,kansas department of transportation,,Transportation,1700007156,1,32,1,0,0,0,0,30.0,4.44,0.0,37.6551724137931
Kansas,2022-04-25,"Agency 36, Article 26",railroad grade crossings,kansas department of transportation,,Transportation,1700007166,11,519,8,0,0,0,3,46.0,7.25,18.181818181818183,32.03893442622951
Kansas,2022-04-25,"Agency 36, Article 27",junkyard and salvage control,kansas department of transportation,,Transportation,1700007167,46,1709,35,1,0,1,9,27.0,7.96,27.41935483870968,39.01110425663171
Kansas,2022-04-25,"Agency 36, Article 28",service brakes and second towed vehicles,kansas department of transportation,,Transportation,1700007168,2,56,2,0,0,0,0,54.0,4.67,,31.058823529411764
Kansas,2022-04-25,"Agency 36, Article 29",payment of moving expenses,kansas department of transportation,,Transportation,1700007169,1,50,1,0,0,0,0,21.0,4.73,0.0,43.95121951219512
Kansas,2022-04-25,"Agency 36, Article 3",highway entrance permits,kansas department of transportation,,Transportation,1700007157,3,62,2,0,0,0,1,29.0,4.94,0.0,36.52542372881356
Kansas,2022-04-25,"Agency 36, Article 30",construction bidding procedures,kansas department of transportation,,Transportation,1700007170,21,724,21,0,0,0,0,28.0,7.11,12.0,38.25519287833828
Kansas,2022-04-25,"Agency 36, Article 31",debarment and suspension of contractors,kansas department of transportation,,Transportation,1700007171,37,1909,36,0,1,0,0,29.0,7.79,42.1875,36.19978343259339
Kansas,2022-04-25,"Agency 36, Article 32",use of roadside facilities,kansas department of transportation,,Transportation,1700007172,15,342,12,0,2,1,0,21.0,6.64,6.25,39.09726443768997
Kansas,2022-04-25,"Agency 36, Article 36",widths of vehicles and loads,kansas department of transportation,,Transportation,1700007173,2,89,2,0,0,0,0,16.0,5.69,20.0,27.3375
Kansas,2022-04-25,"Agency 36, Article 37",the oilfield certification program,kansas department of transportation,,Transportation,1700007174,49,1396,41,5,0,0,3,23.0,7.74,15.254237288135592,30.738345864661653
Kansas,2022-04-25,"Agency 36, Article 38",the multi jurisdictional oversize overweight permit program,kansas department of transportation,,Transportation,1700007175,1,95,1,0,0,0,0,28.0,5.33,0.0,41.651685393258425
Kansas,2022-04-25,"Agency 36, Article 39",rail service assistance program,kansas department of transportation,,Transportation,1700007176,27,2600,25,0,0,0,2,46.0,8.51,18.181818181818183,35.89221556886228
Kansas,2022-04-25,"Agency 36, Article 4",saddlemounts and transportation of empty trucks,kansas department of transportation,,Transportation,1700007158,0,51,0,0,0,0,0,22.0,4.96,0.0,39.72093023255814
Kansas,2022-04-25,"Agency 36, Article 40",transportation revolving fund,kansas department of transportation,,Transportation,1700007177,28,1569,25,0,0,0,3,34.0,7.56,28.88888888888889,41.11881188118812
Kansas,2022-04-25,"Agency 36, Article 41",public safety communication system revolving fund,kansas department of transportation,,Transportation,1700007178,18,1104,18,0,0,0,0,35.0,6.82,3.225806451612903,40.01403180542563
Kansas,2022-04-25,"Agency 36, Article 42",kansas intermodal transportation revolving fund,kansas department of transportation,,Transportation,1700007179,31,1778,27,0,0,0,4,42.0,7.65,34.14634146341464,42.62485481997677
Kansas,2022-04-25,"Agency 36, Article 45",escort vehicles escort vehicle service providers and escort vehicle operators,kansas department of transportation,,Transportation,1700007180,109,4117,94,0,0,0,15,24.0,8.33,20.35928143712575,31.60236321602877
Kansas,2022-04-25,"Agency 36, Article 7",stud tires,kansas department of transportation,,Transportation,1700007159,30,1215,24,3,1,0,2,26.0,7.49,23.91304347826087,30.210526315789476
Kansas,2022-04-25,"Agency 38, Article 1",establishment of branch offices and relocation of home and branch offices,savings and loan department,,"Banking, Insurance, and Securities",1700007181,14,847,14,0,0,0,0,36.0,6.88,13.043478260869565,33.15394088669951
Kansas,2022-04-25,"Agency 38, Article 10",interstate branching,savings and loan department,,"Banking, Insurance, and Securities",1700007188,14,761,12,0,0,0,2,47.0,6.14,33.33333333333333,37.81607629427793
Kansas,2022-04-25,"Agency 38, Article 2",agents,savings and loan department,,"Banking, Insurance, and Securities",1700007182,13,373,9,0,2,0,2,30.0,6.42,8.333333333333332,40.31805157593123
Kansas,2022-04-25,"Agency 38, Article 3",notice that accounts or deposits are not insured as required by ksa 17 5825,savings and loan department,,"Banking, Insurance, and Securities",1700007183,11,250,8,0,0,0,3,30.0,5.95,12.5,41.84232365145228
Kansas,2022-04-25,"Agency 38, Article 4",unsecured loans for property alteration,savings and loan department,,"Banking, Insurance, and Securities",1700007184,3,135,3,0,0,0,0,32.0,5.78,0.0,32.095238095238095
Kansas,2022-04-25,"Agency 38, Article 5",line of credit real estate loans,savings and loan department,,"Banking, Insurance, and Securities",1700007185,3,242,2,1,0,0,0,33.0,6.5,28.57142857142857,32.44444444444444
Kansas,2022-04-25,"Agency 38, Article 8",manufactured home financing,savings and loan department,,"Banking, Insurance, and Securities",1700007186,6,133,6,0,0,0,0,14.0,5.76,0.0,42.69747899159664
Kansas,2022-04-25,"Agency 38, Article 9",safety deposit boxes,savings and loan department,,"Banking, Insurance, and Securities",1700007187,3,196,3,0,0,0,0,37.0,6.03,0.0,33.11173184357542
Kansas,2022-04-25,"Agency 39, Article 1",limitations on use of turnpike,kansas turnpike authority,,Transportation,1700007189,48,1740,32,0,1,15,0,31.0,8.08,35.18518518518518,32.3355421686747
Kansas,2022-04-25,"Agency 39, Article 2",tolls,kansas turnpike authority,,Transportation,1700007190,0,25,0,0,0,0,0,10.0,4.17,0.0,31.52380952380953
Kansas,2022-04-25,"Agency 39, Article 4",designation of office,kansas turnpike authority,,Transportation,1700007191,1,32,1,0,0,0,0,30.0,4.15,0.0,33.17857142857143
Kansas,2022-04-25,"Agency 3, Article 1",disposition of unclaimed property,kansas state treasurer,,Taxes and Public Finance,1700006806,14,837,10,2,0,0,2,33.0,7.29,32.0,32.79331683168317
Kansas,2022-04-25,"Agency 3, Article 2",kansas postsecondary education savings program,kansas state treasurer,,Taxes and Public Finance,1700006807,20,721,17,1,0,0,2,40.0,6.51,44.44444444444444,39.23371104815864
Kansas,2022-04-25,"Agency 3, Article 3",linked deposit loan programs,kansas state treasurer,,Taxes and Public Finance,1700006808,8,361,8,0,0,0,0,28.0,6.61,16.666666666666664,36.113432835820895
Kansas,2022-04-25,"Agency 3, Article 4",low income family postsecondary savings accounts incentive program,kansas state treasurer,,Taxes and Public Finance,1700006809,30,1107,29,0,0,0,1,24.0,7.03,20.454545454545457,37.06238003838772
Kansas,2022-04-25,"Agency 40, Article 1",general,insurance department,,"Banking, Insurance, and Securities",1700007192,158,8049,139,2,0,6,11,32.0,9.03,16.260162601626014,37.01686651732771
Kansas,2022-04-25,"Agency 40, Article 10",firefighter s relief fund tax,insurance department,,"Banking, Insurance, and Securities",1700007200,59,1953,58,0,0,0,1,29.0,7.55,16.666666666666664,36.59125683060109
Kansas,2022-04-25,"Agency 40, Article 11",proxies consents and authorizations,insurance department,,"Banking, Insurance, and Securities",1700007201,0,39,0,0,0,0,0,37.0,4.62,0.0,62.457142857142856
Kansas,2022-04-25,"Agency 40, Article 12",sale of stock,insurance department,,"Banking, Insurance, and Securities",1700007202,88,2585,82,0,0,2,4,46.0,7.92,47.27272727272727,33.455089820359284
Kansas,2022-04-25,"Agency 40, Article 13",insider stock trading,insurance department,,"Banking, Insurance, and Securities",1700007203,85,4774,79,0,0,0,6,36.0,7.9,35.15625,32.37134632418069
Kansas,2022-04-25,"Agency 40, Article 14",insurance premium finance companies,insurance department,,"Banking, Insurance, and Securities",1700007204,18,591,15,1,0,0,2,28.0,6.83,15.0,34.85379061371841
Kansas,2022-04-25,"Agency 40, Article 15",variable annuities or separate accounts,insurance department,,"Banking, Insurance, and Securities",1700007205,44,1734,39,0,1,1,3,40.0,7.66,35.714285714285715,35.91973445986723
Kansas,2022-04-25,"Agency 40, Article 15a",variable life insurance,insurance department,,"Banking, Insurance, and Securities",1700007206,1,346,1,0,0,0,0,14.0,6.12,0.0,31.2876254180602
Kansas,2022-04-25,"Agency 40, Article 15b",universal life insurance,insurance department,,"Banking, Insurance, and Securities",1700007207,7,281,5,0,0,0,2,27.0,6.54,20.0,38.406976744186046
Kansas,2022-04-25,"Agency 40, Article 16",professional employer organizations,insurance department,,"Banking, Insurance, and Securities",1700007208,5,181,2,0,0,0,3,88.0,4.91,0.0,51.64596273291925
Kansas,2022-04-25,"Agency 40, Article 2",life insurance,insurance department,,"Banking, Insurance, and Securities",1700007193,181,8882,162,1,1,3,14,40.0,8.84,33.03167420814479,35.5369365116828
Kansas,2022-04-25,"Agency 40, Article 3",fire and casualty insurance,insurance department,,"Banking, Insurance, and Securities",1700007194,273,11913,230,1,1,10,31,37.0,9.16,30.91482649842272,36.875700770847935
Kansas,2022-04-25,"Agency 40, Article 4",accident and health insurance,insurance department,,"Banking, Insurance, and Securities",1700007195,411,24134,344,4,6,5,52,38.0,9.25,35.5877616747182,35.792466765140325
Kansas,2022-04-25,"Agency 40, Article 5",credit insurance,insurance department,,"Banking, Insurance, and Securities",1700007196,85,3517,71,1,1,3,9,32.0,8.23,39.25233644859813,35.03456640388114
Kansas,2022-04-25,"Agency 40, Article 7",agents,insurance department,,"Banking, Insurance, and Securities",1700007197,81,3058,77,0,0,1,3,33.0,8.27,21.73913043478261,37.84049079754601
Kansas,2022-04-25,"Agency 40, Article 8",excess coverage,insurance department,,"Banking, Insurance, and Securities",1700007198,30,868,17,0,0,3,10,35.0,7.01,50.0,33.19036144578313
Kansas,2022-04-25,"Agency 40, Article 9",advertising,insurance department,,"Banking, Insurance, and Securities",1700007199,9,419,8,0,0,0,1,31.0,6.67,23.07692307692308,37.41730279898219
Kansas,2022-04-25,"Agency 43, Article 1",administering oaths,corrections ombudsman board,,"Security, Justice, and Corrections",1700007209,2,121,2,0,0,0,0,40.0,5.36,,36.11304347826087
Kansas,2022-04-25,"Agency 44, Article 1",general administration,department of corrections,,"Security, Justice, and Corrections",1700007210,13,666,13,0,0,0,0,21.0,7.33,0.0,41.74961360123648
Kansas,2022-04-25,"Agency 44, Article 11",community corrections,department of corrections,,"Security, Justice, and Corrections",1700007218,82,3551,77,1,0,0,4,30.0,8.17,22.033898305084744,38.66966357308585
Kansas,2022-04-25,"Agency 44, Article 12",conduct and penalties,department of corrections,,"Security, Justice, and Corrections",1700007219,402,10763,376,0,0,18,8,23.0,9.05,18.79194630872483,33.66737967914438
Kansas,2022-04-25,"Agency 44, Article 13",disciplinary procedure,department of corrections,,"Security, Justice, and Corrections",1700007220,333,12118,314,0,1,0,18,29.0,8.57,36.43031784841076,32.7643712832888
Kansas,2022-04-25,"Agency 44, Article 15",grievance procedure for inmates,department of corrections,,"Security, Justice, and Corrections",1700007221,143,4999,138,0,0,1,4,25.0,8.23,21.71717171717172,33.3688103554551
Kansas,2022-04-25,"Agency 44, Article 16",reporting and claims procedure for lost or damaged property or for personal injury,department of corrections,,"Security, Justice, and Corrections",1700007222,14,350,12,0,0,0,2,26.0,6.37,30.76923076923077,32.33433734939759
Kansas,2022-04-25,"Agency 44, Article 2",facilities management,department of corrections,,"Security, Justice, and Corrections",1700007211,6,480,6,0,0,0,0,68.0,7.48,71.42857142857143,39.5109649122807
Kansas,2022-04-25,"Agency 44, Article 4",training,department of corrections,,"Security, Justice, and Corrections",1700007212,3,188,3,0,0,0,0,15.0,6.09,0.0,43.960893854748605
Kansas,2022-04-25,"Agency 44, Article 5",inmate management,department of corrections,,"Security, Justice, and Corrections",1700007213,88,2850,83,0,0,2,3,32.0,8.36,34.831460674157306,37.56111715632935
Kansas,2022-04-25,"Agency 44, Article 6",good time credits and sentence computation,department of corrections,,"Security, Justice, and Corrections",1700007214,330,13252,324,0,0,2,4,31.0,8.54,34.74178403755869,34.70983840304182
Kansas,2022-04-25,"Agency 44, Article 7",programs and activities,department of corrections,,"Security, Justice, and Corrections",1700007215,50,2062,48,0,0,2,0,32.0,7.98,45.3125,34.632693254554404
Kansas,2022-04-25,"Agency 44, Article 8",work release,department of corrections,,"Security, Justice, and Corrections",1700007216,36,1872,33,0,0,0,3,22.0,7.98,14.634146341463412,39.930648769574944
Kansas,2022-04-25,"Agency 44, Article 9",parole postrelease supervision and house arrest,department of corrections,,"Security, Justice, and Corrections",1700007217,85,3962,83,0,0,0,2,27.0,8.08,32.3943661971831,33.61546499477534
Kansas,2022-04-25,"Agency 45, Article 1000",orders of restitution and expenses,kansas parole board,,"Security, Justice, and Corrections",1700007230,1,311,1,0,0,0,0,33.0,6.28,66.66666666666666,34.30536912751678
Kansas,2022-04-25,"Agency 45, Article 200",parole hearing proceedings,kansas parole board,,"Security, Justice, and Corrections",1700007223,11,389,9,0,0,0,2,35.0,6.59,54.54545454545454,32.35466666666667
Kansas,2022-04-25,"Agency 45, Article 300",dockets,kansas parole board,,"Security, Justice, and Corrections",1700007224,2,201,2,0,0,0,0,27.0,6.01,71.42857142857143,33.015957446808514
Kansas,2022-04-25,"Agency 45, Article 400",release to supervision,kansas parole board,,"Security, Justice, and Corrections",1700007225,19,936,19,0,0,0,0,30.0,7.06,35.483870967741936,32.621562156215624
Kansas,2022-04-25,"Agency 45, Article 600",conditional release,kansas parole board,,"Security, Justice, and Corrections",1700007226,7,192,7,0,0,0,0,27.0,5.65,14.285714285714285,32.23118279569893
Kansas,2022-04-25,"Agency 45, Article 700",release of functionally incapacitated inmates,kansas parole board,,"Security, Justice, and Corrections",1700007227,16,746,15,0,0,0,1,35.0,7.21,38.095238095238095,36.016620498614955
Kansas,2022-04-25,"Agency 45, Article 800",discharge,kansas parole board,,"Security, Justice, and Corrections",1700007228,1,122,1,0,0,0,0,18.0,5.56,16.666666666666664,30.684684684684683
Kansas,2022-04-25,"Agency 45, Article 900",executive clemency,kansas parole board,,"Security, Justice, and Corrections",1700007229,6,186,6,0,0,0,0,26.0,5.86,42.85714285714285,33.612021857923494
Kansas,2022-04-25,"Agency 47, Article 1",general,mined land conservation and reclamation,,"Environmental Protection, Public Utilities, and Natural Resources",1700007231,20,775,19,0,0,0,1,40.0,7.15,36.84210526315789,33.18682795698925
Kansas,2022-04-25,"Agency 47, Article 10",underground mining,mined land conservation and reclamation,,"Environmental Protection, Public Utilities, and Natural Resources",1700007240,56,1727,56,0,0,0,0,9.0,6.26,1.3793103448275863,21.39965986394558
Kansas,2022-04-25,"Agency 47, Article 11",small operator assistance program,mined land conservation and reclamation,,"Environmental Protection, Public Utilities, and Natural Resources",1700007241,15,477,15,0,0,0,0,8.0,5.78,2.3255813953488373,20.471337579617835
Kansas,2022-04-25,"Agency 47, Article 12",lands unsuitable for surface mining,mined land conservation and reclamation,,"Environmental Protection, Public Utilities, and Natural Resources",1700007242,40,1338,39,0,0,1,0,10.0,6.56,2.8846153846153846,24.74074074074074
Kansas,2022-04-25,"Agency 47, Article 13",training certification and responsibilities of blasters and operators,mined land conservation and reclamation,,"Environmental Protection, Public Utilities, and Natural Resources",1700007243,13,735,13,0,0,0,0,34.0,7.02,25.0,35.57228017883756
Kansas,2022-04-25,"Agency 47, Article 14",employee financial interests,mined land conservation and reclamation,,"Environmental Protection, Public Utilities, and Natural Resources",1700007244,12,348,11,0,0,1,0,11.0,6.07,19.230769230769237,26.348148148148148
Kansas,2022-04-25,"Agency 47, Article 15",inspections and enforcement,mined land conservation and reclamation,,"Environmental Protection, Public Utilities, and Natural Resources",1700007245,67,2449,64,0,0,0,3,19.0,7.6,16.379310344827587,29.2067843866171
Kansas,2022-04-25,"Agency 47, Article 16",reclamation,mined land conservation and reclamation,,"Environmental Protection, Public Utilities, and Natural Resources",1700007246,61,2540,56,0,0,0,5,31.0,8.24,34.177215189873415,33.65985827428095
Kansas,2022-04-25,"Agency 47, Article 2",meaning of terms,mined land conservation and reclamation,,"Environmental Protection, Public Utilities, and Natural Resources",1700007232,55,1917,54,0,0,0,1,13.0,7.55,3.149606299212598,31.32982673267327
Kansas,2022-04-25,"Agency 47, Article 3",application for mining permit,mined land conservation and reclamation,,"Environmental Protection, Public Utilities, and Natural Resources",1700007233,154,4323,150,0,0,0,4,10.0,7.06,6.287425149700598,24.10035495321071
Kansas,2022-04-25,"Agency 47, Article 4",public hearings,mined land conservation and reclamation,,"Environmental Protection, Public Utilities, and Natural Resources",1700007234,189,8742,175,0,2,2,10,33.0,8.58,46.36015325670498,32.949016412524735
Kansas,2022-04-25,"Agency 47, Article 5",civil penalties,mined land conservation and reclamation,,"Environmental Protection, Public Utilities, and Natural Resources",1700007235,91,3222,86,0,0,0,5,23.0,8.04,23.66412213740458,29.55708092485549
Kansas,2022-04-25,"Agency 47, Article 6",permit review,mined land conservation and reclamation,,"Environmental Protection, Public Utilities, and Natural Resources",1700007236,100,3097,94,0,0,0,6,16.0,7.61,14.367816091954024,31.138305847076463
Kansas,2022-04-25,"Agency 47, Article 7",coal exploration,mined land conservation and reclamation,,"Environmental Protection, Public Utilities, and Natural Resources",1700007237,12,453,12,0,0,0,0,11.0,6.11,2.941176470588235,27.24277456647399
Kansas,2022-04-25,"Agency 47, Article 8",bonding procedures,mined land conservation and reclamation,,"Environmental Protection, Public Utilities, and Natural Resources",1700007238,26,817,26,0,0,0,0,9.0,6.32,1.4492753623188406,24.91482112436116
Kansas,2022-04-25,"Agency 47, Article 9",performance standards,mined land conservation and reclamation,,"Environmental Protection, Public Utilities, and Natural Resources",1700007239,208,6794,207,0,0,0,1,11.0,7.29,4.733727810650888,25.758333333333333
Kansas,2022-04-25,"Agency 48, Article 1",appellate procedure,department of labor employment security board of review,,Labor and Workforce Development,1700007247,65,2022,64,0,0,0,1,29.0,7.37,42.64705882352941,30.044489383215367
Kansas,2022-04-25,"Agency 48, Article 2",board organization and procedure,department of labor employment security board of review,,Labor and Workforce Development,1700007248,14,357,14,0,0,0,0,23.0,6.11,6.666666666666667,28.607038123167158
Kansas,2022-04-25,"Agency 48, Article 3",appeals,department of labor employment security board of review,,Labor and Workforce Development,1700007249,8,478,7,0,0,0,1,22.0,6.75,9.523809523809524,36.44298245614035
Kansas,2022-04-25,"Agency 48, Article 4",filing appeals,department of labor employment security board of review,,Labor and Workforce Development,1700007250,3,159,3,0,0,0,0,30.0,5.69,,29.483443708609272
Kansas,2022-04-25,"Agency 49, Article 1",hours and working conditions women and minors,department of labor,,Labor and Workforce Development,1700007251,77,6521,71,1,0,5,0,29.0,9.26,27.64976958525346,36.330651522322135
Kansas,2022-04-25,"Agency 49, Article 10",holding a manual ballot,department of labor,,Labor and Workforce Development,1700007256,20,634,19,1,0,0,0,28.0,6.92,18.181818181818183,32.83225806451613
Kansas,2022-04-25,"Agency 49, Article 11",conduct of mail referendum ballot,department of labor,,Labor and Workforce Development,1700007257,2,226,1,1,0,0,0,20.0,6.01,18.181818181818183,35.08411214953271
Kansas,2022-04-25,"Agency 49, Article 12",jointly conducted union management election,department of labor,,Labor and Workforce Development,1700007258,27,973,26,1,0,0,0,33.0,7.32,24.13793103448276,34.15141955835962
Kansas,2022-04-25,"Agency 49, Article 15",enforcement,department of labor,,Labor and Workforce Development,1700007259,0,172,0,0,0,0,0,18.0,6.08,55.55555555555556,37.98039215686274
Kansas,2022-04-25,"Agency 49, Article 16",records and retention,department of labor,,Labor and Workforce Development,1700007260,1,156,1,0,0,0,0,21.0,6.04,28.57142857142857,34.775510204081634
Kansas,2022-04-25,"Agency 49, Article 20",wage payments and procedures for enforcement,department of labor,,Labor and Workforce Development,1700007261,18,989,13,0,0,0,5,31.0,7.61,22.58064516129032,34.936974789915965
Kansas,2022-04-25,"Agency 49, Article 21",procedures,department of labor,,Labor and Workforce Development,1700007262,56,2083,53,0,0,0,3,30.0,7.93,31.88405797101449,30.94718485301445
Kansas,2022-04-25,"Agency 49, Article 22",general provisions,department of labor,,Labor and Workforce Development,1700007263,4,317,4,0,0,0,0,18.0,6.47,29.411764705882355,34.25490196078432
Kansas,2022-04-25,"Agency 49, Article 23",procedure,department of labor,,Labor and Workforce Development,1700007264,56,1649,51,0,0,2,3,24.0,7.51,20.8955223880597,32.2888198757764
Kansas,2022-04-25,"Agency 49, Article 24",units,department of labor,,Labor and Workforce Development,1700007265,1,75,1,0,0,0,0,36.0,4.89,,47.22222222222222
Kansas,2022-04-25,"Agency 49, Article 25",elections,department of labor,,Labor and Workforce Development,1700007266,56,1391,55,0,0,0,1,27.0,7.3,28.000000000000004,36.87806691449814
Kansas,2022-04-25,"Agency 49, Article 26",impasse declaration and notification,department of labor,,Labor and Workforce Development,1700007267,10,283,9,0,0,0,1,34.0,6.25,75.0,35.71102661596958
Kansas,2022-04-25,"Agency 49, Article 27",fact finding,department of labor,,Labor and Workforce Development,1700007268,13,533,13,0,0,0,0,32.0,6.24,31.25,28.91456310679612
Kansas,2022-04-25,"Agency 49, Article 28",prohibited practices,department of labor,,Labor and Workforce Development,1700007269,8,189,7,0,0,1,0,26.0,5.91,42.85714285714285,30.39664804469274
Kansas,2022-04-25,"Agency 49, Article 30",minimum wage and maximum hours,department of labor,,Labor and Workforce Development,1700007270,33,2336,21,0,0,0,12,37.0,8.44,38.70967741935484,34.38925876608966
Kansas,2022-04-25,"Agency 49, Article 31",minimum wage and maximum hours,department of labor,,Labor and Workforce Development,1700007271,26,1273,21,0,1,0,4,34.0,7.85,30.55555555555556,33.375545851528386
Kansas,2022-04-25,"Agency 49, Article 45",boiler specifications and inspections,department of labor,,Labor and Workforce Development,1700007272,0,1180,0,0,0,0,0,44.0,6.3,4.0,44.246464646464645
Kansas,2022-04-25,"Agency 49, Article 45a",definitions,department of labor,,Labor and Workforce Development,1700007273,5,845,3,0,0,0,2,27.0,7.29,0.0,33.53874092009685
Kansas,2022-04-25,"Agency 49, Article 46",boiler insurance and administration,department of labor,,Labor and Workforce Development,1700007274,12,362,10,0,0,0,2,27.0,6.3,38.46153846153847,33.816618911174785
Kansas,2022-04-25,"Agency 49, Article 47",inspectors,department of labor,,Labor and Workforce Development,1700007275,23,704,22,0,0,0,1,36.0,7.1,10.526315789473683,34.48740740740741
Kansas,2022-04-25,"Agency 49, Article 48",frequency of inspection,department of labor,,Labor and Workforce Development,1700007276,20,635,20,0,0,0,0,29.0,6.85,40.909090909090914,36.5974025974026
Kansas,2022-04-25,"Agency 49, Article 49",fee schedule for boiler inspections,department of labor,,Labor and Workforce Development,1700007277,8,894,8,0,0,0,0,25.0,6.01,,29.944992947813823
Kansas,2022-04-25,"Agency 49, Article 50",general requirements for all boilers,department of labor,,Labor and Workforce Development,1700007278,237,6675,214,0,0,3,20,26.0,8.73,25.0,34.03730045835309
Kansas,2022-04-25,"Agency 49, Article 51",high pressure boilers,department of labor,,Labor and Workforce Development,1700007279,117,3486,111,0,0,0,6,25.0,8.08,32.83582089552239,28.166357452071736
Kansas,2022-04-25,"Agency 49, Article 52",low pressure heating boilers,department of labor,,Labor and Workforce Development,1700007280,145,4127,141,0,0,0,4,28.0,7.92,31.25,28.52047082906858
Kansas,2022-04-25,"Agency 49, Article 55",amusement ride regulations,department of labor,,Labor and Workforce Development,1700007281,25,1117,22,0,0,0,3,24.0,7.2,15.555555555555555,38.09798270893372
Kansas,2022-04-25,"Agency 49, Article 6",collective bargaining unit selection,department of labor,,Labor and Workforce Development,1700007252,10,977,9,1,0,0,0,40.0,6.94,45.83333333333333,38.55345911949686
Kansas,2022-04-25,"Agency 49, Article 7",secret ballot election all union agreement,department of labor,,Labor and Workforce Development,1700007253,3,386,3,0,0,0,0,26.0,6.58,21.428571428571427,39.54696132596685
Kansas,2022-04-25,"Agency 49, Article 8",secret ballot election strike walkout and cessation of work,department of labor,,Labor and Workforce Development,1700007254,9,576,9,0,0,0,0,43.0,6.61,46.15384615384615,33.11573236889693
Kansas,2022-04-25,"Agency 49, Article 9",all types of elections,department of labor,,Labor and Workforce Development,1700007255,16,623,15,1,0,0,0,34.0,6.96,44.44444444444444,33.25700164744646
Kansas,2022-04-25,"Agency 4, Article 1",agricultural chemicals,department of agriculture,,"Industry, Commerce, and Development",1700006810,49,2218,47,0,0,0,2,31.0,7.99,35.714285714285715,36.45356472795497
Kansas,2022-04-25,"Agency 4, Article 10",anhydrous ammonia,department of agriculture,,"Industry, Commerce, and Development",1700006818,193,6906,187,0,0,1,5,27.0,8.88,23.29317269076305,32.70477789650435
Kansas,2022-04-25,"Agency 4, Article 11",eggs,department of agriculture,,"Industry, Commerce, and Development",1700006819,30,932,30,0,0,0,0,23.0,7.36,30.76923076923077,29.02153110047847
Kansas,2022-04-25,"Agency 4, Article 13",pesticides,department of agriculture,,"Industry, Commerce, and Development",1700006820,375,15321,335,7,0,1,32,32.0,9.14,20.607375271149674,39.61103523627424
Kansas,2022-04-25,"Agency 4, Article 15",plants and plant products,department of agriculture,,"Industry, Commerce, and Development",1700006821,48,2060,44,0,0,2,2,34.0,7.97,25.0,33.844556962025315
Kansas,2022-04-25,"Agency 4, Article 16",meat and meat products inspection,department of agriculture,,"Industry, Commerce, and Development",1700006822,87,4387,80,0,0,1,6,28.0,8.65,43.44827586206896,34.695460440985734
Kansas,2022-04-25,"Agency 4, Article 17",poultry and poultry products inspection,department of agriculture,,"Industry, Commerce, and Development",1700006823,2,169,2,0,0,0,0,35.0,5.58,75.0,35.39393939393939
Kansas,2022-04-25,"Agency 4, Article 19",soil amendments,department of agriculture,,"Industry, Commerce, and Development",1700006824,1,21,1,0,0,0,0,18.0,3.88,0.0,43.0625
Kansas,2022-04-25,"Agency 4, Article 2",agricultural seed,department of agriculture,,"Industry, Commerce, and Development",1700006811,30,1328,26,2,0,0,2,33.0,7.78,41.02564102564102,34.633278145695364
Kansas,2022-04-25,"Agency 4, Article 20",chemigation,department of agriculture,,"Industry, Commerce, and Development",1700006825,53,1607,45,0,0,0,8,25.0,7.73,9.836065573770492,35.53459972862958
Kansas,2022-04-25,"Agency 4, Article 21",nutrient utilization plans,department of agriculture,,"Industry, Commerce, and Development",1700006826,65,1995,52,0,0,0,13,28.0,7.57,26.08695652173913,32.032568072610786
Kansas,2022-04-25,"Agency 4, Article 25",grain warehouse,department of agriculture,,"Industry, Commerce, and Development",1700006827,81,2938,73,0,0,0,8,33.0,7.98,25.301204819277107,33.29344945096555
Kansas,2022-04-25,"Agency 4, Article 27",lodging establishments,department of agriculture,,"Industry, Commerce, and Development",1700006828,584,13406,550,0,0,13,21,23.0,9.01,21.17437722419929,33.53223063842943
Kansas,2022-04-25,"Agency 4, Article 28",food safety,department of agriculture,,"Industry, Commerce, and Development",1700006829,105,3804,98,0,0,2,5,28.0,8.52,10.9375,34.46422438465942
Kansas,2022-04-25,"Agency 4, Article 3",commercial feeding stuffs definitions,department of agriculture,,"Industry, Commerce, and Development",1700006812,65,2872,58,0,0,1,6,28.0,8.29,25.252525252525253,32.62025796661609
Kansas,2022-04-25,"Agency 4, Article 33",mill levy assessment,department of agriculture,,"Industry, Commerce, and Development",1700006830,8,258,8,0,0,0,0,18.0,6.19,15.384615384615383,31.124463519313306
Kansas,2022-04-25,"Agency 4, Article 34",industrial hemp,department of agriculture,,"Industry, Commerce, and Development",1700006831,492,19613,422,0,0,2,68,35.0,8.37,25.185185185185183,36.19167897068129
Kansas,2022-04-25,"Agency 4, Article 4",commercial fertilizers,department of agriculture,,"Industry, Commerce, and Development",1700006813,284,10713,246,0,0,3,35,28.0,8.79,22.04301075268817,35.733582750812246
Kansas,2022-04-25,"Agency 4, Article 5",agricultural liming materials,department of agriculture,,"Industry, Commerce, and Development",1700006814,3,137,3,0,0,0,0,44.0,5.83,33.33333333333333,42.99206349206349
Kansas,2022-04-25,"Agency 4, Article 6",certificate of free sale,department of agriculture,,"Industry, Commerce, and Development",1700006815,8,464,8,0,0,0,0,45.0,6.62,60.0,34.77354260089686
Kansas,2022-04-25,"Agency 4, Article 7",milk and dairy products,department of agriculture,,"Industry, Commerce, and Development",1700006816,72,3000,69,0,0,0,3,23.0,8.15,10.655737704918032,34.674231332357245
Kansas,2022-04-25,"Agency 4, Article 8",noxious weeds,department of agriculture,,"Industry, Commerce, and Development",1700006817,41,2549,37,0,0,0,4,48.0,7.59,39.21568627450981,34.69377593360996
Kansas,2022-04-25,"Agency 50, Article 1",meaning of terms,department of labor division of employment,,Labor and Workforce Development,1700007282,9,1162,8,0,0,0,1,24.0,7.63,17.02127659574468,34.94849023090586
Kansas,2022-04-25,"Agency 50, Article 2",unemployment insurance contributing reimbursing and rated governmental employment,department of labor division of employment,,Labor and Workforce Development,1700007283,309,11226,276,0,1,0,32,27.0,8.81,27.94117647058824,32.62337662337662
Kansas,2022-04-25,"Agency 50, Article 3",unemployment insurance benefits,department of labor division of employment,,Labor and Workforce Development,1700007284,83,3864,73,2,0,0,8,26.0,8.23,28.47222222222222,34.391397274913174
Kansas,2022-04-25,"Agency 50, Article 4",disclosure of information,department of labor division of employment,,Labor and Workforce Development,1700007285,13,750,12,0,0,0,1,34.0,6.92,45.45454545454545,39.48777173913044
Kansas,2022-04-25,"Agency 51, Article 1",forms,department of labor division of workers compensation,,Labor and Workforce Development,1700007286,14,340,11,0,0,0,3,24.0,6.09,23.07692307692308,31.23100303951368
Kansas,2022-04-25,"Agency 51, Article 11",wages,department of labor division of workers compensation,,Labor and Workforce Development,1700007291,4,147,4,0,0,0,0,23.0,5.31,16.666666666666664,31.67142857142857
Kansas,2022-04-25,"Agency 51, Article 12",injuries occurring inside or outside the state of kansas,department of labor division of workers compensation,,Labor and Workforce Development,1700007292,2,78,2,0,0,0,0,25.0,5.14,0.0,33.06666666666667
Kansas,2022-04-25,"Agency 51, Article 13",elections,department of labor division of workers compensation,,Labor and Workforce Development,1700007293,5,126,5,0,0,0,0,40.0,5.44,0.0,32.85123966942149
Kansas,2022-04-25,"Agency 51, Article 14",securing payment of compensation by insurance and self insurance,department of labor division of workers compensation,,Labor and Workforce Development,1700007294,17,524,14,0,0,0,3,36.0,6.2,42.85714285714285,34.683397683397686
Kansas,2022-04-25,"Agency 51, Article 15",workers compensation fund,department of labor division of workers compensation,,Labor and Workforce Development,1700007295,3,159,3,0,0,0,0,16.0,5.75,22.22222222222222,36.36054421768708
Kansas,2022-04-25,"Agency 51, Article 17",time computation and extension,department of labor division of workers compensation,,Labor and Workforce Development,1700007296,33,1420,31,0,0,0,2,26.0,7.16,14.814814814814811,32.90895953757225
Kansas,2022-04-25,"Agency 51, Article 18",appeals,department of labor division of workers compensation,,Labor and Workforce Development,1700007297,17,532,16,0,0,0,1,24.0,6.7,36.36363636363637,33.50887573964497
Kansas,2022-04-25,"Agency 51, Article 19",application for review and modification pursuant to ksa 44 528,department of labor division of workers compensation,,Labor and Workforce Development,1700007298,3,149,3,0,0,0,0,20.0,5.89,28.57142857142857,35.563380281690144
Kansas,2022-04-25,"Agency 51, Article 2",fees,department of labor division of workers compensation,,Labor and Workforce Development,1700007287,28,750,28,0,0,0,0,27.0,6.93,14.814814814814811,33.706460674157306
Kansas,2022-04-25,"Agency 51, Article 20",guards,department of labor division of workers compensation,,Labor and Workforce Development,1700007299,0,50,0,0,0,0,0,48.0,4.46,,36.46808510638298
Kansas,2022-04-25,"Agency 51, Article 21",assignment of compensation,department of labor division of workers compensation,,Labor and Workforce Development,1700007300,0,28,0,0,0,0,0,27.0,3.97,0.0,28.56
Kansas,2022-04-25,"Agency 51, Article 24",rehabilitation,department of labor division of workers compensation,,Labor and Workforce Development,1700007301,71,3656,66,0,0,3,2,52.0,8.27,36.231884057971016,40.06989853438557
Kansas,2022-04-25,"Agency 51, Article 3",termination of compensable cases,department of labor division of workers compensation,,Labor and Workforce Development,1700007288,59,2060,57,0,0,0,2,26.0,7.92,42.30769230769231,34.107446276861566
Kansas,2022-04-25,"Agency 51, Article 7",measurement of disability,department of labor division of workers compensation,,Labor and Workforce Development,1700007289,17,591,17,0,0,0,0,29.0,6.6,40.0,29.71886120996441
Kansas,2022-04-25,"Agency 51, Article 9",medical and hospital,department of labor division of workers compensation,,Labor and Workforce Development,1700007290,39,1616,36,1,0,0,2,29.0,7.97,31.48148148148148,35.30306988896146
Kansas,2022-04-25,"Agency 53, Article 3",general records retention disposition schedule for state agencies,state records board,,Administration,1700007302,6,209,5,0,0,0,1,30.0,5.5,42.85714285714285,37.54726368159204
Kansas,2022-04-25,"Agency 53, Article 4",records officer,state records board,,Administration,1700007303,5,387,4,0,0,0,1,34.0,6.47,9.090909090909092,38.68378378378378
Kansas,2022-04-25,"Agency 54, Article 1",regional systems of cooperating libraries,state library,,"Culture, Recreation, and the Arts",1700007304,51,2150,46,0,0,0,5,39.0,7.01,33.9622641509434,38.79052734375
Kansas,2022-04-25,"Agency 54, Article 2",establishing a publication collection and depository system,state library,,"Culture, Recreation, and the Arts",1700007305,11,462,10,1,0,0,0,50.0,6.03,0.0,37.95652173913044
Kansas,2022-04-25,"Agency 54, Article 3",financial aid for blind and physically handicapped sub regional libraries,state library,,"Culture, Recreation, and the Arts",1700007306,8,329,7,0,1,0,0,23.0,6.71,0.0,38.11688311688312
Kansas,2022-04-25,"Agency 54, Article 4",children s internet protection public library requirements,state library,,"Culture, Recreation, and the Arts",1700007307,3,192,3,0,0,0,0,20.0,5.7,0.0,33.41477272727273
Kansas,2022-04-25,"Agency 56, Article 1",armories,state of kansas office of the adjutant general,,"Security, Justice, and Corrections",1700007308,21,1066,19,0,0,0,2,23.0,7.35,25.0,31.763527054108216
Kansas,2022-04-25,"Agency 56, Article 2",standards for local disaster agencies,state of kansas office of the adjutant general,,"Security, Justice, and Corrections",1700007309,17,819,11,0,0,0,6,39.0,7.37,10.0,41.43790012804097
Kansas,2022-04-25,"Agency 56, Article 3",nuclear emergency preparedness fees,state of kansas office of the adjutant general,,"Security, Justice, and Corrections",1700007310,40,1605,37,0,0,0,3,29.0,7.42,14.814814814814811,37.47406434668417
Kansas,2022-04-25,"Agency 5, Article 1",definitions,department of agriculture division of water resources,,"Industry, Commerce, and Development",1700006832,118,8875,88,0,0,0,30,36.0,8.72,27.38589211618257,33.280826716487624
Kansas,2022-04-25,"Agency 5, Article 10",water appropriation,department of agriculture division of water resources,,"Industry, Commerce, and Development",1700006841,22,758,22,0,0,0,0,34.0,6.89,27.27272727272727,31.5
Kansas,2022-04-25,"Agency 5, Article 11",assurance districts,department of agriculture division of water resources,,"Industry, Commerce, and Development",1700006842,8,292,8,0,0,0,0,36.0,5.8,50.0,30.95035460992908
Kansas,2022-04-25,"Agency 5, Article 12",aquifer storage and recovery,department of agriculture division of water resources,,"Industry, Commerce, and Development",1700006843,28,1302,26,0,0,0,2,37.0,6.99,34.285714285714285,36.05083399523431
Kansas,2022-04-25,"Agency 5, Article 13",sand and gravel pit operations,department of agriculture division of water resources,,"Industry, Commerce, and Development",1700006844,41,2577,30,0,0,0,11,35.0,7.85,26.76056338028169,33.31224322103533
Kansas,2022-04-25,"Agency 5, Article 14",enforcement and appeals,department of agriculture division of water resources,,"Industry, Commerce, and Development",1700006845,180,9635,158,0,0,1,21,27.0,8.38,32.748538011695906,32.006090928866655
Kansas,2022-04-25,"Agency 5, Article 15",minimum desirable streamflows,department of agriculture division of water resources,,"Industry, Commerce, and Development",1700006846,19,1911,19,0,0,0,0,35.0,7.04,34.61538461538461,34.73143495254048
Kansas,2022-04-25,"Agency 5, Article 16",flex account,department of agriculture division of water resources,,"Industry, Commerce, and Development",1700006847,29,1246,28,0,0,0,1,35.0,7.0,25.71428571428571,31.574626865671643
Kansas,2022-04-25,"Agency 5, Article 17",water banking,department of agriculture division of water resources,,"Industry, Commerce, and Development",1700006848,93,6331,89,0,0,0,4,50.0,7.66,36.8,29.61799967153884
Kansas,2022-04-25,"Agency 5, Article 19",local enhanced management areas,department of agriculture division of water resources,,"Industry, Commerce, and Development",1700006849,42,2216,36,0,0,0,6,35.0,7.64,38.70967741935484,33.18515081206497
Kansas,2022-04-25,"Agency 5, Article 2",vested rights,department of agriculture division of water resources,,"Industry, Commerce, and Development",1700006833,3,361,3,0,0,0,0,31.0,6.35,36.36363636363637,29.697604790419163
Kansas,2022-04-25,"Agency 5, Article 20",intensive groundwater use control area,department of agriculture division of water resources,,"Industry, Commerce, and Development",1700006850,38,1326,38,0,0,0,0,27.0,7.15,20.833333333333336,33.618933969769294
Kansas,2022-04-25,"Agency 5, Article 21",western kansas groundwater management district no 1,department of agriculture division of water resources,,"Industry, Commerce, and Development",1700006851,35,1830,32,0,0,0,3,33.0,7.89,29.629629629629623,34.69076305220884
Kansas,2022-04-25,"Agency 5, Article 22",equus beds groundwater management district no 2,department of agriculture division of water resources,,"Industry, Commerce, and Development",1700006852,121,8613,114,0,0,0,7,38.0,8.75,33.18181818181819,33.22096456692913
Kansas,2022-04-25,"Agency 5, Article 23",southwest kansas groundwater management district no 3,department of agriculture division of water resources,,"Industry, Commerce, and Development",1700006853,57,3519,54,0,0,0,3,31.0,8.17,26.605504587155966,34.08366171567142
Kansas,2022-04-25,"Agency 5, Article 24",northwest kansas groundwater management district no 4,department of agriculture division of water resources,,"Industry, Commerce, and Development",1700006854,88,5373,79,0,0,0,9,35.0,8.16,27.027027027027028,32.65728900255755
Kansas,2022-04-25,"Agency 5, Article 25",big bend groundwater management district no 5,department of agriculture division of water resources,,"Industry, Commerce, and Development",1700006855,145,7687,135,0,0,0,10,30.0,8.39,25.6198347107438,32.576762909494725
Kansas,2022-04-25,"Agency 5, Article 3",appropriation rights,department of agriculture division of water resources,,"Industry, Commerce, and Development",1700006834,236,14909,211,2,0,0,23,44.0,9.01,39.50617283950617,34.61555453991468
Kansas,2022-04-25,"Agency 5, Article 30",dams,department of agriculture division of water resources,,"Industry, Commerce, and Development",1700006856,1,92,1,0,0,0,0,29.0,5.27,66.66666666666666,27.058823529411764
Kansas,2022-04-25,"Agency 5, Article 4",distribution of water between users,department of agriculture division of water resources,,"Industry, Commerce, and Development",1700006835,84,3713,81,1,0,0,2,35.0,8.0,55.76923076923077,33.251736593498194
Kansas,2022-04-25,"Agency 5, Article 40",design of earth dams,department of agriculture division of water resources,,"Industry, Commerce, and Development",1700006857,461,22297,379,1,0,0,81,39.0,9.04,37.570093457943926,32.277532816380315
Kansas,2022-04-25,"Agency 5, Article 41",design of channel changes,department of agriculture division of water resources,,"Industry, Commerce, and Development",1700006858,18,596,17,0,0,0,1,30.0,7.07,36.84210526315789,33.7347294938918
Kansas,2022-04-25,"Agency 5, Article 42",design of stream obstructions,department of agriculture division of water resources,,"Industry, Commerce, and Development",1700006859,28,1418,20,0,0,0,8,45.0,7.86,35.483870967741936,35.97209985315712
Kansas,2022-04-25,"Agency 5, Article 43",sand dredging permits,department of agriculture division of water resources,,"Industry, Commerce, and Development",1700006860,26,804,25,0,0,0,1,30.0,7.26,26.923076923076923,31.227506426735214
Kansas,2022-04-25,"Agency 5, Article 44",floodplain management,department of agriculture division of water resources,,"Industry, Commerce, and Development",1700006861,36,1728,31,1,0,0,4,29.0,7.88,28.07017543859649,36.80084745762712
Kansas,2022-04-25,"Agency 5, Article 45",design of levees,department of agriculture division of water resources,,"Industry, Commerce, and Development",1700006862,74,5478,59,1,0,0,14,37.0,8.74,40.97222222222222,33.97078046905037
Kansas,2022-04-25,"Agency 5, Article 46",general permits,department of agriculture division of water resources,,"Industry, Commerce, and Development",1700006863,43,1577,41,0,0,0,2,33.0,7.48,31.91489361702128,30.958749168330005
Kansas,2022-04-25,"Agency 5, Article 5",change in the place of use the point of diversion or the use made of water under an existing water right,department of agriculture division of water resources,,"Industry, Commerce, and Development",1700006836,135,7777,122,2,0,0,11,43.0,8.13,46.10778443113773,32.54313195070634
Kansas,2022-04-25,"Agency 5, Article 50",water transfers,department of agriculture division of water resources,,"Industry, Commerce, and Development",1700006864,14,1273,13,0,0,0,1,49.0,7.53,44.0,32.87131147540983
Kansas,2022-04-25,"Agency 5, Article 6",storage of water,department of agriculture division of water resources,,"Industry, Commerce, and Development",1700006837,32,2006,27,0,0,0,5,46.0,7.76,40.47619047619048,35.64429175475687
Kansas,2022-04-25,"Agency 5, Article 7",abandonment and termination,department of agriculture division of water resources,,"Industry, Commerce, and Development",1700006838,68,3009,61,0,0,0,7,28.0,7.6,27.184466019417474,30.389989572471325
Kansas,2022-04-25,"Agency 5, Article 8",certification of water rights,department of agriculture division of water resources,,"Industry, Commerce, and Development",1700006839,52,2408,42,0,0,0,10,46.0,7.48,57.692307692307686,32.06995708154506
Kansas,2022-04-25,"Agency 5, Article 9",temporary permits,department of agriculture division of water resources,,"Industry, Commerce, and Development",1700006840,23,1172,23,0,0,0,0,35.0,7.08,28.125,31.6036866359447
Kansas,2022-04-25,"Agency 60, Article 1",approval of schools of nursing,kansas state board of nursing,,Health Services,1700007311,20,1744,16,1,0,0,3,28.0,7.93,11.29032258064516,39.77693208430913
Kansas,2022-04-25,"Agency 60, Article 11",advanced practice registered nurses,kansas state board of nursing,,Health Services,1700007320,58,3262,52,0,0,0,6,37.0,7.92,22.61904761904762,37.610659733506665
Kansas,2022-04-25,"Agency 60, Article 12",continuing education for mental health technicians,kansas state board of nursing,,Health Services,1700007321,11,370,9,0,0,0,2,18.0,6.62,5.263157894736842,37.60818713450293
Kansas,2022-04-25,"Agency 60, Article 13",fees registered nurse anesthetist,kansas state board of nursing,,Health Services,1700007322,29,1121,27,0,0,0,2,26.0,7.4,4.878048780487805,39.020114942528735
Kansas,2022-04-25,"Agency 60, Article 15",performance of selected nursing procedures in school settings,kansas state board of nursing,,Health Services,1700007323,21,1446,19,0,0,0,2,32.0,7.58,15.555555555555555,42.9870036101083
Kansas,2022-04-25,"Agency 60, Article 16",intravenous fluid therapy for licensed practical nurse,kansas state board of nursing,,Health Services,1700007324,44,2224,40,0,0,0,4,35.0,8.11,8.064516129032258,41.17540514775977
Kansas,2022-04-25,"Agency 60, Article 17",advanced nursing education program,kansas state board of nursing,,Health Services,1700007325,101,3599,95,1,0,0,5,36.0,8.04,14.432989690721648,40.81666666666667
Kansas,2022-04-25,"Agency 60, Article 2",requirements for approved nursing programs,kansas state board of nursing,,Health Services,1700007312,105,3930,102,0,0,0,3,34.0,8.09,18.58407079646018,39.45495856722801
Kansas,2022-04-25,"Agency 60, Article 3",requirements for licensure and standards of practice,kansas state board of nursing,,Health Services,1700007313,67,3188,59,0,0,0,8,41.0,8.48,18.666666666666668,38.03380374138497
Kansas,2022-04-25,"Agency 60, Article 4",fees,kansas state board of nursing,,Health Services,1700007314,4,432,4,0,0,0,0,95.0,5.86,0.0,49.36277602523659
Kansas,2022-04-25,"Agency 60, Article 5",approval of educational programs for mental health technicians,kansas state board of nursing,,Health Services,1700007315,9,146,8,0,0,0,1,9.0,5.84,0.0,37.39097744360903
Kansas,2022-04-25,"Agency 60, Article 6",requirements for approved programs for mental health technicians,kansas state board of nursing,,Health Services,1700007316,37,715,37,0,0,0,0,16.0,7.27,0.0,45.26093294460642
Kansas,2022-04-25,"Agency 60, Article 7",requirements for licensure and standards of practice,kansas state board of nursing,,Health Services,1700007317,41,2230,37,0,0,0,4,42.0,8.43,17.307692307692307,37.29365079365079
Kansas,2022-04-25,"Agency 60, Article 8",fees,kansas state board of nursing,,Health Services,1700007318,2,150,2,0,0,0,0,44.0,5.62,0.0,47.33
Kansas,2022-04-25,"Agency 60, Article 9",continuing education for nurses,kansas state board of nursing,,Health Services,1700007319,65,2857,57,0,0,0,8,28.0,8.11,16.0,37.40232811931612
Kansas,2022-04-25,"Agency 61, Article 1",sanitary rules and regulations governing barber shops schools and colleges and public rest rooms in connection therewith,kansas board of barber examiners,,"Industry, Commerce, and Development",1700007326,42,1132,30,2,0,8,2,30.0,7.47,41.66666666666667,31.838440111420613
Kansas,2022-04-25,"Agency 61, Article 3",schools requirements,kansas board of barber examiners,,"Industry, Commerce, and Development",1700007327,70,2254,65,1,0,0,4,32.0,7.75,19.11764705882353,32.33082352941177
Kansas,2022-04-25,"Agency 61, Article 4",issuance renewal revocation and suspension of certificates of registration,kansas board of barber examiners,,"Industry, Commerce, and Development",1700007328,8,709,8,0,0,0,0,34.0,7.34,10.0,33.03139013452915
Kansas,2022-04-25,"Agency 61, Article 5",applications,kansas board of barber examiners,,"Industry, Commerce, and Development",1700007329,1,36,1,0,0,0,0,34.0,4.58,0.0,34.09375
Kansas,2022-04-25,"Agency 61, Article 6",reciprocity,kansas board of barber examiners,,"Industry, Commerce, and Development",1700007330,4,155,4,0,0,0,0,19.0,5.99,0.0,36.55944055944056
Kansas,2022-04-25,"Agency 61, Article 7",fees,kansas board of barber examiners,,"Industry, Commerce, and Development",1700007331,6,326,6,0,0,0,0,,5.92,,34.30384615384615
Kansas,2022-04-25,"Agency 63, Article 1",embalming continuing education of embalmers and funeral directors,kansas state board of mortuary arts,,"Industry, Commerce, and Development",1700007332,74,2045,70,0,0,0,4,23.0,7.95,13.79310344827586,35.00461301896463
Kansas,2022-04-25,"Agency 63, Article 2",funeral directing,kansas state board of mortuary arts,,"Industry, Commerce, and Development",1700007333,73,1859,68,0,0,0,5,34.0,7.49,20.37037037037037,35.907887161773175
Kansas,2022-04-25,"Agency 63, Article 3",preparation and transportation of bodies burial in mausoleums and funeral establishments,kansas state board of mortuary arts,,"Industry, Commerce, and Development",1700007334,81,2982,77,0,0,0,4,30.0,8.17,21.052631578947366,36.24728546409808
Kansas,2022-04-25,"Agency 63, Article 4",fees,kansas state board of mortuary arts,,"Industry, Commerce, and Development",1700007335,1,187,1,0,0,0,0,,5.01,,52.49324324324324
Kansas,2022-04-25,"Agency 63, Article 5",administrative hearings and disciplinary action,kansas state board of mortuary arts,,"Industry, Commerce, and Development",1700007336,5,1056,5,0,0,0,0,74.0,7.97,14.285714285714285,37.94829268292683
Kansas,2022-04-25,"Agency 63, Article 6",continuing education,kansas state board of mortuary arts,,"Industry, Commerce, and Development",1700007337,27,1115,25,0,0,0,2,29.0,7.45,21.62162162162162,36.92314901593252
Kansas,2022-04-25,"Agency 63, Article 7",crematories,kansas state board of mortuary arts,,"Industry, Commerce, and Development",1700007338,79,2546,77,0,0,0,2,24.0,7.92,4.901960784313726,33.195302843016066
Kansas,2022-04-25,"Agency 65, Article 10",maintaining an office,state board of examiners in optometry,,Health Services,1700007343,8,411,8,0,0,0,0,40.0,6.38,50.0,37.768844221105525
Kansas,2022-04-25,"Agency 65, Article 11",advertising,state board of examiners in optometry,,Health Services,1700007344,6,399,6,0,0,0,0,98.0,6.76,,38.53846153846154
Kansas,2022-04-25,"Agency 65, Article 4",general provisions,state board of examiners in optometry,,Health Services,1700007339,13,1636,11,0,0,0,2,40.0,8.37,10.0,40.38711734693877
Kansas,2022-04-25,"Agency 65, Article 5",licenses,state board of examiners in optometry,,Health Services,1700007340,51,2041,45,0,0,0,6,32.0,7.97,30.15873015873016,36.36504653567735
Kansas,2022-04-25,"Agency 65, Article 8",minimum standards for ophthalmic services,state board of examiners in optometry,,Health Services,1700007341,17,953,16,0,0,0,1,52.0,7.31,27.77777777777778,40.05154639175258
Kansas,2022-04-25,"Agency 65, Article 9",trade names,state board of examiners in optometry,,Health Services,1700007342,16,838,16,0,0,0,0,41.0,6.81,60.0,29.379652605459057
Kansas,2022-04-25,"Agency 66, Article 10",experience,state board of technical professions,,"Industry, Commerce, and Development",1700007349,76,2148,60,0,0,0,16,23.0,7.14,6.741573033707865,39.954314720812185
Kansas,2022-04-25,"Agency 66, Article 11",intern certification and admission to the fundamentals examination,state board of technical professions,,"Industry, Commerce, and Development",1700007350,9,482,9,0,0,0,0,20.0,6.1,0.0,39.53738317757009
Kansas,2022-04-25,"Agency 66, Article 12",minimum standards for the practice of professional surveying,state board of technical professions,,"Industry, Commerce, and Development",1700007351,0,46,0,0,0,0,0,44.0,4.68,0.0,43.46341463414634
Kansas,2022-04-25,"Agency 66, Article 13",administrative procedures,state board of technical professions,,"Industry, Commerce, and Development",1700007352,5,238,3,1,0,0,1,29.0,6.2,12.5,41.67567567567568
Kansas,2022-04-25,"Agency 66, Article 14",continuing education requirements,state board of technical professions,,"Industry, Commerce, and Development",1700007353,48,1726,42,0,0,0,6,28.0,7.83,10.16949152542373,40.26904176904177
Kansas,2022-04-25,"Agency 66, Article 15",fees,state board of technical professions,,"Industry, Commerce, and Development",1700007354,2,158,2,0,0,0,0,,5.41,0.0,43.46616541353384
Kansas,2022-04-25,"Agency 66, Article 6",professional practice,state board of technical professions,,"Industry, Commerce, and Development",1700007345,73,2562,65,0,0,0,8,32.0,8.21,30.37974683544304,34.82821341956346
Kansas,2022-04-25,"Agency 66, Article 7",applications,state board of technical professions,,"Industry, Commerce, and Development",1700007346,11,715,11,0,0,0,0,31.0,7.27,31.818181818181817,35.191553544494724
Kansas,2022-04-25,"Agency 66, Article 8",examinations,state board of technical professions,,"Industry, Commerce, and Development",1700007347,33,873,22,0,0,0,11,27.0,6.68,25.806451612903224,43.498194945848375
Kansas,2022-04-25,"Agency 66, Article 9",education,state board of technical professions,,"Industry, Commerce, and Development",1700007348,5,664,5,0,0,0,0,49.0,6.77,46.15384615384615,41.54326923076923
Kansas,2022-04-25,"Agency 67, Article 1",application for license,kansas board of examiners in fitting and dispensing of hearing instruments,,Health Services,1700007355,6,177,6,0,0,0,0,21.0,6.04,37.5,31.858895705521476
Kansas,2022-04-25,"Agency 67, Article 2",examinations,kansas board of examiners in fitting and dispensing of hearing instruments,,Health Services,1700007356,10,204,9,0,0,0,1,15.0,5.71,15.384615384615383,39.52910052910053
Kansas,2022-04-25,"Agency 67, Article 3",duties of sponsors of temporary licensees,kansas board of examiners in fitting and dispensing of hearing instruments,,Health Services,1700007357,9,287,9,0,0,0,0,25.0,6.13,9.090909090909092,38.278810408921935
Kansas,2022-04-25,"Agency 67, Article 4",educational requirements,kansas board of examiners in fitting and dispensing of hearing instruments,,Health Services,1700007358,10,322,10,0,0,0,0,21.0,6.33,7.142857142857142,37.80743243243244
Kansas,2022-04-25,"Agency 67, Article 5",renewals,kansas board of examiners in fitting and dispensing of hearing instruments,,Health Services,1700007359,3,281,3,0,0,0,0,25.0,5.98,10.0,42.10087719298246
Kansas,2022-04-25,"Agency 67, Article 6",unethical conduct,kansas board of examiners in fitting and dispensing of hearing instruments,,Health Services,1700007360,8,356,8,0,0,0,0,59.0,7.04,16.666666666666664,38.08022922636104
Kansas,2022-04-25,"Agency 67, Article 7",calibration of audiometric equipment,kansas board of examiners in fitting and dispensing of hearing instruments,,Health Services,1700007361,7,202,3,0,0,0,4,39.0,6.03,0.0,35.81283422459893
Kansas,2022-04-25,"Agency 67, Article 8",filing and investigation of charges,kansas board of examiners in fitting and dispensing of hearing instruments,,Health Services,1700007362,5,148,5,0,0,0,0,24.0,5.48,16.666666666666664,30.170212765957448
Kansas,2022-04-25,"Agency 67, Article 9",suspension or revocation proceedings,kansas board of examiners in fitting and dispensing of hearing instruments,,Health Services,1700007363,7,141,7,0,0,0,0,27.0,5.29,0.0,29.291044776119403
Kansas,2022-04-25,"Agency 68, Article 1",registration and examination of pharmacists,kansas state board of pharmacy,,Health Services,1700007364,43,1504,35,0,0,0,8,31.0,7.69,15.217391304347828,36.155196629213485
Kansas,2022-04-25,"Agency 68, Article 11",fees,kansas state board of pharmacy,,Health Services,1700007371,48,603,48,0,0,0,0,16.0,5.68,0.0,38.78714859437751
Kansas,2022-04-25,"Agency 68, Article 12",resale of medication,kansas state board of pharmacy,,Health Services,1700007372,1,57,1,0,0,0,0,54.0,4.65,,36.64814814814815
Kansas,2022-04-25,"Agency 68, Article 13",parenteral products,kansas state board of pharmacy,,Health Services,1700007373,123,6698,118,0,0,1,4,37.0,8.86,33.52272727272727,40.98946226561289
Kansas,2022-04-25,"Agency 68, Article 14",wholesale distributors,kansas state board of pharmacy,,Health Services,1700007374,148,6960,145,0,0,0,3,34.0,8.35,21.782178217821784,40.219985196151
Kansas,2022-04-25,"Agency 68, Article 15",nonprescription wholesale distributors,kansas state board of pharmacy,,Health Services,1700007375,3,180,2,0,0,0,1,43.0,5.89,25.0,46.8502994011976
Kansas,2022-04-25,"Agency 68, Article 18",utilization of unused medications,kansas state board of pharmacy,,Health Services,1700007376,20,1023,20,0,0,0,0,36.0,6.66,10.714285714285714,34.97859327217125
Kansas,2022-04-25,"Agency 68, Article 19",continuous quality assurance programs,kansas state board of pharmacy,,Health Services,1700007377,1,155,1,0,0,0,0,,5.69,0.0,35.027027027027025
Kansas,2022-04-25,"Agency 68, Article 2",drugstores,kansas state board of pharmacy,,Health Services,1700007365,47,1998,37,0,0,0,10,46.0,8.1,42.85714285714285,40.784375
Kansas,2022-04-25,"Agency 68, Article 20",controlled substances,kansas state board of pharmacy,,Health Services,1700007378,215,9843,191,0,0,0,24,31.0,8.74,31.18971061093248,38.66705397697264
Kansas,2022-04-25,"Agency 68, Article 21",prescription monitoring program,kansas state board of pharmacy,,Health Services,1700007379,60,3310,56,0,0,0,4,28.0,8.02,25.663716814159294,37.24433249370277
Kansas,2022-04-25,"Agency 68, Article 22",electronic supervision of medical care facility s pharmacy personnel,kansas state board of pharmacy,,Health Services,1700007380,27,985,25,0,0,0,2,30.0,6.6,15.625,40.92887029288703
Kansas,2022-04-25,"Agency 68, Article 3",retail dealer s permit,kansas state board of pharmacy,,Health Services,1700007366,6,192,2,0,0,0,4,46.0,6.01,25.0,31.53333333333333
Kansas,2022-04-25,"Agency 68, Article 5",general rules,kansas state board of pharmacy,,Health Services,1700007367,36,1494,29,0,0,0,7,37.0,7.61,2.564102564102564,39.74444444444445
Kansas,2022-04-25,"Agency 68, Article 7",miscellaneous provisions,kansas state board of pharmacy,,Health Services,1700007368,210,9043,199,0,0,0,11,36.0,8.56,25.311203319502077,38.304904538698985
Kansas,2022-04-25,"Agency 68, Article 8",advertising,kansas state board of pharmacy,,Health Services,1700007369,1,28,1,0,0,0,0,26.0,4.09,0.0,36.96
Kansas,2022-04-25,"Agency 68, Article 9",automated prescription systems,kansas state board of pharmacy,,Health Services,1700007370,33,2446,28,0,0,0,5,48.0,7.8,30.612244897959183,38.76111111111111
Kansas,2022-04-25,"Agency 69, Article 1",licensing and qualifications of cosmetologists,kansas board of cosmetology,,"Industry, Commerce, and Development",1700007381,16,662,12,0,0,0,4,34.0,7.18,21.052631578947366,38.53015873015873
Kansas,2022-04-25,"Agency 69, Article 11",fees,kansas board of cosmetology,,"Industry, Commerce, and Development",1700007386,2,255,2,0,0,0,0,,4.96,0.0,56.33701657458563
Kansas,2022-04-25,"Agency 69, Article 12",tanning facilities,kansas board of cosmetology,,"Industry, Commerce, and Development",1700007387,43,1228,42,0,0,0,1,24.0,7.38,6.25,35.35149384885764
Kansas,2022-04-25,"Agency 69, Article 13",inspections,kansas board of cosmetology,,"Industry, Commerce, and Development",1700007388,7,376,7,0,0,0,0,26.0,6.46,28.57142857142857,39.19770773638969
Kansas,2022-04-25,"Agency 69, Article 14",continuing education for cosmetologists and other licensees,kansas board of cosmetology,,"Industry, Commerce, and Development",1700007389,36,1238,30,0,0,0,6,26.0,7.44,10.869565217391305,36.22898799313894
Kansas,2022-04-25,"Agency 69, Article 15",tattooing body piercing and permanent cosmetics,kansas board of cosmetology,,"Industry, Commerce, and Development",1700007390,207,7252,187,0,0,6,14,30.0,9.19,17.67241379310345,36.69567740063824
Kansas,2022-04-25,"Agency 69, Article 3",schools,kansas board of cosmetology,,"Industry, Commerce, and Development",1700007382,28,1213,28,0,0,0,0,34.0,7.43,14.705882352941178,32.41969831410825
Kansas,2022-04-25,"Agency 69, Article 4",students,kansas board of cosmetology,,"Industry, Commerce, and Development",1700007383,6,178,5,0,0,0,1,25.0,5.34,0.0,31.036363636363635
Kansas,2022-04-25,"Agency 69, Article 5",shop apprentices,kansas board of cosmetology,,"Industry, Commerce, and Development",1700007384,9,369,9,0,0,0,0,32.0,6.5,0.0,36.92261904761905
Kansas,2022-04-25,"Agency 69, Article 6",beauty shops,kansas board of cosmetology,,"Industry, Commerce, and Development",1700007385,6,173,6,0,0,0,0,28.0,5.79,33.33333333333333,38.31446540880504
Kansas,2022-04-25,"Agency 6, Article 1",apportionment of election expenses,state election board,,Administration,1700006865,9,275,8,0,0,0,1,18.0,6.07,20.0,36.66538461538462
Kansas,2022-04-25,"Agency 70, Article 1",definitions,kansas board of veterinary medical examiners,,"Industry, Commerce, and Development",1700007391,3,259,3,0,0,0,0,27.0,6.7,11.11111111111111,39.97071129707113
Kansas,2022-04-25,"Agency 70, Article 10",fines,kansas board of veterinary medical examiners,,"Industry, Commerce, and Development",1700007399,13,589,11,0,0,0,2,48.0,6.62,16.666666666666664,30.29802513464991
Kansas,2022-04-25,"Agency 70, Article 3",examinations,kansas board of veterinary medical examiners,,"Industry, Commerce, and Development",1700007392,5,170,5,0,0,0,0,27.0,5.87,16.666666666666664,38.44871794871795
Kansas,2022-04-25,"Agency 70, Article 4",applications,kansas board of veterinary medical examiners,,"Industry, Commerce, and Development",1700007393,24,1775,20,0,0,0,4,30.0,8.02,12.06896551724138,40.26939266386049
Kansas,2022-04-25,"Agency 70, Article 5",fees,kansas board of veterinary medical examiners,,"Industry, Commerce, and Development",1700007394,1,132,1,0,0,0,0,,5.09,,54.59
Kansas,2022-04-25,"Agency 70, Article 6",minimum standards for veterinary premises sanitary conditions and physical plant,kansas board of veterinary medical examiners,,"Industry, Commerce, and Development",1700007395,85,1312,82,0,0,0,3,14.0,7.87,12.087912087912088,37.191588785046726
Kansas,2022-04-25,"Agency 70, Article 7",standards of veterinary practice,kansas board of veterinary medical examiners,,"Industry, Commerce, and Development",1700007396,41,1297,38,0,0,0,3,24.0,7.49,24.074074074074076,40.8056206088993
Kansas,2022-04-25,"Agency 70, Article 8",unprofessional conduct,kansas board of veterinary medical examiners,,"Industry, Commerce, and Development",1700007397,5,1053,3,0,0,0,2,,8.07,,40.41860465116279
Kansas,2022-04-25,"Agency 70, Article 9",impairment,kansas board of veterinary medical examiners,,"Industry, Commerce, and Development",1700007398,10,314,9,0,0,0,1,24.0,6.11,23.07692307692308,35.63725490196079
Kansas,2022-04-25,"Agency 71, Article 1",general rules,kansas dental board,,Health Services,1700007400,78,2800,72,0,0,0,6,28.0,8.65,29.59183673469388,34.72954128440367
Kansas,2022-04-25,"Agency 71, Article 10",practice of dental hygiene by a dental hygiene student,kansas dental board,,Health Services,1700007409,15,771,15,0,0,0,0,40.0,6.63,15.789473684210526,39.43530997304583
Kansas,2022-04-25,"Agency 71, Article 11",miscellaneous provisions,kansas dental board,,Health Services,1700007410,1,89,1,0,0,0,0,87.0,5.22,,39.45348837209303
Kansas,2022-04-25,"Agency 71, Article 2",specialists,kansas dental board,,Health Services,1700007401,8,912,7,0,0,0,1,39.0,7.46,4.3478260869565215,43.936312849162015
Kansas,2022-04-25,"Agency 71, Article 3",dental hygienists,kansas dental board,,Health Services,1700007402,24,958,19,0,1,2,2,26.0,7.2,16.666666666666664,37.025442477876105
Kansas,2022-04-25,"Agency 71, Article 4",continuing education requirements,kansas dental board,,Health Services,1700007403,30,1066,22,0,0,0,8,29.0,7.2,8.333333333333332,37.63945578231292
Kansas,2022-04-25,"Agency 71, Article 5",sedative and general anaesthesia,kansas dental board,,Health Services,1700007404,71,4368,61,0,0,0,10,46.0,8.12,30.107526881720432,37.375451263537904
Kansas,2022-04-25,"Agency 71, Article 6",dental auxiliaries,kansas dental board,,Health Services,1700007405,10,704,8,0,0,0,2,38.0,7.31,22.22222222222222,40.8018018018018
Kansas,2022-04-25,"Agency 71, Article 7",advertising,kansas dental board,,Health Services,1700007406,1,86,1,0,0,0,0,84.0,4.93,0.0,39.19277108433735
Kansas,2022-04-25,"Agency 71, Article 8",mobile dental facilities and portable dental operations,kansas dental board,,Health Services,1700007407,36,1506,34,0,0,0,2,35.0,7.14,30.952380952380956,36.05751905751906
Kansas,2022-04-25,"Agency 71, Article 9",practice of dentistry by a dental student,kansas dental board,,Health Services,1700007408,15,574,14,0,0,0,1,33.0,6.67,11.76470588235294,39.34489051094891
Kansas,2022-04-25,"Agency 74, Article 1",examinations,board of accountancy,,"Industry, Commerce, and Development",1700007411,19,1285,16,0,0,0,3,47.0,7.18,44.44444444444444,35.97743755036261
Kansas,2022-04-25,"Agency 74, Article 10",licensed municipal public accountants,board of accountancy,,"Industry, Commerce, and Development",1700007418,5,260,5,0,0,0,0,51.0,6.42,0.0,30.056910569105693
Kansas,2022-04-25,"Agency 74, Article 11",peer review program,board of accountancy,,"Industry, Commerce, and Development",1700007419,19,723,17,0,0,0,2,30.0,6.64,17.391304347826086,32.02170767004341
Kansas,2022-04-25,"Agency 74, Article 12",fees,board of accountancy,,"Industry, Commerce, and Development",1700007420,1,241,1,0,0,0,0,,5.71,,31.45128205128205
Kansas,2022-04-25,"Agency 74, Article 15",uniform accountancy act,board of accountancy,,"Industry, Commerce, and Development",1700007421,1,61,1,0,0,0,0,30.0,4.85,0.0,35.8235294117647
Kansas,2022-04-25,"Agency 74, Article 2",cpa exam application and education requirements,board of accountancy,,"Industry, Commerce, and Development",1700007412,19,811,15,1,0,0,3,33.0,7.32,8.333333333333332,39.05490196078431
Kansas,2022-04-25,"Agency 74, Article 3",issuance of certificates,board of accountancy,,"Industry, Commerce, and Development",1700007413,2,40,1,0,0,0,1,38.0,4.4,0.0,43.02777777777778
Kansas,2022-04-25,"Agency 74, Article 4",permits to practice and continuing professional education requirements,board of accountancy,,"Industry, Commerce, and Development",1700007414,68,2771,53,0,0,0,15,33.0,7.99,19.753086419753085,36.65196078431372
Kansas,2022-04-25,"Agency 74, Article 5",code of professional conduct,board of accountancy,,"Industry, Commerce, and Development",1700007415,47,3335,43,0,0,1,3,33.0,7.82,19.791666666666664,40.16277518345564
Kansas,2022-04-25,"Agency 74, Article 6",additional offices,board of accountancy,,"Industry, Commerce, and Development",1700007416,3,304,3,0,0,0,0,29.0,6.4,0.0,32.49826989619377
Kansas,2022-04-25,"Agency 74, Article 7",firm registration,board of accountancy,,"Industry, Commerce, and Development",1700007417,4,380,4,0,0,0,0,27.0,6.62,15.384615384615383,30.75358166189112
Kansas,2022-04-25,"Agency 75, Article 6",uniform consumer credit code,state bank commissioner consumer and mortgage lending division,,"Banking, Insurance, and Securities",1700007422,73,4107,61,1,0,0,11,51.0,8.64,21.7948717948718,36.04842864502834
Kansas,2022-04-25,"Agency 7, Article 16",fees,secretary of state,,Administration,1700006866,2,100,2,0,0,0,0,48.0,4.78,0.0,36.62222222222222
Kansas,2022-04-25,"Agency 7, Article 17",uniform commercial code,secretary of state,,Administration,1700006867,128,4438,126,0,0,0,2,26.0,7.92,28.04878048780488,30.723424270931325
Kansas,2022-04-25,"Agency 7, Article 20",changing hours of elections,secretary of state,,Administration,1700006868,4,120,2,0,0,0,2,21.0,5.41,20.0,22.01960784313725
Kansas,2022-04-25,"Agency 7, Article 21",voting machines,secretary of state,,Administration,1700006869,34,836,33,0,0,0,1,27.0,6.9,12.903225806451612,32.41430332922318
Kansas,2022-04-25,"Agency 7, Article 23",voter registration,secretary of state,,Administration,1700006870,45,1771,35,1,0,0,9,32.0,7.45,50.943396226415096,37.21578947368421
Kansas,2022-04-25,"Agency 7, Article 24",supplies for voting places,secretary of state,,Administration,1700006871,14,479,11,0,0,0,3,27.0,6.75,11.76470588235294,34.90384615384615
Kansas,2022-04-25,"Agency 7, Article 25",abstracts of votes cast,secretary of state,,Administration,1700006872,4,144,3,1,0,0,0,27.0,5.93,0.0,30.90714285714286
Kansas,2022-04-25,"Agency 7, Article 26",certificates of nomination and election,secretary of state,,Administration,1700006873,2,284,2,0,0,0,0,42.0,5.89,0.0,29.077490774907748
Kansas,2022-04-25,"Agency 7, Article 27",party affiliation,secretary of state,,Administration,1700006874,8,252,8,0,0,0,0,31.0,5.73,37.5,33.21224489795918
Kansas,2022-04-25,"Agency 7, Article 28",sufficiency of petitions,secretary of state,,Administration,1700006875,7,266,7,0,0,0,0,38.0,5.7,,35.80608365019011
Kansas,2022-04-25,"Agency 7, Article 29",ballots,secretary of state,,Administration,1700006876,4,79,3,0,0,0,1,20.0,4.88,50.0,28.34210526315789
Kansas,2022-04-25,"Agency 7, Article 33",information fees,secretary of state,,Administration,1700006877,4,153,4,0,0,0,0,20.0,6.03,28.57142857142857,35.19047619047619
Kansas,2022-04-25,"Agency 7, Article 34",corporation filing fees,secretary of state,,Administration,1700006878,1,139,1,0,0,0,0,,5.8,0.0,43.5462962962963
Kansas,2022-04-25,"Agency 7, Article 36",absentee and advance voting,secretary of state,,Administration,1700006879,28,1052,27,0,0,0,1,30.0,6.84,61.76470588235294,35.02683896620278
Kansas,2022-04-25,"Agency 7, Article 37",motor voter,secretary of state,,Administration,1700006880,5,174,5,0,0,0,0,34.0,5.54,20.0,37.20118343195266
Kansas,2022-04-25,"Agency 7, Article 38",national voter registration act,secretary of state,,Administration,1700006881,5,223,5,0,0,0,0,36.0,5.62,,35.04587155963303
Kansas,2022-04-25,"Agency 7, Article 39",uniform partnership act,secretary of state,,Administration,1700006882,3,142,3,0,0,0,0,70.0,5.47,50.0,40.86206896551724
Kansas,2022-04-25,"Agency 7, Article 40",revised kansas trademark act,secretary of state,,Administration,1700006883,1,72,1,0,0,0,0,34.0,4.82,0.0,35.125
Kansas,2022-04-25,"Agency 7, Article 41",kansas uniform electronic transactions act,secretary of state,,Administration,1700006884,38,2965,33,0,0,0,5,37.0,7.88,23.07692307692308,42.40246913580247
Kansas,2022-04-25,"Agency 7, Article 42",charitable organizations,secretary of state,,Administration,1700006885,18,731,16,0,0,0,2,40.0,6.41,16.666666666666664,41.59451659451659
Kansas,2022-04-25,"Agency 7, Article 43",notaries public,secretary of state,,Administration,1700006886,12,633,11,0,0,0,1,26.0,6.75,26.08695652173913,40.52980132450331
Kansas,2022-04-25,"Agency 7, Article 44",address confidentialty program,secretary of state,,Administration,1700006887,24,1136,23,0,0,0,1,32.0,7.11,25.71428571428571,39.053016453382085
Kansas,2022-04-25,"Agency 7, Article 45",election board workers,secretary of state,,Administration,1700006888,9,391,9,0,0,0,0,29.0,6.38,15.384615384615383,33.423497267759565
Kansas,2022-04-25,"Agency 7, Article 46",photographic identification requirements,secretary of state,,Administration,1700006889,20,991,20,0,0,0,0,31.0,6.8,58.06451612903226,36.964693665628246
Kansas,2022-04-25,"Agency 7, Article 47",audits,secretary of state,,Administration,1700006890,15,426,15,0,0,0,0,21.0,6.52,10.526315789473683,32.958333333333336
Kansas,2022-04-25,"Agency 7, Article 48",vote centers,secretary of state,,Administration,1700006891,33,1574,30,0,0,0,3,42.0,7.28,24.324324324324326,31.91699346405229
Kansas,2022-04-25,"Agency 80, Article 1",membership,kansas public employees retirement system,,Administration,1700007423,24,1226,21,0,0,0,3,30.0,6.88,13.157894736842104,33.42932396839333
Kansas,2022-04-25,"Agency 80, Article 2",multiple enrollment,kansas public employees retirement system,,Administration,1700007424,21,659,20,0,0,0,1,27.0,6.73,29.166666666666668,38.359746434231376
Kansas,2022-04-25,"Agency 80, Article 3",credit and breaks in service,kansas public employees retirement system,,Administration,1700007425,34,1248,31,1,0,0,2,28.0,7.4,33.33333333333333,34.87055837563452
Kansas,2022-04-25,"Agency 80, Article 4",members accounts,kansas public employees retirement system,,Administration,1700007426,4,106,3,0,0,0,1,26.0,5.45,25.0,42.56565656565657
Kansas,2022-04-25,"Agency 80, Article 45",state school retirement system retirement credit,kansas public employees retirement system,,Administration,1700007432,7,260,4,1,0,0,2,27.0,6.28,66.66666666666666,32.869198312236286
Kansas,2022-04-25,"Agency 80, Article 5",retirement,kansas public employees retirement system,,Administration,1700007427,48,2232,46,0,0,0,2,33.0,7.98,28.78787878787879,33.18382000957396
Kansas,2022-04-25,"Agency 80, Article 50",police and firemen general,kansas public employees retirement system,,Administration,1700007433,21,691,21,0,0,0,0,28.0,6.95,13.043478260869565,34.87365177195686
Kansas,2022-04-25,"Agency 80, Article 51",police and firemen membership,kansas public employees retirement system,,Administration,1700007434,3,153,3,0,0,0,0,36.0,5.82,25.0,32.03496503496503
Kansas,2022-04-25,"Agency 80, Article 53",police and firemen credit and breaks in service,kansas public employees retirement system,,Administration,1700007435,1,109,1,0,0,0,0,36.0,4.79,0.0,29.14851485148515
Kansas,2022-04-25,"Agency 80, Article 55",police and firemen retirement,kansas public employees retirement system,,Administration,1700007436,10,274,10,0,0,0,0,30.0,5.79,33.33333333333333,32.99250936329588
Kansas,2022-04-25,"Agency 80, Article 6",actuarial tables,kansas public employees retirement system,,Administration,1700007428,3,285,3,0,0,0,0,29.0,6.21,22.22222222222222,31.80544747081712
Kansas,2022-04-25,"Agency 80, Article 7",insurance,kansas public employees retirement system,,Administration,1700007429,12,474,12,0,0,0,0,31.0,6.35,33.33333333333333,31.234782608695653
Kansas,2022-04-25,"Agency 80, Article 8",board election,kansas public employees retirement system,,Administration,1700007430,61,1506,59,0,1,0,1,19.0,7.46,6.578947368421052,30.554476058292853
Kansas,2022-04-25,"Agency 80, Article 9",investments,kansas public employees retirement system,,Administration,1700007431,10,261,10,0,0,0,0,20.0,5.81,0.0,35.70464135021097
Kansas,2022-04-25,"Agency 81, Article 1",definitions of terms,office of the securities commissioner,,"Banking, Insurance, and Securities",1700007437,4,1753,4,0,0,0,0,36.0,8.14,27.659574468085108,37.70623501199041
Kansas,2022-04-25,"Agency 81, Article 10",advertising,office of the securities commissioner,,"Banking, Insurance, and Securities",1700007444,8,328,8,0,0,0,0,27.0,6.65,33.33333333333333,42.678233438485805
Kansas,2022-04-25,"Agency 81, Article 11",administrative procedure,office of the securities commissioner,,"Banking, Insurance, and Securities",1700007445,29,1298,27,0,0,0,2,28.0,7.48,54.54545454545454,34.29554655870445
Kansas,2022-04-25,"Agency 81, Article 14",investment advisers and investment adviser representatives,office of the securities commissioner,,"Banking, Insurance, and Securities",1700007446,351,15579,266,0,0,7,78,32.0,8.74,26.53927813163482,38.04866196245506
Kansas,2022-04-25,"Agency 81, Article 2",filing fees and forms,office of the securities commissioner,,"Banking, Insurance, and Securities",1700007438,3,854,3,0,0,0,0,21.0,7.15,8.571428571428571,32.375
Kansas,2022-04-25,"Agency 81, Article 3",licensing broker dealers and agents,office of the securities commissioner,,"Banking, Insurance, and Securities",1700007439,148,7690,128,0,0,7,13,29.0,8.88,24.497991967871485,37.16618950238582
Kansas,2022-04-25,"Agency 81, Article 4",registration of securities,office of the securities commissioner,,"Banking, Insurance, and Securities",1700007440,24,1050,17,0,0,0,7,25.0,7.3,30.0,36.86625514403292
Kansas,2022-04-25,"Agency 81, Article 5",exemptions,office of the securities commissioner,,"Banking, Insurance, and Securities",1700007441,121,7897,119,0,0,0,2,31.0,8.73,24.390243902439025,35.132549438802776
Kansas,2022-04-25,"Agency 81, Article 6",prospectus,office of the securities commissioner,,"Banking, Insurance, and Securities",1700007442,6,309,4,0,0,0,2,17.0,6.02,23.52941176470588,37.71071428571429
Kansas,2022-04-25,"Agency 81, Article 7",policy relating to registration,office of the securities commissioner,,"Banking, Insurance, and Securities",1700007443,24,1499,22,0,0,0,2,39.0,7.32,32.432432432432435,40.412884333821374
Kansas,2022-04-25,"Agency 82, Article 1",rules of practice and procedure,kansas corporation commission,,"Industry, Commerce, and Development",1700007447,500,19129,456,0,1,1,42,26.0,9.27,22.85318559556787,35.91611228297907
Kansas,2022-04-25,"Agency 82, Article 10",oil and natural gas liquid pipelines,kansas corporation commission,,"Industry, Commerce, and Development",1700007454,21,834,19,0,1,0,1,28.0,7.37,10.344827586206897,34.18124207858048
Kansas,2022-04-25,"Agency 82, Article 11",natural gas pipeline safety,kansas corporation commission,,"Industry, Commerce, and Development",1700007455,287,11601,256,6,0,4,21,23.0,8.86,16.80672268907563,34.18118239462887
Kansas,2022-04-25,"Agency 82, Article 12",wire stringing rules,kansas corporation commission,,"Industry, Commerce, and Development",1700007456,29,1588,24,0,0,0,5,32.0,7.72,27.08333333333333,39.38818845388189
Kansas,2022-04-25,"Agency 82, Article 13",telecommunications,kansas corporation commission,,"Industry, Commerce, and Development",1700007457,42,1283,36,2,0,0,4,31.0,6.69,24.390243902439025,38.72106109324759
Kansas,2022-04-25,"Agency 82, Article 14",kansas underground utility damage prevention act,kansas corporation commission,,"Industry, Commerce, and Development",1700007458,79,4731,74,0,0,0,5,35.0,8.25,31.29770992366413,34.70053595355069
Kansas,2022-04-25,"Agency 82, Article 15",video service authorization,kansas corporation commission,,"Industry, Commerce, and Development",1700007459,18,531,18,0,0,0,0,31.0,6.29,23.52941176470588,36.927565392354126
Kansas,2022-04-25,"Agency 82, Article 16",electric utility renewable energy standards,kansas corporation commission,,"Industry, Commerce, and Development",1700007460,36,1986,31,0,0,0,5,31.0,7.85,25.806451612903224,34.700998423541776
Kansas,2022-04-25,"Agency 82, Article 17",net metering,kansas corporation commission,,"Industry, Commerce, and Development",1700007461,21,1367,18,0,0,0,3,36.0,7.64,13.88888888888889,36.99537393986122
Kansas,2022-04-25,"Agency 82, Article 3",production and conservation of oil and gas,kansas corporation commission,,"Industry, Commerce, and Development",1700007448,1941,72931,1754,1,2,9,175,27.0,9.53,18.188736681887367,34.701635841238215
Kansas,2022-04-25,"Agency 82, Article 4",motor carriers of persons and property,kansas corporation commission,,"Industry, Commerce, and Development",1700007449,1031,33250,992,7,0,0,32,17.0,8.58,7.536557930258718,30.990919682017545
Kansas,2022-04-25,"Agency 82, Article 5",railroad safety,kansas corporation commission,,"Industry, Commerce, and Development",1700007450,62,2885,53,6,2,0,1,44.0,8.27,44.61538461538462,33.63010673536989
Kansas,2022-04-25,"Agency 82, Article 6",suppression of diesel locomotive originated fires on railroad right of way,kansas corporation commission,,"Industry, Commerce, and Development",1700007451,10,465,10,0,0,0,0,32.0,6.91,14.285714285714285,29.09480812641084
Kansas,2022-04-25,"Agency 82, Article 8",siting of nuclear generation facilities,kansas corporation commission,,"Industry, Commerce, and Development",1700007452,41,2303,32,0,0,0,9,70.0,8.32,25.0,38.10095497953616
Kansas,2022-04-25,"Agency 82, Article 9",railroad rates,kansas corporation commission,,"Industry, Commerce, and Development",1700007453,129,6502,124,1,2,1,1,25.0,8.56,28.62903225806452,34.553793328973185
Kansas,2022-04-25,"Agency 84, Article 1",general provisions,public employee relations board,,Labor and Workforce Development,1700007462,13,545,12,0,0,0,1,19.0,6.85,25.0,32.532442748091604
Kansas,2022-04-25,"Agency 84, Article 2",procedure,public employee relations board,,Labor and Workforce Development,1700007463,124,4465,112,6,0,0,6,25.0,8.32,24.85549132947977,31.63967889908257
Kansas,2022-04-25,"Agency 84, Article 3",prohibited practices,public employee relations board,,Labor and Workforce Development,1700007464,18,802,13,0,0,5,0,23.0,7.13,20.588235294117645,30.891503267973857
Kansas,2022-04-25,"Agency 84, Article 4",local government procedures,public employee relations board,,Labor and Workforce Development,1700007465,27,1527,21,5,0,0,1,24.0,7.43,14.516129032258066,34.6382252559727
Kansas,2022-04-25,"Agency 84, Article 5",impasse,public employee relations board,,Labor and Workforce Development,1700007466,0,51,0,0,0,0,0,49.0,4.63,,31.375
Kansas,2022-04-25,"Agency 85, Article 3",abstract bonds,abstracters board of examiners,,"Industry, Commerce, and Development",1700007467,1,47,1,0,0,0,0,43.0,4.48,0.0,28.21951219512195
Kansas,2022-04-25,"Agency 85, Article 4",license fee,abstracters board of examiners,,"Industry, Commerce, and Development",1700007468,1,18,1,0,0,0,0,15.0,3.66,0.0,28.07692307692308
Kansas,2022-04-25,"Agency 85, Article 6",insurance,abstracters board of examiners,,"Industry, Commerce, and Development",1700007469,2,74,2,0,0,0,0,35.0,4.98,0.0,28.85074626865672
Kansas,2022-04-25,"Agency 85, Article 7",examination fees,abstracters board of examiners,,"Industry, Commerce, and Development",1700007470,2,40,2,0,0,0,0,18.0,4.18,50.0,29.696969696969692
Kansas,2022-04-25,"Agency 86, Article 1",examination and registration,kansas real estate commission,,"Industry, Commerce, and Development",1700007471,65,2817,61,0,0,0,4,24.0,7.7,6.25,35.1179155572461
Kansas,2022-04-25,"Agency 86, Article 3",persons holding licenses duties,kansas real estate commission,,"Industry, Commerce, and Development",1700007472,53,3118,47,0,0,0,6,37.0,8.02,23.170731707317078,36.61650321271559
Kansas,2022-04-25,"Agency 88, Article 12",guidelines for participation in the regents voluntary phased retirement program,kansas board of regents,,College and University,1700007478,17,536,17,0,0,0,0,36.0,6.61,28.57142857142857,39.02605210420842
Kansas,2022-04-25,"Agency 88, Article 13",student assistance programs,kansas board of regents,,College and University,1700007479,40,1789,29,0,0,0,11,33.0,7.82,25.0,35.84101654846336
Kansas,2022-04-25,"Agency 88, Article 14",community resource program,kansas board of regents,,College and University,1700007480,26,475,23,0,0,0,3,27.0,6.81,5.88235294117647,40.41394335511983
Kansas,2022-04-25,"Agency 88, Article 17",waiver of fees or tuition for selected rotc members,kansas board of regents,,College and University,1700007481,9,340,8,0,0,0,1,47.0,6.07,14.285714285714285,37.75692307692308
Kansas,2022-04-25,"Agency 88, Article 18",kansas honors program,kansas board of regents,,College and University,1700007482,22,910,16,0,0,0,6,30.0,7.31,17.24137931034483,36.68150684931507
Kansas,2022-04-25,"Agency 88, Article 19",kansas rhodes scholarship program,kansas board of regents,,College and University,1700007483,8,466,5,0,0,0,3,49.0,6.53,0.0,35.3569844789357
Kansas,2022-04-25,"Agency 88, Article 2",procedures for determining residence for fee purposes,kansas board of regents,,College and University,1700007473,19,601,19,0,0,0,0,30.0,6.76,25.0,37.128644939965696
Kansas,2022-04-25,"Agency 88, Article 20",kansas nursing student scholarship program,kansas board of regents,,College and University,1700007484,18,1504,14,0,0,0,4,31.0,7.97,17.02127659574468,36.02791346824843
Kansas,2022-04-25,"Agency 88, Article 21",kansas ethnic minority scholarship program,kansas board of regents,,College and University,1700007485,20,1255,16,0,0,0,4,34.0,7.82,28.57142857142857,37.51242502142245
Kansas,2022-04-25,"Agency 88, Article 22",kansas teacher scholarship program,kansas board of regents,,College and University,1700007486,25,1219,19,0,0,0,6,29.0,7.79,17.94871794871795,37.174740484429066
Kansas,2022-04-25,"Agency 88, Article 24",general education development ged test,kansas board of regents,,College and University,1700007487,5,285,5,0,0,0,0,39.0,6.5,14.285714285714285,34.760456273764255
Kansas,2022-04-25,"Agency 88, Article 25",ao k to work program,kansas board of regents,,College and University,1700007488,9,477,8,0,0,0,1,42.0,6.75,0.0,34.72315035799522
Kansas,2022-04-25,"Agency 88, Article 26",community colleges technical colleges and washburn institute of technology,kansas board of regents,,College and University,1700007489,36,2219,31,0,0,0,5,26.0,8.19,14.285714285714285,38.84086629001883
Kansas,2022-04-25,"Agency 88, Article 27",washburn municipal university,kansas board of regents,,College and University,1700007490,27,1073,27,0,0,0,0,26.0,6.95,12.82051282051282,32.96764705882353
Kansas,2022-04-25,"Agency 88, Article 28",private and out of state postsecondary education institutions,kansas board of regents,,College and University,1700007491,113,6126,98,1,0,0,14,45.0,8.68,37.121212121212125,37.20549356223176
Kansas,2022-04-25,"Agency 88, Article 29",qualified admission,kansas board of regents,,College and University,1700007492,34,1245,28,0,0,0,6,33.0,6.76,13.88888888888889,38.96560619088564
Kansas,2022-04-25,"Agency 88, Article 29a",state university admissions,kansas board of regents,,College and University,1700007493,28,1266,25,0,0,0,3,28.0,6.99,13.953488372093023,39.74228523769808
Kansas,2022-04-25,"Agency 88, Article 29b",university of kansas admissions,kansas board of regents,,College and University,1700007494,44,1957,37,0,0,0,7,31.0,7.09,15.254237288135592,36.48346196251378
Kansas,2022-04-25,"Agency 88, Article 29c",state university admissions beginning with review of applications for 2021 summer session,kansas board of regents,,College and University,1700007495,70,4126,61,0,0,0,9,31.0,7.59,25.203252032520325,34.96357878068092
Kansas,2022-04-25,"Agency 88, Article 29d",university of kansas admissions beginning with review of applications for 2021 summer session,kansas board of regents,,College and University,1700007496,76,4844,67,0,0,0,9,28.0,7.61,18.867924528301888,32.978384527872585
Kansas,2022-04-25,"Agency 88, Article 3",guidelines for the determination of residency for fee purposes,kansas board of regents,,College and University,1700007474,34,2286,30,1,0,0,3,43.0,7.86,55.76923076923077,36.02946593001842
Kansas,2022-04-25,"Agency 88, Article 30",student health insurance program,kansas board of regents,,College and University,1700007497,9,782,9,0,0,0,0,38.0,7.19,20.0,34.415549597855225
Kansas,2022-04-25,"Agency 88, Article 4",traffic and parking at state educational institutions,kansas board of regents,,College and University,1700007475,0,44,0,0,0,0,0,13.0,4.83,0.0,33.68421052631579
Kansas,2022-04-25,"Agency 88, Article 8",kansas career work study program,kansas board of regents,,College and University,1700007476,27,1157,25,1,0,0,1,47.0,7.37,4.166666666666666,36.3436944937833
Kansas,2022-04-25,"Agency 88, Article 9",vocational education scholarship program,kansas board of regents,,College and University,1700007477,11,716,7,0,0,0,4,30.0,7.14,17.391304347826086,38.49556213017752
Kansas,2022-04-25,"Agency 91, Article 1",certificate regulations,kansas state department of education,,Primary and Secondary Education,1700007498,377,20705,354,0,0,0,23,37.0,8.45,15.65377532228361,40.90612882107065
Kansas,2022-04-25,"Agency 91, Article 15",school conduct rules,kansas state department of education,,Primary and Secondary Education,1700007501,3,105,3,0,0,0,0,34.0,4.9,0.0,31.754901960784316
Kansas,2022-04-25,"Agency 91, Article 16",vocational education,kansas state department of education,,Primary and Secondary Education,1700007502,61,4539,55,2,0,0,4,32.0,8.2,17.037037037037038,34.05255910029837
Kansas,2022-04-25,"Agency 91, Article 19",student teachers,kansas state department of education,,Primary and Secondary Education,1700007503,20,602,17,0,0,2,1,21.0,5.9,3.571428571428571,44.98307952622673
Kansas,2022-04-25,"Agency 91, Article 21",disorganization of a unified school district by election,kansas state department of education,,Primary and Secondary Education,1700007504,12,429,12,0,0,0,0,42.0,6.21,70.0,37.35336538461539
Kansas,2022-04-25,"Agency 91, Article 22",professional practices commission,kansas state department of education,,Primary and Secondary Education,1700007505,59,2419,58,0,0,0,1,31.0,8.09,18.181818181818183,33.17576791808874
Kansas,2022-04-25,"Agency 91, Article 26",nonprofit school food service programs,kansas state department of education,,Primary and Secondary Education,1700007506,28,1221,27,0,0,1,0,22.0,7.59,14.285714285714285,34.76445578231292
Kansas,2022-04-25,"Agency 91, Article 29",procedures for employees of the kansas state schools for the deaf and visually handicapped to participate in tax sheltered annuities,kansas state department of education,,Primary and Secondary Education,1700007507,36,1472,32,0,0,1,3,25.0,7.88,8.928571428571429,34.066473988439306
Kansas,2022-04-25,"Agency 91, Article 31",accreditation,kansas state department of education,,Primary and Secondary Education,1700007508,87,4052,79,0,0,0,8,28.0,8.1,15.384615384615383,39.37806748466258
Kansas,2022-04-25,"Agency 91, Article 37",parents as teachers grants,kansas state department of education,,Primary and Secondary Education,1700007509,24,878,22,0,0,0,2,33.0,7.0,3.8461538461538463,35.861077844311374
Kansas,2022-04-25,"Agency 91, Article 38",school bus transportation,kansas state department of education,,Primary and Secondary Education,1700007510,164,5119,145,0,0,0,19,26.0,8.25,25.51020408163265,36.10002024701357
Kansas,2022-04-25,"Agency 91, Article 40",special education,kansas state department of education,,Primary and Secondary Education,1700007511,454,23641,396,3,0,0,55,38.0,8.85,40.75286415711948,36.20602441380522
Kansas,2022-04-25,"Agency 91, Article 41",mentor teacher program,kansas state department of education,,Primary and Secondary Education,1700007512,5,651,5,0,0,0,0,33.0,6.9,15.789473684210526,40.943910256410255
Kansas,2022-04-25,"Agency 91, Article 42",emergency safety interventions,kansas state department of education,,Primary and Secondary Education,1700007513,91,4125,82,2,0,1,6,35.0,8.16,36.206896551724135,36.08337518834757
Kansas,2022-04-25,"Agency 91, Article 5",driver and traffic safety education courses,kansas state department of education,,Primary and Secondary Education,1700007499,33,1414,31,0,0,0,2,34.0,7.41,30.0,35.12751677852349
Kansas,2022-04-25,"Agency 91, Article 7",commercial drivers training schools,kansas state department of education,,Primary and Secondary Education,1700007500,82,2366,74,0,0,1,7,26.0,7.77,10.989010989010987,33.29580573951435
Kansas,2022-04-25,"Agency 92, Article 11",withholding and estimated tax,kansas department of revenue,,Taxes and Public Finance,1700007518,20,731,13,0,0,1,6,29.0,6.55,28.000000000000004,29.54172767203514
Kansas,2022-04-25,"Agency 92, Article 12",income tax,kansas department of revenue,,Taxes and Public Finance,1700007519,323,18680,299,0,0,1,23,32.0,9.11,38.12056737588653,32.951884122315334
Kansas,2022-04-25,"Agency 92, Article 13",interstate motor fuel use tax,kansas department of revenue,,Taxes and Public Finance,1700007520,38,1289,35,0,0,0,3,37.0,7.46,32.35294117647059,34.80778588807786
Kansas,2022-04-25,"Agency 92, Article 14",liquefied petroleum fuel tax,kansas department of revenue,,Taxes and Public Finance,1700007521,24,1006,21,0,0,0,3,30.0,7.21,43.75,26.782474226804123
Kansas,2022-04-25,"Agency 92, Article 15",nonresident contractors,kansas department of revenue,,Taxes and Public Finance,1700007522,13,410,11,0,0,0,2,33.0,6.4,25.0,33.244897959183675
Kansas,2022-04-25,"Agency 92, Article 17",tobacco products,kansas department of revenue,,Taxes and Public Finance,1700007523,35,1037,30,0,0,0,5,35.0,6.91,17.24137931034483,31.0168986083499
Kansas,2022-04-25,"Agency 92, Article 19",kansas retailers sales tax,kansas department of revenue,,Taxes and Public Finance,1700007524,967,41416,879,11,2,0,75,32.0,9.52,35.511811023622045,32.66821201904006
Kansas,2022-04-25,"Agency 92, Article 2",inheritance taxes,kansas department of revenue,,Taxes and Public Finance,1700007514,131,5769,124,1,1,0,5,22.0,8.24,24.0,31.30047988187523
Kansas,2022-04-25,"Agency 92, Article 20",compensating tax,kansas department of revenue,,Taxes and Public Finance,1700007525,50,3240,47,0,0,0,3,36.0,7.77,34.48275862068966,33.263241863433315
Kansas,2022-04-25,"Agency 92, Article 21",local retailers sales tax,kansas department of revenue,,Taxes and Public Finance,1700007526,10,669,7,0,0,0,3,38.0,6.54,58.82352941176471,31.27488151658768
Kansas,2022-04-25,"Agency 92, Article 22",homestead tax relief,kansas department of revenue,,Taxes and Public Finance,1700007527,42,1928,40,0,0,0,2,37.0,7.77,45.09803921568628,30.752549651100377
Kansas,2022-04-25,"Agency 92, Article 23",charitable gaming,kansas department of revenue,,Taxes and Public Finance,1700007528,129,4568,112,3,0,3,11,32.0,8.02,32.142857142857146,30.37844611528822
Kansas,2022-04-25,"Agency 92, Article 24",liquor drink tax,kansas department of revenue,,Taxes and Public Finance,1700007529,60,2116,52,0,0,1,7,27.0,7.76,24.0,32.20129224652087
Kansas,2022-04-25,"Agency 92, Article 25",transient guest tax,kansas department of revenue,,Taxes and Public Finance,1700007530,1,94,1,0,0,0,0,92.0,4.82,0.0,22.359550561797757
Kansas,2022-04-25,"Agency 92, Article 26",agricultural ethyl alcohol producer incentive,kansas department of revenue,,Taxes and Public Finance,1700007531,38,1351,32,0,0,0,6,37.0,7.67,30.55555555555556,35.60906958561376
Kansas,2022-04-25,"Agency 92, Article 27",qualified biodiesel fuel producer incentive,kansas department of revenue,,Taxes and Public Finance,1700007532,29,1039,26,0,0,0,3,47.0,7.11,50.0,37.11269035532995
Kansas,2022-04-25,"Agency 92, Article 28",retail dealer incentive,kansas department of revenue,,Taxes and Public Finance,1700007533,22,647,19,0,0,0,3,38.0,6.53,23.52941176470588,34.045528455284554
Kansas,2022-04-25,"Agency 92, Article 3",motor fuel tax and transportation of liquid fuel,kansas department of revenue,,Taxes and Public Finance,1700007515,53,1944,50,0,0,0,3,34.0,7.99,23.214285714285715,31.963791267305645
Kansas,2022-04-25,"Agency 92, Article 5",cigarette tax,kansas department of revenue,,Taxes and Public Finance,1700007516,50,1597,43,0,0,0,7,32.0,7.45,14.285714285714285,33.781007751937985
Kansas,2022-04-25,"Agency 92, Article 50",manufacture distribution and sale of motor vehicles review board,kansas department of revenue,,Taxes and Public Finance,1700007534,4,92,3,0,0,0,1,22.0,5.25,25.0,28.34523809523809
Kansas,2022-04-25,"Agency 92, Article 51",titles and registration,kansas department of revenue,,Taxes and Public Finance,1700007535,104,4251,94,0,0,0,10,38.0,8.28,43.51851851851852,33.37623031496063
Kansas,2022-04-25,"Agency 92, Article 52",motor vehicle drivers licenses,kansas department of revenue,,Taxes and Public Finance,1700007536,36,2200,31,0,0,0,5,19.0,7.96,7.766990291262135,32.576142131979694
Kansas,2022-04-25,"Agency 92, Article 55",motor vehicle taxation,kansas department of revenue,,Taxes and Public Finance,1700007537,43,2634,40,0,0,0,3,37.0,7.37,22.058823529411764,30.78380600082203
Kansas,2022-04-25,"Agency 92, Article 56",ignition interlock devices,kansas department of revenue,,Taxes and Public Finance,1700007538,112,5208,91,0,0,1,20,30.0,8.25,23.214285714285715,37.117988782051285
Kansas,2022-04-25,"Agency 92, Article 57",tax on consumable material,kansas department of revenue,,Taxes and Public Finance,1700007539,27,1351,25,0,0,0,2,33.0,7.22,17.073170731707318,35.59332321699545
Kansas,2022-04-25,"Agency 92, Article 9",minerals and natural products leases on navigable streambeds,kansas department of revenue,,Taxes and Public Finance,1700007517,19,638,18,0,0,0,1,30.0,7.29,9.523809523809524,28.51570247933884
Kansas,2022-04-25,"Agency 93, Article 4",real estate ratio study,kansas department of revenue division of property valuation,,Taxes and Public Finance,1700007540,11,842,10,0,0,0,1,58.0,6.99,21.428571428571427,36.31585518102372
Kansas,2022-04-25,"Agency 93, Article 5",property valuation notices,kansas department of revenue division of property valuation,,Taxes and Public Finance,1700007541,2,134,1,0,0,0,1,26.0,5.87,0.0,36.86776859504132
Kansas,2022-04-25,"Agency 93, Article 6",registered mass appraiser,kansas department of revenue division of property valuation,,Taxes and Public Finance,1700007542,35,1219,31,0,0,0,4,26.0,7.23,2.272727272727273,36.9946571682992
Kansas,2022-04-25,"Agency 93, Article 7",machinery and equipment exemption,kansas department of revenue division of property valuation,,Taxes and Public Finance,1700007543,6,242,6,0,0,0,0,29.0,5.83,37.5,38.54337899543379
Kansas,2022-04-25,"Agency 93, Article 8",telecommuncations machinery and equipment and railroad machinery and equipment exemption,kansas department of revenue division of property valuation,,Taxes and Public Finance,1700007544,6,251,6,0,0,0,0,30.0,5.76,37.5,42.31578947368421
Kansas,2022-04-25,"Agency 93, Article 9",complex industrial property,kansas department of revenue division of property valuation,,Taxes and Public Finance,1700007545,5,255,3,0,0,0,2,21.0,6.24,0.0,41.18614718614719
Kansas,2022-04-25,"Agency 94, Article 3",economic development revenue bonds,kansas board of tax appeals,,Taxes and Public Finance,1700007546,25,648,19,0,0,0,6,19.0,7.22,15.625,33.467532467532465
Kansas,2022-04-25,"Agency 94, Article 4",court member continued education,kansas board of tax appeals,,Taxes and Public Finance,1700007547,6,149,4,0,0,0,2,28.0,5.8,0.0,35.13138686131387
Kansas,2022-04-25,"Agency 94, Article 5",proceedings before the court,kansas board of tax appeals,,Taxes and Public Finance,1700007548,144,6274,136,0,0,0,8,26.0,8.58,25.0,32.59868988105499
Kansas,2022-04-25,"Agency 97, Article 1",soldiers home membership,kansas commission on veterans affairs,,"Security, Justice, and Corrections",1700007549,54,2263,52,0,0,0,2,20.0,8.13,21.100917431192663,33.63619744058501
Kansas,2022-04-25,"Agency 97, Article 2",rules governing members,kansas commission on veterans affairs,,"Security, Justice, and Corrections",1700007550,8,197,8,0,0,0,0,27.0,6.01,0.0,30.79144385026738
Kansas,2022-04-25,"Agency 97, Article 3",discharges termination of membership,kansas commission on veterans affairs,,"Security, Justice, and Corrections",1700007551,19,769,16,0,0,2,1,25.0,7.17,6.666666666666667,29.340192043895748
Kansas,2022-04-25,"Agency 97, Article 4",veteran memorial donations to the kansas commission on veterans affairs for the construction and maintenance of capital improvement projects,kansas commission on veterans affairs,,"Security, Justice, and Corrections",1700007552,55,1948,53,0,0,0,2,27.0,8.01,19.718309859154928,36.93347525279404
Kansas,2022-04-25,"Agency 97, Article 5",financial benefits to dependents of prisoners of war persons missing in action or who died as a result of injuries suffered in the line of duty,kansas commission on veterans affairs,,"Security, Justice, and Corrections",1700007553,2,239,1,1,0,0,0,47.0,6.19,20.0,36.63636363636363
Kansas,2022-04-25,"Agency 97, Article 6",veterans claims assistance program and the service grant program,kansas commission on veterans affairs,,"Security, Justice, and Corrections",1700007554,69,3161,61,0,0,0,8,36.0,8.17,13.953488372093023,37.474526453298495
Kansas,2022-04-25,"Agency 97, Article 7",vietnam war era medallion program,kansas commission on veterans affairs,,"Security, Justice, and Corrections",1700007555,34,1670,32,0,0,0,2,32.0,7.45,27.450980392156865,34.7994971715902
Kansas,2022-04-25,"Agency 98, Article 1",definitions,kansas water authority,,"Environmental Protection, Public Utilities, and Natural Resources",1700007556,3,946,3,0,0,0,0,21.0,7.58,0.0,34.514786418400874
Kansas,2022-04-25,"Agency 98, Article 2",public hearings on the state water plan,kansas water authority,,"Environmental Protection, Public Utilities, and Natural Resources",1700007557,11,404,11,0,0,0,0,22.0,6.18,11.11111111111111,28.11898734177215
Kansas,2022-04-25,"Agency 98, Article 4",weather modification,kansas water authority,,"Environmental Protection, Public Utilities, and Natural Resources",1700007558,52,2010,42,0,0,0,10,32.0,7.85,19.35483870967742,34.81583031557165
Kansas,2022-04-25,"Agency 98, Article 5",state water plan storage,kansas water authority,,"Environmental Protection, Public Utilities, and Natural Resources",1700007559,72,2948,67,0,0,0,5,28.0,7.73,29.126213592233007,32.90127388535032
Kansas,2022-04-25,"Agency 98, Article 6",water assurance program,kansas water authority,,"Environmental Protection, Public Utilities, and Natural Resources",1700007560,19,1272,19,0,0,0,0,40.0,7.27,25.806451612903224,36.32110839445803
Kansas,2022-04-25,"Agency 98, Article 7",lower smoky hill water supply access program,kansas water authority,,"Environmental Protection, Public Utilities, and Natural Resources",1700007561,43,1989,42,0,0,0,1,35.0,7.42,26.785714285714285,35.39132706374086
Kansas,2022-04-25,"Agency 98, Article 8",easement authority on navigable rivers,kansas water authority,,"Environmental Protection, Public Utilities, and Natural Resources",1700007562,18,812,17,1,0,0,0,33.0,6.68,33.33333333333333,33.314791403286975
Kansas,2022-04-25,"Agency 99, Article 25",technical requirements for weighing and measuring devices,kansas state department of agriculture division of weights and measures,,"Industry, Commerce, and Development",1700007563,36,1681,29,0,0,0,7,41.0,7.78,20.51282051282051,39.46966731898239
Kansas,2022-04-25,"Agency 99, Article 26",fees,kansas state department of agriculture division of weights and measures,,"Industry, Commerce, and Development",1700007564,3,173,3,0,0,0,0,56.0,5.9,0.0,37.05487804878049
Kansas,2022-04-25,"Agency 99, Article 27",civil penalty,kansas state department of agriculture division of weights and measures,,"Industry, Commerce, and Development",1700007565,15,1516,15,0,0,0,0,63.0,7.59,58.333333333333336,33.700842696629216
Kansas,2022-04-25,"Agency 99, Article 30",large capacity scales testing and service,kansas state department of agriculture division of weights and measures,,"Industry, Commerce, and Development",1700007566,19,660,17,0,0,0,2,29.0,6.81,13.636363636363637,32.847133757961785
Kansas,2022-04-25,"Agency 99, Article 31",motor vehicle fuel measuring devices,kansas state department of agriculture division of weights and measures,,"Industry, Commerce, and Development",1700007567,18,691,16,0,0,0,2,31.0,6.99,9.523809523809524,35.84018264840183
Kansas,2022-04-25,"Agency 99, Article 40",petroleum measurement,kansas state department of agriculture division of weights and measures,,"Industry, Commerce, and Development",1700007568,4,163,3,0,0,0,1,53.0,5.86,,34.76158940397351
Kansas,2022-04-25,"Agency 9, Article 1",anthrax vaccine,animal health department,,"Environmental Protection, Public Utilities, and Natural Resources",1700006892,5,243,5,0,0,0,0,60.0,5.51,,39.19574468085106
Kansas,2022-04-25,"Agency 9, Article 10",public livestock markets,animal health department,,"Environmental Protection, Public Utilities, and Natural Resources",1700006901,182,5740,169,1,0,0,12,27.0,8.48,23.52941176470588,33.71196939333212
Kansas,2022-04-25,"Agency 9, Article 11",tuberculosis,animal health department,,"Environmental Protection, Public Utilities, and Natural Resources",1700006902,0,43,0,0,0,0,0,41.0,4.79,0.0,50.3421052631579
Kansas,2022-04-25,"Agency 9, Article 12",swine specific pathogen free regulations,animal health department,,"Environmental Protection, Public Utilities, and Natural Resources",1700006903,36,1068,28,3,0,0,5,25.0,7.4,17.073170731707318,41.17704280155642
Kansas,2022-04-25,"Agency 9, Article 14",livestock dealers registration,animal health department,,"Environmental Protection, Public Utilities, and Natural Resources",1700006904,7,362,7,0,0,0,0,23.0,6.8,6.666666666666667,36.57514450867052
Kansas,2022-04-25,"Agency 9, Article 15",livestock brands,animal health department,,"Environmental Protection, Public Utilities, and Natural Resources",1700006905,8,402,8,0,0,0,0,32.0,6.55,16.666666666666664,32.73529411764706
Kansas,2022-04-25,"Agency 9, Article 17",pseudorabies in swine,animal health department,,"Environmental Protection, Public Utilities, and Natural Resources",1700006906,22,986,22,0,0,0,0,26.0,6.88,18.91891891891892,33.620616365568544
Kansas,2022-04-25,"Agency 9, Article 18",animal facility inspection program license and registration fees,animal health department,,"Environmental Protection, Public Utilities, and Natural Resources",1700006907,228,8292,208,0,0,4,16,26.0,8.79,19.01639344262295,32.32773963895245
Kansas,2022-04-25,"Agency 9, Article 2",bovine brucellosis,animal health department,,"Environmental Protection, Public Utilities, and Natural Resources",1700006893,27,1061,25,2,0,0,0,37.0,7.47,32.142857142857146,35.34220907297831
Kansas,2022-04-25,"Agency 9, Article 26",euthanasia,animal health department,,"Environmental Protection, Public Utilities, and Natural Resources",1700006908,2,140,2,0,0,0,0,17.0,5.68,0.0,36.90625
Kansas,2022-04-25,"Agency 9, Article 27",reportable diseases,animal health department,,"Environmental Protection, Public Utilities, and Natural Resources",1700006909,2,144,2,0,0,0,0,70.0,6.3,0.0,41.87769784172662
Kansas,2022-04-25,"Agency 9, Article 28",brucella ovis,animal health department,,"Environmental Protection, Public Utilities, and Natural Resources",1700006910,8,356,8,0,0,0,0,24.0,6.36,7.142857142857142,33.42772861356932
Kansas,2022-04-25,"Agency 9, Article 3",swine brucellosis and cervids,animal health department,,"Environmental Protection, Public Utilities, and Natural Resources",1700006894,99,4875,93,0,0,1,5,26.0,8.35,18.43575418994413,33.834087481146305
Kansas,2022-04-25,"Agency 9, Article 30",equine infectious anemia,animal health department,,"Environmental Protection, Public Utilities, and Natural Resources",1700006911,12,405,12,0,0,0,0,36.0,6.5,9.090909090909092,31.58638743455497
Kansas,2022-04-25,"Agency 9, Article 32",scrapie in sheep and goats,animal health department,,"Environmental Protection, Public Utilities, and Natural Resources",1700006912,56,2587,47,0,0,0,9,46.0,7.69,41.81818181818181,36.2369918699187
Kansas,2022-04-25,"Agency 9, Article 4",disposal plants,animal health department,,"Environmental Protection, Public Utilities, and Natural Resources",1700006895,17,655,17,0,0,0,0,30.0,7.2,28.57142857142857,34.294117647058826
Kansas,2022-04-25,"Agency 9, Article 5",garbage feeding,animal health department,,"Environmental Protection, Public Utilities, and Natural Resources",1700006896,22,717,21,0,0,0,1,35.0,6.84,30.0,37.01447178002894
Kansas,2022-04-25,"Agency 9, Article 6",hog cholera,animal health department,,"Environmental Protection, Public Utilities, and Natural Resources",1700006897,9,361,7,0,0,2,0,38.0,6.36,33.33333333333333,36.22600619195047
Kansas,2022-04-25,"Agency 9, Article 7",movement of livestock into or through kansas,animal health department,,"Environmental Protection, Public Utilities, and Natural Resources",1700006898,140,5769,128,0,0,3,9,33.0,8.31,24.85549132947977,36.56192034915439
Kansas,2022-04-25,"Agency 9, Article 8",livestock feed lots,animal health department,,"Environmental Protection, Public Utilities, and Natural Resources",1700006899,20,537,20,0,0,0,0,33.0,7.18,25.0,35.33529411764706
Kansas,2022-04-25,"Agency 9, Article 9",poultry and hatching eggs,animal health department,,"Environmental Protection, Public Utilities, and Natural Resources",1700006900,13,832,11,0,0,1,1,58.0,6.89,,36.016169154228855
Kansas,2023-05-17,"Agency 100, Article 1",board of healing arts,kansas state board of healing arts,,Health Services,1700008603,2,26,2,0,0,0,0,24.0,3.73,0.0,28.0
Kansas,2023-05-17,"Agency 100, Article 10a",exempt license,kansas state board of healing arts,,Health Services,1700008612,21,833,15,2,0,0,4,27.0,7.2,37.93103448275862,35.156330749354005
Kansas,2023-05-17,"Agency 100, Article 11",fees,kansas state board of healing arts,,Health Services,1700008613,1,273,1,0,0,0,0,,5.43,0.0,35.625
Kansas,2023-05-17,"Agency 100, Article 12",records,kansas state board of healing arts,,Health Services,1700008614,5,72,4,0,0,0,1,23.0,4.97,0.0,32.06060606060606
Kansas,2023-05-17,"Agency 100, Article 15",license renewal continuing education,kansas state board of healing arts,,Health Services,1700008615,48,1616,44,0,0,0,4,49.0,7.58,12.5,37.71299288946348
Kansas,2023-05-17,"Agency 100, Article 16",revocation,kansas state board of healing arts,,Health Services,1700008616,0,36,0,0,0,0,0,15.0,4.42,50.0,24.79310344827586
Kansas,2023-05-17,"Agency 100, Article 18a",advertising,kansas state board of healing arts,,Health Services,1700008617,2,79,2,0,0,0,0,38.0,4.54,0.0,38.60526315789474
Kansas,2023-05-17,"Agency 100, Article 19",administrative procedures,kansas state board of healing arts,,Health Services,1700008618,5,306,4,1,0,0,0,27.0,6.49,9.090909090909092,43.81118881118881
Kansas,2023-05-17,"Agency 100, Article 2",officers,kansas state board of healing arts,,Health Services,1700008604,6,148,5,0,0,0,1,28.0,5.35,40.0,32.39855072463768
Kansas,2023-05-17,"Agency 100, Article 21",dispensing physicians,kansas state board of healing arts,,Health Services,1700008619,19,561,17,0,0,0,2,27.0,7.01,15.0,37.89074074074074
Kansas,2023-05-17,"Agency 100, Article 22",dishonorable conduct,kansas state board of healing arts,,Health Services,1700008620,35,1962,33,0,0,1,1,30.0,7.98,15.625,35.34497354497355
Kansas,2023-05-17,"Agency 100, Article 23",treatment of obesity,kansas state board of healing arts,,Health Services,1700008621,12,437,12,0,0,0,0,27.0,6.67,43.75,36.69689737470167
Kansas,2023-05-17,"Agency 100, Article 24",patient records,kansas state board of healing arts,,Health Services,1700008622,10,525,10,0,0,0,0,40.0,6.9,69.23076923076923,37.024
Kansas,2023-05-17,"Agency 100, Article 25",office requirements,kansas state board of healing arts,,Health Services,1700008623,60,2831,57,0,0,1,2,34.0,8.57,27.160493827160494,40.11135693215339
Kansas,2023-05-17,"Agency 100, Article 26",services rendered to individuals located in this state,kansas state board of healing arts,,Health Services,1700008624,4,654,4,0,0,0,0,34.0,6.91,16.666666666666664,35.284345047923324
Kansas,2023-05-17,"Agency 100, Article 27",light based medical treatment,kansas state board of healing arts,,Health Services,1700008625,16,679,9,0,0,1,6,35.0,7.04,36.84210526315789,35.46801872074883
Kansas,2023-05-17,"Agency 100, Article 28a",physician assistants,kansas state board of healing arts,,Health Services,1700008626,68,4403,58,0,0,0,10,48.0,8.52,38.20224719101123,41.26049412329096
Kansas,2023-05-17,"Agency 100, Article 28b",independent practice of midwifery,kansas state board of healing arts,,Health Services,1700008627,46,4314,41,0,0,0,5,53.0,8.96,23.75,39.83052503052503
Kansas,2023-05-17,"Agency 100, Article 29",physical therapy,kansas state board of healing arts,,Health Services,1700008628,154,5888,123,0,0,0,31,38.0,8.54,14.666666666666666,40.34472883479506
Kansas,2023-05-17,"Agency 100, Article 3",committees,kansas state board of healing arts,,Health Services,1700008605,1,55,1,0,0,0,0,17.0,4.86,33.33333333333333,34.8
Kansas,2023-05-17,"Agency 100, Article 4",vacancies,kansas state board of healing arts,,Health Services,1700008606,6,137,6,0,0,0,0,44.0,5.05,66.66666666666666,26.65648854961832
Kansas,2023-05-17,"Agency 100, Article 49",podiatry,kansas state board of healing arts,,Health Services,1700008629,35,1666,32,0,0,0,3,31.0,7.71,14.285714285714285,35.85588633288227
Kansas,2023-05-17,"Agency 100, Article 5",meetings,kansas state board of healing arts,,Health Services,1700008607,6,242,6,0,0,0,0,30.0,5.9,25.0,28.31601731601732
Kansas,2023-05-17,"Agency 100, Article 54",occupational therapy,kansas state board of healing arts,,Health Services,1700008630,83,3852,71,2,0,0,10,33.0,8.42,9.649122807017545,43.17478118161926
Kansas,2023-05-17,"Agency 100, Article 55",respiratory therapy,kansas state board of healing arts,,Health Services,1700008631,70,2871,53,0,0,0,17,36.0,8.41,8.974358974358974,39.19667896678967
Kansas,2023-05-17,"Agency 100, Article 6",licenses,kansas state board of healing arts,,Health Services,1700008608,85,3403,76,1,0,0,8,29.0,8.42,15.04424778761062,38.05983960518199
Kansas,2023-05-17,"Agency 100, Article 69",athletic training,kansas state board of healing arts,,Health Services,1700008632,61,2805,55,0,0,0,6,44.0,8.54,14.516129032258066,40.34512608204742
Kansas,2023-05-17,"Agency 100, Article 7",examinations,kansas state board of healing arts,,Health Services,1700008609,6,339,4,0,0,0,2,83.0,5.76,0.0,37.99688473520249
Kansas,2023-05-17,"Agency 100, Article 72",naturopathy,kansas state board of healing arts,,Health Services,1700008633,40,3070,35,0,0,0,5,66.0,8.72,20.0,40.46919596240864
Kansas,2023-05-17,"Agency 100, Article 73",radiologic technologists,kansas state board of healing arts,,Health Services,1700008634,54,2681,48,0,0,0,6,39.0,8.31,12.12121212121212,40.46974522292994
Kansas,2023-05-17,"Agency 100, Article 75",contact lenses,kansas state board of healing arts,,Health Services,1700008635,1,25,1,0,0,0,0,21.0,4.12,0.0,37.77777777777778
Kansas,2023-05-17,"Agency 100, Article 76",acupuncturists,kansas state board of healing arts,,Health Services,1700008636,76,3608,65,0,0,1,10,36.0,8.67,18.367346938775512,40.09374081692624
Kansas,2023-05-17,"Agency 100, Article 77",telemedicine,kansas state board of healing arts,,Health Services,1700008637,3,136,3,0,0,0,0,25.0,5.72,0.0,40.13821138211382
Kansas,2023-05-17,"Agency 100, Article 78",business entities,kansas state board of healing arts,,Health Services,1700008638,2,70,2,0,0,0,0,31.0,4.84,0.0,47.0
Kansas,2023-05-17,"Agency 100, Article 8",license by endorsement,kansas state board of healing arts,,Health Services,1700008610,10,1078,8,0,0,0,2,35.0,7.81,3.333333333333333,35.971181556195965
Kansas,2023-05-17,"Agency 100, Article 9",temporary license,kansas state board of healing arts,,Health Services,1700008611,0,42,0,0,0,0,0,18.0,4.85,0.0,36.1764705882353
Kansas,2023-05-17,"Agency 102, Article 1",certification of psychologists,behavioral sciences regulatory board,,Health Services,1700008639,202,12046,172,0,3,0,27,44.0,9.16,26.492537313432837,41.96352451914746
Kansas,2023-05-17,"Agency 102, Article 2",licensing of social workers,behavioral sciences regulatory board,,Health Services,1700008640,259,13729,222,0,1,0,36,42.0,8.95,22.981366459627328,38.5793542519327
Kansas,2023-05-17,"Agency 102, Article 3",professional counselors fees,behavioral sciences regulatory board,,Health Services,1700008641,194,12771,162,1,1,0,30,51.0,9.05,29.098360655737704,42.1058023274873
Kansas,2023-05-17,"Agency 102, Article 4",master s level psychologists,behavioral sciences regulatory board,,Health Services,1700008642,216,14474,177,1,1,1,36,45.0,9.18,27.848101265822784,41.51186342592592
Kansas,2023-05-17,"Agency 102, Article 5",licensing of marriage and family therapists,behavioral sciences regulatory board,,Health Services,1700008643,213,13349,184,0,1,0,28,49.0,8.99,27.985074626865668,39.53313017659009
Kansas,2023-05-17,"Agency 102, Article 7",licensing of addiction counselors,behavioral sciences regulatory board,,Health Services,1700008644,209,12852,180,2,0,1,26,53.0,8.97,31.380753138075317,41.28276086602637
Kansas,2023-05-17,"Agency 102, Article 8",applied behavior analysis,behavioral sciences regulatory board,,Health Services,1700008645,72,4476,59,0,0,1,12,59.0,8.72,37.333333333333336,39.44194669756663
Kansas,2023-05-17,"Agency 103, Article 1",security for deposit of public funds,joint regulations state bank commissioner and savings and loan commissioner,,"Banking, Insurance, and Securities",1700008646,1,104,1,0,0,0,0,,5.49,0.0,34.13265306122449
Kansas,2023-05-17,"Agency 104, Article 1",no title indicated,joint regulations consumer credit commissioner credit union administrator savings and loan commissioner and bank commissioner,,"Banking, Insurance, and Securities",1700008647,2,210,2,0,0,0,0,29.0,5.77,28.57142857142857,35.36585365853659
Kansas,2023-05-17,"Agency 105, Article 1",general,state board of indigents defense services,,"Security, Justice, and Corrections",1700008648,4,378,3,0,0,0,1,17.0,6.47,5.0,33.723404255319146
Kansas,2023-05-17,"Agency 105, Article 10",systems for providing legal defense services for indigent persons,state board of indigents defense services,,"Security, Justice, and Corrections",1700008657,16,1053,16,0,0,0,0,29.0,6.88,40.0,32.37843336724313
Kansas,2023-05-17,"Agency 105, Article 2",terms defined,state board of indigents defense services,,"Security, Justice, and Corrections",1700008649,1,366,1,0,0,0,0,23.0,6.38,13.333333333333334,38.13793103448276
Kansas,2023-05-17,"Agency 105, Article 21",public defender guidelines,state board of indigents defense services,,"Security, Justice, and Corrections",1700008658,13,494,13,0,0,0,0,28.0,6.91,23.52941176470588,35.190274841437635
Kansas,2023-05-17,"Agency 105, Article 3",appointed attorneys,state board of indigents defense services,,"Security, Justice, and Corrections",1700008650,55,2171,53,0,0,0,2,27.0,7.65,25.0,33.142507345739475
Kansas,2023-05-17,"Agency 105, Article 31",contract counsel guidelines,state board of indigents defense services,,"Security, Justice, and Corrections",1700008659,6,251,6,0,0,0,0,30.0,6.21,25.0,37.82608695652174
Kansas,2023-05-17,"Agency 105, Article 4",entitlement to legal representation,state board of indigents defense services,,"Security, Justice, and Corrections",1700008651,18,1010,18,0,0,0,0,34.0,7.39,48.27586206896552,36.04933196300103
Kansas,2023-05-17,"Agency 105, Article 5",attorney compensation,state board of indigents defense services,,"Security, Justice, and Corrections",1700008652,21,1588,20,0,0,0,1,22.0,7.18,20.967741935483872,32.51820294345469
Kansas,2023-05-17,"Agency 105, Article 6",reimbursement of expenses,state board of indigents defense services,,"Security, Justice, and Corrections",1700008653,4,240,4,0,0,0,0,18.0,6.47,33.33333333333333,35.80909090909091
Kansas,2023-05-17,"Agency 105, Article 7",investigative expert or other services,state board of indigents defense services,,"Security, Justice, and Corrections",1700008654,22,638,22,0,0,0,0,27.0,6.46,26.08695652173913,35.60591133004926
Kansas,2023-05-17,"Agency 105, Article 8",court reporters transcripts,state board of indigents defense services,,"Security, Justice, and Corrections",1700008655,10,252,10,0,0,0,0,24.0,6.05,40.0,35.69166666666667
Kansas,2023-05-17,"Agency 105, Article 9",claims generally,state board of indigents defense services,,"Security, Justice, and Corrections",1700008656,10,520,10,0,0,0,0,32.0,6.9,18.75,31.56827309236948
Kansas,2023-05-17,"Agency 106, Article 1",peace officers standards and training,law enforcement training commission,,"Security, Justice, and Corrections",1700008660,2,49,1,0,0,0,1,22.0,4.8,0.0,33.976190476190474
Kansas,2023-05-17,"Agency 106, Article 2",definitions,law enforcement training commission,,"Security, Justice, and Corrections",1700008661,18,2482,14,0,0,0,4,15.0,7.61,18.70967741935484,36.3591967138293
Kansas,2023-05-17,"Agency 106, Article 3",officer certification standards,law enforcement training commission,,"Security, Justice, and Corrections",1700008662,11,565,8,0,0,0,3,46.0,7.38,25.0,39.493506493506494
Kansas,2023-05-17,"Agency 106, Article 4",training school standards,law enforcement training commission,,"Security, Justice, and Corrections",1700008663,16,989,15,0,0,0,1,45.0,6.88,9.090909090909092,40.52836134453781
Kansas,2023-05-17,"Agency 108, Article 1",eligibility requirements,state employees health care commission,,Health Services,1700008664,72,6499,71,1,0,0,0,36.0,7.79,25.842696629213485,34.89700464520263
Kansas,2023-05-17,"Agency 109, Article 1",definitions,board of emergency medical services,,Health Services,1700008665,12,2114,8,0,0,0,4,32.0,8.25,1.5384615384615383,39.749754661432775
Kansas,2023-05-17,"Agency 109, Article 10",curricula,board of emergency medical services,,Health Services,1700008673,17,1133,15,0,0,0,2,36.0,6.52,3.333333333333333,42.66238532110092
Kansas,2023-05-17,"Agency 109, Article 11",course approvals,board of emergency medical services,,Health Services,1700008674,26,1402,26,0,0,0,0,31.0,7.08,11.627906976744184,40.36015037593985
Kansas,2023-05-17,"Agency 109, Article 14",do not resuscitate identifiers,board of emergency medical services,,Health Services,1700008675,1,177,0,0,0,0,1,55.0,5.91,33.33333333333333,37.26993865030675
Kansas,2023-05-17,"Agency 109, Article 15",certification,board of emergency medical services,,Health Services,1700008676,9,1513,9,0,0,0,0,38.0,7.09,35.13513513513514,38.4194464158978
Kansas,2023-05-17,"Agency 109, Article 16",graduated sanctions,board of emergency medical services,,Health Services,1700008677,2,347,2,0,0,0,0,42.0,6.56,25.0,41.59621451104101
Kansas,2023-05-17,"Agency 109, Article 17",sponsoring organizations,board of emergency medical services,,Health Services,1700008678,35,1943,33,0,0,0,2,54.0,7.75,17.142857142857142,41.7267316017316
Kansas,2023-05-17,"Agency 109, Article 2",ambulance services permits and regulations,board of emergency medical services,,Health Services,1700008666,184,7424,174,0,0,1,9,32.0,8.55,13.963963963963964,36.34781989170704
Kansas,2023-05-17,"Agency 109, Article 3",standards for ambulance attendants first responders and drivers,board of emergency medical services,,Health Services,1700008667,6,1207,6,0,0,0,0,59.0,8.0,21.052631578947366,44.95525114155251
Kansas,2023-05-17,"Agency 109, Article 5",continuing education,board of emergency medical services,,Health Services,1700008668,23,1558,23,0,0,0,0,42.0,7.29,8.571428571428571,39.77716643741403
Kansas,2023-05-17,"Agency 109, Article 6",temporary certification,board of emergency medical services,,Health Services,1700008669,11,676,8,0,0,0,3,22.0,6.84,21.428571428571427,38.669918699186994
Kansas,2023-05-17,"Agency 109, Article 7",fees,board of emergency medical services,,Health Services,1700008670,3,437,3,0,0,0,0,,5.68,,53.42613636363637
Kansas,2023-05-17,"Agency 109, Article 8",examinations,board of emergency medical services,,Health Services,1700008671,24,743,21,0,0,0,3,33.0,6.42,0.0,53.14697802197802
Kansas,2023-05-17,"Agency 109, Article 9",instructor coordinator,board of emergency medical services,,Health Services,1700008672,10,573,9,0,0,0,1,54.0,7.05,40.0,43.99627560521415
Kansas,2023-05-17,"Agency 10, Article 10",collection and reporting,kansas bureau of investigation,,"Security, Justice, and Corrections",1700007948,7,252,6,0,0,0,1,12.0,6.15,10.526315789473683,38.976851851851855
Kansas,2023-05-17,"Agency 10, Article 11",security,kansas bureau of investigation,,"Security, Justice, and Corrections",1700007949,4,142,3,0,0,1,0,34.0,5.46,75.0,39.15441176470589
Kansas,2023-05-17,"Agency 10, Article 12",dissemination,kansas bureau of investigation,,"Security, Justice, and Corrections",1700007950,6,287,5,0,0,0,1,27.0,5.79,20.0,39.589090909090906
Kansas,2023-05-17,"Agency 10, Article 13",inspection and challenge,kansas bureau of investigation,,"Security, Justice, and Corrections",1700007951,3,176,3,0,0,0,0,29.0,5.85,0.0,37.27647058823529
Kansas,2023-05-17,"Agency 10, Article 14",auditing criminal justice agencies,kansas bureau of investigation,,"Security, Justice, and Corrections",1700007952,2,60,2,0,0,0,0,17.0,4.85,33.33333333333333,51.19607843137255
Kansas,2023-05-17,"Agency 10, Article 15",reportable events duplication,kansas bureau of investigation,,"Security, Justice, and Corrections",1700007953,2,45,1,0,0,0,1,10.0,4.72,0.0,42.76923076923077
Kansas,2023-05-17,"Agency 10, Article 19",juvenile justice information system,kansas bureau of investigation,,"Security, Justice, and Corrections",1700007954,26,993,22,0,0,0,4,36.0,7.4,18.51851851851852,35.50270855904659
Kansas,2023-05-17,"Agency 10, Article 20",missing persons unidentified deceased persons,kansas bureau of investigation,,"Security, Justice, and Corrections",1700007955,13,656,13,0,0,0,0,38.0,6.7,11.76470588235294,34.556259904912835
Kansas,2023-05-17,"Agency 10, Article 21",kansas bureau of investigation dna databank,kansas bureau of investigation,,"Security, Justice, and Corrections",1700007956,46,2187,42,0,0,0,4,24.0,7.71,12.643678160919542,34.19565217391305
Kansas,2023-05-17,"Agency 10, Article 22",field testing for controlled substances,kansas bureau of investigation,,"Security, Justice, and Corrections",1700007957,3,237,3,0,0,0,0,45.0,6.44,0.0,49.820754716981135
Kansas,2023-05-17,"Agency 10, Article 23",kansas asset seizure and forfeiture repository,kansas bureau of investigation,,"Security, Justice, and Corrections",1700007958,18,575,16,0,0,1,1,25.0,6.29,27.27272727272727,36.3473491773309
Kansas,2023-05-17,"Agency 10, Article 24",kansas scrap metal data repository,kansas bureau of investigation,,"Security, Justice, and Corrections",1700007959,3,381,3,0,0,0,0,33.0,6.59,18.181818181818183,33.044444444444444
Kansas,2023-05-17,"Agency 10, Article 25",testing oral fluid for law enforcement purposes,kansas bureau of investigation,,"Security, Justice, and Corrections",1700007960,5,233,5,0,0,0,0,21.0,5.83,0.0,36.59111111111111
Kansas,2023-05-17,"Agency 10, Article 9",definitions,kansas bureau of investigation,,"Security, Justice, and Corrections",1700007947,2,252,2,0,0,0,0,18.0,6.55,7.6923076923076925,39.63900414937759
Kansas,2023-05-17,"Agency 110, Article 1",venture capital company certification,kansas department of commerce,,"Industry, Commerce, and Development",1700008679,17,674,12,0,0,0,5,31.0,7.27,19.047619047619047,35.46474358974359
Kansas,2023-05-17,"Agency 110, Article 10",low income housing tax credits,kansas department of commerce,,"Industry, Commerce, and Development",1700008687,2,240,2,0,0,0,0,,6.35,0.0,38.23076923076923
Kansas,2023-05-17,"Agency 110, Article 11",kansas downtown redevelopment act,kansas department of commerce,,"Industry, Commerce, and Development",1700008688,10,666,10,0,0,0,0,27.0,7.2,12.5,41.00466562986003
Kansas,2023-05-17,"Agency 110, Article 13",rural business development tax credit program,kansas department of commerce,,"Industry, Commerce, and Development",1700008689,39,1873,39,0,0,0,0,30.0,7.95,12.903225806451612,40.00667408231368
Kansas,2023-05-17,"Agency 110, Article 13a",enterprise facilitation fund,kansas department of commerce,,"Industry, Commerce, and Development",1700008690,17,856,15,0,0,0,2,26.0,7.33,6.451612903225806,37.85679012345679
Kansas,2023-05-17,"Agency 110, Article 14",individual account program act,kansas department of commerce,,"Industry, Commerce, and Development",1700008691,6,187,6,0,0,0,0,22.0,5.52,12.5,36.37356321839081
Kansas,2023-05-17,"Agency 110, Article 15",kansas energy incentive act refinery and expanded refinery projects,kansas department of commerce,,"Industry, Commerce, and Development",1700008692,18,929,14,0,0,0,4,29.0,7.6,19.35483870967742,36.10614525139665
Kansas,2023-05-17,"Agency 110, Article 16",kansas energy incentive act new qualifying pipeline projects,kansas department of commerce,,"Industry, Commerce, and Development",1700008693,19,929,15,0,0,0,4,29.0,7.6,19.35483870967742,36.4536312849162
Kansas,2023-05-17,"Agency 110, Article 17",kansas energy incentive act integrated coal or coke gasification nitrogen fertilizer plants,kansas department of commerce,,"Industry, Commerce, and Development",1700008694,18,977,14,0,0,0,4,30.0,7.57,21.875,37.02332979851538
Kansas,2023-05-17,"Agency 110, Article 18",kansas energy incentive act biomass to energy projects,kansas department of commerce,,"Industry, Commerce, and Development",1700008695,18,895,14,0,0,0,4,29.0,7.54,20.0,35.602787456445995
Kansas,2023-05-17,"Agency 110, Article 19",kansas energy incentive act renewable electric cogeneration facility projects,kansas department of commerce,,"Industry, Commerce, and Development",1700008696,18,991,14,0,0,0,4,28.0,7.66,17.647058823529413,37.95767195767196
Kansas,2023-05-17,"Agency 110, Article 2",local seed capital pool certification,kansas department of commerce,,"Industry, Commerce, and Development",1700008680,12,545,9,0,0,0,3,45.0,7.08,16.666666666666664,34.445544554455445
Kansas,2023-05-17,"Agency 110, Article 20",kansas energy incentive act storage and blending equipment projects,kansas department of commerce,,"Industry, Commerce, and Development",1700008697,17,927,13,0,0,0,4,31.0,7.57,17.24137931034483,36.94475760992108
Kansas,2023-05-17,"Agency 110, Article 21",promoting employment across kansas peak program,kansas department of commerce,,"Industry, Commerce, and Development",1700008698,28,2035,27,0,0,0,1,43.0,7.86,29.78723404255319,36.07616066770996
Kansas,2023-05-17,"Agency 110, Article 22",student loan repayment program,kansas department of commerce,,"Industry, Commerce, and Development",1700008699,25,1284,24,0,0,0,1,25.0,7.34,26.0,38.5195020746888
Kansas,2023-05-17,"Agency 110, Article 3",kansas partnership fund program,kansas department of commerce,,"Industry, Commerce, and Development",1700008681,54,2338,51,1,0,1,1,37.0,7.99,27.41935483870968,35.52795031055901
Kansas,2023-05-17,"Agency 110, Article 4",investments in major projects and comprehensive training impact act,kansas department of commerce,,"Industry, Commerce, and Development",1700008682,22,2090,21,0,0,0,1,54.0,7.94,21.052631578947366,34.10746268656717
Kansas,2023-05-17,"Agency 110, Article 40",kansas export finance act,kansas department of commerce,,"Industry, Commerce, and Development",1700008700,45,1751,40,0,0,0,5,23.0,7.78,12.0,37.36259771497294
Kansas,2023-05-17,"Agency 110, Article 5",kansas enterprise zone act,kansas department of commerce,,"Industry, Commerce, and Development",1700008683,14,972,10,0,0,0,4,78.0,7.21,16.666666666666664,38.969365426695845
Kansas,2023-05-17,"Agency 110, Article 6",high performance incentive program,kansas department of commerce,,"Industry, Commerce, and Development",1700008684,64,3692,59,0,0,0,5,32.0,8.46,28.82882882882883,36.87225042301184
Kansas,2023-05-17,"Agency 110, Article 7",kansas community services program,kansas department of commerce,,"Industry, Commerce, and Development",1700008685,11,551,11,0,0,0,0,28.0,7.12,31.57894736842105,35.45992366412214
Kansas,2023-05-17,"Agency 110, Article 9",sales tax revenue bonds,kansas department of commerce,,"Industry, Commerce, and Development",1700008686,27,1582,22,0,0,0,5,32.0,8.01,25.53191489361702,35.21063257065949
Kansas,2023-05-17,"Agency 112, Article 10",animal health,kansas racing and gaming commission,,"Culture, Recreation, and the Arts",1700008708,204,8326,191,0,1,7,5,36.0,8.33,25.217391304347824,34.88408497950056
Kansas,2023-05-17,"Agency 112, Article 100",general provisions and definitions,kansas racing and gaming commission,,"Culture, Recreation, and the Arts",1700008717,14,542,13,0,0,0,1,29.0,6.7,5.555555555555555,40.181467181467184
Kansas,2023-05-17,"Agency 112, Article 101",facility manager certification,kansas racing and gaming commission,,"Culture, Recreation, and the Arts",1700008718,65,2950,56,0,0,1,8,45.0,8.02,10.9375,38.81856839121191
Kansas,2023-05-17,"Agency 112, Article 102",gaming supplier and non gaming supplier certification,kansas racing and gaming commission,,"Culture, Recreation, and the Arts",1700008719,28,1861,26,0,0,0,2,45.0,7.65,15.0,37.77079796264856
Kansas,2023-05-17,"Agency 112, Article 103",employee licensing,kansas racing and gaming commission,,"Culture, Recreation, and the Arts",1700008720,38,2236,33,0,0,0,5,49.0,8.13,22.22222222222222,37.07056074766355
Kansas,2023-05-17,"Agency 112, Article 104",minimum internal control system,kansas racing and gaming commission,,"Culture, Recreation, and the Arts",1700008721,894,32289,781,1,0,3,109,42.0,9.1,25.166444740346204,35.101431258168375
Kansas,2023-05-17,"Agency 112, Article 105",security,kansas racing and gaming commission,,"Culture, Recreation, and the Arts",1700008722,35,1549,32,0,0,0,3,40.0,7.71,28.947368421052637,36.871369294605806
Kansas,2023-05-17,"Agency 112, Article 106",surveillance,kansas racing and gaming commission,,"Culture, Recreation, and the Arts",1700008723,69,2739,61,0,0,0,8,41.0,7.96,18.181818181818183,38.25435540069687
Kansas,2023-05-17,"Agency 112, Article 107",electronic gaming machines,kansas racing and gaming commission,,"Culture, Recreation, and the Arts",1700008724,367,15523,316,0,0,0,51,41.0,8.71,26.08695652173913,36.45725699067909
Kansas,2023-05-17,"Agency 112, Article 108",table games,kansas racing and gaming commission,,"Culture, Recreation, and the Arts",1700008725,792,23123,747,1,0,5,39,32.0,8.83,24.02777777777778,31.858865942674026
Kansas,2023-05-17,"Agency 112, Article 11",security and safety,kansas racing and gaming commission,,"Culture, Recreation, and the Arts",1700008709,120,5483,106,0,0,4,10,43.0,8.86,40.47619047619048,34.16445830085737
Kansas,2023-05-17,"Agency 112, Article 110",technical standards,kansas racing and gaming commission,,"Culture, Recreation, and the Arts",1700008726,182,6416,173,1,0,0,8,37.0,8.69,26.785714285714285,34.803456790123455
Kansas,2023-05-17,"Agency 112, Article 111",involuntary exclusions,kansas racing and gaming commission,,"Culture, Recreation, and the Arts",1700008727,24,1229,23,0,0,1,0,55.0,7.29,36.36363636363637,31.40268456375839
Kansas,2023-05-17,"Agency 112, Article 112",responsible gaming,kansas racing and gaming commission,,"Culture, Recreation, and the Arts",1700008728,56,2524,54,0,0,0,2,34.0,7.58,15.27777777777778,36.4387546087669
Kansas,2023-05-17,"Agency 112, Article 113",sanctions,kansas racing and gaming commission,,"Culture, Recreation, and the Arts",1700008729,7,592,7,0,0,0,0,53.0,7.06,9.090909090909092,38.90909090909091
Kansas,2023-05-17,"Agency 112, Article 114",rules of hearing,kansas racing and gaming commission,,"Culture, Recreation, and the Arts",1700008730,51,1717,47,0,0,0,4,30.0,7.57,28.07017543859649,34.49128081779916
Kansas,2023-05-17,"Agency 112, Article 12",kansas horse breeding development fund,kansas racing and gaming commission,,"Culture, Recreation, and the Arts",1700008710,72,3129,65,0,0,0,7,29.0,7.34,24.509803921568626,34.28649200408302
Kansas,2023-05-17,"Agency 112, Article 13",kansas whelped program,kansas racing and gaming commission,,"Culture, Recreation, and the Arts",1700008711,38,1495,38,0,0,0,0,39.0,7.38,13.513513513513514,36.69733146067416
Kansas,2023-05-17,"Agency 112, Article 14",harness racing rules,kansas racing and gaming commission,,"Culture, Recreation, and the Arts",1700008712,84,2599,81,0,0,2,1,30.0,7.95,43.02325581395349,25.085419149781487
Kansas,2023-05-17,"Agency 112, Article 15",award of research grants,kansas racing and gaming commission,,"Culture, Recreation, and the Arts",1700008713,23,1072,23,0,0,0,0,20.0,7.36,3.92156862745098,37.29253112033195
Kansas,2023-05-17,"Agency 112, Article 16",simplified hearing procedures,kansas racing and gaming commission,,"Culture, Recreation, and the Arts",1700008714,47,2165,44,0,0,0,3,25.0,7.75,20.48192771084337,31.91075735648818
Kansas,2023-05-17,"Agency 112, Article 17",fair association or horsemen s nonprofit organization,kansas racing and gaming commission,,"Culture, Recreation, and the Arts",1700008715,70,4234,57,1,0,0,12,50.0,8.46,32.53012048192771,39.37320810677212
Kansas,2023-05-17,"Agency 112, Article 18",simulcasting licenses,kansas racing and gaming commission,,"Culture, Recreation, and the Arts",1700008716,167,7174,151,1,1,0,14,39.0,8.47,33.146067415730336,34.3769164015042
Kansas,2023-05-17,"Agency 112, Article 3",application procedure,kansas racing and gaming commission,,"Culture, Recreation, and the Arts",1700008701,317,11381,275,2,0,0,40,37.0,8.75,16.39344262295082,36.47589809384164
Kansas,2023-05-17,"Agency 112, Article 4",occupation and concessionaire licenses,kansas racing and gaming commission,,"Culture, Recreation, and the Arts",1700008702,198,7036,158,0,0,7,33,34.0,8.51,24.0,35.94909417577482
Kansas,2023-05-17,"Agency 112, Article 5",race track officials,kansas racing and gaming commission,,"Culture, Recreation, and the Arts",1700008703,96,2726,93,0,0,1,2,28.0,7.85,22.916666666666664,32.42339622641509
Kansas,2023-05-17,"Agency 112, Article 6",race track officials,kansas racing and gaming commission,,"Culture, Recreation, and the Arts",1700008704,125,3571,117,1,0,6,1,28.0,7.88,23.809523809523807,31.54820143884892
Kansas,2023-05-17,"Agency 112, Article 7",rules for racing,kansas racing and gaming commission,,"Culture, Recreation, and the Arts",1700008705,261,8309,248,0,0,3,10,30.0,8.62,45.45454545454545,27.864614614614613
Kansas,2023-05-17,"Agency 112, Article 8",rules of racing,kansas racing and gaming commission,,"Culture, Recreation, and the Arts",1700008706,123,3654,123,0,0,0,0,27.0,7.76,35.07462686567165,29.50796311818944
Kansas,2023-05-17,"Agency 112, Article 9",parimutuel wagering,kansas racing and gaming commission,,"Culture, Recreation, and the Arts",1700008707,440,18178,423,7,0,8,2,41.0,7.63,,30.79148434870414
Kansas,2023-05-17,"Agency 115, Article 1",definitions,kansas department of wildlife parks and tourism,,"Culture, Recreation, and the Arts",1700008731,10,1801,8,0,0,0,2,21.0,8.68,8.333333333333332,30.430742255990648
Kansas,2023-05-17,"Agency 115, Article 10",special surety bond,kansas department of wildlife parks and tourism,,"Culture, Recreation, and the Arts",1700008740,24,917,20,0,0,0,4,31.0,6.82,10.714285714285714,31.038416763678697
Kansas,2023-05-17,"Agency 115, Article 11",controlled shooting areas,kansas department of wildlife parks and tourism,,"Culture, Recreation, and the Arts",1700008741,34,857,28,0,0,1,5,29.0,6.91,17.24137931034483,32.5273390036452
Kansas,2023-05-17,"Agency 115, Article 12",game breeders,kansas department of wildlife parks and tourism,,"Culture, Recreation, and the Arts",1700008742,8,239,6,0,0,0,2,39.0,6.16,16.666666666666664,30.607142857142858
Kansas,2023-05-17,"Agency 115, Article 13",training dogs and field trial events,kansas department of wildlife parks and tourism,,"Culture, Recreation, and the Arts",1700008743,90,3013,77,0,0,0,13,25.0,7.45,31.35593220338983,31.938925938925937
Kansas,2023-05-17,"Agency 115, Article 14",falconry,kansas department of wildlife parks and tourism,,"Culture, Recreation, and the Arts",1700008744,305,10169,274,0,0,6,25,28.0,8.4,24.930747922437675,33.946513752156704
Kansas,2023-05-17,"Agency 115, Article 15",nongame threatened and endangered species,kansas department of wildlife parks and tourism,,"Culture, Recreation, and the Arts",1700008745,65,3187,50,0,0,2,13,45.0,9.12,32.857142857142854,43.417261297995246
Kansas,2023-05-17,"Agency 115, Article 16",wildlife damage control,kansas department of wildlife parks and tourism,,"Culture, Recreation, and the Arts",1700008746,99,3608,84,0,0,0,15,31.0,8.01,43.103448275862064,33.40472716661803
Kansas,2023-05-17,"Agency 115, Article 17",wildlife commercial uses authorized,kansas department of wildlife parks and tourism,,"Culture, Recreation, and the Arts",1700008747,136,4822,122,0,0,3,11,28.0,7.93,16.16766467065868,35.86624343257443
Kansas,2023-05-17,"Agency 115, Article 18",special permits,kansas department of wildlife parks and tourism,,"Culture, Recreation, and the Arts",1700008748,171,6135,145,0,1,3,22,30.0,8.62,19.306930693069308,36.86099193409988
Kansas,2023-05-17,"Agency 115, Article 2",fees registrations and other charges,kansas department of wildlife parks and tourism,,"Culture, Recreation, and the Arts",1700008732,19,2159,12,1,0,0,6,86.0,7.11,9.090909090909092,36.18703384968445
Kansas,2023-05-17,"Agency 115, Article 20",miscellaneous regulations,kansas department of wildlife parks and tourism,,"Culture, Recreation, and the Arts",1700008749,109,3780,102,2,0,0,5,32.0,8.6,31.03448275862069,31.998621450234356
Kansas,2023-05-17,"Agency 115, Article 22",sport shooting ranges,kansas department of wildlife parks and tourism,,"Culture, Recreation, and the Arts",1700008750,0,139,0,0,0,0,0,68.0,5.33,0.0,45.83478260869565
Kansas,2023-05-17,"Agency 115, Article 3",smallgame,kansas department of wildlife parks and tourism,,"Culture, Recreation, and the Arts",1700008733,14,496,14,0,0,0,0,33.0,6.9,53.333333333333336,30.11181434599156
Kansas,2023-05-17,"Agency 115, Article 30",boating,kansas department of wildlife parks and tourism,,"Culture, Recreation, and the Arts",1700008751,110,3599,94,0,0,1,15,29.0,8.42,34.74576271186441,31.57960644007156
Kansas,2023-05-17,"Agency 115, Article 35",local government outdoor recreation grant program,kansas department of wildlife parks and tourism,,"Culture, Recreation, and the Arts",1700008752,3,247,3,0,0,0,0,22.0,6.53,0.0,40.63636363636363
Kansas,2023-05-17,"Agency 115, Article 4",big game,kansas department of wildlife parks and tourism,,"Culture, Recreation, and the Arts",1700008734,185,10515,180,0,0,0,5,40.0,8.23,38.095238095238095,29.436621122967985
Kansas,2023-05-17,"Agency 115, Article 40",agritourism,kansas department of wildlife parks and tourism,,"Culture, Recreation, and the Arts",1700008753,15,643,15,0,0,0,0,23.0,6.92,19.230769230769237,36.6677796327212
Kansas,2023-05-17,"Agency 115, Article 5",furbearers,kansas department of wildlife parks and tourism,,"Culture, Recreation, and the Arts",1700008735,33,1512,32,0,0,1,0,32.0,7.93,28.26086956521739,32.223684210526315
Kansas,2023-05-17,"Agency 115, Article 6",fur dealers,kansas department of wildlife parks and tourism,,"Culture, Recreation, and the Arts",1700008736,16,634,13,0,0,0,3,33.0,6.48,15.789473684210526,32.186385737439224
Kansas,2023-05-17,"Agency 115, Article 7",fish and frogs,kansas department of wildlife parks and tourism,,"Culture, Recreation, and the Arts",1700008737,125,4465,117,0,0,5,3,37.0,8.41,36.134453781512605,32.007517030772846
Kansas,2023-05-17,"Agency 115, Article 8",department lands and waters,kansas department of wildlife parks and tourism,,"Culture, Recreation, and the Arts",1700008738,148,5157,125,0,0,16,7,30.0,8.54,25.74850299401197,33.80915564598169
Kansas,2023-05-17,"Agency 115, Article 9",licenses permits stamps and other department issues,kansas department of wildlife parks and tourism,,"Culture, Recreation, and the Arts",1700008739,47,1621,38,0,0,0,9,38.0,7.4,14.285714285714285,35.812063492063494
Kansas,2023-05-17,"Agency 116, Article 1",cereal malt beverages,the kansas state fair board,,"Industry, Commerce, and Development",1700008754,5,315,5,0,0,0,0,28.0,5.93,27.27272727272727,31.400651465798045
Kansas,2023-05-17,"Agency 116, Article 2",fairgrounds,the kansas state fair board,,"Industry, Commerce, and Development",1700008755,1,43,1,0,0,0,0,40.0,4.57,,30.525
Kansas,2023-05-17,"Agency 116, Article 3",soliciting and advertising,the kansas state fair board,,"Industry, Commerce, and Development",1700008756,6,253,4,0,0,2,0,41.0,6.38,16.666666666666664,35.072874493927124
Kansas,2023-05-17,"Agency 116, Article 4",tent camping,the kansas state fair board,,"Industry, Commerce, and Development",1700008757,2,215,2,0,0,0,0,30.0,5.84,28.57142857142857,30.14423076923077
Kansas,2023-05-17,"Agency 117, Article 1",definitions,real estate appraisal board,,Taxes and Public Finance,1700008758,1,394,1,0,0,0,0,22.0,6.71,0.0,44.66577540106952
Kansas,2023-05-17,"Agency 117, Article 10",inactive status,real estate appraisal board,,Taxes and Public Finance,1700008767,1,59,1,0,0,0,0,26.0,4.97,0.0,41.15094339622642
Kansas,2023-05-17,"Agency 117, Article 2",qualifications criteria residential real estate appraiser classification,real estate appraisal board,,Taxes and Public Finance,1700008759,53,2153,47,0,0,0,6,30.0,7.78,14.492753623188406,41.74670571010249
Kansas,2023-05-17,"Agency 117, Article 20",appraisal management company registration,real estate appraisal board,,Taxes and Public Finance,1700008768,15,636,14,0,0,0,1,24.0,6.93,0.0,36.65051903114187
Kansas,2023-05-17,"Agency 117, Article 3",qualifications criteria general appraiser classification,real estate appraisal board,,Taxes and Public Finance,1700008760,50,2342,43,0,0,0,7,33.0,7.76,14.492753623188406,41.67481884057971
Kansas,2023-05-17,"Agency 117, Article 4",qualifications criteria certified residential appraiser classification,real estate appraisal board,,Taxes and Public Finance,1700008761,51,2560,44,0,0,0,7,35.0,7.89,16.901408450704224,42.55482546201232
Kansas,2023-05-17,"Agency 117, Article 5",qualifications criteria provisional classification,real estate appraisal board,,Taxes and Public Finance,1700008762,22,1001,21,0,0,0,1,25.0,6.83,7.894736842105263,43.78006500541712
Kansas,2023-05-17,"Agency 117, Article 6",continuing education,real estate appraisal board,,Taxes and Public Finance,1700008763,56,2520,49,0,0,0,7,37.0,7.85,20.0,36.71736375158429
Kansas,2023-05-17,"Agency 117, Article 7",fees,real estate appraisal board,,Taxes and Public Finance,1700008764,10,202,10,0,0,0,0,17.0,5.44,27.27272727272727,30.63483146067416
Kansas,2023-05-17,"Agency 117, Article 8",uniform standards of professional appraisal practice,real estate appraisal board,,Taxes and Public Finance,1700008765,1,172,1,0,0,0,0,83.0,5.92,,41.43949044585988
Kansas,2023-05-17,"Agency 117, Article 9",temporary practice,real estate appraisal board,,Taxes and Public Finance,1700008766,2,166,2,0,0,0,0,33.0,5.85,20.0,34.095541401273884
Kansas,2023-05-17,"Agency 118, Article 1",kansas state historical society deaccessioning act,state historical society,,"Culture, Recreation, and the Arts",1700008769,54,1942,53,0,0,0,1,23.0,7.88,16.049382716049383,41.46781115879829
Kansas,2023-05-17,"Agency 118, Article 2",removal of human remains and associated burial goods from the kansas state historical society collections act,state historical society,,"Culture, Recreation, and the Arts",1700008770,3,105,3,0,0,0,0,13.0,5.31,0.0,30.73333333333333
Kansas,2023-05-17,"Agency 118, Article 3",review of projects affecting historic properties and their environs,state historical society,,"Culture, Recreation, and the Arts",1700008771,60,3151,44,1,0,0,15,35.0,7.88,31.03448275862069,40.06005308560053
Kansas,2023-05-17,"Agency 118, Article 4",land survey reference reports,state historical society,,"Culture, Recreation, and the Arts",1700008772,15,678,14,0,0,0,1,34.0,6.82,42.10526315789473,32.31290322580645
Kansas,2023-05-17,"Agency 118, Article 5",state rehabilitation tax credit program,state historical society,,"Culture, Recreation, and the Arts",1700008773,113,3623,105,0,0,0,8,28.0,7.88,26.190476190476197,42.81969123215846
Kansas,2023-05-17,"Agency 11, Article 1",water resources cost share program,state conservation commission,,"Environmental Protection, Public Utilities, and Natural Resources",1700007961,66,2681,64,0,0,0,2,32.0,8.15,38.2716049382716,39.00347893312718
Kansas,2023-05-17,"Agency 11, Article 10",water rights purchase program,state conservation commission,,"Environmental Protection, Public Utilities, and Natural Resources",1700007968,31,997,31,0,0,0,0,23.0,7.0,2.4390243902439024,32.59177215189873
Kansas,2023-05-17,"Agency 11, Article 12",water right transition assistance pilot project program,state conservation commission,,"Environmental Protection, Public Utilities, and Natural Resources",1700007969,49,2826,48,0,0,0,1,37.0,7.91,28.000000000000004,33.91776315789474
Kansas,2023-05-17,"Agency 11, Article 13",kansas sediment and nutrient reduction initiative,state conservation commission,,"Environmental Protection, Public Utilities, and Natural Resources",1700007970,19,1134,15,0,0,0,4,25.0,7.8,4.545454545454546,37.11906976744186
Kansas,2023-05-17,"Agency 11, Article 3",watershed dam construction program,state conservation commission,,"Environmental Protection, Public Utilities, and Natural Resources",1700007962,46,1840,42,0,0,0,4,29.0,7.96,12.903225806451612,40.97661152310325
Kansas,2023-05-17,"Agency 11, Article 4",state grants for construction or renovation of multipurpose small lakes,state conservation commission,,"Environmental Protection, Public Utilities, and Natural Resources",1700007963,79,2094,70,0,0,0,9,26.0,7.86,11.538461538461538,37.80478087649402
Kansas,2023-05-17,"Agency 11, Article 6",water supply restoration program,state conservation commission,,"Environmental Protection, Public Utilities, and Natural Resources",1700007964,19,844,18,0,0,0,1,24.0,7.34,8.823529411764707,38.542929292929294
Kansas,2023-05-17,"Agency 11, Article 7",non point source pollution control fund,state conservation commission,,"Environmental Protection, Public Utilities, and Natural Resources",1700007965,102,4400,98,0,0,0,4,32.0,8.55,26.86567164179105,39.5475621414914
Kansas,2023-05-17,"Agency 11, Article 8",land reclamation program,state conservation commission,,"Environmental Protection, Public Utilities, and Natural Resources",1700007966,54,1806,50,0,0,0,4,28.0,7.78,29.03225806451613,33.02199762187872
Kansas,2023-05-17,"Agency 11, Article 9",kansas water quality buffer initiative,state conservation commission,,"Environmental Protection, Public Utilities, and Natural Resources",1700007967,22,1071,20,0,0,0,2,23.0,7.7,17.77777777777778,36.1692607003891
Kansas,2023-05-17,"Agency 121, Article 1",low income community development credit unions,department of credit unions,,"Banking, Insurance, and Securities",1700008774,11,1126,8,0,0,0,3,30.0,6.56,29.411764705882355,29.15180265654649
Kansas,2023-05-17,"Agency 121, Article 10",credit union annual audit requirements,department of credit unions,,"Banking, Insurance, and Securities",1700008783,9,437,6,0,0,0,3,43.0,6.42,10.0,36.27725118483412
Kansas,2023-05-17,"Agency 121, Article 11",merger of credit unions,department of credit unions,,"Banking, Insurance, and Securities",1700008784,22,1741,21,0,0,0,1,48.0,7.37,22.22222222222222,33.65778567199526
Kansas,2023-05-17,"Agency 121, Article 12",credit union branches,department of credit unions,,"Banking, Insurance, and Securities",1700008785,1,32,1,0,0,0,0,14.0,4.75,0.0,33.53846153846154
Kansas,2023-05-17,"Agency 121, Article 2",business recovery contingency planning,department of credit unions,,"Banking, Insurance, and Securities",1700008775,9,374,9,0,0,0,0,31.0,6.63,16.666666666666664,36.62258953168044
Kansas,2023-05-17,"Agency 121, Article 3",credit union services organization,department of credit unions,,"Banking, Insurance, and Securities",1700008776,21,1214,16,0,0,3,2,37.0,7.27,18.181818181818183,33.35799319727891
Kansas,2023-05-17,"Agency 121, Article 4",trust supervision,department of credit unions,,"Banking, Insurance, and Securities",1700008777,109,5425,103,0,0,3,3,38.0,8.12,33.80281690140845,34.0937618147448
Kansas,2023-05-17,"Agency 121, Article 5",credit union deteriorating condition,department of credit unions,,"Banking, Insurance, and Securities",1700008778,8,721,8,0,0,0,0,30.0,7.09,21.73913043478261,35.63099041533546
Kansas,2023-05-17,"Agency 121, Article 6",reporting place of business for credit unions,department of credit unions,,"Banking, Insurance, and Securities",1700008779,3,136,3,0,0,0,0,32.0,5.57,50.0,32.55905511811024
Kansas,2023-05-17,"Agency 121, Article 7",incidental powers of credit unions,department of credit unions,,"Banking, Insurance, and Securities",1700008780,2,127,2,0,0,0,0,62.0,5.19,50.0,31.830645161290324
Kansas,2023-05-17,"Agency 121, Article 8",credit union unsafe and unsound practices,department of credit unions,,"Banking, Insurance, and Securities",1700008781,1,159,1,0,0,0,0,,5.6,0.0,35.52564102564103
Kansas,2023-05-17,"Agency 121, Article 9",foreign credit unions,department of credit unions,,"Banking, Insurance, and Securities",1700008782,3,331,3,0,0,0,0,81.0,6.09,75.0,33.54179566563467
Kansas,2023-05-17,"Agency 122, Article 1",definitions,pooled money investment board,,"Banking, Insurance, and Securities",1700008786,1,59,1,0,0,0,0,27.0,4.9,0.0,32.25925925925926
Kansas,2023-05-17,"Agency 122, Article 2",depository banks,pooled money investment board,,"Banking, Insurance, and Securities",1700008787,29,758,28,0,0,0,1,27.0,6.89,0.0,36.378266850068776
Kansas,2023-05-17,"Agency 122, Article 3",investment of state moneys,pooled money investment board,,"Banking, Insurance, and Securities",1700008788,36,1430,34,0,0,0,2,21.0,7.76,12.307692307692308,39.79034690799397
Kansas,2023-05-17,"Agency 122, Article 4",municipal investment pool,pooled money investment board,,"Banking, Insurance, and Securities",1700008789,6,152,6,0,0,0,0,25.0,5.46,0.0,37.465753424657535
Kansas,2023-05-17,"Agency 122, Article 5",investment accounts in qualified banks,pooled money investment board,,"Banking, Insurance, and Securities",1700008790,2,144,2,0,0,0,0,34.0,6.08,0.0,46.53076923076923
Kansas,2023-05-17,"Agency 123, Article 1",general administration,juvenile justice authority,,"Security, Justice, and Corrections",1700008791,5,306,4,0,0,0,1,19.0,6.58,20.0,40.829268292682926
Kansas,2023-05-17,"Agency 123, Article 12",offender conduct and penalties,juvenile justice authority,,"Security, Justice, and Corrections",1700008795,413,10500,383,0,0,22,8,23.0,8.65,17.045454545454543,34.518045641902084
Kansas,2023-05-17,"Agency 123, Article 13",offender disciplinary procedure,juvenile justice authority,,"Security, Justice, and Corrections",1700008796,331,10780,315,0,0,0,16,27.0,8.43,36.80203045685279,34.608155339805826
Kansas,2023-05-17,"Agency 123, Article 15",offender grievance procedure,juvenile justice authority,,"Security, Justice, and Corrections",1700008797,140,4727,133,0,0,1,6,26.0,8.12,26.666666666666668,35.557080610021785
Kansas,2023-05-17,"Agency 123, Article 16",offender injury and property claims,juvenile justice authority,,"Security, Justice, and Corrections",1700008798,11,282,9,0,0,0,2,28.0,6.11,50.0,33.59851301115241
Kansas,2023-05-17,"Agency 123, Article 17",community juvenile supervision,juvenile justice authority,,"Security, Justice, and Corrections",1700008799,3,158,3,0,0,0,0,52.0,5.27,0.0,49.52348993288591
Kansas,2023-05-17,"Agency 123, Article 2",facilities management,juvenile justice authority,,"Security, Justice, and Corrections",1700008792,19,1147,18,0,0,0,1,54.0,7.94,33.33333333333333,38.65101289134439
Kansas,2023-05-17,"Agency 123, Article 5",offender management,juvenile justice authority,,"Security, Justice, and Corrections",1700008793,84,2991,80,0,0,4,0,33.0,8.23,58.88888888888889,36.575912657795975
Kansas,2023-05-17,"Agency 123, Article 6",good time credits and sentence computation,juvenile justice authority,,"Security, Justice, and Corrections",1700008794,36,1741,34,0,0,0,2,37.0,7.27,45.65217391304348,31.713853599516032
Kansas,2023-05-17,"Agency 124, Article 1",child deaths,child death review board,,Health Services,1700008800,21,765,21,0,0,0,0,29.0,6.81,7.6923076923076925,34.495327102803735
Kansas,2023-05-17,"Agency 125, Article 1",kansas agriculture remediation reimbursement program,kansas agricultural remediation board,,"Industry, Commerce, and Development",1700008801,33,2267,27,0,0,0,6,48.0,8.08,61.70212765957447,37.60081558676937
Kansas,2023-05-17,"Agency 126, Article 1",unmarked burial sites,unmarked burial sites preservation board,,"Culture, Recreation, and the Arts",1700008802,13,883,11,0,0,0,2,51.0,7.42,35.294117647058826,36.47872340425532
Kansas,2023-05-17,"Agency 127, Article 1",dwellings constructed with public financial assistance accessibility standards,kansas housing resources corporation,,"Industry, Commerce, and Development",1700008803,10,395,10,0,0,0,0,26.0,6.65,13.333333333333334,41.27604166666666
Kansas,2023-05-17,"Agency 127, Article 2",kansas manufactured housing installation,kansas housing resources corporation,,"Industry, Commerce, and Development",1700008804,11,774,9,0,0,0,2,42.0,7.28,52.94117647058824,36.9493487698987
Kansas,2023-05-17,"Agency 128, Article 1",definitions,department of commerce kansas athletic commission,,"Culture, Recreation, and the Arts",1700008805,13,1616,9,2,0,0,2,20.0,7.91,6.329113924050633,32.21817018554063
Kansas,2023-05-17,"Agency 128, Article 2",licenses and permits,department of commerce kansas athletic commission,,"Culture, Recreation, and the Arts",1700008806,111,3801,92,0,0,9,10,27.0,8.04,20.8955223880597,35.40016968325792
Kansas,2023-05-17,"Agency 128, Article 3",tickets and fees,department of commerce kansas athletic commission,,"Culture, Recreation, and the Arts",1700008807,29,853,26,0,0,0,3,33.0,6.88,38.46153846153847,30.00357142857143
Kansas,2023-05-17,"Agency 128, Article 4",officials and licensees and their responsibilities,department of commerce kansas athletic commission,,"Culture, Recreation, and the Arts",1700008808,202,5431,190,1,0,2,9,24.0,8.33,25.112107623318387,32.56960091655528
Kansas,2023-05-17,"Agency 128, Article 4a",inspectors and their responsibilities,department of commerce kansas athletic commission,,"Culture, Recreation, and the Arts",1700008809,16,491,15,0,0,1,0,28.0,6.61,17.647058823529413,32.93153526970954
Kansas,2023-05-17,"Agency 128, Article 5",facility and equipment requirements for professional boxing professional kickboxing professional full contact karate professional mixed martial arts amateur mixed martial arts and amateur sanctioning organizations,department of commerce kansas athletic commission,,"Culture, Recreation, and the Arts",1700008810,64,1716,63,0,0,0,1,28.0,7.71,21.311475409836063,30.10737852429514
Kansas,2023-05-17,"Agency 128, Article 6",rules of conduct and equipment requirements for professional boxing professional kickboxing professional full contact karate and professional mixed martial arts,department of commerce kansas athletic commission,,"Culture, Recreation, and the Arts",1700008811,448,14801,439,3,0,0,6,29.0,8.51,49.700598802395206,30.25447928331467
Kansas,2023-05-17,"Agency 129, Article 1",definitions,kansas department of health and environment division of health care finance,,Health Services,1700008812,0,277,0,0,0,0,0,22.0,6.31,8.333333333333332,37.8212927756654
Kansas,2023-05-17,"Agency 129, Article 10",adult care home program,kansas department of health and environment division of health care finance,,Health Services,1700008818,345,13015,319,1,0,0,25,28.0,9.04,21.02908277404922,33.87189064610983
Kansas,2023-05-17,"Agency 129, Article 14",children s health insurance program,kansas department of health and environment division of health care finance,,Health Services,1700008819,122,5739,114,0,0,0,8,29.0,8.71,21.46596858638744,34.67088136853849
Kansas,2023-05-17,"Agency 129, Article 2",general,kansas department of health and environment division of health care finance,,Health Services,1700008813,3,192,2,0,0,0,1,62.0,6.09,66.66666666666666,36.12921348314607
Kansas,2023-05-17,"Agency 129, Article 5",provider participation scope of services and reimbursements for the medicaid medical assistance program,kansas department of health and environment division of health care finance,,Health Services,1700008814,180,8242,173,0,0,0,7,33.0,9.35,28.39506172839506,39.70204342273308
Kansas,2023-05-17,"Agency 129, Article 6",medical assistance program clients eligibility for participation,kansas department of health and environment division of health care finance,,Health Services,1700008815,592,27363,574,0,0,1,17,28.0,9.05,31.25,34.45716953240488
Kansas,2023-05-17,"Agency 129, Article 7",appeals fair hearings and taf ga disqualification hearings,kansas department of health and environment division of health care finance,,Health Services,1700008816,8,541,6,0,0,0,2,27.0,7.03,31.57894736842105,35.298828125
Kansas,2023-05-17,"Agency 129, Article 9",managed care provider grievances reconsiderations appeals external independent third party review and state fair hearings feefor service provider grievances and state fair hearings,kansas department of health and environment division of health care finance,,Health Services,1700008817,65,2737,60,0,0,0,5,42.0,7.28,29.6875,32.80652503793627
Kansas,2023-05-17,"Agency 12, Article 1",general provisions,agricultural labor relations board,,"Environmental Protection, Public Utilities, and Natural Resources",1700007971,14,425,13,0,0,0,1,20.0,6.65,40.0,30.74572127139364
Kansas,2023-05-17,"Agency 12, Article 2",procedure,agricultural labor relations board,,"Environmental Protection, Public Utilities, and Natural Resources",1700007972,131,4074,120,0,0,5,6,21.0,8.17,19.170984455958543,31.36278717495582
Kansas,2023-05-17,"Agency 130, Article 1",registration renewal and examination,livestock brand commissioner,,"Industry, Commerce, and Development",1700008820,24,1070,13,0,0,0,11,39.0,7.03,0.0,40.20020325203252
Kansas,2023-05-17,"Agency 130, Article 2",fees,livestock brand commissioner,,"Industry, Commerce, and Development",1700008821,1,129,1,0,0,0,0,,5.44,0.0,48.93939393939394
Kansas,2023-05-17,"Agency 130, Article 3",education programs,livestock brand commissioner,,"Industry, Commerce, and Development",1700008822,16,837,15,0,0,0,1,48.0,7.46,23.52941176470588,36.721871049304674
Kansas,2023-05-17,"Agency 130, Article 4",code of ethics and standards of practice,livestock brand commissioner,,"Industry, Commerce, and Development",1700008823,2,78,2,0,0,0,0,37.0,4.8,0.0,40.85294117647059
Kansas,2023-05-17,"Agency 130, Article 5",continuing education,livestock brand commissioner,,"Industry, Commerce, and Development",1700008824,15,411,12,0,0,0,3,26.0,6.25,0.0,38.68733850129199
Kansas,2023-05-17,"Agency 131, Article 1",definitions,committee on surety bonds and insurance,,"Banking, Insurance, and Securities",1700008825,3,164,2,0,0,0,1,17.0,5.41,11.11111111111111,28.604026845637584
Kansas,2023-05-17,"Agency 132, Article 1",fees,911 coordinating council,,"Security, Justice, and Corrections",1700008826,1,70,1,0,0,0,0,22.0,5.06,33.33333333333333,29.484375
Kansas,2023-05-17,"Agency 132, Article 2",local collection point administrator requirements,911 coordinating council,,"Security, Justice, and Corrections",1700008827,9,320,8,0,0,0,1,24.0,6.53,7.6923076923076925,38.3421926910299
Kansas,2023-05-17,"Agency 132, Article 3",grant funds,911 coordinating council,,"Security, Justice, and Corrections",1700008828,1,98,1,0,0,0,0,48.0,4.84,,31.956989247311828
Kansas,2023-05-17,"Agency 132, Article 4",penalties,911 coordinating council,,"Security, Justice, and Corrections",1700008829,8,456,8,0,0,0,0,18.0,6.57,8.333333333333332,33.682382133995034
Kansas,2023-05-17,"Agency 132, Article 5",training standards,911 coordinating council,,"Security, Justice, and Corrections",1700008830,1,171,1,0,0,0,0,55.0,6.25,0.0,47.32098765432099
Kansas,2023-05-17,"Agency 132, Article 6",geographic information system gis data requirements,911 coordinating council,,"Security, Justice, and Corrections",1700008831,22,397,19,0,0,0,3,22.0,6.38,5.555555555555555,32.661458333333336
Kansas,2023-05-17,"Agency 133, Article 1",general procedures concerning parties,office of administrative hearings,,Administration,1700008832,17,1378,15,0,0,0,2,30.0,7.38,18.181818181818183,33.160606060606064
Kansas,2023-05-17,"Agency 14, Article 10",trade practices,kansas department of revenue division of alcoholic beverage control,,"Industry, Commerce, and Development",1700007977,17,1240,15,0,0,1,1,36.0,7.91,12.5,34.38580527752502
Kansas,2023-05-17,"Agency 14, Article 11",farm wineries,kansas department of revenue division of alcoholic beverage control,,"Industry, Commerce, and Development",1700007978,91,3647,78,0,0,4,9,29.0,7.67,8.870967741935484,30.5011448196909
Kansas,2023-05-17,"Agency 14, Article 13",retail liquor dealer,kansas department of revenue division of alcoholic beverage control,,"Industry, Commerce, and Development",1700007979,131,6760,107,0,0,3,21,37.0,8.43,22.22222222222222,32.16134969325153
Kansas,2023-05-17,"Agency 14, Article 14",manufacturers distributors nonbeverage users farm wineries microbreweries,kansas department of revenue division of alcoholic beverage control,,"Industry, Commerce, and Development",1700007980,132,5892,117,0,0,2,13,36.0,8.44,22.22222222222222,34.049463122689666
Kansas,2023-05-17,"Agency 14, Article 15",beer and cereal malt beverage keg registration,kansas department of revenue division of alcoholic beverage control,,"Industry, Commerce, and Development",1700007981,22,841,20,0,0,0,2,34.0,6.8,33.33333333333333,33.20493827160494
Kansas,2023-05-17,"Agency 14, Article 16",licenses suspension and revocation,kansas department of revenue division of alcoholic beverage control,,"Industry, Commerce, and Development",1700007982,27,1350,25,0,0,0,2,25.0,7.49,19.230769230769237,32.91064491064491
Kansas,2023-05-17,"Agency 14, Article 17",miscellaneous,kansas department of revenue division of alcoholic beverage control,,"Industry, Commerce, and Development",1700007983,25,886,21,0,0,0,4,62.0,7.51,57.14285714285714,32.75757575757576
Kansas,2023-05-17,"Agency 14, Article 19",class a clubs,kansas department of revenue division of alcoholic beverage control,,"Industry, Commerce, and Development",1700007984,169,7580,156,1,0,3,9,37.0,8.62,20.19704433497537,31.76768642447419
Kansas,2023-05-17,"Agency 14, Article 20",class b clubs,kansas department of revenue division of alcoholic beverage control,,"Industry, Commerce, and Development",1700007985,176,7594,163,1,0,3,9,34.0,8.64,19.17808219178082,31.03850354997269
Kansas,2023-05-17,"Agency 14, Article 21",drinking establishments,kansas department of revenue division of alcoholic beverage control,,"Industry, Commerce, and Development",1700007986,155,6766,142,1,0,2,10,35.0,8.5,22.63157894736842,34.03788343558282
Kansas,2023-05-17,"Agency 14, Article 22",caterer,kansas department of revenue division of alcoholic beverage control,,"Industry, Commerce, and Development",1700007987,101,4452,80,0,0,5,16,38.0,8.36,18.96551724137931,31.68279569892473
Kansas,2023-05-17,"Agency 14, Article 23",temporary permits,kansas department of revenue division of alcoholic beverage control,,"Industry, Commerce, and Development",1700007988,51,3371,42,0,0,2,7,44.0,8.04,20.0,30.896627108057466
Kansas,2023-05-17,"Agency 14, Article 25",off premises cereal malt beverage retailers,kansas department of revenue division of alcoholic beverage control,,"Industry, Commerce, and Development",1700007989,52,2554,45,0,0,1,6,39.0,7.5,23.07692307692308,31.153290529695024
Kansas,2023-05-17,"Agency 14, Article 26",on premises cereal malt beverage retailers,kansas department of revenue division of alcoholic beverage control,,"Industry, Commerce, and Development",1700007990,33,1697,28,0,0,1,4,32.0,7.46,21.568627450980397,31.653186274509803
Kansas,2023-05-17,"Agency 14, Article 5",transportation carriers and storage,kansas department of revenue division of alcoholic beverage control,,"Industry, Commerce, and Development",1700007973,15,647,14,0,0,0,1,53.0,6.24,41.66666666666667,32.793977812995244
Kansas,2023-05-17,"Agency 14, Article 6",containers and labels,kansas department of revenue division of alcoholic beverage control,,"Industry, Commerce, and Development",1700007974,35,1151,31,0,0,1,3,34.0,7.48,29.411764705882355,34.434666666666665
Kansas,2023-05-17,"Agency 14, Article 7",tax and tax stamps crowns and lids,kansas department of revenue division of alcoholic beverage control,,"Industry, Commerce, and Development",1700007975,52,1390,42,4,1,0,5,34.0,7.49,17.5,32.92952522255193
Kansas,2023-05-17,"Agency 14, Article 8",advertising,kansas department of revenue division of alcoholic beverage control,,"Industry, Commerce, and Development",1700007976,10,363,8,0,0,2,0,35.0,6.77,30.0,39.7953216374269
Kansas,2023-05-17,"Agency 15, Article 7",fish and frogs,athletic commission,,"Culture, Recreation, and the Arts",1700007991,4,147,4,0,0,0,0,28.0,5.69,40.0,21.20634920634921
Kansas,2023-05-17,"Agency 15, Article 8",department lands and waters,athletic commission,,"Culture, Recreation, and the Arts",1700007992,10,184,6,0,0,4,0,25.0,5.81,14.285714285714285,31.491620111731844
Kansas,2023-05-17,"Agency 16, Article 1",private detectives and agencies,attorney general,,"Security, Justice, and Corrections",1700007993,2,139,2,0,0,0,0,,5.32,0.0,41.64150943396226
Kansas,2023-05-17,"Agency 16, Article 10",child rape protection,attorney general,,"Security, Justice, and Corrections",1700008000,8,565,8,0,0,0,0,27.0,6.96,25.0,31.11742424242424
Kansas,2023-05-17,"Agency 16, Article 11",personal and family protection act,attorney general,,"Security, Justice, and Corrections",1700008001,56,3527,51,0,0,1,4,34.0,8.26,24.24242424242424,34.41576086956522
Kansas,2023-05-17,"Agency 16, Article 12",batterer intervention program requirements and certification,attorney general,,"Security, Justice, and Corrections",1700008002,54,4837,38,0,0,0,16,73.0,8.52,35.38461538461539,40.98943737874542
Kansas,2023-05-17,"Agency 16, Article 13",open carry signs,attorney general,,"Security, Justice, and Corrections",1700008003,24,729,17,0,0,7,0,39.0,6.9,44.44444444444444,28.83260553129549
Kansas,2023-05-17,"Agency 16, Article 14",scrap metal dealers registration and hearing procedure,attorney general,,"Security, Justice, and Corrections",1700008004,56,1721,44,0,0,0,12,27.0,7.82,24.59016393442623,32.85479951397327
Kansas,2023-05-17,"Agency 16, Article 15",bail enforcement agent licensing,attorney general,,"Security, Justice, and Corrections",1700008005,45,1498,34,0,0,0,11,31.0,7.63,39.130434782608695,36.07790368271954
Kansas,2023-05-17,"Agency 16, Article 16",skill development training course,attorney general,,"Security, Justice, and Corrections",1700008006,13,511,12,0,0,0,1,33.0,6.49,6.666666666666667,39.16837782340863
Kansas,2023-05-17,"Agency 16, Article 17",commercial driver s license training in human trafficking identification and prevention,attorney general,,"Security, Justice, and Corrections",1700008007,7,340,7,0,0,0,0,27.0,6.2,8.333333333333332,35.646153846153844
Kansas,2023-05-17,"Agency 16, Article 18",elder and dependent adult abuse prevention council,attorney general,,"Security, Justice, and Corrections",1700008008,19,758,19,0,0,0,0,50.0,7.06,0.0,38.468879668049794
Kansas,2023-05-17,"Agency 16, Article 19",victim information and notification everyday advisory board,attorney general,,"Security, Justice, and Corrections",1700008009,10,409,10,0,0,0,0,37.0,6.65,9.090909090909092,36.517857142857146
Kansas,2023-05-17,"Agency 16, Article 2",definitions,attorney general,,"Security, Justice, and Corrections",1700007994,1,261,1,0,0,0,0,37.0,6.2,28.57142857142857,35.9453125
Kansas,2023-05-17,"Agency 16, Article 20",kansas open meetings act,attorney general,,"Security, Justice, and Corrections",1700008010,9,1281,7,0,0,0,2,57.0,7.29,,33.49591503267974
Kansas,2023-05-17,"Agency 16, Article 21",human trafficking,attorney general,,"Security, Justice, and Corrections",1700008011,5,137,4,0,0,0,1,14.0,5.82,0.0,33.88235294117647
Kansas,2023-05-17,"Agency 16, Article 3",applications for private detective license,attorney general,,"Security, Justice, and Corrections",1700007995,16,549,13,0,0,1,2,25.0,6.69,4.761904761904762,36.56130268199234
Kansas,2023-05-17,"Agency 16, Article 4",continuing education,attorney general,,"Security, Justice, and Corrections",1700007996,20,891,17,0,0,0,3,31.0,7.14,21.428571428571427,41.77353992848629
Kansas,2023-05-17,"Agency 16, Article 5",firearm trainers,attorney general,,"Security, Justice, and Corrections",1700007997,23,1056,23,0,0,0,0,52.0,7.38,20.0,36.795252225519285
Kansas,2023-05-17,"Agency 16, Article 6",firearm permits,attorney general,,"Security, Justice, and Corrections",1700007998,9,549,8,0,0,0,1,30.0,6.45,29.411764705882355,32.675350701402806
Kansas,2023-05-17,"Agency 16, Article 8",roofing contractors,attorney general,,"Security, Justice, and Corrections",1700007999,28,1865,27,0,0,0,1,45.0,7.45,42.5,38.72083805209513
Kansas,2023-05-17,"Agency 17, Article 1",definitions,office of the state bank commissioner,,"Banking, Insurance, and Securities",1700008012,0,23,0,0,0,0,0,21.0,3.68,0.0,49.44444444444444
Kansas,2023-05-17,"Agency 17, Article 11",documentation requirements,office of the state bank commissioner,,"Banking, Insurance, and Securities",1700008015,41,1846,35,0,0,0,6,43.0,7.83,42.85714285714285,32.08256880733945
Kansas,2023-05-17,"Agency 17, Article 12",transactions,office of the state bank commissioner,,"Banking, Insurance, and Securities",1700008016,5,145,5,0,0,0,0,28.0,5.53,20.0,31.194244604316548
Kansas,2023-05-17,"Agency 17, Article 14",deposit of public funds revenue bond approval,office of the state bank commissioner,,"Banking, Insurance, and Securities",1700008017,12,373,11,0,0,0,1,32.0,6.8,36.36363636363637,28.810888252149
Kansas,2023-05-17,"Agency 17, Article 15",records,office of the state bank commissioner,,"Banking, Insurance, and Securities",1700008018,1,2222,1,0,0,0,0,79.0,7.57,71.42857142857143,41.88498727735369
Kansas,2023-05-17,"Agency 17, Article 16",charter applications,office of the state bank commissioner,,"Banking, Insurance, and Securities",1700008019,12,664,10,0,0,0,2,59.0,6.9,45.45454545454545,33.10518053375196
Kansas,2023-05-17,"Agency 17, Article 17",financial futures contracts,office of the state bank commissioner,,"Banking, Insurance, and Securities",1700008020,19,881,18,0,0,0,1,37.0,7.22,13.043478260869565,36.49454545454545
Kansas,2023-05-17,"Agency 17, Article 19",bank subsidiaries engaged in securities activities,office of the state bank commissioner,,"Banking, Insurance, and Securities",1700008021,20,740,17,0,0,0,3,35.0,6.85,4.761904761904762,39.07152875175316
Kansas,2023-05-17,"Agency 17, Article 20",employment,office of the state bank commissioner,,"Banking, Insurance, and Securities",1700008022,7,187,6,0,0,0,1,20.0,6.02,22.22222222222222,37.95604395604396
Kansas,2023-05-17,"Agency 17, Article 21",bank holding companies application for the acquisition of a kansas bank or bank holding company,office of the state bank commissioner,,"Banking, Insurance, and Securities",1700008023,18,852,15,0,0,0,3,22.0,6.9,18.91891891891892,34.84526854219949
Kansas,2023-05-17,"Agency 17, Article 22",application fees,office of the state bank commissioner,,"Banking, Insurance, and Securities",1700008024,4,355,3,0,0,0,1,32.0,6.68,20.0,35.39041095890411
Kansas,2023-05-17,"Agency 17, Article 23",trust supervision,office of the state bank commissioner,,"Banking, Insurance, and Securities",1700008025,134,7549,124,0,0,4,6,42.0,8.5,34.090909090909086,33.16980360065467
Kansas,2023-05-17,"Agency 17, Article 24",mortgage business,office of the state bank commissioner,,"Banking, Insurance, and Securities",1700008026,42,2265,31,0,0,0,11,46.0,8.34,17.02127659574468,35.934720908230844
Kansas,2023-05-17,"Agency 17, Article 25",credit services organizations,office of the state bank commissioner,,"Banking, Insurance, and Securities",1700008027,1,64,1,0,0,0,0,20.0,5.38,33.33333333333333,44.35087719298246
Kansas,2023-05-17,"Agency 17, Article 8",financial modernization,office of the state bank commissioner,,"Banking, Insurance, and Securities",1700008013,3,340,3,0,0,0,0,48.0,6.22,71.42857142857143,36.08
Kansas,2023-05-17,"Agency 17, Article 9",investment securities,office of the state bank commissioner,,"Banking, Insurance, and Securities",1700008014,15,845,14,0,0,1,0,39.0,7.09,33.33333333333333,35.69961977186312
Kansas,2023-05-17,"Agency 18, Article 1",employee service awards,employee award board,,Labor and Workforce Development,1700008028,11,300,11,0,0,0,0,22.0,6.01,7.6923076923076925,32.91197183098591
Kansas,2023-05-17,"Agency 18, Article 2",employee suggestion awards,employee award board,,Labor and Workforce Development,1700008029,15,833,15,0,0,0,0,28.0,7.24,34.48275862068966,38.670918367346935
Kansas,2023-05-17,"Agency 19, Article 1",general provisions,governmental ethics commission,,Administration,1700008030,34,1650,29,1,0,0,4,21.0,8.0,28.947368421052637,34.77054361567636
Kansas,2023-05-17,"Agency 19, Article 2",advisory opinion requests,governmental ethics commission,,Administration,1700008031,5,167,5,0,0,0,0,33.0,5.69,60.0,32.74233128834356
Kansas,2023-05-17,"Agency 19, Article 20",campaign finance act general provisions,governmental ethics commission,,Administration,1700008040,19,865,16,0,0,0,3,31.0,7.15,51.85185185185185,38.71428571428572
Kansas,2023-05-17,"Agency 19, Article 21",candidates and committees,governmental ethics commission,,Administration,1700008041,14,1324,12,0,0,0,2,27.0,7.27,19.148936170212767,37.771971496437054
Kansas,2023-05-17,"Agency 19, Article 22",contributions and other receipts,governmental ethics commission,,Administration,1700008042,5,200,5,0,0,0,0,21.0,5.82,11.11111111111111,39.2041884816754
Kansas,2023-05-17,"Agency 19, Article 23",expenditures and other disbursements,governmental ethics commission,,Administration,1700008043,3,124,3,0,0,0,0,30.0,5.55,25.0,48.44915254237288
Kansas,2023-05-17,"Agency 19, Article 24",in kind contributions,governmental ethics commission,,Administration,1700008044,5,718,5,0,0,0,0,27.0,6.75,32.0,38.74132947976879
Kansas,2023-05-17,"Agency 19, Article 25",testimonial events and other political events,governmental ethics commission,,Administration,1700008045,1,317,1,0,0,0,0,26.0,5.92,,31.883116883116884
Kansas,2023-05-17,"Agency 19, Article 26",receiving contributions and making expenditures,governmental ethics commission,,Administration,1700008046,6,280,2,1,0,0,3,46.0,5.9,33.33333333333333,34.80223880597015
Kansas,2023-05-17,"Agency 19, Article 27",accounts and records,governmental ethics commission,,Administration,1700008047,31,1109,25,0,0,0,6,36.0,7.24,23.33333333333333,34.99906542056075
Kansas,2023-05-17,"Agency 19, Article 28",reporting periods and election periods,governmental ethics commission,,Administration,1700008048,4,238,4,0,0,0,0,39.0,5.67,16.666666666666664,36.043103448275865
Kansas,2023-05-17,"Agency 19, Article 29",receipts and expenditures report,governmental ethics commission,,Administration,1700008049,77,2107,61,0,2,0,14,22.0,7.66,20.43010752688172,35.03819444444444
Kansas,2023-05-17,"Agency 19, Article 3",investigations,governmental ethics commission,,Administration,1700008032,12,376,7,0,0,0,5,31.0,6.39,25.0,35.75482093663912
Kansas,2023-05-17,"Agency 19, Article 4",noncompliance with filing provisions,governmental ethics commission,,Administration,1700008033,18,623,15,0,0,0,3,23.0,6.71,15.384615384615383,32.29048414023372
Kansas,2023-05-17,"Agency 19, Article 40",state conflict of interest provisions,governmental ethics commission,,Administration,1700008050,7,858,6,0,0,1,0,29.0,7.6,31.03448275862069,31.58924205378973
Kansas,2023-05-17,"Agency 19, Article 41",statement of substantial interests,governmental ethics commission,,Administration,1700008051,32,1171,23,0,1,0,8,17.0,7.69,9.090909090909092,33.710479573712256
Kansas,2023-05-17,"Agency 19, Article 42",representation case disclosure statements,governmental ethics commission,,Administration,1700008052,9,360,9,0,0,0,0,25.0,6.3,14.285714285714285,36.22413793103448
Kansas,2023-05-17,"Agency 19, Article 4a",civil penalty assessment,governmental ethics commission,,Administration,1700008034,3,219,3,0,0,0,0,36.0,6.18,33.33333333333333,29.471698113207548
Kansas,2023-05-17,"Agency 19, Article 5",complaints,governmental ethics commission,,Administration,1700008035,30,811,29,0,0,0,1,25.0,7.01,35.483870967741936,35.697823303457106
Kansas,2023-05-17,"Agency 19, Article 6",disclosure and confidential procedures,governmental ethics commission,,Administration,1700008036,11,437,9,0,0,0,2,22.0,6.76,10.526315789473683,37.11246943765281
Kansas,2023-05-17,"Agency 19, Article 60",lobbying regulation provisions,governmental ethics commission,,Administration,1700008053,19,1208,18,0,0,0,1,39.0,7.64,26.666666666666668,37.1098712446352
Kansas,2023-05-17,"Agency 19, Article 61",lobbying,governmental ethics commission,,Administration,1700008054,3,507,0,2,0,0,1,23.0,6.59,40.909090909090914,39.71805273833672
Kansas,2023-05-17,"Agency 19, Article 62",lobbyist registration,governmental ethics commission,,Administration,1700008055,19,522,12,3,0,0,4,22.0,6.76,39.130434782608695,36.75739644970414
Kansas,2023-05-17,"Agency 19, Article 63",lobbyist reporting provisions,governmental ethics commission,,Administration,1700008056,17,788,15,0,0,0,2,39.0,7.18,45.0,38.91258278145696
Kansas,2023-05-17,"Agency 19, Article 7",proceedings,governmental ethics commission,,Administration,1700008037,70,2735,69,0,0,0,1,23.0,8.04,31.03448275862069,33.99811534112326
Kansas,2023-05-17,"Agency 19, Article 8",action subsequent to final report,governmental ethics commission,,Administration,1700008038,5,175,3,0,0,0,2,28.0,5.8,33.33333333333333,40.92899408284024
Kansas,2023-05-17,"Agency 19, Article 9",maintenance of public records,governmental ethics commission,,Administration,1700008039,4,146,3,0,0,0,1,28.0,5.73,0.0,29.36764705882353
Kansas,2023-05-17,"Agency 1, Article 1",purpose adoption and amendment of regulations personnel policies,department of administration,,Administration,1700007797,18,670,17,0,0,0,1,30.0,7.02,0.0,39.19207317073171
Kansas,2023-05-17,"Agency 1, Article 11",nondisciplinary termination,department of administration,,Administration,1700007806,5,206,3,0,0,0,2,29.0,6.08,28.57142857142857,36.67164179104478
Kansas,2023-05-17,"Agency 1, Article 12",grievances and appeals,department of administration,,Administration,1700007807,11,288,11,0,0,0,0,22.0,5.85,0.0,30.84837545126354
Kansas,2023-05-17,"Agency 1, Article 13",records reports research and evaluation of personnel system,department of administration,,Administration,1700007808,12,651,12,0,0,0,0,35.0,6.96,27.77777777777778,38.50649350649351
Kansas,2023-05-17,"Agency 1, Article 14",layoff procedures and alternatives to layoff,department of administration,,Administration,1700007809,88,3112,80,1,0,0,7,32.0,7.82,42.70833333333333,32.34491890102615
Kansas,2023-05-17,"Agency 1, Article 16",travel reimbursement,department of administration,,Administration,1700007810,105,4917,90,3,0,1,11,29.0,8.37,40.0,36.12755536626916
Kansas,2023-05-17,"Agency 1, Article 17",use of state owned or operated motor vehicles on official state business,department of administration,,Administration,1700007811,97,3396,84,1,0,2,10,30.0,7.94,34.25925925925926,31.812671337191592
Kansas,2023-05-17,"Agency 1, Article 18",maximum allowance for mileage for use of a privately owned conveyance for public purposes,department of administration,,Administration,1700007812,0,146,0,0,0,0,0,,5.63,,33.86713286713287
Kansas,2023-05-17,"Agency 1, Article 19",housing food service and other employee maintenance,department of administration,,Administration,1700007813,67,3140,53,4,2,0,8,28.0,8.32,27.927927927927925,33.843330055719434
Kansas,2023-05-17,"Agency 1, Article 2",definitions,department of administration,,Administration,1700007798,48,2631,40,2,0,0,6,24.0,7.96,4.901960784313726,35.54303797468354
Kansas,2023-05-17,"Agency 1, Article 21",united states savings bond deduction program,department of administration,,Administration,1700007814,15,794,15,0,0,0,0,24.0,7.17,6.25,36.17372881355932
Kansas,2023-05-17,"Agency 1, Article 23",state vanpool program,department of administration,,Administration,1700007815,65,1820,57,1,0,2,5,25.0,7.93,18.055555555555557,34.14797951052931
Kansas,2023-05-17,"Agency 1, Article 24",payroll deductions for charitable contributions,department of administration,,Administration,1700007816,13,380,11,0,0,2,0,26.0,6.56,14.285714285714285,37.28531855955679
Kansas,2023-05-17,"Agency 1, Article 26",write off of accounts receivable by state agencies,department of administration,,Administration,1700007817,10,506,10,0,0,0,0,28.0,6.79,29.411764705882355,33.359243697478995
Kansas,2023-05-17,"Agency 1, Article 27",canteens and benefit funds,department of administration,,Administration,1700007818,22,651,21,0,0,0,1,26.0,6.75,8.0,34.539967373572594
Kansas,2023-05-17,"Agency 1, Article 3",workforce planning and control,department of administration,,Administration,1700007799,9,385,8,0,0,0,1,31.0,6.84,16.666666666666664,43.11671087533156
Kansas,2023-05-17,"Agency 1, Article 31",computer services general,department of administration,,Administration,1700007819,12,1167,10,0,0,0,2,20.0,7.48,8.771929824561402,37.76660682226212
Kansas,2023-05-17,"Agency 1, Article 32",policy and procedures memorandum,department of administration,,Administration,1700007820,2,194,1,0,0,0,1,32.0,6.09,0.0,39.9468085106383
Kansas,2023-05-17,"Agency 1, Article 33",rates and charges for data processing services,department of administration,,Administration,1700007821,14,975,11,0,0,0,3,28.0,7.51,35.294117647058826,33.64217252396166
Kansas,2023-05-17,"Agency 1, Article 34",systems design and programming services rates and charges,department of administration,,Administration,1700007822,8,406,6,0,0,0,2,27.0,6.56,40.0,32.40355329949239
Kansas,2023-05-17,"Agency 1, Article 35",payment of rates and charges,department of administration,,Administration,1700007823,5,277,4,0,0,0,1,20.0,6.42,15.384615384615383,37.38372093023256
Kansas,2023-05-17,"Agency 1, Article 36",determination of priorities and schedules,department of administration,,Administration,1700007824,1,310,0,0,0,0,1,30.0,6.67,20.0,41.17275747508306
Kansas,2023-05-17,"Agency 1, Article 37",standards for the submission of data,department of administration,,Administration,1700007825,8,669,2,4,0,0,2,24.0,7.25,22.22222222222222,41.48062015503876
Kansas,2023-05-17,"Agency 1, Article 38",standards for security and confidentiality,department of administration,,Administration,1700007826,11,620,5,2,0,0,4,25.0,7.23,12.5,42.32727272727273
Kansas,2023-05-17,"Agency 1, Article 4",classification,department of administration,,Administration,1700007800,47,1615,44,0,0,0,3,30.0,7.42,46.15384615384615,38.38649517684888
Kansas,2023-05-17,"Agency 1, Article 45",motor vehicle parking on certain state owned or operated property in shawnee county,department of administration,,Administration,1700007827,58,2276,55,0,0,1,2,29.0,7.54,20.77922077922078,31.9739010989011
Kansas,2023-05-17,"Agency 1, Article 46",parking for the statehouse,department of administration,,Administration,1700007828,64,2472,63,0,0,0,1,29.0,7.5,25.60975609756097,35.51836037574722
Kansas,2023-05-17,"Agency 1, Article 47",vehicle traffic,department of administration,,Administration,1700007829,10,415,10,0,0,0,0,39.0,6.56,30.0,33.130434782608695
Kansas,2023-05-17,"Agency 1, Article 49",personal conduct certain buildings and grounds,department of administration,,Administration,1700007830,32,1116,29,0,0,3,0,26.0,7.27,21.951219512195124,29.47796278158668
Kansas,2023-05-17,"Agency 1, Article 5",compensation,department of administration,,Administration,1700007801,167,6678,161,0,0,0,6,32.0,7.87,42.364532019704434,30.36327036234128
Kansas,2023-05-17,"Agency 1, Article 6",recruiting and staffing,department of administration,,Administration,1700007802,172,6791,151,0,0,0,21,26.0,8.32,26.4,35.46522744795682
Kansas,2023-05-17,"Agency 1, Article 60",special assessments against the state,department of administration,,Administration,1700007831,2,298,2,0,0,0,0,29.0,6.62,20.0,37.745644599303134
Kansas,2023-05-17,"Agency 1, Article 61",allotment system,department of administration,,Administration,1700007832,13,717,12,0,0,0,1,44.0,6.55,37.5,34.32902298850575
Kansas,2023-05-17,"Agency 1, Article 62",handicapped accessibility standards,department of administration,,Administration,1700007833,2,171,2,0,0,0,0,32.0,5.65,0.0,38.92356687898089
Kansas,2023-05-17,"Agency 1, Article 63",quality management,department of administration,,Administration,1700007834,11,286,11,0,0,0,0,31.0,6.23,0.0,49.55109489051095
Kansas,2023-05-17,"Agency 1, Article 65",energy star products and equipment,department of administration,,Administration,1700007835,4,208,4,0,0,0,0,21.0,5.6,11.11111111111111,32.167539267015705
Kansas,2023-05-17,"Agency 1, Article 66",energy audits for real property,department of administration,,Administration,1700007836,12,713,10,0,0,0,2,30.0,6.88,26.08695652173913,31.765647743813684
Kansas,2023-05-17,"Agency 1, Article 67",energy efficiency performance standards for state owned buildings,department of administration,,Administration,1700007837,7,474,7,0,0,0,0,16.0,6.08,7.4074074074074066,37.13594470046083
Kansas,2023-05-17,"Agency 1, Article 68",average fuel economy standards for state owned motor vehicles,department of administration,,Administration,1700007838,10,426,10,0,0,0,0,21.0,6.54,11.11111111111111,30.71578947368421
Kansas,2023-05-17,"Agency 1, Article 7",probationary period and employee evaluation,department of administration,,Administration,1700007803,79,2581,72,0,0,1,6,26.0,7.36,28.57142857142857,35.40290088638195
Kansas,2023-05-17,"Agency 1, Article 8",training and career development,department of administration,,Administration,1700007804,11,246,10,0,0,0,1,22.0,5.91,0.0,44.48198198198198
Kansas,2023-05-17,"Agency 1, Article 9",hours leaves employee management relations,department of administration,,Administration,1700007805,293,12540,251,0,0,2,40,32.0,8.6,28.609625668449198,33.59713255638467
Kansas,2023-05-17,"Agency 20, Article 1",definitions,crime victims compensation board,,"Security, Justice, and Corrections",1700008057,0,439,0,0,0,0,0,23.0,7.24,16.666666666666664,32.392857142857146
Kansas,2023-05-17,"Agency 20, Article 15",notoriety for profit contracts,crime victims compensation board,,"Security, Justice, and Corrections",1700008062,16,656,15,1,0,0,0,20.0,7.0,16.129032258064516,32.31993569131833
Kansas,2023-05-17,"Agency 20, Article 2",claims,crime victims compensation board,,"Security, Justice, and Corrections",1700008058,26,1461,25,0,0,0,1,32.0,7.86,40.909090909090914,36.401310997815
Kansas,2023-05-17,"Agency 20, Article 4",attorney fees,crime victims compensation board,,"Security, Justice, and Corrections",1700008059,2,90,2,0,0,0,0,44.0,5.28,0.0,39.95294117647059
Kansas,2023-05-17,"Agency 20, Article 5",assignment,crime victims compensation board,,"Security, Justice, and Corrections",1700008060,1,43,1,0,0,0,0,20.0,4.71,0.0,35.94736842105263
Kansas,2023-05-17,"Agency 20, Article 6",definitions,crime victims compensation board,,"Security, Justice, and Corrections",1700008061,0,348,0,0,0,0,0,19.0,6.65,0.0,35.08982035928144
Kansas,2023-05-17,"Agency 21, Article 30",guidelines on employee selection procedures and recruitment,kansas human rights commission,,Administration,1700008063,42,3535,8,22,4,0,8,34.0,8.7,46.601941747572816,39.77181208053691
Kansas,2023-05-17,"Agency 21, Article 31",guidelines on discrimination because of national origin or ancestry,kansas human rights commission,,Administration,1700008064,2,429,1,0,1,0,0,70.0,6.89,,39.11835748792271
Kansas,2023-05-17,"Agency 21, Article 32",guidelines on discrimination because of sex,kansas human rights commission,,Administration,1700008065,14,1432,8,2,0,3,1,30.0,7.89,34.04255319148936,37.97788873038517
Kansas,2023-05-17,"Agency 21, Article 33",guidelines on discrimination because of religion,kansas human rights commission,,Administration,1700008066,2,314,0,0,0,0,2,45.0,6.62,28.57142857142857,38.61736334405145
Kansas,2023-05-17,"Agency 21, Article 34",discrimination because of disability,kansas human rights commission,,Administration,1700008067,21,2477,17,2,0,2,0,44.0,8.21,38.18181818181819,38.1163774862463
Kansas,2023-05-17,"Agency 21, Article 40",general provisions,kansas human rights commission,,Administration,1700008068,69,3597,54,2,1,1,11,28.0,8.47,37.096774193548384,34.26951566951567
Kansas,2023-05-17,"Agency 21, Article 41",complaints and responses,kansas human rights commission,,Administration,1700008069,7,505,7,0,0,0,0,29.0,6.75,41.17647058823529,38.80543933054393
Kansas,2023-05-17,"Agency 21, Article 42",investigation,kansas human rights commission,,Administration,1700008070,11,642,10,0,1,0,0,29.0,6.85,52.38095238095239,41.64869281045752
Kansas,2023-05-17,"Agency 21, Article 43",conference and conciliation,kansas human rights commission,,Administration,1700008071,9,599,9,0,0,0,0,29.0,6.83,65.0,39.80944055944056
Kansas,2023-05-17,"Agency 21, Article 44",compliance,kansas human rights commission,,Administration,1700008072,10,526,7,0,1,0,2,32.0,7.45,50.0,38.44246031746032
Kansas,2023-05-17,"Agency 21, Article 46",miscellaneous substantive provisions,kansas human rights commission,,Administration,1700008073,1,79,1,0,0,0,0,38.0,4.93,0.0,38.078947368421055
Kansas,2023-05-17,"Agency 21, Article 50",contract compliance,kansas human rights commission,,Administration,1700008074,11,899,11,0,0,0,0,20.0,7.7,13.636363636363637,42.27505827505828
Kansas,2023-05-17,"Agency 21, Article 60",discriminatory housing practices,kansas human rights commission,,Administration,1700008075,31,5737,20,1,1,6,3,49.0,8.54,36.84210526315789,36.47052441229656
Kansas,2023-05-17,"Agency 21, Article 70",nondiscrimination on the basis of disability by public accommodations,kansas human rights commission,,Administration,1700008076,135,7836,121,0,0,0,14,39.0,8.99,37.755102040816325,41.00388219544846
Kansas,2023-05-17,"Agency 21, Article 80",guidelines on age discrimination in employment,kansas human rights commission,,Administration,1700008077,42,1902,38,0,1,0,3,32.0,8.22,31.03448275862069,38.395969498910674
Kansas,2023-05-17,"Agency 22, Article 1",kansas fire prevention code,state fire marshal,,"Security, Justice, and Corrections",1700008078,21,1882,18,0,0,0,3,29.0,8.01,15.625,35.60851808634772
Kansas,2023-05-17,"Agency 22, Article 10",installation and certification standards for extinguishing devices,state fire marshal,,"Security, Justice, and Corrections",1700008084,84,3404,76,1,0,2,5,32.0,8.21,16.19047619047619,40.10946654332408
Kansas,2023-05-17,"Agency 22, Article 11",adult care homes hospitals residential care facilities and maternity centers,state fire marshal,,"Security, Justice, and Corrections",1700008085,16,539,16,0,0,0,0,24.0,7.03,9.090909090909092,30.61867704280156
Kansas,2023-05-17,"Agency 22, Article 13",places of assembly,state fire marshal,,"Security, Justice, and Corrections",1700008086,6,150,6,0,0,0,0,15.0,6.05,0.0,34.43065693430657
Kansas,2023-05-17,"Agency 22, Article 17",sale and distribution of early warning fire suppression or fire alarm devices,state fire marshal,,"Security, Justice, and Corrections",1700008087,4,373,4,0,0,0,0,24.0,6.84,6.666666666666667,43.18005540166205
Kansas,2023-05-17,"Agency 22, Article 18",educational occupancies,state fire marshal,,"Security, Justice, and Corrections",1700008088,25,628,25,0,0,0,0,28.0,6.75,22.727272727272727,32.09001636661211
Kansas,2023-05-17,"Agency 22, Article 19",certification of fire investigators,state fire marshal,,"Security, Justice, and Corrections",1700008089,33,1466,29,0,0,0,4,40.0,7.77,16.666666666666664,37.98575498575499
Kansas,2023-05-17,"Agency 22, Article 21",christmas decorations,state fire marshal,,"Security, Justice, and Corrections",1700008090,1,44,1,0,0,0,0,41.0,4.72,,34.707317073170735
Kansas,2023-05-17,"Agency 22, Article 22",fire department vehicles,state fire marshal,,"Security, Justice, and Corrections",1700008091,7,197,6,1,0,0,0,24.0,6.32,12.5,40.5989010989011
Kansas,2023-05-17,"Agency 22, Article 24",regional hazardous materials response,state fire marshal,,"Security, Justice, and Corrections",1700008092,11,393,11,0,0,0,0,27.0,6.66,28.57142857142857,35.319148936170215
Kansas,2023-05-17,"Agency 22, Article 25",reduced cigarette ignition propensity,state fire marshal,,"Security, Justice, and Corrections",1700008093,15,328,13,0,0,0,2,20.0,6.57,12.5,37.17088607594937
Kansas,2023-05-17,"Agency 22, Article 26",commercial industrial hemp processing,state fire marshal,,"Security, Justice, and Corrections",1700008094,103,4463,89,0,0,1,13,36.0,8.31,22.131147540983605,35.46705471478463
Kansas,2023-05-17,"Agency 22, Article 4",explosive materials,state fire marshal,,"Security, Justice, and Corrections",1700008079,134,3607,127,0,0,0,7,31.0,8.15,26.605504587155966,33.683982683982684
Kansas,2023-05-17,"Agency 22, Article 5",fire reporting requirements,state fire marshal,,"Security, Justice, and Corrections",1700008080,19,1067,19,0,0,0,0,28.0,6.86,23.684210526315788,30.13412228796844
Kansas,2023-05-17,"Agency 22, Article 6",fireworks,state fire marshal,,"Security, Justice, and Corrections",1700008081,108,3223,100,0,0,0,8,23.0,7.62,16.793893129770993,34.3742730071844
Kansas,2023-05-17,"Agency 22, Article 7",flammable and combustible liquids,state fire marshal,,"Security, Justice, and Corrections",1700008082,37,1881,34,0,0,0,3,49.0,8.2,31.57894736842105,37.35410921125207
Kansas,2023-05-17,"Agency 22, Article 8",liquefied petroleum gases,state fire marshal,,"Security, Justice, and Corrections",1700008083,96,2723,80,0,0,1,15,26.0,8.09,10.784313725490197,33.44788841534289
Kansas,2023-05-17,"Agency 24, Article 1",mill levy assessment,kansas wheat commission,,"Industry, Commerce, and Development",1700008095,2,40,2,0,0,0,0,19.0,4.46,0.0,29.80555555555556
Kansas,2023-05-17,"Agency 26, Article 1",general provisions,kansas department for aging and disability services,,Social Assistance,1700008096,66,3586,57,0,0,1,8,31.0,8.34,7.964601769911504,36.69431554524362
Kansas,2023-05-17,"Agency 26, Article 10",administration of medicaid programs nursing facility services payment program home and community based services waiver program for the frail elderly and targeted case management services program,kansas department for aging and disability services,,Social Assistance,1700008104,1,95,1,0,0,0,0,10.0,5.34,0.0,32.770270270270274
Kansas,2023-05-17,"Agency 26, Article 2",grants and contracts,kansas department for aging and disability services,,Social Assistance,1700008097,54,2954,50,0,0,0,4,39.0,7.97,34.66666666666667,34.71649665845938
Kansas,2023-05-17,"Agency 26, Article 3",procurement,kansas department for aging and disability services,,Social Assistance,1700008098,25,1290,21,0,0,0,4,41.0,7.57,32.25806451612903,34.94417862838915
Kansas,2023-05-17,"Agency 26, Article 38",licensure of adult care home administrators,kansas department for aging and disability services,,Social Assistance,1700008103,118,4914,109,0,0,0,9,29.0,8.44,12.195121951219512,36.8024505588994
Kansas,2023-05-17,"Agency 26, Article 39",adult care homes,kansas department for aging and disability services,,Social Assistance,1700008105,215,11317,201,0,0,0,14,26.0,9.02,16.346153846153847,37.1084091330982
Kansas,2023-05-17,"Agency 26, Article 4",non medicaid hearing and appeals,kansas department for aging and disability services,,Social Assistance,1700008099,11,744,9,0,0,1,1,35.0,6.79,52.38095238095239,31.133518776077885
Kansas,2023-05-17,"Agency 26, Article 40",nursing facilities,kansas department for aging and disability services,,Social Assistance,1700008106,509,17096,474,0,0,0,35,27.0,8.69,26.32423756019261,33.46637259048885
Kansas,2023-05-17,"Agency 26, Article 41",assisted living facilities and residential health care facilities,kansas department for aging and disability services,,Social Assistance,1700008107,161,7467,156,1,0,0,4,31.0,8.4,23.20675105485232,39.98262923846581
Kansas,2023-05-17,"Agency 26, Article 42",homes plus,kansas department for aging and disability services,,Social Assistance,1700008108,152,6688,147,1,0,0,4,31.0,8.37,22.16981132075472,39.67609134690073
Kansas,2023-05-17,"Agency 26, Article 43",adult day care facilities,kansas department for aging and disability services,,Social Assistance,1700008109,154,6672,150,0,0,0,4,30.0,8.38,21.363636363636363,40.14130096483038
Kansas,2023-05-17,"Agency 26, Article 4a",customer and provider appeals in medicaid programs,kansas department for aging and disability services,,Social Assistance,1700008100,4,212,4,0,0,0,0,19.0,6.15,20.0,32.09278350515464
Kansas,2023-05-17,"Agency 26, Article 50",unlicensed employees in adult care homes,kansas department for aging and disability services,,Social Assistance,1700008110,136,5085,128,0,0,1,7,31.0,7.76,10.828025477707008,35.60914023372287
Kansas,2023-05-17,"Agency 26, Article 8",senior care act,kansas department for aging and disability services,,Social Assistance,1700008101,18,995,17,0,0,0,1,21.0,7.71,6.666666666666667,33.28385698808234
Kansas,2023-05-17,"Agency 26, Article 9",client assessment referral and evaluation program,kansas department for aging and disability services,,Social Assistance,1700008102,5,308,5,0,0,0,0,38.0,6.34,37.5,38.21476510067114
Kansas,2023-05-17,"Agency 27, Article 1",priorities for allocation and curtailment of consumption of energy resources,kansas energy office,,"Environmental Protection, Public Utilities, and Natural Resources",1700008111,14,795,10,0,0,0,4,17.0,7.5,2.2222222222222223,42.30952380952381
Kansas,2023-05-17,"Agency 27, Article 3",petroleum allocation appeal procedures,kansas energy office,,"Environmental Protection, Public Utilities, and Natural Resources",1700008112,42,2126,41,0,0,0,1,29.0,7.71,33.33333333333333,32.20294117647059
Kansas,2023-05-17,"Agency 28, Article 1",diseases,department of health and environment,,Health Services,1700008113,135,6685,111,0,0,5,19,31.0,9.05,21.153846153846157,41.22727272727273
Kansas,2023-05-17,"Agency 28, Article 12",pathogenic microorganisms,department of health and environment,,Health Services,1700008118,1,125,1,0,0,0,0,61.0,5.68,0.0,41.77049180327869
Kansas,2023-05-17,"Agency 28, Article 13",underground storage disposal wells and surface ponds,department of health and environment,,Health Services,1700008119,13,520,9,0,0,1,3,31.0,6.82,18.75,39.787321063394685
Kansas,2023-05-17,"Agency 28, Article 14",collection and analysis of water and public water supplies,department of health and environment,,Health Services,1700008120,5,434,5,0,0,0,0,47.0,6.77,12.5,48.44481605351171
Kansas,2023-05-17,"Agency 28, Article 15",application for permits domestic water supply,department of health and environment,,Health Services,1700008121,205,7832,182,0,0,0,23,25.0,8.85,12.709030100334449,40.34925170068027
Kansas,2023-05-17,"Agency 28, Article 15a",primary drinking water,department of health and environment,,Health Services,1700008122,95,4280,86,2,0,0,7,18.0,7.71,11.707317073170731,31.480045610034207
Kansas,2023-05-17,"Agency 28, Article 16",water pollution control,department of health and environment,,Health Services,1700008123,702,37376,622,8,0,7,65,27.0,9.8,18.13432835820896,37.832858253433535
Kansas,2023-05-17,"Agency 28, Article 17",division of vital statistics,department of health and environment,,Health Services,1700008124,99,3632,90,0,0,0,9,28.0,7.82,31.496062992125985,32.47279495990836
Kansas,2023-05-17,"Agency 28, Article 18",animal and related waste control,department of health and environment,,Health Services,1700008125,188,9156,144,0,0,2,42,33.0,8.78,21.11111111111111,36.77172874880611
Kansas,2023-05-17,"Agency 28, Article 18a",swine and related waste control,department of health and environment,,Health Services,1700008126,411,18148,339,0,0,2,70,32.0,8.77,25.272727272727277,35.61858365019011
Kansas,2023-05-17,"Agency 28, Article 19",ambient air quality standards and air pollution control,department of health and environment,,Health Services,1700008127,1537,84585,1288,11,2,7,229,34.0,9.83,25.96685082872928,36.43251439539348
Kansas,2023-05-17,"Agency 28, Article 21",food drugs and cosmetics,department of health and environment,,Health Services,1700008128,238,11837,211,2,1,0,24,34.0,9.14,35.294117647058826,35.72167466201483
Kansas,2023-05-17,"Agency 28, Article 22",enrichment of flour and bread,department of health and environment,,Health Services,1700008129,12,481,12,0,0,0,0,39.0,6.64,33.33333333333333,34.885714285714286
Kansas,2023-05-17,"Agency 28, Article 24",sanitary regulations for the practice of cosmetology nail technology electrology or esthetics,department of health and environment,,Health Services,1700008130,97,3459,96,0,0,1,0,31.0,8.32,24.545454545454547,36.95504944560983
Kansas,2023-05-17,"Agency 28, Article 24a",sanitary regulations for tanning facilities,department of health and environment,,Health Services,1700008131,5,255,5,0,0,0,0,19.0,6.29,15.384615384615383,38.11934156378601
Kansas,2023-05-17,"Agency 28, Article 25",sanitary regulations for barbers,department of health and environment,,Health Services,1700008132,49,1305,43,1,0,5,0,24.0,7.82,11.11111111111111,33.08359872611465
Kansas,2023-05-17,"Agency 28, Article 27",hazardous household articles,department of health and environment,,Health Services,1700008133,43,2364,29,0,0,10,4,31.0,8.46,49.333333333333336,33.777827248441675
Kansas,2023-05-17,"Agency 28, Article 29",solid waste management,department of health and environment,,Health Services,1700008134,1865,81031,1657,4,1,11,192,27.0,9.66,18.393602225312936,35.08810326207175
Kansas,2023-05-17,"Agency 28, Article 3",hearings,department of health and environment,,Health Services,1700008114,8,299,8,0,0,0,0,30.0,6.13,20.0,33.57432432432432
Kansas,2023-05-17,"Agency 28, Article 30",water well contractor s license water well construction and abandonment,department of health and environment,,Health Services,1700008135,216,9456,208,2,0,0,6,29.0,8.72,20.82018927444795,31.57665042091272
Kansas,2023-05-17,"Agency 28, Article 31",hazardous waste management standards and regulations,department of health and environment,,Health Services,1700008136,565,21392,519,13,0,0,33,28.0,8.73,19.310344827586206,32.82451191858858
Kansas,2023-05-17,"Agency 28, Article 32",testing human breath for law enforcement purposes,department of health and environment,,Health Services,1700008137,48,2029,44,0,0,0,4,23.0,7.64,10.465116279069768,38.894790602655775
Kansas,2023-05-17,"Agency 28, Article 33",laboratories performing other tests,department of health and environment,,Health Services,1700008138,45,1899,42,0,0,0,3,26.0,8.1,13.88888888888889,42.47826086956522
Kansas,2023-05-17,"Agency 28, Article 34",hospitals,department of health and environment,,Health Services,1700008139,870,24787,823,1,0,11,35,24.0,9.37,11.658291457286431,39.16304393525331
Kansas,2023-05-17,"Agency 28, Article 35",radiation,department of health and environment,,Health Services,1700008140,2393,119447,2113,8,1,10,261,32.0,9.99,26.4257481648786,36.99524245362525
Kansas,2023-05-17,"Agency 28, Article 38",licensure of adult care home administrators,department of health and environment,,Health Services,1700008141,6,330,6,0,0,0,0,40.0,6.67,37.5,39.03503184713376
Kansas,2023-05-17,"Agency 28, Article 39",licensure of adult care homes skilled nursing homes,department of health and environment,,Health Services,1700008142,1022,33121,973,0,0,2,47,24.0,9.48,14.872944693572496,36.13502947760018
Kansas,2023-05-17,"Agency 28, Article 4",maternal and child health,department of health and environment,,Health Services,1700008115,5101,154516,4829,1,0,63,208,25.0,9.81,17.98631476050831,34.25395807744739
Kansas,2023-05-17,"Agency 28, Article 44",petroleum products storage tanks,department of health and environment,,Health Services,1700008143,253,6255,231,1,9,0,12,20.0,8.05,12.802768166089963,32.7120765832106
Kansas,2023-05-17,"Agency 28, Article 45",underground hydrocarbon storage wells and associated brine ponds,department of health and environment,,Health Services,1700008144,440,14336,404,0,0,12,24,32.0,8.75,21.49321266968326,37.43560468329576
Kansas,2023-05-17,"Agency 28, Article 45a",underground natural gas storage wells in bedded salt,department of health and environment,,Health Services,1700008145,271,8890,251,0,0,7,13,31.0,8.62,19.8581560283688,37.141468556037005
Kansas,2023-05-17,"Agency 28, Article 45b",underground crude oil storage wells and associated brine ponds,department of health and environment,,Health Services,1700008146,408,13549,375,0,0,8,25,32.0,8.78,20.863309352517987,36.197603870670456
Kansas,2023-05-17,"Agency 28, Article 46",underground injection control regulations,department of health and environment,,Health Services,1700008147,173,7341,152,0,0,5,16,30.0,8.65,26.359832635983267,34.96871239470517
Kansas,2023-05-17,"Agency 28, Article 47",use of oil and gas field salt water in road construction and maintenance projects,department of health and environment,,Health Services,1700008148,14,865,13,0,0,0,1,35.0,7.2,20.833333333333336,33.11566265060241
Kansas,2023-05-17,"Agency 28, Article 48",spill reporting,department of health and environment,,Health Services,1700008149,5,319,4,0,0,0,1,45.0,6.55,28.57142857142857,35.82315112540193
Kansas,2023-05-17,"Agency 28, Article 5",sewage and excreta disposal,department of health and environment,,Health Services,1700008116,11,738,10,0,0,1,0,36.0,7.38,10.0,37.10872675250358
Kansas,2023-05-17,"Agency 28, Article 50",asbestos control,department of health and environment,,Health Services,1700008150,323,12681,287,1,0,0,35,37.0,8.83,25.151515151515152,36.08783783783784
Kansas,2023-05-17,"Agency 28, Article 51",home health agency licensure,department of health and environment,,Health Services,1700008151,251,11917,232,0,0,0,19,31.0,8.58,14.97326203208556,35.32423951887039
Kansas,2023-05-17,"Agency 28, Article 52",medical care facilities,department of health and environment,,Health Services,1700008152,28,1039,28,0,0,0,0,26.0,7.39,5.263157894736842,40.496981891348085
Kansas,2023-05-17,"Agency 28, Article 53",charitable health care providers,department of health and environment,,Health Services,1700008153,8,625,7,0,0,0,1,34.0,6.89,11.11111111111111,36.83898305084746
Kansas,2023-05-17,"Agency 28, Article 54",trauma system program,department of health and environment,,Health Services,1700008154,23,1506,22,0,0,0,1,45.0,7.17,6.0606060606060606,36.48094248094248
Kansas,2023-05-17,"Agency 28, Article 56",reporting of induced terminations of pregnancy,department of health and environment,,Health Services,1700008155,39,2617,33,0,0,0,6,32.0,7.83,25.64102564102564,37.20911310008137
Kansas,2023-05-17,"Agency 28, Article 59",dietitian,department of health and environment,,Health Services,1700008156,94,3013,87,0,0,0,7,28.0,8.26,6.730769230769231,39.79598198822307
Kansas,2023-05-17,"Agency 28, Article 60",credentialing program,department of health and environment,,Health Services,1700008157,46,2039,45,0,0,0,1,25.0,7.54,17.5,41.09268795056643
Kansas,2023-05-17,"Agency 28, Article 61",licensure of speech language pathologists and audiologists,department of health and environment,,Health Services,1700008158,145,5728,133,0,0,0,12,33.0,8.6,9.75609756097561,41.065039169247584
Kansas,2023-05-17,"Agency 28, Article 65",emergency planning and right to know,department of health and environment,,Health Services,1700008159,53,1691,39,0,0,0,14,24.0,7.75,7.575757575757576,31.870259481037923
Kansas,2023-05-17,"Agency 28, Article 66",local environmental protection grant program,department of health and environment,,Health Services,1700008160,31,2161,28,1,0,1,1,35.0,7.7,28.33333333333333,37.31177042801556
Kansas,2023-05-17,"Agency 28, Article 67",health care database,department of health and environment,,Health Services,1700008161,90,3337,88,0,0,1,1,21.0,8.0,13.725490196078432,36.076148521082445
Kansas,2023-05-17,"Agency 28, Article 68",kansas drycleaner environmental response act,department of health and environment,,Health Services,1700008162,89,3534,85,0,0,0,4,23.0,8.01,14.788732394366196,36.68143961927424
Kansas,2023-05-17,"Agency 28, Article 70",cancer registry,department of health and environment,,Health Services,1700008163,30,1401,26,0,0,0,4,30.0,7.77,24.444444444444443,35.70007535795026
Kansas,2023-05-17,"Agency 28, Article 71",voluntary cleanup and property redevelopment program,department of health and environment,,Health Services,1700008164,72,3673,63,0,0,0,9,30.0,8.27,14.529914529914532,40.667429879793936
Kansas,2023-05-17,"Agency 28, Article 72",residential childhood lead poisoning prevention program,department of health and environment,,Health Services,1700008165,724,29956,641,1,0,12,70,30.0,9.05,22.52346193952033,37.74427159974774
Kansas,2023-05-17,"Agency 28, Article 73",environmental use controls program,department of health and environment,,Health Services,1700008166,72,3457,52,0,0,0,20,34.0,7.85,21.649484536082475,39.75910621365167
Kansas,2023-05-17,"Agency 28, Article 74",risk management program,department of health and environment,,Health Services,1700008167,28,1026,22,0,0,1,5,31.0,7.08,25.0,39.40327533265097
Kansas,2023-05-17,"Agency 28, Article 75",health information,department of health and environment,,Health Services,1700008168,0,41,0,0,0,0,0,18.0,4.88,0.0,45.3235294117647
Kansas,2023-05-17,"Agency 28, Article 9",construction maintenance and use of mausoleums,department of health and environment,,Health Services,1700008117,28,805,23,4,0,0,1,32.0,7.46,24.0,34.20565552699229
Kansas,2023-05-17,"Agency 2, Article 3",accounting and fiscal procedure for municipalities,municipal accounting board,,Taxes and Public Finance,1700007839,4,227,4,0,0,0,0,25.0,6.4,33.33333333333333,34.80821917808219
Kansas,2023-05-17,"Agency 30, Article 10",adult care home program,kansas department for children and families,,Social Assistance,1700008173,598,19854,560,5,2,2,29,27.0,9.01,22.708039492242595,34.43910474297966
Kansas,2023-05-17,"Agency 30, Article 2",general,kansas department for children and families,,Social Assistance,1700008169,24,1206,21,0,0,1,2,30.0,7.94,28.205128205128204,37.35596170583116
Kansas,2023-05-17,"Agency 30, Article 20",security and traffic control for state institutions operated by mental health and retardation services,kansas department for children and families,,Social Assistance,1700008174,34,957,29,0,0,3,2,28.0,7.49,37.5,36.64293785310734
Kansas,2023-05-17,"Agency 30, Article 22",licensing of psychiatric hospitals funding of community mental health centers and facilities for the mentally retarded and facilities for handicapped persons,kansas department for children and families,,Social Assistance,1700008175,117,5967,96,13,0,0,8,28.0,9.0,22.115384615384613,37.6812379786676
Kansas,2023-05-17,"Agency 30, Article 25",state youth centers operated by social and rehabilitation services,kansas department for children and families,,Social Assistance,1700008176,0,59,0,0,0,0,0,18.0,4.88,0.0,24.28846153846154
Kansas,2023-05-17,"Agency 30, Article 26",state psychiatric hospitals catchment areas assistance to counties patient funds and medical information,kansas department for children and families,,Social Assistance,1700008177,22,1334,20,0,1,0,1,30.0,8.08,21.428571428571427,37.600969305331176
Kansas,2023-05-17,"Agency 30, Article 27",oil and gas leases on institutional properties,kansas department for children and families,,Social Assistance,1700008178,19,803,16,0,0,0,3,39.0,7.28,35.0,31.068298969072163
Kansas,2023-05-17,"Agency 30, Article 31",alcohol and drug abuse treatment programs,kansas department for children and families,,Social Assistance,1700008179,0,41,0,0,0,0,0,37.0,4.72,0.0,45.69444444444444
Kansas,2023-05-17,"Agency 30, Article 4",public assistance program,kansas department for children and families,,Social Assistance,1700008170,346,13020,323,0,1,3,19,26.0,9.2,25.352112676056336,34.29932135728543
Kansas,2023-05-17,"Agency 30, Article 42",licensing of non medical resident care facilities,kansas department for children and families,,Social Assistance,1700008180,84,2270,80,1,0,0,3,24.0,8.22,22.82608695652174,34.566106315311224
Kansas,2023-05-17,"Agency 30, Article 43",corporate guardians,kansas department for children and families,,Social Assistance,1700008181,11,665,10,0,0,0,1,60.0,7.09,45.45454545454545,35.15506329113924
Kansas,2023-05-17,"Agency 30, Article 44",support enforcement,kansas department for children and families,,Social Assistance,1700008182,20,1108,19,0,0,0,1,30.0,7.51,33.33333333333333,34.05154639175258
Kansas,2023-05-17,"Agency 30, Article 45",youth services,kansas department for children and families,,Social Assistance,1700008183,18,1020,17,0,0,0,1,29.0,7.63,29.411764705882355,39.16820512820513
Kansas,2023-05-17,"Agency 30, Article 46",child abuse and neglect,kansas department for children and families,,Social Assistance,1700008184,36,2339,32,0,0,1,3,34.0,7.82,28.35820895522388,33.16718680338832
Kansas,2023-05-17,"Agency 30, Article 47",foster care licensing,kansas department for children and families,,Social Assistance,1700008185,2,215,2,0,0,0,0,50.0,6.29,0.0,37.551219512195125
Kansas,2023-05-17,"Agency 30, Article 5",provider participation scope of services and reimbursements for the medicaid medical assistance program,kansas department for children and families,,Social Assistance,1700008171,670,27376,647,0,3,0,20,28.0,9.36,22.66526757607555,38.65114670969229
Kansas,2023-05-17,"Agency 30, Article 60",licensing of community mental health centers,kansas department for children and families,,Social Assistance,1700008186,338,17897,289,1,0,1,47,47.0,8.92,32.24932249322493,36.32975468975469
Kansas,2023-05-17,"Agency 30, Article 61",participating community mental health centers,kansas department for children and families,,Social Assistance,1700008187,44,1861,31,0,0,0,13,42.0,7.29,23.25581395348837,35.42913165266106
Kansas,2023-05-17,"Agency 30, Article 63",developmental disabilities licensing providers of community services,kansas department for children and families,,Social Assistance,1700008188,167,8728,152,0,0,0,15,48.0,8.87,47.77777777777778,35.81063829787234
Kansas,2023-05-17,"Agency 30, Article 64",developmental disabilities community developmental disability organizations,kansas department for children and families,,Social Assistance,1700008189,100,5398,93,0,0,0,7,45.0,8.26,36.75213675213676,34.39949553744664
Kansas,2023-05-17,"Agency 30, Article 65",mental retardation developmental disability provider revolving fund,kansas department for children and families,,Social Assistance,1700008190,16,554,15,0,0,0,1,36.0,6.8,20.0,33.80263157894737
Kansas,2023-05-17,"Agency 30, Article 7",appeals fair hearings and taf ga disqualification hearings,kansas department for children and families,,Social Assistance,1700008172,87,4051,84,1,0,0,2,36.0,8.17,54.54545454545454,34.686478069037115
Kansas,2023-05-17,"Agency 36, Article 1",special permits loads and vehicles,kansas department of transportation,,Transportation,1700008191,188,6610,162,10,2,4,10,23.0,9.16,22.10144927536232,32.67993019197208
Kansas,2023-05-17,"Agency 36, Article 11",public and private utilities on highway right of way,kansas department of transportation,,Transportation,1700008196,4,90,3,0,0,0,1,29.0,5.49,33.33333333333333,42.70114942528736
Kansas,2023-05-17,"Agency 36, Article 14",interstate highway system use,kansas department of transportation,,Transportation,1700008197,1,51,0,0,0,1,0,48.0,4.78,0.0,42.8125
Kansas,2023-05-17,"Agency 36, Article 16",highway relocation assistance,kansas department of transportation,,Transportation,1700008198,20,1168,19,0,0,0,1,29.0,7.35,12.82051282051282,35.78272727272727
Kansas,2023-05-17,"Agency 36, Article 17",billboards and outdoor advertising,kansas department of transportation,,Transportation,1700008199,30,1770,20,2,1,6,1,29.0,8.16,10.0,34.927304964539005
Kansas,2023-05-17,"Agency 36, Article 18",lights on highway construction and maintenance vehicles,kansas department of transportation,,Transportation,1700008200,1,51,1,0,0,0,0,49.0,4.79,0.0,44.26086956521739
Kansas,2023-05-17,"Agency 36, Article 19",standard for slow moving vehicle identification emblem,kansas department of transportation,,Transportation,1700008201,0,45,0,0,0,0,0,41.0,4.83,0.0,54.05263157894737
Kansas,2023-05-17,"Agency 36, Article 2",vehicles carrying emergency equipment,kansas department of transportation,,Transportation,1700008192,1,32,1,0,0,0,0,30.0,4.44,0.0,37.6551724137931
Kansas,2023-05-17,"Agency 36, Article 26",railroad grade crossings,kansas department of transportation,,Transportation,1700008202,11,519,8,0,0,0,3,46.0,7.25,18.181818181818183,32.03893442622951
Kansas,2023-05-17,"Agency 36, Article 27",junkyard and salvage control,kansas department of transportation,,Transportation,1700008203,46,1709,35,1,0,1,9,27.0,7.96,27.41935483870968,39.01110425663171
Kansas,2023-05-17,"Agency 36, Article 28",service brakes and second towed vehicles,kansas department of transportation,,Transportation,1700008204,2,56,2,0,0,0,0,54.0,4.67,,31.058823529411764
Kansas,2023-05-17,"Agency 36, Article 29",payment of moving expenses,kansas department of transportation,,Transportation,1700008205,1,50,1,0,0,0,0,21.0,4.73,0.0,43.95121951219512
Kansas,2023-05-17,"Agency 36, Article 3",highway entrance permits,kansas department of transportation,,Transportation,1700008193,3,62,2,0,0,0,1,29.0,4.94,0.0,36.52542372881356
Kansas,2023-05-17,"Agency 36, Article 30",construction bidding procedures,kansas department of transportation,,Transportation,1700008206,21,724,21,0,0,0,0,28.0,7.11,12.0,38.25519287833828
Kansas,2023-05-17,"Agency 36, Article 31",debarment and suspension of contractors,kansas department of transportation,,Transportation,1700008207,37,1909,36,0,1,0,0,29.0,7.79,42.1875,36.19978343259339
Kansas,2023-05-17,"Agency 36, Article 32",use of roadside facilities,kansas department of transportation,,Transportation,1700008208,15,342,12,0,2,1,0,21.0,6.64,6.25,39.09726443768997
Kansas,2023-05-17,"Agency 36, Article 36",widths of vehicles and loads,kansas department of transportation,,Transportation,1700008209,2,89,2,0,0,0,0,16.0,5.69,20.0,27.3375
Kansas,2023-05-17,"Agency 36, Article 37",the oilfield certification program,kansas department of transportation,,Transportation,1700008210,49,1396,41,5,0,0,3,23.0,7.74,15.254237288135592,30.738345864661653
Kansas,2023-05-17,"Agency 36, Article 38",the multi jurisdictional oversize overweight permit program,kansas department of transportation,,Transportation,1700008211,1,95,1,0,0,0,0,28.0,5.33,0.0,41.651685393258425
Kansas,2023-05-17,"Agency 36, Article 39",rail service assistance program,kansas department of transportation,,Transportation,1700008212,27,2600,25,0,0,0,2,46.0,8.51,18.181818181818183,35.89221556886228
Kansas,2023-05-17,"Agency 36, Article 4",saddlemounts and transportation of empty trucks,kansas department of transportation,,Transportation,1700008194,0,51,0,0,0,0,0,22.0,4.96,0.0,39.72093023255814
Kansas,2023-05-17,"Agency 36, Article 40",transportation revolving fund,kansas department of transportation,,Transportation,1700008213,28,1569,25,0,0,0,3,34.0,7.56,28.88888888888889,41.11881188118812
Kansas,2023-05-17,"Agency 36, Article 41",public safety communication system revolving fund,kansas department of transportation,,Transportation,1700008214,18,1104,18,0,0,0,0,35.0,6.82,3.225806451612903,40.01403180542563
Kansas,2023-05-17,"Agency 36, Article 42",kansas intermodal transportation revolving fund,kansas department of transportation,,Transportation,1700008215,31,1778,27,0,0,0,4,42.0,7.65,34.14634146341464,42.62485481997677
Kansas,2023-05-17,"Agency 36, Article 45",escort vehicles escort vehicle service providers and escort vehicle operators,kansas department of transportation,,Transportation,1700008216,109,4117,94,0,0,0,15,24.0,8.33,20.35928143712575,31.60236321602877
Kansas,2023-05-17,"Agency 36, Article 7",stud tires,kansas department of transportation,,Transportation,1700008195,30,1215,24,3,1,0,2,26.0,7.49,23.91304347826087,30.210526315789476
Kansas,2023-05-17,"Agency 38, Article 1",establishment of branch offices and relocation of home and branch offices,savings and loan department,,"Banking, Insurance, and Securities",1700008217,14,847,14,0,0,0,0,36.0,6.88,13.043478260869565,33.15394088669951
Kansas,2023-05-17,"Agency 38, Article 10",interstate branching,savings and loan department,,"Banking, Insurance, and Securities",1700008224,14,761,12,0,0,0,2,47.0,6.14,33.33333333333333,37.81607629427793
Kansas,2023-05-17,"Agency 38, Article 2",agents,savings and loan department,,"Banking, Insurance, and Securities",1700008218,13,373,9,0,2,0,2,30.0,6.42,8.333333333333332,40.31805157593123
Kansas,2023-05-17,"Agency 38, Article 3",notice that accounts or deposits are not insured as required by ksa 17 5825,savings and loan department,,"Banking, Insurance, and Securities",1700008219,11,250,8,0,0,0,3,30.0,5.95,12.5,41.84232365145228
Kansas,2023-05-17,"Agency 38, Article 4",unsecured loans for property alteration,savings and loan department,,"Banking, Insurance, and Securities",1700008220,3,135,3,0,0,0,0,32.0,5.78,0.0,32.095238095238095
Kansas,2023-05-17,"Agency 38, Article 5",line of credit real estate loans,savings and loan department,,"Banking, Insurance, and Securities",1700008221,3,242,2,1,0,0,0,33.0,6.5,28.57142857142857,32.44444444444444
Kansas,2023-05-17,"Agency 38, Article 8",manufactured home financing,savings and loan department,,"Banking, Insurance, and Securities",1700008222,6,133,6,0,0,0,0,14.0,5.76,0.0,42.69747899159664
Kansas,2023-05-17,"Agency 38, Article 9",safety deposit boxes,savings and loan department,,"Banking, Insurance, and Securities",1700008223,3,196,3,0,0,0,0,37.0,6.03,0.0,33.11173184357542
Kansas,2023-05-17,"Agency 39, Article 1",limitations on use of turnpike,kansas turnpike authority,,Transportation,1700008225,48,1740,32,0,1,15,0,31.0,8.08,35.18518518518518,32.3355421686747
Kansas,2023-05-17,"Agency 39, Article 2",tolls,kansas turnpike authority,,Transportation,1700008226,0,25,0,0,0,0,0,10.0,4.17,0.0,31.52380952380953
Kansas,2023-05-17,"Agency 39, Article 4",designation of office,kansas turnpike authority,,Transportation,1700008227,1,32,1,0,0,0,0,30.0,4.15,0.0,33.17857142857143
Kansas,2023-05-17,"Agency 3, Article 1",disposition of unclaimed property,kansas state treasurer,,Taxes and Public Finance,1700007840,14,837,10,2,0,0,2,33.0,7.29,32.0,32.79331683168317
Kansas,2023-05-17,"Agency 3, Article 2",kansas postsecondary education savings program,kansas state treasurer,,Taxes and Public Finance,1700007841,20,721,17,1,0,0,2,40.0,6.51,44.44444444444444,39.23371104815864
Kansas,2023-05-17,"Agency 3, Article 3",linked deposit loan programs,kansas state treasurer,,Taxes and Public Finance,1700007842,8,361,8,0,0,0,0,28.0,6.61,16.666666666666664,36.113432835820895
Kansas,2023-05-17,"Agency 3, Article 4",low income family postsecondary savings accounts incentive program,kansas state treasurer,,Taxes and Public Finance,1700007843,30,1107,29,0,0,0,1,24.0,7.03,20.454545454545457,37.06238003838772
Kansas,2023-05-17,"Agency 40, Article 1",general,insurance department,,"Banking, Insurance, and Securities",1700008228,158,8049,139,2,0,6,11,32.0,9.03,16.260162601626014,37.01686651732771
Kansas,2023-05-17,"Agency 40, Article 10",firefighter s relief fund tax,insurance department,,"Banking, Insurance, and Securities",1700008236,59,1953,58,0,0,0,1,29.0,7.55,16.666666666666664,36.59125683060109
Kansas,2023-05-17,"Agency 40, Article 11",proxies consents and authorizations,insurance department,,"Banking, Insurance, and Securities",1700008237,0,39,0,0,0,0,0,37.0,4.62,0.0,62.457142857142856
Kansas,2023-05-17,"Agency 40, Article 12",sale of stock,insurance department,,"Banking, Insurance, and Securities",1700008238,88,2585,82,0,0,2,4,46.0,7.92,47.27272727272727,33.455089820359284
Kansas,2023-05-17,"Agency 40, Article 13",insider stock trading,insurance department,,"Banking, Insurance, and Securities",1700008239,85,4774,79,0,0,0,6,36.0,7.9,35.15625,32.37134632418069
Kansas,2023-05-17,"Agency 40, Article 14",insurance premium finance companies,insurance department,,"Banking, Insurance, and Securities",1700008240,18,591,15,1,0,0,2,28.0,6.83,15.0,34.85379061371841
Kansas,2023-05-17,"Agency 40, Article 15",variable annuities or separate accounts,insurance department,,"Banking, Insurance, and Securities",1700008241,44,1734,39,0,1,1,3,40.0,7.66,35.714285714285715,35.91973445986723
Kansas,2023-05-17,"Agency 40, Article 15a",variable life insurance,insurance department,,"Banking, Insurance, and Securities",1700008242,1,346,1,0,0,0,0,14.0,6.12,0.0,31.2876254180602
Kansas,2023-05-17,"Agency 40, Article 15b",universal life insurance,insurance department,,"Banking, Insurance, and Securities",1700008243,7,281,5,0,0,0,2,27.0,6.54,20.0,38.406976744186046
Kansas,2023-05-17,"Agency 40, Article 16",professional employer organizations,insurance department,,"Banking, Insurance, and Securities",1700008244,5,181,2,0,0,0,3,88.0,4.91,0.0,51.64596273291925
Kansas,2023-05-17,"Agency 40, Article 2",life insurance,insurance department,,"Banking, Insurance, and Securities",1700008229,181,8882,162,1,1,3,14,40.0,8.84,33.03167420814479,35.5369365116828
Kansas,2023-05-17,"Agency 40, Article 3",fire and casualty insurance,insurance department,,"Banking, Insurance, and Securities",1700008230,273,11913,230,1,1,10,31,37.0,9.16,30.91482649842272,36.875700770847935
Kansas,2023-05-17,"Agency 40, Article 4",accident and health insurance,insurance department,,"Banking, Insurance, and Securities",1700008231,411,24134,344,4,6,5,52,38.0,9.25,35.5877616747182,35.792466765140325
Kansas,2023-05-17,"Agency 40, Article 5",credit insurance,insurance department,,"Banking, Insurance, and Securities",1700008232,85,3517,71,1,1,3,9,32.0,8.23,39.25233644859813,35.03456640388114
Kansas,2023-05-17,"Agency 40, Article 7",agents,insurance department,,"Banking, Insurance, and Securities",1700008233,81,3058,77,0,0,1,3,33.0,8.27,21.73913043478261,37.84049079754601
Kansas,2023-05-17,"Agency 40, Article 8",excess coverage,insurance department,,"Banking, Insurance, and Securities",1700008234,30,868,17,0,0,3,10,35.0,7.01,50.0,33.19036144578313
Kansas,2023-05-17,"Agency 40, Article 9",advertising,insurance department,,"Banking, Insurance, and Securities",1700008235,9,419,8,0,0,0,1,31.0,6.67,23.07692307692308,37.41730279898219
Kansas,2023-05-17,"Agency 43, Article 1",administering oaths,corrections ombudsman board,,"Security, Justice, and Corrections",1700008245,2,121,2,0,0,0,0,40.0,5.36,,36.11304347826087
Kansas,2023-05-17,"Agency 44, Article 1",general administration,department of corrections,,"Security, Justice, and Corrections",1700008246,13,666,13,0,0,0,0,21.0,7.33,0.0,41.74961360123648
Kansas,2023-05-17,"Agency 44, Article 11",community corrections,department of corrections,,"Security, Justice, and Corrections",1700008254,82,3551,77,1,0,0,4,30.0,8.17,22.033898305084744,38.66966357308585
Kansas,2023-05-17,"Agency 44, Article 12",conduct and penalties,department of corrections,,"Security, Justice, and Corrections",1700008255,407,11011,380,0,0,19,8,24.0,9.06,19.24778761061947,33.67791615172545
Kansas,2023-05-17,"Agency 44, Article 13",disciplinary procedure,department of corrections,,"Security, Justice, and Corrections",1700008256,333,12118,314,0,1,0,18,29.0,8.57,36.43031784841076,32.7643712832888
Kansas,2023-05-17,"Agency 44, Article 15",grievance procedure for inmates,department of corrections,,"Security, Justice, and Corrections",1700008257,143,4999,138,0,0,1,4,25.0,8.23,21.71717171717172,33.3688103554551
Kansas,2023-05-17,"Agency 44, Article 16",reporting and claims procedure for lost or damaged property or for personal injury,department of corrections,,"Security, Justice, and Corrections",1700008258,14,350,12,0,0,0,2,26.0,6.37,30.76923076923077,32.33433734939759
Kansas,2023-05-17,"Agency 44, Article 2",facilities management,department of corrections,,"Security, Justice, and Corrections",1700008247,6,480,6,0,0,0,0,68.0,7.48,71.42857142857143,39.5109649122807
Kansas,2023-05-17,"Agency 44, Article 4",training,department of corrections,,"Security, Justice, and Corrections",1700008248,3,188,3,0,0,0,0,15.0,6.09,0.0,43.960893854748605
Kansas,2023-05-17,"Agency 44, Article 5",inmate management,department of corrections,,"Security, Justice, and Corrections",1700008249,88,2850,83,0,0,2,3,32.0,8.36,34.831460674157306,37.56111715632935
Kansas,2023-05-17,"Agency 44, Article 6",good time credits and sentence computation,department of corrections,,"Security, Justice, and Corrections",1700008250,330,13252,324,0,0,2,4,31.0,8.54,34.74178403755869,34.70983840304182
Kansas,2023-05-17,"Agency 44, Article 7",programs and activities,department of corrections,,"Security, Justice, and Corrections",1700008251,50,2062,48,0,0,2,0,32.0,7.98,45.3125,34.632693254554404
Kansas,2023-05-17,"Agency 44, Article 8",work release,department of corrections,,"Security, Justice, and Corrections",1700008252,36,1872,33,0,0,0,3,22.0,7.98,14.634146341463412,39.930648769574944
Kansas,2023-05-17,"Agency 44, Article 9",parole postrelease supervision and house arrest,department of corrections,,"Security, Justice, and Corrections",1700008253,85,3962,83,0,0,0,2,27.0,8.08,32.3943661971831,33.61546499477534
Kansas,2023-05-17,"Agency 45, Article 1000",orders of restitution and expenses,kansas parole board,,"Security, Justice, and Corrections",1700008266,1,311,1,0,0,0,0,33.0,6.28,66.66666666666666,34.30536912751678
Kansas,2023-05-17,"Agency 45, Article 200",parole hearing proceedings,kansas parole board,,"Security, Justice, and Corrections",1700008259,11,389,9,0,0,0,2,35.0,6.59,54.54545454545454,32.35466666666667
Kansas,2023-05-17,"Agency 45, Article 300",dockets,kansas parole board,,"Security, Justice, and Corrections",1700008260,2,201,2,0,0,0,0,27.0,6.01,71.42857142857143,33.015957446808514
Kansas,2023-05-17,"Agency 45, Article 400",release to supervision,kansas parole board,,"Security, Justice, and Corrections",1700008261,19,936,19,0,0,0,0,30.0,7.06,35.483870967741936,32.621562156215624
Kansas,2023-05-17,"Agency 45, Article 600",conditional release,kansas parole board,,"Security, Justice, and Corrections",1700008262,7,192,7,0,0,0,0,27.0,5.65,14.285714285714285,32.23118279569893
Kansas,2023-05-17,"Agency 45, Article 700",release of functionally incapacitated inmates,kansas parole board,,"Security, Justice, and Corrections",1700008263,16,746,15,0,0,0,1,35.0,7.21,38.095238095238095,36.016620498614955
Kansas,2023-05-17,"Agency 45, Article 800",discharge,kansas parole board,,"Security, Justice, and Corrections",1700008264,1,122,1,0,0,0,0,18.0,5.56,16.666666666666664,30.684684684684683
Kansas,2023-05-17,"Agency 45, Article 900",executive clemency,kansas parole board,,"Security, Justice, and Corrections",1700008265,6,186,6,0,0,0,0,26.0,5.86,42.85714285714285,33.612021857923494
Kansas,2023-05-17,"Agency 47, Article 1",general,mined land conservation and reclamation,,"Environmental Protection, Public Utilities, and Natural Resources",1700008267,20,775,19,0,0,0,1,40.0,7.15,36.84210526315789,33.18682795698925
Kansas,2023-05-17,"Agency 47, Article 10",underground mining,mined land conservation and reclamation,,"Environmental Protection, Public Utilities, and Natural Resources",1700008276,56,1727,56,0,0,0,0,9.0,6.26,1.3793103448275863,21.39965986394558
Kansas,2023-05-17,"Agency 47, Article 11",small operator assistance program,mined land conservation and reclamation,,"Environmental Protection, Public Utilities, and Natural Resources",1700008277,15,477,15,0,0,0,0,8.0,5.78,2.3255813953488373,20.471337579617835
Kansas,2023-05-17,"Agency 47, Article 12",lands unsuitable for surface mining,mined land conservation and reclamation,,"Environmental Protection, Public Utilities, and Natural Resources",1700008278,40,1338,39,0,0,1,0,10.0,6.56,2.8846153846153846,24.74074074074074
Kansas,2023-05-17,"Agency 47, Article 13",training certification and responsibilities of blasters and operators,mined land conservation and reclamation,,"Environmental Protection, Public Utilities, and Natural Resources",1700008279,13,735,13,0,0,0,0,34.0,7.02,25.0,35.57228017883756
Kansas,2023-05-17,"Agency 47, Article 14",employee financial interests,mined land conservation and reclamation,,"Environmental Protection, Public Utilities, and Natural Resources",1700008280,12,348,11,0,0,1,0,11.0,6.07,19.230769230769237,26.348148148148148
Kansas,2023-05-17,"Agency 47, Article 15",inspections and enforcement,mined land conservation and reclamation,,"Environmental Protection, Public Utilities, and Natural Resources",1700008281,67,2449,64,0,0,0,3,19.0,7.6,16.379310344827587,29.2067843866171
Kansas,2023-05-17,"Agency 47, Article 16",reclamation,mined land conservation and reclamation,,"Environmental Protection, Public Utilities, and Natural Resources",1700008282,61,2540,56,0,0,0,5,31.0,8.24,34.177215189873415,33.65985827428095
Kansas,2023-05-17,"Agency 47, Article 2",meaning of terms,mined land conservation and reclamation,,"Environmental Protection, Public Utilities, and Natural Resources",1700008268,55,1917,54,0,0,0,1,13.0,7.55,3.149606299212598,31.32982673267327
Kansas,2023-05-17,"Agency 47, Article 3",application for mining permit,mined land conservation and reclamation,,"Environmental Protection, Public Utilities, and Natural Resources",1700008269,154,4323,150,0,0,0,4,10.0,7.06,6.287425149700598,24.10035495321071
Kansas,2023-05-17,"Agency 47, Article 4",public hearings,mined land conservation and reclamation,,"Environmental Protection, Public Utilities, and Natural Resources",1700008270,189,8742,175,0,2,2,10,33.0,8.58,46.36015325670498,32.949016412524735
Kansas,2023-05-17,"Agency 47, Article 5",civil penalties,mined land conservation and reclamation,,"Environmental Protection, Public Utilities, and Natural Resources",1700008271,91,3222,86,0,0,0,5,23.0,8.04,23.66412213740458,29.55708092485549
Kansas,2023-05-17,"Agency 47, Article 6",permit review,mined land conservation and reclamation,,"Environmental Protection, Public Utilities, and Natural Resources",1700008272,100,3097,94,0,0,0,6,16.0,7.61,14.367816091954024,31.138305847076463
Kansas,2023-05-17,"Agency 47, Article 7",coal exploration,mined land conservation and reclamation,,"Environmental Protection, Public Utilities, and Natural Resources",1700008273,12,453,12,0,0,0,0,11.0,6.11,2.941176470588235,27.24277456647399
Kansas,2023-05-17,"Agency 47, Article 8",bonding procedures,mined land conservation and reclamation,,"Environmental Protection, Public Utilities, and Natural Resources",1700008274,26,817,26,0,0,0,0,9.0,6.32,1.4492753623188406,24.91482112436116
Kansas,2023-05-17,"Agency 47, Article 9",performance standards,mined land conservation and reclamation,,"Environmental Protection, Public Utilities, and Natural Resources",1700008275,208,6794,207,0,0,0,1,11.0,7.29,4.733727810650888,25.758333333333333
Kansas,2023-05-17,"Agency 48, Article 1",appellate procedure,department of labor employment security board of review,,Labor and Workforce Development,1700008283,65,2022,64,0,0,0,1,29.0,7.37,42.64705882352941,30.044489383215367
Kansas,2023-05-17,"Agency 48, Article 2",board organization and procedure,department of labor employment security board of review,,Labor and Workforce Development,1700008284,14,357,14,0,0,0,0,23.0,6.11,6.666666666666667,28.607038123167158
Kansas,2023-05-17,"Agency 48, Article 3",appeals,department of labor employment security board of review,,Labor and Workforce Development,1700008285,8,478,7,0,0,0,1,22.0,6.75,9.523809523809524,36.44298245614035
Kansas,2023-05-17,"Agency 48, Article 4",filing appeals,department of labor employment security board of review,,Labor and Workforce Development,1700008286,3,159,3,0,0,0,0,30.0,5.69,,29.483443708609272
Kansas,2023-05-17,"Agency 49, Article 1",hours and working conditions women and minors,department of labor,,Labor and Workforce Development,1700008287,77,6521,71,1,0,5,0,29.0,9.26,27.64976958525346,36.330651522322135
Kansas,2023-05-17,"Agency 49, Article 10",holding a manual ballot,department of labor,,Labor and Workforce Development,1700008292,20,634,19,1,0,0,0,28.0,6.92,18.181818181818183,32.83225806451613
Kansas,2023-05-17,"Agency 49, Article 11",conduct of mail referendum ballot,department of labor,,Labor and Workforce Development,1700008293,2,226,1,1,0,0,0,20.0,6.01,18.181818181818183,35.08411214953271
Kansas,2023-05-17,"Agency 49, Article 12",jointly conducted union management election,department of labor,,Labor and Workforce Development,1700008294,27,973,26,1,0,0,0,33.0,7.32,24.13793103448276,34.15141955835962
Kansas,2023-05-17,"Agency 49, Article 15",enforcement,department of labor,,Labor and Workforce Development,1700008295,0,172,0,0,0,0,0,18.0,6.08,55.55555555555556,37.98039215686274
Kansas,2023-05-17,"Agency 49, Article 16",records and retention,department of labor,,Labor and Workforce Development,1700008296,1,156,1,0,0,0,0,21.0,6.04,28.57142857142857,34.775510204081634
Kansas,2023-05-17,"Agency 49, Article 20",wage payments and procedures for enforcement,department of labor,,Labor and Workforce Development,1700008297,18,989,13,0,0,0,5,31.0,7.61,22.58064516129032,34.936974789915965
Kansas,2023-05-17,"Agency 49, Article 21",procedures,department of labor,,Labor and Workforce Development,1700008298,56,2083,53,0,0,0,3,30.0,7.93,31.88405797101449,30.94718485301445
Kansas,2023-05-17,"Agency 49, Article 22",general provisions,department of labor,,Labor and Workforce Development,1700008299,4,317,4,0,0,0,0,18.0,6.47,29.411764705882355,34.25490196078432
Kansas,2023-05-17,"Agency 49, Article 23",procedure,department of labor,,Labor and Workforce Development,1700008300,56,1649,51,0,0,2,3,24.0,7.51,20.8955223880597,32.2888198757764
Kansas,2023-05-17,"Agency 49, Article 24",units,department of labor,,Labor and Workforce Development,1700008301,1,75,1,0,0,0,0,36.0,4.89,,47.22222222222222
Kansas,2023-05-17,"Agency 49, Article 25",elections,department of labor,,Labor and Workforce Development,1700008302,56,1391,55,0,0,0,1,27.0,7.3,28.000000000000004,36.87806691449814
Kansas,2023-05-17,"Agency 49, Article 26",impasse declaration and notification,department of labor,,Labor and Workforce Development,1700008303,10,283,9,0,0,0,1,34.0,6.25,75.0,35.71102661596958
Kansas,2023-05-17,"Agency 49, Article 27",fact finding,department of labor,,Labor and Workforce Development,1700008304,13,533,13,0,0,0,0,32.0,6.24,31.25,28.91456310679612
Kansas,2023-05-17,"Agency 49, Article 28",prohibited practices,department of labor,,Labor and Workforce Development,1700008305,8,189,7,0,0,1,0,26.0,5.91,42.85714285714285,30.39664804469274
Kansas,2023-05-17,"Agency 49, Article 30",minimum wage and maximum hours,department of labor,,Labor and Workforce Development,1700008306,33,2336,21,0,0,0,12,37.0,8.44,38.70967741935484,34.38925876608966
Kansas,2023-05-17,"Agency 49, Article 31",minimum wage and maximum hours,department of labor,,Labor and Workforce Development,1700008307,26,1273,21,0,1,0,4,34.0,7.85,30.55555555555556,33.375545851528386
Kansas,2023-05-17,"Agency 49, Article 45",boiler specifications and inspections,department of labor,,Labor and Workforce Development,1700008308,0,1180,0,0,0,0,0,44.0,6.3,4.0,44.246464646464645
Kansas,2023-05-17,"Agency 49, Article 45a",definitions,department of labor,,Labor and Workforce Development,1700008309,5,845,3,0,0,0,2,27.0,7.29,0.0,33.53874092009685
Kansas,2023-05-17,"Agency 49, Article 46",boiler insurance and administration,department of labor,,Labor and Workforce Development,1700008310,12,362,10,0,0,0,2,27.0,6.3,38.46153846153847,33.816618911174785
Kansas,2023-05-17,"Agency 49, Article 47",inspectors,department of labor,,Labor and Workforce Development,1700008311,23,704,22,0,0,0,1,36.0,7.1,10.526315789473683,34.48740740740741
Kansas,2023-05-17,"Agency 49, Article 48",frequency of inspection,department of labor,,Labor and Workforce Development,1700008312,20,635,20,0,0,0,0,29.0,6.85,40.909090909090914,36.5974025974026
Kansas,2023-05-17,"Agency 49, Article 49",fee schedule for boiler inspections,department of labor,,Labor and Workforce Development,1700008313,8,894,8,0,0,0,0,25.0,6.01,,29.944992947813823
Kansas,2023-05-17,"Agency 49, Article 50",general requirements for all boilers,department of labor,,Labor and Workforce Development,1700008314,237,6673,214,0,0,3,20,26.0,8.73,25.0,34.04521739130435
Kansas,2023-05-17,"Agency 49, Article 51",high pressure boilers,department of labor,,Labor and Workforce Development,1700008315,117,3486,111,0,0,0,6,25.0,8.08,32.83582089552239,28.166357452071736
Kansas,2023-05-17,"Agency 49, Article 52",low pressure heating boilers,department of labor,,Labor and Workforce Development,1700008316,145,4126,141,0,0,0,4,28.0,7.92,31.25,28.52546711031482
Kansas,2023-05-17,"Agency 49, Article 55",amusement ride regulations,department of labor,,Labor and Workforce Development,1700008317,25,1117,22,0,0,0,3,24.0,7.2,15.555555555555555,38.09798270893372
Kansas,2023-05-17,"Agency 49, Article 6",collective bargaining unit selection,department of labor,,Labor and Workforce Development,1700008288,10,977,9,1,0,0,0,40.0,6.94,45.83333333333333,38.55345911949686
Kansas,2023-05-17,"Agency 49, Article 7",secret ballot election all union agreement,department of labor,,Labor and Workforce Development,1700008289,3,386,3,0,0,0,0,26.0,6.58,21.428571428571427,39.54696132596685
Kansas,2023-05-17,"Agency 49, Article 8",secret ballot election strike walkout and cessation of work,department of labor,,Labor and Workforce Development,1700008290,9,576,9,0,0,0,0,43.0,6.61,46.15384615384615,33.11573236889693
Kansas,2023-05-17,"Agency 49, Article 9",all types of elections,department of labor,,Labor and Workforce Development,1700008291,16,623,15,1,0,0,0,34.0,6.96,44.44444444444444,33.25700164744646
Kansas,2023-05-17,"Agency 4, Article 1",agricultural chemicals,department of agriculture,,"Industry, Commerce, and Development",1700007844,49,2218,47,0,0,0,2,31.0,7.99,35.714285714285715,36.45356472795497
Kansas,2023-05-17,"Agency 4, Article 10",anhydrous ammonia,department of agriculture,,"Industry, Commerce, and Development",1700007852,196,7079,190,0,0,1,5,27.0,8.88,23.809523809523807,32.70004470272686
Kansas,2023-05-17,"Agency 4, Article 11",eggs,department of agriculture,,"Industry, Commerce, and Development",1700007853,30,932,30,0,0,0,0,23.0,7.36,30.76923076923077,29.02153110047847
Kansas,2023-05-17,"Agency 4, Article 13",pesticides,department of agriculture,,"Industry, Commerce, and Development",1700007854,375,15321,335,7,0,1,32,32.0,9.14,20.607375271149674,39.61103523627424
Kansas,2023-05-17,"Agency 4, Article 15",plants and plant products,department of agriculture,,"Industry, Commerce, and Development",1700007855,48,2060,44,0,0,2,2,34.0,7.97,25.0,33.844556962025315
Kansas,2023-05-17,"Agency 4, Article 16",meat and meat products inspection,department of agriculture,,"Industry, Commerce, and Development",1700007856,87,4387,80,0,0,1,6,28.0,8.65,43.44827586206896,34.695460440985734
Kansas,2023-05-17,"Agency 4, Article 17",poultry and poultry products inspection,department of agriculture,,"Industry, Commerce, and Development",1700007857,2,169,2,0,0,0,0,35.0,5.58,75.0,35.39393939393939
Kansas,2023-05-17,"Agency 4, Article 19",soil amendments,department of agriculture,,"Industry, Commerce, and Development",1700007858,1,21,1,0,0,0,0,18.0,3.88,0.0,43.0625
Kansas,2023-05-17,"Agency 4, Article 2",agricultural seed,department of agriculture,,"Industry, Commerce, and Development",1700007845,30,1328,26,2,0,0,2,33.0,7.78,41.02564102564102,34.633278145695364
Kansas,2023-05-17,"Agency 4, Article 20",chemigation,department of agriculture,,"Industry, Commerce, and Development",1700007859,53,1607,45,0,0,0,8,25.0,7.73,9.836065573770492,35.53459972862958
Kansas,2023-05-17,"Agency 4, Article 21",nutrient utilization plans,department of agriculture,,"Industry, Commerce, and Development",1700007860,65,1995,52,0,0,0,13,28.0,7.57,26.08695652173913,32.032568072610786
Kansas,2023-05-17,"Agency 4, Article 25",grain warehouse,department of agriculture,,"Industry, Commerce, and Development",1700007861,143,5310,130,0,0,0,13,35.0,8.02,21.232876712328768,33.94683850181232
Kansas,2023-05-17,"Agency 4, Article 27",lodging establishments,department of agriculture,,"Industry, Commerce, and Development",1700007862,584,13404,550,0,0,13,21,23.0,9.01,21.17437722419929,33.53354978354978
Kansas,2023-05-17,"Agency 4, Article 28",food safety,department of agriculture,,"Industry, Commerce, and Development",1700007863,105,3804,98,0,0,2,5,28.0,8.52,10.9375,34.46422438465942
Kansas,2023-05-17,"Agency 4, Article 3",commercial feeding stuffs definitions,department of agriculture,,"Industry, Commerce, and Development",1700007846,65,2872,58,0,0,1,6,28.0,8.29,25.252525252525253,32.62025796661609
Kansas,2023-05-17,"Agency 4, Article 33",mill levy assessment,department of agriculture,,"Industry, Commerce, and Development",1700007864,8,258,8,0,0,0,0,18.0,6.19,15.384615384615383,31.124463519313306
Kansas,2023-05-17,"Agency 4, Article 34",industrial hemp,department of agriculture,,"Industry, Commerce, and Development",1700007865,492,19613,422,0,0,2,68,35.0,8.37,25.185185185185183,36.19167897068129
Kansas,2023-05-17,"Agency 4, Article 4",commercial fertilizers,department of agriculture,,"Industry, Commerce, and Development",1700007847,284,10713,246,0,0,3,35,28.0,8.79,22.04301075268817,35.733582750812246
Kansas,2023-05-17,"Agency 4, Article 5",agricultural liming materials,department of agriculture,,"Industry, Commerce, and Development",1700007848,3,137,3,0,0,0,0,44.0,5.83,33.33333333333333,42.99206349206349
Kansas,2023-05-17,"Agency 4, Article 6",certificate of free sale,department of agriculture,,"Industry, Commerce, and Development",1700007849,8,464,8,0,0,0,0,45.0,6.62,60.0,34.77354260089686
Kansas,2023-05-17,"Agency 4, Article 7",milk and dairy products,department of agriculture,,"Industry, Commerce, and Development",1700007850,75,3191,72,0,0,0,3,24.0,8.14,10.483870967741936,34.61002403020941
Kansas,2023-05-17,"Agency 4, Article 8",noxious weeds,department of agriculture,,"Industry, Commerce, and Development",1700007851,41,2549,37,0,0,0,4,48.0,7.59,39.21568627450981,34.69377593360996
Kansas,2023-05-17,"Agency 50, Article 1",meaning of terms,department of labor division of employment,,Labor and Workforce Development,1700008318,9,1162,8,0,0,0,1,24.0,7.63,17.02127659574468,34.94849023090586
Kansas,2023-05-17,"Agency 50, Article 2",unemployment insurance contributing reimbursing and rated governmental employment,department of labor division of employment,,Labor and Workforce Development,1700008319,309,11226,276,0,1,0,32,27.0,8.81,27.94117647058824,32.62337662337662
Kansas,2023-05-17,"Agency 50, Article 3",unemployment insurance benefits,department of labor division of employment,,Labor and Workforce Development,1700008320,83,3864,73,2,0,0,8,26.0,8.23,28.47222222222222,34.391397274913174
Kansas,2023-05-17,"Agency 50, Article 4",disclosure of information,department of labor division of employment,,Labor and Workforce Development,1700008321,13,750,12,0,0,0,1,34.0,6.92,45.45454545454545,39.48777173913044
Kansas,2023-05-17,"Agency 51, Article 1",forms,department of labor division of workers compensation,,Labor and Workforce Development,1700008322,14,340,11,0,0,0,3,24.0,6.09,23.07692307692308,31.23100303951368
Kansas,2023-05-17,"Agency 51, Article 11",wages,department of labor division of workers compensation,,Labor and Workforce Development,1700008327,4,147,4,0,0,0,0,23.0,5.31,16.666666666666664,31.67142857142857
Kansas,2023-05-17,"Agency 51, Article 12",injuries occurring inside or outside the state of kansas,department of labor division of workers compensation,,Labor and Workforce Development,1700008328,2,78,2,0,0,0,0,25.0,5.14,0.0,33.06666666666667
Kansas,2023-05-17,"Agency 51, Article 13",elections,department of labor division of workers compensation,,Labor and Workforce Development,1700008329,5,126,5,0,0,0,0,40.0,5.44,0.0,32.85123966942149
Kansas,2023-05-17,"Agency 51, Article 14",securing payment of compensation by insurance and self insurance,department of labor division of workers compensation,,Labor and Workforce Development,1700008330,17,524,14,0,0,0,3,36.0,6.2,42.85714285714285,34.683397683397686
Kansas,2023-05-17,"Agency 51, Article 15",workers compensation fund,department of labor division of workers compensation,,Labor and Workforce Development,1700008331,3,159,3,0,0,0,0,16.0,5.75,22.22222222222222,36.36054421768708
Kansas,2023-05-17,"Agency 51, Article 17",time computation and extension,department of labor division of workers compensation,,Labor and Workforce Development,1700008332,33,1420,31,0,0,0,2,26.0,7.16,14.814814814814811,32.90895953757225
Kansas,2023-05-17,"Agency 51, Article 18",appeals,department of labor division of workers compensation,,Labor and Workforce Development,1700008333,17,532,16,0,0,0,1,24.0,6.7,36.36363636363637,33.50887573964497
Kansas,2023-05-17,"Agency 51, Article 19",application for review and modification pursuant to ksa 44 528,department of labor division of workers compensation,,Labor and Workforce Development,1700008334,3,149,3,0,0,0,0,20.0,5.89,28.57142857142857,35.563380281690144
Kansas,2023-05-17,"Agency 51, Article 2",fees,department of labor division of workers compensation,,Labor and Workforce Development,1700008323,28,750,28,0,0,0,0,27.0,6.93,14.814814814814811,33.706460674157306
Kansas,2023-05-17,"Agency 51, Article 20",guards,department of labor division of workers compensation,,Labor and Workforce Development,1700008335,0,50,0,0,0,0,0,48.0,4.46,,36.46808510638298
Kansas,2023-05-17,"Agency 51, Article 21",assignment of compensation,department of labor division of workers compensation,,Labor and Workforce Development,1700008336,0,28,0,0,0,0,0,27.0,3.97,0.0,28.56
Kansas,2023-05-17,"Agency 51, Article 24",rehabilitation,department of labor division of workers compensation,,Labor and Workforce Development,1700008337,71,3656,66,0,0,3,2,52.0,8.27,36.231884057971016,40.06989853438557
Kansas,2023-05-17,"Agency 51, Article 3",termination of compensable cases,department of labor division of workers compensation,,Labor and Workforce Development,1700008324,59,2060,57,0,0,0,2,26.0,7.92,42.30769230769231,34.107446276861566
Kansas,2023-05-17,"Agency 51, Article 7",measurement of disability,department of labor division of workers compensation,,Labor and Workforce Development,1700008325,17,591,17,0,0,0,0,29.0,6.6,40.0,29.71886120996441
Kansas,2023-05-17,"Agency 51, Article 9",medical and hospital,department of labor division of workers compensation,,Labor and Workforce Development,1700008326,39,1616,36,1,0,0,2,29.0,7.97,31.48148148148148,35.30306988896146
Kansas,2023-05-17,"Agency 53, Article 3",general records retention disposition schedule for state agencies,state records board,,Administration,1700008338,6,209,5,0,0,0,1,30.0,5.5,42.85714285714285,37.54726368159204
Kansas,2023-05-17,"Agency 53, Article 4",records officer,state records board,,Administration,1700008339,5,387,4,0,0,0,1,34.0,6.47,9.090909090909092,38.68378378378378
Kansas,2023-05-17,"Agency 54, Article 1",regional systems of cooperating libraries,state library,,"Culture, Recreation, and the Arts",1700008340,51,2150,46,0,0,0,5,39.0,7.01,33.9622641509434,38.79052734375
Kansas,2023-05-17,"Agency 54, Article 2",establishing a publication collection and depository system,state library,,"Culture, Recreation, and the Arts",1700008341,11,462,10,1,0,0,0,50.0,6.03,0.0,37.95652173913044
Kansas,2023-05-17,"Agency 54, Article 3",financial aid for blind and physically handicapped sub regional libraries,state library,,"Culture, Recreation, and the Arts",1700008342,8,329,7,0,1,0,0,23.0,6.71,0.0,38.11688311688312
Kansas,2023-05-17,"Agency 54, Article 4",children s internet protection public library requirements,state library,,"Culture, Recreation, and the Arts",1700008343,3,192,3,0,0,0,0,20.0,5.7,0.0,33.41477272727273
Kansas,2023-05-17,"Agency 56, Article 1",armories,state of kansas office of the adjutant general,,"Security, Justice, and Corrections",1700008344,21,1066,19,0,0,0,2,23.0,7.35,25.0,31.763527054108216
Kansas,2023-05-17,"Agency 56, Article 2",standards for local disaster agencies,state of kansas office of the adjutant general,,"Security, Justice, and Corrections",1700008345,17,819,11,0,0,0,6,39.0,7.37,10.0,41.43790012804097
Kansas,2023-05-17,"Agency 56, Article 3",nuclear emergency preparedness fees,state of kansas office of the adjutant general,,"Security, Justice, and Corrections",1700008346,40,1605,37,0,0,0,3,29.0,7.42,14.814814814814811,37.47406434668417
Kansas,2023-05-17,"Agency 5, Article 1",definitions,department of agriculture division of water resources,,"Industry, Commerce, and Development",1700007866,118,8875,88,0,0,0,30,36.0,8.72,27.38589211618257,33.280826716487624
Kansas,2023-05-17,"Agency 5, Article 10",water appropriation,department of agriculture division of water resources,,"Industry, Commerce, and Development",1700007875,22,758,22,0,0,0,0,34.0,6.89,27.27272727272727,31.5
Kansas,2023-05-17,"Agency 5, Article 11",assurance districts,department of agriculture division of water resources,,"Industry, Commerce, and Development",1700007876,8,292,8,0,0,0,0,36.0,5.8,50.0,30.95035460992908
Kansas,2023-05-17,"Agency 5, Article 12",aquifer storage and recovery,department of agriculture division of water resources,,"Industry, Commerce, and Development",1700007877,28,1302,26,0,0,0,2,37.0,6.99,34.285714285714285,36.05083399523431
Kansas,2023-05-17,"Agency 5, Article 13",sand and gravel pit operations,department of agriculture division of water resources,,"Industry, Commerce, and Development",1700007878,41,2577,30,0,0,0,11,35.0,7.85,26.76056338028169,33.31224322103533
Kansas,2023-05-17,"Agency 5, Article 14",enforcement and appeals,department of agriculture division of water resources,,"Industry, Commerce, and Development",1700007879,180,9635,158,0,0,1,21,27.0,8.38,32.748538011695906,32.006090928866655
Kansas,2023-05-17,"Agency 5, Article 15",minimum desirable streamflows,department of agriculture division of water resources,,"Industry, Commerce, and Development",1700007880,19,1911,19,0,0,0,0,35.0,7.04,34.61538461538461,34.73143495254048
Kansas,2023-05-17,"Agency 5, Article 16",flex account,department of agriculture division of water resources,,"Industry, Commerce, and Development",1700007881,29,1246,28,0,0,0,1,35.0,7.0,25.71428571428571,31.574626865671643
Kansas,2023-05-17,"Agency 5, Article 17",water banking,department of agriculture division of water resources,,"Industry, Commerce, and Development",1700007882,93,6331,89,0,0,0,4,50.0,7.66,36.8,29.61799967153884
Kansas,2023-05-17,"Agency 5, Article 19",local enhanced management areas,department of agriculture division of water resources,,"Industry, Commerce, and Development",1700007883,42,2216,36,0,0,0,6,35.0,7.64,38.70967741935484,33.18515081206497
Kansas,2023-05-17,"Agency 5, Article 2",vested rights,department of agriculture division of water resources,,"Industry, Commerce, and Development",1700007867,3,361,3,0,0,0,0,31.0,6.35,36.36363636363637,29.697604790419163
Kansas,2023-05-17,"Agency 5, Article 20",intensive groundwater use control area,department of agriculture division of water resources,,"Industry, Commerce, and Development",1700007884,38,1326,38,0,0,0,0,27.0,7.15,20.833333333333336,33.618933969769294
Kansas,2023-05-17,"Agency 5, Article 21",western kansas groundwater management district no 1,department of agriculture division of water resources,,"Industry, Commerce, and Development",1700007885,35,1830,32,0,0,0,3,33.0,7.89,29.629629629629623,34.69076305220884
Kansas,2023-05-17,"Agency 5, Article 22",equus beds groundwater management district no 2,department of agriculture division of water resources,,"Industry, Commerce, and Development",1700007886,121,8613,114,0,0,0,7,38.0,8.75,33.18181818181819,33.22096456692913
Kansas,2023-05-17,"Agency 5, Article 23",southwest kansas groundwater management district no 3,department of agriculture division of water resources,,"Industry, Commerce, and Development",1700007887,57,3519,54,0,0,0,3,31.0,8.17,26.605504587155966,34.08366171567142
Kansas,2023-05-17,"Agency 5, Article 24",northwest kansas groundwater management district no 4,department of agriculture division of water resources,,"Industry, Commerce, and Development",1700007888,88,5373,79,0,0,0,9,35.0,8.16,27.027027027027028,32.65728900255755
Kansas,2023-05-17,"Agency 5, Article 25",big bend groundwater management district no 5,department of agriculture division of water resources,,"Industry, Commerce, and Development",1700007889,145,7687,135,0,0,0,10,30.0,8.39,25.6198347107438,32.576762909494725
Kansas,2023-05-17,"Agency 5, Article 3",appropriation rights,department of agriculture division of water resources,,"Industry, Commerce, and Development",1700007868,236,14909,211,2,0,0,23,44.0,9.01,39.50617283950617,34.61555453991468
Kansas,2023-05-17,"Agency 5, Article 30",dams,department of agriculture division of water resources,,"Industry, Commerce, and Development",1700007890,1,92,1,0,0,0,0,29.0,5.27,66.66666666666666,27.058823529411764
Kansas,2023-05-17,"Agency 5, Article 4",distribution of water between users,department of agriculture division of water resources,,"Industry, Commerce, and Development",1700007869,84,3713,81,1,0,0,2,35.0,8.0,55.76923076923077,33.251736593498194
Kansas,2023-05-17,"Agency 5, Article 40",design of earth dams,department of agriculture division of water resources,,"Industry, Commerce, and Development",1700007891,461,22297,379,1,0,0,81,39.0,9.04,37.570093457943926,32.277532816380315
Kansas,2023-05-17,"Agency 5, Article 41",design of channel changes,department of agriculture division of water resources,,"Industry, Commerce, and Development",1700007892,18,596,17,0,0,0,1,30.0,7.07,36.84210526315789,33.7347294938918
Kansas,2023-05-17,"Agency 5, Article 42",design of stream obstructions,department of agriculture division of water resources,,"Industry, Commerce, and Development",1700007893,28,1418,20,0,0,0,8,45.0,7.86,35.483870967741936,35.97209985315712
Kansas,2023-05-17,"Agency 5, Article 43",sand dredging permits,department of agriculture division of water resources,,"Industry, Commerce, and Development",1700007894,26,804,25,0,0,0,1,30.0,7.26,26.923076923076923,31.227506426735214
Kansas,2023-05-17,"Agency 5, Article 44",floodplain management,department of agriculture division of water resources,,"Industry, Commerce, and Development",1700007895,36,1728,31,1,0,0,4,29.0,7.88,28.07017543859649,36.80084745762712
Kansas,2023-05-17,"Agency 5, Article 45",design of levees,department of agriculture division of water resources,,"Industry, Commerce, and Development",1700007896,74,5478,59,1,0,0,14,37.0,8.74,40.97222222222222,33.97078046905037
Kansas,2023-05-17,"Agency 5, Article 46",general permits,department of agriculture division of water resources,,"Industry, Commerce, and Development",1700007897,43,1577,41,0,0,0,2,33.0,7.48,31.91489361702128,30.958749168330005
Kansas,2023-05-17,"Agency 5, Article 5",change in the place of use the point of diversion or the use made of water under an existing water right,department of agriculture division of water resources,,"Industry, Commerce, and Development",1700007870,135,7777,122,2,0,0,11,43.0,8.13,46.10778443113773,32.54313195070634
Kansas,2023-05-17,"Agency 5, Article 50",water transfers,department of agriculture division of water resources,,"Industry, Commerce, and Development",1700007898,14,1273,13,0,0,0,1,49.0,7.53,44.0,32.87131147540983
Kansas,2023-05-17,"Agency 5, Article 6",storage of water,department of agriculture division of water resources,,"Industry, Commerce, and Development",1700007871,32,2006,27,0,0,0,5,46.0,7.76,40.47619047619048,35.64429175475687
Kansas,2023-05-17,"Agency 5, Article 7",abandonment and termination,department of agriculture division of water resources,,"Industry, Commerce, and Development",1700007872,68,3009,61,0,0,0,7,28.0,7.6,27.184466019417474,30.389989572471325
Kansas,2023-05-17,"Agency 5, Article 8",certification of water rights,department of agriculture division of water resources,,"Industry, Commerce, and Development",1700007873,52,2408,42,0,0,0,10,46.0,7.48,57.692307692307686,32.06995708154506
Kansas,2023-05-17,"Agency 5, Article 9",temporary permits,department of agriculture division of water resources,,"Industry, Commerce, and Development",1700007874,23,1172,23,0,0,0,0,35.0,7.08,28.125,31.6036866359447
Kansas,2023-05-17,"Agency 60, Article 1",approval of schools of nursing,kansas state board of nursing,,Health Services,1700008347,20,1744,16,1,0,0,3,28.0,7.93,11.29032258064516,39.77693208430913
Kansas,2023-05-17,"Agency 60, Article 11",advanced practice registered nurses,kansas state board of nursing,,Health Services,1700008356,54,3565,48,0,0,0,6,31.0,7.92,20.18348623853211,37.53575721153846
Kansas,2023-05-17,"Agency 60, Article 12",continuing education for mental health technicians,kansas state board of nursing,,Health Services,1700008357,11,370,9,0,0,0,2,18.0,6.62,5.263157894736842,37.60818713450293
Kansas,2023-05-17,"Agency 60, Article 13",fees registered nurse anesthetist,kansas state board of nursing,,Health Services,1700008358,29,1121,27,0,0,0,2,26.0,7.4,4.878048780487805,39.020114942528735
Kansas,2023-05-17,"Agency 60, Article 15",performance of selected nursing procedures in school settings,kansas state board of nursing,,Health Services,1700008359,21,1446,19,0,0,0,2,32.0,7.58,15.555555555555555,42.9870036101083
Kansas,2023-05-17,"Agency 60, Article 16",intravenous fluid therapy for licensed practical nurse,kansas state board of nursing,,Health Services,1700008360,44,2224,40,0,0,0,4,35.0,8.11,8.064516129032258,41.17540514775977
Kansas,2023-05-17,"Agency 60, Article 17",advanced nursing education program,kansas state board of nursing,,Health Services,1700008361,101,3599,95,1,0,0,5,36.0,8.04,14.432989690721648,40.81666666666667
Kansas,2023-05-17,"Agency 60, Article 2",requirements for approved nursing programs,kansas state board of nursing,,Health Services,1700008348,105,3930,102,0,0,0,3,34.0,8.09,18.58407079646018,39.45495856722801
Kansas,2023-05-17,"Agency 60, Article 3",requirements for licensure and standards of practice,kansas state board of nursing,,Health Services,1700008349,79,3653,67,0,0,0,12,37.0,8.45,15.463917525773196,37.86349297390307
Kansas,2023-05-17,"Agency 60, Article 4",fees,kansas state board of nursing,,Health Services,1700008350,4,432,4,0,0,0,0,95.0,5.86,0.0,49.36277602523659
Kansas,2023-05-17,"Agency 60, Article 5",approval of educational programs for mental health technicians,kansas state board of nursing,,Health Services,1700008351,9,146,8,0,0,0,1,9.0,5.84,0.0,37.39097744360903
Kansas,2023-05-17,"Agency 60, Article 6",requirements for approved programs for mental health technicians,kansas state board of nursing,,Health Services,1700008352,37,715,37,0,0,0,0,16.0,7.27,0.0,45.26093294460642
Kansas,2023-05-17,"Agency 60, Article 7",requirements for licensure and standards of practice,kansas state board of nursing,,Health Services,1700008353,41,2230,37,0,0,0,4,42.0,8.43,17.307692307692307,37.29365079365079
Kansas,2023-05-17,"Agency 60, Article 8",fees,kansas state board of nursing,,Health Services,1700008354,2,150,2,0,0,0,0,44.0,5.62,0.0,47.33
Kansas,2023-05-17,"Agency 60, Article 9",continuing education for nurses,kansas state board of nursing,,Health Services,1700008355,65,2857,57,0,0,0,8,28.0,8.11,16.0,37.40232811931612
Kansas,2023-05-17,"Agency 61, Article 1",sanitary rules and regulations governing barber shops schools and colleges and public rest rooms in connection therewith,kansas board of barber examiners,,"Industry, Commerce, and Development",1700008362,42,1132,30,2,0,8,2,30.0,7.47,41.66666666666667,31.838440111420613
Kansas,2023-05-17,"Agency 61, Article 3",schools requirements,kansas board of barber examiners,,"Industry, Commerce, and Development",1700008363,70,2254,65,1,0,0,4,32.0,7.75,19.11764705882353,32.33082352941177
Kansas,2023-05-17,"Agency 61, Article 4",issuance renewal revocation and suspension of certificates of registration,kansas board of barber examiners,,"Industry, Commerce, and Development",1700008364,8,709,8,0,0,0,0,34.0,7.34,10.0,33.03139013452915
Kansas,2023-05-17,"Agency 61, Article 5",applications,kansas board of barber examiners,,"Industry, Commerce, and Development",1700008365,1,36,1,0,0,0,0,34.0,4.58,0.0,34.09375
Kansas,2023-05-17,"Agency 61, Article 6",reciprocity,kansas board of barber examiners,,"Industry, Commerce, and Development",1700008366,4,155,4,0,0,0,0,19.0,5.99,0.0,36.55944055944056
Kansas,2023-05-17,"Agency 61, Article 7",fees,kansas board of barber examiners,,"Industry, Commerce, and Development",1700008367,6,326,6,0,0,0,0,,5.92,,34.30384615384615
Kansas,2023-05-17,"Agency 63, Article 1",embalming continuing education of embalmers and funeral directors,kansas state board of mortuary arts,,"Industry, Commerce, and Development",1700008368,74,2045,70,0,0,0,4,23.0,7.95,13.79310344827586,35.00461301896463
Kansas,2023-05-17,"Agency 63, Article 2",funeral directing,kansas state board of mortuary arts,,"Industry, Commerce, and Development",1700008369,73,1859,68,0,0,0,5,34.0,7.49,20.37037037037037,35.907887161773175
Kansas,2023-05-17,"Agency 63, Article 3",preparation and transportation of bodies burial in mausoleums and funeral establishments,kansas state board of mortuary arts,,"Industry, Commerce, and Development",1700008370,81,2982,77,0,0,0,4,30.0,8.17,21.052631578947366,36.24728546409808
Kansas,2023-05-17,"Agency 63, Article 4",fees,kansas state board of mortuary arts,,"Industry, Commerce, and Development",1700008371,1,187,1,0,0,0,0,,5.01,,52.49324324324324
Kansas,2023-05-17,"Agency 63, Article 5",administrative hearings and disciplinary action,kansas state board of mortuary arts,,"Industry, Commerce, and Development",1700008372,5,1056,5,0,0,0,0,74.0,7.97,14.285714285714285,37.94829268292683
Kansas,2023-05-17,"Agency 63, Article 6",continuing education,kansas state board of mortuary arts,,"Industry, Commerce, and Development",1700008373,27,1115,25,0,0,0,2,29.0,7.45,21.62162162162162,36.92314901593252
Kansas,2023-05-17,"Agency 63, Article 7",crematories,kansas state board of mortuary arts,,"Industry, Commerce, and Development",1700008374,79,2546,77,0,0,0,2,24.0,7.92,4.901960784313726,33.195302843016066
Kansas,2023-05-17,"Agency 65, Article 10",maintaining an office,state board of examiners in optometry,,Health Services,1700008379,8,411,8,0,0,0,0,40.0,6.38,50.0,37.768844221105525
Kansas,2023-05-17,"Agency 65, Article 11",advertising,state board of examiners in optometry,,Health Services,1700008380,6,399,6,0,0,0,0,98.0,6.76,,38.53846153846154
Kansas,2023-05-17,"Agency 65, Article 4",general provisions,state board of examiners in optometry,,Health Services,1700008375,13,1622,11,0,0,0,2,40.0,8.36,10.0,40.40359897172237
Kansas,2023-05-17,"Agency 65, Article 5",licenses,state board of examiners in optometry,,Health Services,1700008376,51,2041,45,0,0,0,6,32.0,7.97,30.15873015873016,36.36504653567735
Kansas,2023-05-17,"Agency 65, Article 8",minimum standards for ophthalmic services,state board of examiners in optometry,,Health Services,1700008377,17,953,16,0,0,0,1,52.0,7.31,27.77777777777778,40.05154639175258
Kansas,2023-05-17,"Agency 65, Article 9",trade names,state board of examiners in optometry,,Health Services,1700008378,16,838,16,0,0,0,0,41.0,6.81,60.0,29.379652605459057
Kansas,2023-05-17,"Agency 66, Article 10",experience,state board of technical professions,,"Industry, Commerce, and Development",1700008385,76,2148,60,0,0,0,16,23.0,7.14,6.741573033707865,39.954314720812185
Kansas,2023-05-17,"Agency 66, Article 11",intern certification and admission to the fundamentals examination,state board of technical professions,,"Industry, Commerce, and Development",1700008386,9,482,9,0,0,0,0,20.0,6.1,0.0,39.53738317757009
Kansas,2023-05-17,"Agency 66, Article 12",minimum standards for the practice of professional surveying,state board of technical professions,,"Industry, Commerce, and Development",1700008387,0,46,0,0,0,0,0,44.0,4.68,0.0,43.46341463414634
Kansas,2023-05-17,"Agency 66, Article 13",administrative procedures,state board of technical professions,,"Industry, Commerce, and Development",1700008388,5,238,3,1,0,0,1,29.0,6.2,12.5,41.67567567567568
Kansas,2023-05-17,"Agency 66, Article 14",continuing education requirements,state board of technical professions,,"Industry, Commerce, and Development",1700008389,48,1726,42,0,0,0,6,28.0,7.83,10.16949152542373,40.26904176904177
Kansas,2023-05-17,"Agency 66, Article 15",fees,state board of technical professions,,"Industry, Commerce, and Development",1700008390,2,158,2,0,0,0,0,,5.41,0.0,43.46616541353384
Kansas,2023-05-17,"Agency 66, Article 6",professional practice,state board of technical professions,,"Industry, Commerce, and Development",1700008381,73,2562,65,0,0,0,8,32.0,8.21,30.37974683544304,34.82821341956346
Kansas,2023-05-17,"Agency 66, Article 7",applications,state board of technical professions,,"Industry, Commerce, and Development",1700008382,11,715,11,0,0,0,0,31.0,7.27,31.818181818181817,35.191553544494724
Kansas,2023-05-17,"Agency 66, Article 8",examinations,state board of technical professions,,"Industry, Commerce, and Development",1700008383,33,873,22,0,0,0,11,27.0,6.68,25.806451612903224,43.498194945848375
Kansas,2023-05-17,"Agency 66, Article 9",education,state board of technical professions,,"Industry, Commerce, and Development",1700008384,5,664,5,0,0,0,0,49.0,6.77,46.15384615384615,41.54326923076923
Kansas,2023-05-17,"Agency 67, Article 1",application for license,kansas board of examiners in fitting and dispensing of hearing instruments,,Health Services,1700008391,6,177,6,0,0,0,0,21.0,6.04,37.5,31.858895705521476
Kansas,2023-05-17,"Agency 67, Article 2",examinations,kansas board of examiners in fitting and dispensing of hearing instruments,,Health Services,1700008392,10,204,9,0,0,0,1,15.0,5.71,15.384615384615383,39.52910052910053
Kansas,2023-05-17,"Agency 67, Article 3",duties of sponsors of temporary licensees,kansas board of examiners in fitting and dispensing of hearing instruments,,Health Services,1700008393,9,287,9,0,0,0,0,25.0,6.13,9.090909090909092,38.278810408921935
Kansas,2023-05-17,"Agency 67, Article 4",educational requirements,kansas board of examiners in fitting and dispensing of hearing instruments,,Health Services,1700008394,10,322,10,0,0,0,0,21.0,6.33,7.142857142857142,37.80743243243244
Kansas,2023-05-17,"Agency 67, Article 5",renewals,kansas board of examiners in fitting and dispensing of hearing instruments,,Health Services,1700008395,3,281,3,0,0,0,0,25.0,5.98,10.0,42.10087719298246
Kansas,2023-05-17,"Agency 67, Article 6",unethical conduct,kansas board of examiners in fitting and dispensing of hearing instruments,,Health Services,1700008396,8,356,8,0,0,0,0,59.0,7.04,16.666666666666664,38.08022922636104
Kansas,2023-05-17,"Agency 67, Article 7",calibration of audiometric equipment,kansas board of examiners in fitting and dispensing of hearing instruments,,Health Services,1700008397,7,202,3,0,0,0,4,39.0,6.03,0.0,35.81283422459893
Kansas,2023-05-17,"Agency 67, Article 8",filing and investigation of charges,kansas board of examiners in fitting and dispensing of hearing instruments,,Health Services,1700008398,5,148,5,0,0,0,0,24.0,5.48,16.666666666666664,30.170212765957448
Kansas,2023-05-17,"Agency 67, Article 9",suspension or revocation proceedings,kansas board of examiners in fitting and dispensing of hearing instruments,,Health Services,1700008399,7,141,7,0,0,0,0,27.0,5.29,0.0,29.291044776119403
Kansas,2023-05-17,"Agency 68, Article 1",registration and examination of pharmacists,kansas state board of pharmacy,,Health Services,1700008400,43,1504,35,0,0,0,8,31.0,7.69,15.217391304347828,36.155196629213485
Kansas,2023-05-17,"Agency 68, Article 11",fees,kansas state board of pharmacy,,Health Services,1700008407,48,603,48,0,0,0,0,16.0,5.68,0.0,38.78714859437751
Kansas,2023-05-17,"Agency 68, Article 12",resale of medication,kansas state board of pharmacy,,Health Services,1700008408,1,57,1,0,0,0,0,54.0,4.65,,36.64814814814815
Kansas,2023-05-17,"Agency 68, Article 13",parenteral products,kansas state board of pharmacy,,Health Services,1700008409,123,6698,118,0,0,1,4,37.0,8.86,33.52272727272727,40.98946226561289
Kansas,2023-05-17,"Agency 68, Article 14",wholesale distributors,kansas state board of pharmacy,,Health Services,1700008410,148,6960,145,0,0,0,3,34.0,8.35,21.782178217821784,40.219985196151
Kansas,2023-05-17,"Agency 68, Article 15",nonprescription wholesale distributors,kansas state board of pharmacy,,Health Services,1700008411,3,180,2,0,0,0,1,43.0,5.89,25.0,46.8502994011976
Kansas,2023-05-17,"Agency 68, Article 18",utilization of unused medications,kansas state board of pharmacy,,Health Services,1700008412,20,1023,20,0,0,0,0,36.0,6.66,10.714285714285714,34.97859327217125
Kansas,2023-05-17,"Agency 68, Article 19",continuous quality assurance programs,kansas state board of pharmacy,,Health Services,1700008413,1,155,1,0,0,0,0,,5.69,0.0,35.027027027027025
Kansas,2023-05-17,"Agency 68, Article 2",drugstores,kansas state board of pharmacy,,Health Services,1700008401,47,1998,37,0,0,0,10,46.0,8.1,42.85714285714285,40.784375
Kansas,2023-05-17,"Agency 68, Article 20",controlled substances,kansas state board of pharmacy,,Health Services,1700008414,215,9843,191,0,0,0,24,31.0,8.74,31.18971061093248,38.66705397697264
Kansas,2023-05-17,"Agency 68, Article 21",prescription monitoring program,kansas state board of pharmacy,,Health Services,1700008415,60,3310,56,0,0,0,4,28.0,8.02,25.663716814159294,37.24433249370277
Kansas,2023-05-17,"Agency 68, Article 22",electronic supervision of medical care facility s pharmacy personnel,kansas state board of pharmacy,,Health Services,1700008416,27,985,25,0,0,0,2,30.0,6.6,15.625,40.92887029288703
Kansas,2023-05-17,"Agency 68, Article 3",retail dealer s permit,kansas state board of pharmacy,,Health Services,1700008402,6,192,2,0,0,0,4,46.0,6.01,25.0,31.53333333333333
Kansas,2023-05-17,"Agency 68, Article 5",general rules,kansas state board of pharmacy,,Health Services,1700008403,36,1494,29,0,0,0,7,37.0,7.61,2.564102564102564,39.74444444444445
Kansas,2023-05-17,"Agency 68, Article 7",miscellaneous provisions,kansas state board of pharmacy,,Health Services,1700008404,210,9043,199,0,0,0,11,36.0,8.56,25.311203319502077,38.304904538698985
Kansas,2023-05-17,"Agency 68, Article 8",advertising,kansas state board of pharmacy,,Health Services,1700008405,1,28,1,0,0,0,0,26.0,4.09,0.0,36.96
Kansas,2023-05-17,"Agency 68, Article 9",automated prescription systems,kansas state board of pharmacy,,Health Services,1700008406,33,2446,28,0,0,0,5,48.0,7.8,30.612244897959183,38.76111111111111
Kansas,2023-05-17,"Agency 69, Article 1",licensing and qualifications of cosmetologists,kansas board of cosmetology,,"Industry, Commerce, and Development",1700008417,16,662,12,0,0,0,4,34.0,7.18,21.052631578947366,38.53015873015873
Kansas,2023-05-17,"Agency 69, Article 11",fees,kansas board of cosmetology,,"Industry, Commerce, and Development",1700008422,2,255,2,0,0,0,0,,4.96,0.0,56.33701657458563
Kansas,2023-05-17,"Agency 69, Article 12",tanning facilities,kansas board of cosmetology,,"Industry, Commerce, and Development",1700008423,43,1228,42,0,0,0,1,24.0,7.38,6.25,35.35149384885764
Kansas,2023-05-17,"Agency 69, Article 13",inspections,kansas board of cosmetology,,"Industry, Commerce, and Development",1700008424,7,376,7,0,0,0,0,26.0,6.46,28.57142857142857,39.19770773638969
Kansas,2023-05-17,"Agency 69, Article 14",continuing education for cosmetologists and other licensees,kansas board of cosmetology,,"Industry, Commerce, and Development",1700008425,36,1238,30,0,0,0,6,26.0,7.44,10.869565217391305,36.22898799313894
Kansas,2023-05-17,"Agency 69, Article 15",tattooing body piercing and permanent cosmetics,kansas board of cosmetology,,"Industry, Commerce, and Development",1700008426,207,7252,187,0,0,6,14,30.0,9.19,17.67241379310345,36.69567740063824
Kansas,2023-05-17,"Agency 69, Article 3",schools,kansas board of cosmetology,,"Industry, Commerce, and Development",1700008418,28,1213,28,0,0,0,0,34.0,7.43,14.705882352941178,32.41969831410825
Kansas,2023-05-17,"Agency 69, Article 4",students,kansas board of cosmetology,,"Industry, Commerce, and Development",1700008419,6,178,5,0,0,0,1,25.0,5.34,0.0,31.036363636363635
Kansas,2023-05-17,"Agency 69, Article 5",shop apprentices,kansas board of cosmetology,,"Industry, Commerce, and Development",1700008420,9,369,9,0,0,0,0,32.0,6.5,0.0,36.92261904761905
Kansas,2023-05-17,"Agency 69, Article 6",beauty shops,kansas board of cosmetology,,"Industry, Commerce, and Development",1700008421,6,173,6,0,0,0,0,28.0,5.79,33.33333333333333,38.31446540880504
Kansas,2023-05-17,"Agency 6, Article 1",apportionment of election expenses,state election board,,Administration,1700007899,9,275,8,0,0,0,1,18.0,6.07,20.0,36.66538461538462
Kansas,2023-05-17,"Agency 70, Article 1",definitions,kansas board of veterinary medical examiners,,"Industry, Commerce, and Development",1700008427,3,259,3,0,0,0,0,27.0,6.7,11.11111111111111,39.97071129707113
Kansas,2023-05-17,"Agency 70, Article 10",fines,kansas board of veterinary medical examiners,,"Industry, Commerce, and Development",1700008435,13,589,11,0,0,0,2,48.0,6.62,16.666666666666664,30.29802513464991
Kansas,2023-05-17,"Agency 70, Article 3",examinations,kansas board of veterinary medical examiners,,"Industry, Commerce, and Development",1700008428,5,170,5,0,0,0,0,27.0,5.87,16.666666666666664,38.44871794871795
Kansas,2023-05-17,"Agency 70, Article 4",applications,kansas board of veterinary medical examiners,,"Industry, Commerce, and Development",1700008429,24,1775,20,0,0,0,4,30.0,8.02,12.06896551724138,40.26939266386049
Kansas,2023-05-17,"Agency 70, Article 5",fees,kansas board of veterinary medical examiners,,"Industry, Commerce, and Development",1700008430,1,132,1,0,0,0,0,,5.09,,54.59
Kansas,2023-05-17,"Agency 70, Article 6",minimum standards for veterinary premises sanitary conditions and physical plant,kansas board of veterinary medical examiners,,"Industry, Commerce, and Development",1700008431,85,1312,82,0,0,0,3,14.0,7.87,12.087912087912088,37.191588785046726
Kansas,2023-05-17,"Agency 70, Article 7",standards of veterinary practice,kansas board of veterinary medical examiners,,"Industry, Commerce, and Development",1700008432,41,1297,38,0,0,0,3,24.0,7.49,24.074074074074076,40.8056206088993
Kansas,2023-05-17,"Agency 70, Article 8",unprofessional conduct,kansas board of veterinary medical examiners,,"Industry, Commerce, and Development",1700008433,5,1053,3,0,0,0,2,,8.07,,40.41860465116279
Kansas,2023-05-17,"Agency 70, Article 9",impairment,kansas board of veterinary medical examiners,,"Industry, Commerce, and Development",1700008434,10,314,9,0,0,0,1,24.0,6.11,23.07692307692308,35.63725490196079
Kansas,2023-05-17,"Agency 71, Article 1",general rules,kansas dental board,,Health Services,1700008436,78,2800,72,0,0,0,6,28.0,8.65,29.59183673469388,34.72954128440367
Kansas,2023-05-17,"Agency 71, Article 10",practice of dental hygiene by a dental hygiene student,kansas dental board,,Health Services,1700008445,15,771,15,0,0,0,0,40.0,6.63,15.789473684210526,39.43530997304583
Kansas,2023-05-17,"Agency 71, Article 11",miscellaneous provisions,kansas dental board,,Health Services,1700008446,1,89,1,0,0,0,0,87.0,5.22,,39.45348837209303
Kansas,2023-05-17,"Agency 71, Article 2",specialists,kansas dental board,,Health Services,1700008437,8,912,7,0,0,0,1,39.0,7.46,4.3478260869565215,43.936312849162015
Kansas,2023-05-17,"Agency 71, Article 3",dental hygienists,kansas dental board,,Health Services,1700008438,24,958,19,0,1,2,2,26.0,7.2,16.666666666666664,37.025442477876105
Kansas,2023-05-17,"Agency 71, Article 4",continuing education requirements,kansas dental board,,Health Services,1700008439,30,1066,22,0,0,0,8,29.0,7.2,8.333333333333332,37.63945578231292
Kansas,2023-05-17,"Agency 71, Article 5",sedative and general anaesthesia,kansas dental board,,Health Services,1700008440,71,4368,61,0,0,0,10,46.0,8.12,30.107526881720432,37.375451263537904
Kansas,2023-05-17,"Agency 71, Article 6",dental auxiliaries,kansas dental board,,Health Services,1700008441,10,704,8,0,0,0,2,38.0,7.31,22.22222222222222,40.8018018018018
Kansas,2023-05-17,"Agency 71, Article 7",advertising,kansas dental board,,Health Services,1700008442,1,86,1,0,0,0,0,84.0,4.93,0.0,39.19277108433735
Kansas,2023-05-17,"Agency 71, Article 8",mobile dental facilities and portable dental operations,kansas dental board,,Health Services,1700008443,36,1506,34,0,0,0,2,35.0,7.14,30.952380952380956,36.05751905751906
Kansas,2023-05-17,"Agency 71, Article 9",practice of dentistry by a dental student,kansas dental board,,Health Services,1700008444,15,574,14,0,0,0,1,33.0,6.67,11.76470588235294,39.34489051094891
Kansas,2023-05-17,"Agency 74, Article 1",examinations,board of accountancy,,"Industry, Commerce, and Development",1700008447,19,1285,16,0,0,0,3,47.0,7.18,44.44444444444444,35.97743755036261
Kansas,2023-05-17,"Agency 74, Article 10",licensed municipal public accountants,board of accountancy,,"Industry, Commerce, and Development",1700008454,5,260,5,0,0,0,0,51.0,6.42,0.0,30.056910569105693
Kansas,2023-05-17,"Agency 74, Article 11",peer review program,board of accountancy,,"Industry, Commerce, and Development",1700008455,19,723,17,0,0,0,2,30.0,6.64,17.391304347826086,32.02170767004341
Kansas,2023-05-17,"Agency 74, Article 12",fees,board of accountancy,,"Industry, Commerce, and Development",1700008456,1,241,1,0,0,0,0,,5.71,,31.45128205128205
Kansas,2023-05-17,"Agency 74, Article 15",uniform accountancy act,board of accountancy,,"Industry, Commerce, and Development",1700008457,1,61,1,0,0,0,0,30.0,4.85,0.0,35.8235294117647
Kansas,2023-05-17,"Agency 74, Article 2",cpa exam application and education requirements,board of accountancy,,"Industry, Commerce, and Development",1700008448,23,913,19,1,0,0,3,35.0,7.38,12.0,38.30221703617269
Kansas,2023-05-17,"Agency 74, Article 3",issuance of certificates,board of accountancy,,"Industry, Commerce, and Development",1700008449,2,40,1,0,0,0,1,38.0,4.4,0.0,43.02777777777778
Kansas,2023-05-17,"Agency 74, Article 4",permits to practice and continuing professional education requirements,board of accountancy,,"Industry, Commerce, and Development",1700008450,68,2771,53,0,0,0,15,33.0,7.99,19.753086419753085,36.65196078431372
Kansas,2023-05-17,"Agency 74, Article 5",code of professional conduct,board of accountancy,,"Industry, Commerce, and Development",1700008451,47,3334,43,0,0,1,3,33.0,7.82,19.791666666666664,40.173173173173176
Kansas,2023-05-17,"Agency 74, Article 6",additional offices,board of accountancy,,"Industry, Commerce, and Development",1700008452,3,304,3,0,0,0,0,29.0,6.4,0.0,32.49826989619377
Kansas,2023-05-17,"Agency 74, Article 7",firm registration,board of accountancy,,"Industry, Commerce, and Development",1700008453,4,380,4,0,0,0,0,27.0,6.62,15.384615384615383,30.75358166189112
Kansas,2023-05-17,"Agency 75, Article 6",uniform consumer credit code,state bank commissioner consumer and mortgage lending division,,"Banking, Insurance, and Securities",1700008458,73,4107,61,1,0,0,11,51.0,8.64,21.7948717948718,36.04842864502834
Kansas,2023-05-17,"Agency 7, Article 16",fees,secretary of state,,Administration,1700007900,2,100,2,0,0,0,0,48.0,4.78,0.0,36.62222222222222
Kansas,2023-05-17,"Agency 7, Article 17",uniform commercial code,secretary of state,,Administration,1700007901,128,4438,126,0,0,0,2,26.0,7.92,28.04878048780488,30.723424270931325
Kansas,2023-05-17,"Agency 7, Article 20",changing hours of elections,secretary of state,,Administration,1700007902,4,120,2,0,0,0,2,21.0,5.41,20.0,22.01960784313725
Kansas,2023-05-17,"Agency 7, Article 21",voting machines,secretary of state,,Administration,1700007903,34,900,33,0,0,0,1,27.0,7.04,12.12121212121212,32.39908256880734
Kansas,2023-05-17,"Agency 7, Article 23",voter registration,secretary of state,,Administration,1700007904,45,1771,35,1,0,0,9,32.0,7.45,50.943396226415096,37.21578947368421
Kansas,2023-05-17,"Agency 7, Article 24",supplies for voting places,secretary of state,,Administration,1700007905,14,479,11,0,0,0,3,27.0,6.75,11.76470588235294,34.90384615384615
Kansas,2023-05-17,"Agency 7, Article 25",abstracts of votes cast,secretary of state,,Administration,1700007906,4,144,3,1,0,0,0,27.0,5.93,0.0,30.90714285714286
Kansas,2023-05-17,"Agency 7, Article 26",certificates of nomination and election,secretary of state,,Administration,1700007907,2,284,2,0,0,0,0,42.0,5.89,0.0,29.077490774907748
Kansas,2023-05-17,"Agency 7, Article 27",party affiliation,secretary of state,,Administration,1700007908,8,252,8,0,0,0,0,31.0,5.73,37.5,33.21224489795918
Kansas,2023-05-17,"Agency 7, Article 28",sufficiency of petitions,secretary of state,,Administration,1700007909,7,266,7,0,0,0,0,38.0,5.7,,35.80608365019011
Kansas,2023-05-17,"Agency 7, Article 29",ballots,secretary of state,,Administration,1700007910,5,183,4,0,0,0,1,25.0,5.97,57.14285714285714,29.190751445086704
Kansas,2023-05-17,"Agency 7, Article 33",information fees,secretary of state,,Administration,1700007911,4,153,4,0,0,0,0,20.0,6.03,28.57142857142857,35.19047619047619
Kansas,2023-05-17,"Agency 7, Article 34",corporation filing fees,secretary of state,,Administration,1700007912,1,139,1,0,0,0,0,,5.8,0.0,43.5462962962963
Kansas,2023-05-17,"Agency 7, Article 36",absentee and advance voting,secretary of state,,Administration,1700007913,44,1979,40,0,0,0,4,29.0,7.27,46.96969696969697,34.84297082228117
Kansas,2023-05-17,"Agency 7, Article 37",motor voter,secretary of state,,Administration,1700007914,5,174,5,0,0,0,0,34.0,5.54,20.0,37.20118343195266
Kansas,2023-05-17,"Agency 7, Article 38",national voter registration act,secretary of state,,Administration,1700007915,5,223,5,0,0,0,0,36.0,5.62,,35.04587155963303
Kansas,2023-05-17,"Agency 7, Article 39",uniform partnership act,secretary of state,,Administration,1700007916,3,142,3,0,0,0,0,70.0,5.47,50.0,40.86206896551724
Kansas,2023-05-17,"Agency 7, Article 40",revised kansas trademark act,secretary of state,,Administration,1700007917,1,72,1,0,0,0,0,34.0,4.82,0.0,35.125
Kansas,2023-05-17,"Agency 7, Article 41",kansas uniform electronic transactions act,secretary of state,,Administration,1700007918,38,2965,33,0,0,0,5,37.0,7.88,23.07692307692308,42.40246913580247
Kansas,2023-05-17,"Agency 7, Article 42",charitable organizations,secretary of state,,Administration,1700007919,18,731,16,0,0,0,2,40.0,6.41,16.666666666666664,41.59451659451659
Kansas,2023-05-17,"Agency 7, Article 43",notaries public,secretary of state,,Administration,1700007920,104,4524,91,1,0,1,11,42.0,7.87,38.095238095238095,37.15314285714286
Kansas,2023-05-17,"Agency 7, Article 44",address confidentialty program,secretary of state,,Administration,1700007921,24,1136,23,0,0,0,1,32.0,7.11,25.71428571428571,39.053016453382085
Kansas,2023-05-17,"Agency 7, Article 45",election board workers,secretary of state,,Administration,1700007922,9,404,9,0,0,0,0,30.0,6.4,15.384615384615383,33.142857142857146
Kansas,2023-05-17,"Agency 7, Article 46",photographic identification requirements,secretary of state,,Administration,1700007923,20,991,20,0,0,0,0,31.0,6.8,58.06451612903226,36.964693665628246
Kansas,2023-05-17,"Agency 7, Article 47",audits,secretary of state,,Administration,1700007924,15,426,15,0,0,0,0,21.0,6.52,10.526315789473683,32.958333333333336
Kansas,2023-05-17,"Agency 7, Article 48",vote centers,secretary of state,,Administration,1700007925,33,1574,30,0,0,0,3,42.0,7.28,24.324324324324326,31.91699346405229
Kansas,2023-05-17,"Agency 80, Article 1",membership,kansas public employees retirement system,,Administration,1700008459,24,1226,21,0,0,0,3,30.0,6.88,13.157894736842104,33.42932396839333
Kansas,2023-05-17,"Agency 80, Article 2",multiple enrollment,kansas public employees retirement system,,Administration,1700008460,21,659,20,0,0,0,1,27.0,6.73,29.166666666666668,38.359746434231376
Kansas,2023-05-17,"Agency 80, Article 3",credit and breaks in service,kansas public employees retirement system,,Administration,1700008461,34,1248,31,1,0,0,2,28.0,7.4,33.33333333333333,34.87055837563452
Kansas,2023-05-17,"Agency 80, Article 4",members accounts,kansas public employees retirement system,,Administration,1700008462,4,106,3,0,0,0,1,26.0,5.45,25.0,42.56565656565657
Kansas,2023-05-17,"Agency 80, Article 45",state school retirement system retirement credit,kansas public employees retirement system,,Administration,1700008468,7,260,4,1,0,0,2,27.0,6.28,66.66666666666666,32.869198312236286
Kansas,2023-05-17,"Agency 80, Article 5",retirement,kansas public employees retirement system,,Administration,1700008463,48,2232,46,0,0,0,2,33.0,7.98,28.78787878787879,33.18382000957396
Kansas,2023-05-17,"Agency 80, Article 50",police and firemen general,kansas public employees retirement system,,Administration,1700008469,21,691,21,0,0,0,0,28.0,6.95,13.043478260869565,34.87365177195686
Kansas,2023-05-17,"Agency 80, Article 51",police and firemen membership,kansas public employees retirement system,,Administration,1700008470,3,153,3,0,0,0,0,36.0,5.82,25.0,32.03496503496503
Kansas,2023-05-17,"Agency 80, Article 53",police and firemen credit and breaks in service,kansas public employees retirement system,,Administration,1700008471,1,109,1,0,0,0,0,36.0,4.79,0.0,29.14851485148515
Kansas,2023-05-17,"Agency 80, Article 55",police and firemen retirement,kansas public employees retirement system,,Administration,1700008472,10,274,10,0,0,0,0,30.0,5.79,33.33333333333333,32.99250936329588
Kansas,2023-05-17,"Agency 80, Article 6",actuarial tables,kansas public employees retirement system,,Administration,1700008464,3,285,3,0,0,0,0,29.0,6.21,22.22222222222222,31.80544747081712
Kansas,2023-05-17,"Agency 80, Article 7",insurance,kansas public employees retirement system,,Administration,1700008465,12,474,12,0,0,0,0,31.0,6.35,33.33333333333333,31.234782608695653
Kansas,2023-05-17,"Agency 80, Article 8",board election,kansas public employees retirement system,,Administration,1700008466,61,1506,59,0,1,0,1,19.0,7.46,6.578947368421052,30.554476058292853
Kansas,2023-05-17,"Agency 80, Article 9",investments,kansas public employees retirement system,,Administration,1700008467,10,261,10,0,0,0,0,20.0,5.81,0.0,35.70464135021097
Kansas,2023-05-17,"Agency 81, Article 1",definitions of terms,office of the securities commissioner,,"Banking, Insurance, and Securities",1700008473,4,1753,4,0,0,0,0,36.0,8.14,27.659574468085108,37.70623501199041
Kansas,2023-05-17,"Agency 81, Article 10",advertising,office of the securities commissioner,,"Banking, Insurance, and Securities",1700008480,8,328,8,0,0,0,0,27.0,6.65,33.33333333333333,42.678233438485805
Kansas,2023-05-17,"Agency 81, Article 11",administrative procedure,office of the securities commissioner,,"Banking, Insurance, and Securities",1700008481,29,1298,27,0,0,0,2,28.0,7.48,54.54545454545454,34.29554655870445
Kansas,2023-05-17,"Agency 81, Article 14",investment advisers and investment adviser representatives,office of the securities commissioner,,"Banking, Insurance, and Securities",1700008482,351,15579,266,0,0,7,78,32.0,8.74,26.53927813163482,38.04866196245506
Kansas,2023-05-17,"Agency 81, Article 2",filing fees and forms,office of the securities commissioner,,"Banking, Insurance, and Securities",1700008474,3,854,3,0,0,0,0,21.0,7.15,8.571428571428571,32.375
Kansas,2023-05-17,"Agency 81, Article 3",licensing broker dealers and agents,office of the securities commissioner,,"Banking, Insurance, and Securities",1700008475,148,7690,128,0,0,7,13,29.0,8.88,24.497991967871485,37.16618950238582
Kansas,2023-05-17,"Agency 81, Article 4",registration of securities,office of the securities commissioner,,"Banking, Insurance, and Securities",1700008476,24,1050,17,0,0,0,7,25.0,7.3,30.0,36.86625514403292
Kansas,2023-05-17,"Agency 81, Article 5",exemptions,office of the securities commissioner,,"Banking, Insurance, and Securities",1700008477,121,7897,119,0,0,0,2,31.0,8.73,24.390243902439025,35.132549438802776
Kansas,2023-05-17,"Agency 81, Article 6",prospectus,office of the securities commissioner,,"Banking, Insurance, and Securities",1700008478,6,309,4,0,0,0,2,17.0,6.02,23.52941176470588,37.71071428571429
Kansas,2023-05-17,"Agency 81, Article 7",policy relating to registration,office of the securities commissioner,,"Banking, Insurance, and Securities",1700008479,24,1499,22,0,0,0,2,39.0,7.32,32.432432432432435,40.412884333821374
Kansas,2023-05-17,"Agency 82, Article 1",rules of practice and procedure,kansas corporation commission,,"Industry, Commerce, and Development",1700008483,500,19129,456,0,1,1,42,26.0,9.27,22.85318559556787,35.91611228297907
Kansas,2023-05-17,"Agency 82, Article 10",oil and natural gas liquid pipelines,kansas corporation commission,,"Industry, Commerce, and Development",1700008490,21,834,19,0,1,0,1,28.0,7.37,10.344827586206897,34.18124207858048
Kansas,2023-05-17,"Agency 82, Article 11",natural gas pipeline safety,kansas corporation commission,,"Industry, Commerce, and Development",1700008491,287,11600,256,6,0,4,21,23.0,8.86,16.80672268907563,34.18427678821225
Kansas,2023-05-17,"Agency 82, Article 12",wire stringing rules,kansas corporation commission,,"Industry, Commerce, and Development",1700008492,29,1588,24,0,0,0,5,32.0,7.72,27.08333333333333,39.38818845388189
Kansas,2023-05-17,"Agency 82, Article 13",telecommunications,kansas corporation commission,,"Industry, Commerce, and Development",1700008493,42,1283,36,2,0,0,4,31.0,6.69,24.390243902439025,38.72106109324759
Kansas,2023-05-17,"Agency 82, Article 14",kansas underground utility damage prevention act,kansas corporation commission,,"Industry, Commerce, and Development",1700008494,79,4731,74,0,0,0,5,35.0,8.25,31.29770992366413,34.70053595355069
Kansas,2023-05-17,"Agency 82, Article 15",video service authorization,kansas corporation commission,,"Industry, Commerce, and Development",1700008495,18,531,18,0,0,0,0,31.0,6.29,23.52941176470588,36.927565392354126
Kansas,2023-05-17,"Agency 82, Article 16",electric utility renewable energy standards,kansas corporation commission,,"Industry, Commerce, and Development",1700008496,36,1986,31,0,0,0,5,31.0,7.85,25.806451612903224,34.700998423541776
Kansas,2023-05-17,"Agency 82, Article 17",net metering,kansas corporation commission,,"Industry, Commerce, and Development",1700008497,21,1367,18,0,0,0,3,36.0,7.64,13.88888888888889,36.99537393986122
Kansas,2023-05-17,"Agency 82, Article 3",production and conservation of oil and gas,kansas corporation commission,,"Industry, Commerce, and Development",1700008484,1941,72931,1754,1,2,9,175,27.0,9.53,18.188736681887367,34.701635841238215
Kansas,2023-05-17,"Agency 82, Article 4",motor carriers of persons and property,kansas corporation commission,,"Industry, Commerce, and Development",1700008485,1161,35408,1121,7,0,0,33,16.0,8.54,6.744421906693712,30.58472623413716
Kansas,2023-05-17,"Agency 82, Article 5",railroad safety,kansas corporation commission,,"Industry, Commerce, and Development",1700008486,62,2885,53,6,2,0,1,44.0,8.27,44.61538461538462,33.63010673536989
Kansas,2023-05-17,"Agency 82, Article 6",suppression of diesel locomotive originated fires on railroad right of way,kansas corporation commission,,"Industry, Commerce, and Development",1700008487,10,465,10,0,0,0,0,32.0,6.91,14.285714285714285,29.09480812641084
Kansas,2023-05-17,"Agency 82, Article 8",siting of nuclear generation facilities,kansas corporation commission,,"Industry, Commerce, and Development",1700008488,41,2303,32,0,0,0,9,70.0,8.32,25.0,38.10095497953616
Kansas,2023-05-17,"Agency 82, Article 9",railroad rates,kansas corporation commission,,"Industry, Commerce, and Development",1700008489,129,6502,124,1,2,1,1,25.0,8.56,28.62903225806452,34.553793328973185
Kansas,2023-05-17,"Agency 84, Article 1",general provisions,public employee relations board,,Labor and Workforce Development,1700008498,13,545,12,0,0,0,1,19.0,6.85,25.0,32.532442748091604
Kansas,2023-05-17,"Agency 84, Article 2",procedure,public employee relations board,,Labor and Workforce Development,1700008499,124,4465,112,6,0,0,6,25.0,8.32,24.85549132947977,31.63967889908257
Kansas,2023-05-17,"Agency 84, Article 3",prohibited practices,public employee relations board,,Labor and Workforce Development,1700008500,18,802,13,0,0,5,0,23.0,7.13,20.588235294117645,30.891503267973857
Kansas,2023-05-17,"Agency 84, Article 4",local government procedures,public employee relations board,,Labor and Workforce Development,1700008501,27,1527,21,5,0,0,1,24.0,7.43,14.516129032258066,34.6382252559727
Kansas,2023-05-17,"Agency 84, Article 5",impasse,public employee relations board,,Labor and Workforce Development,1700008502,0,51,0,0,0,0,0,49.0,4.63,,31.375
Kansas,2023-05-17,"Agency 85, Article 3",abstract bonds,abstracters board of examiners,,"Industry, Commerce, and Development",1700008503,1,47,1,0,0,0,0,43.0,4.48,0.0,28.21951219512195
Kansas,2023-05-17,"Agency 85, Article 4",license fee,abstracters board of examiners,,"Industry, Commerce, and Development",1700008504,1,18,1,0,0,0,0,15.0,3.66,0.0,28.07692307692308
Kansas,2023-05-17,"Agency 85, Article 6",insurance,abstracters board of examiners,,"Industry, Commerce, and Development",1700008505,2,74,2,0,0,0,0,35.0,4.98,0.0,28.85074626865672
Kansas,2023-05-17,"Agency 85, Article 7",examination fees,abstracters board of examiners,,"Industry, Commerce, and Development",1700008506,2,40,2,0,0,0,0,18.0,4.18,50.0,29.696969696969692
Kansas,2023-05-17,"Agency 86, Article 1",examination and registration,kansas real estate commission,,"Industry, Commerce, and Development",1700008507,65,2794,61,0,0,0,4,24.0,7.69,6.306306306306306,35.283141762452104
Kansas,2023-05-17,"Agency 86, Article 3",persons holding licenses duties,kansas real estate commission,,"Industry, Commerce, and Development",1700008508,53,3118,47,0,0,0,6,37.0,8.02,23.170731707317078,36.61650321271559
Kansas,2023-05-17,"Agency 88, Article 12",guidelines for participation in the regents voluntary phased retirement program,kansas board of regents,,College and University,1700008515,17,536,17,0,0,0,0,36.0,6.61,28.57142857142857,39.02605210420842
Kansas,2023-05-17,"Agency 88, Article 13",student assistance programs,kansas board of regents,,College and University,1700008516,40,1789,29,0,0,0,11,33.0,7.82,25.0,35.84101654846336
Kansas,2023-05-17,"Agency 88, Article 14",community resource program,kansas board of regents,,College and University,1700008517,26,475,23,0,0,0,3,27.0,6.81,5.88235294117647,40.41394335511983
Kansas,2023-05-17,"Agency 88, Article 17",waiver of fees or tuition for selected rotc members,kansas board of regents,,College and University,1700008518,9,340,8,0,0,0,1,47.0,6.07,14.285714285714285,37.75692307692308
Kansas,2023-05-17,"Agency 88, Article 18",kansas honors program,kansas board of regents,,College and University,1700008519,22,910,16,0,0,0,6,30.0,7.31,17.24137931034483,36.68150684931507
Kansas,2023-05-17,"Agency 88, Article 19",kansas rhodes scholarship program,kansas board of regents,,College and University,1700008520,8,466,5,0,0,0,3,49.0,6.53,0.0,35.3569844789357
Kansas,2023-05-17,"Agency 88, Article 2",procedures for determining residence for fee purposes,kansas board of regents,,College and University,1700008509,19,601,19,0,0,0,0,30.0,6.76,25.0,37.128644939965696
Kansas,2023-05-17,"Agency 88, Article 20",kansas nursing student scholarship program,kansas board of regents,,College and University,1700008521,18,1504,14,0,0,0,4,31.0,7.97,17.02127659574468,36.02791346824843
Kansas,2023-05-17,"Agency 88, Article 21",kansas ethnic minority scholarship program,kansas board of regents,,College and University,1700008522,20,1255,16,0,0,0,4,34.0,7.82,28.57142857142857,37.51242502142245
Kansas,2023-05-17,"Agency 88, Article 22",kansas teacher scholarship program,kansas board of regents,,College and University,1700008523,25,1219,19,0,0,0,6,29.0,7.79,17.94871794871795,37.174740484429066
Kansas,2023-05-17,"Agency 88, Article 24",general education development ged test,kansas board of regents,,College and University,1700008524,5,285,5,0,0,0,0,39.0,6.5,14.285714285714285,34.760456273764255
Kansas,2023-05-17,"Agency 88, Article 25",ao k to work program,kansas board of regents,,College and University,1700008525,9,477,8,0,0,0,1,42.0,6.75,0.0,34.72315035799522
Kansas,2023-05-17,"Agency 88, Article 26",community colleges technical colleges and washburn institute of technology,kansas board of regents,,College and University,1700008526,36,2219,31,0,0,0,5,26.0,8.19,14.285714285714285,38.84086629001883
Kansas,2023-05-17,"Agency 88, Article 27",washburn municipal university,kansas board of regents,,College and University,1700008527,27,1073,27,0,0,0,0,26.0,6.95,12.82051282051282,32.96764705882353
Kansas,2023-05-17,"Agency 88, Article 28",private and out of state postsecondary education institutions,kansas board of regents,,College and University,1700008528,112,6632,93,1,0,0,18,47.0,8.74,36.95652173913043,37.95965051628277
Kansas,2023-05-17,"Agency 88, Article 29",qualified admission,kansas board of regents,,College and University,1700008529,34,1245,28,0,0,0,6,33.0,6.76,13.88888888888889,38.96560619088564
Kansas,2023-05-17,"Agency 88, Article 29a",state university admissions,kansas board of regents,,College and University,1700008530,28,1266,25,0,0,0,3,28.0,6.99,13.953488372093023,39.74228523769808
Kansas,2023-05-17,"Agency 88, Article 29b",university of kansas admissions,kansas board of regents,,College and University,1700008531,44,1957,37,0,0,0,7,31.0,7.09,15.254237288135592,36.48346196251378
Kansas,2023-05-17,"Agency 88, Article 29c",state university admissions beginning with review of applications for 2021 summer session,kansas board of regents,,College and University,1700008532,70,4126,61,0,0,0,9,31.0,7.59,25.203252032520325,34.96357878068092
Kansas,2023-05-17,"Agency 88, Article 29d",university of kansas admissions beginning with review of applications for 2021 summer session,kansas board of regents,,College and University,1700008533,76,4844,67,0,0,0,9,28.0,7.61,18.867924528301888,32.978384527872585
Kansas,2023-05-17,"Agency 88, Article 3",guidelines for the determination of residency for fee purposes,kansas board of regents,,College and University,1700008510,34,2286,30,1,0,0,3,43.0,7.86,55.76923076923077,36.02946593001842
Kansas,2023-05-17,"Agency 88, Article 30",student health insurance program,kansas board of regents,,College and University,1700008534,9,782,9,0,0,0,0,38.0,7.19,20.0,34.415549597855225
Kansas,2023-05-17,"Agency 88, Article 4",traffic and parking at state educational institutions,kansas board of regents,,College and University,1700008511,0,44,0,0,0,0,0,13.0,4.83,0.0,33.68421052631579
Kansas,2023-05-17,"Agency 88, Article 8",kansas career work study program,kansas board of regents,,College and University,1700008512,27,1157,25,1,0,0,1,47.0,7.37,4.166666666666666,36.3436944937833
Kansas,2023-05-17,"Agency 88, Article 9",vocational education scholarship program,kansas board of regents,,College and University,1700008513,11,716,7,0,0,0,4,30.0,7.14,17.391304347826086,38.49556213017752
Kansas,2023-05-17,"Agency 88, Article 9A",kansas promise scholarship,kansas board of regents,,College and University,1700008514,57,3763,47,1,0,0,9,36.0,8.06,16.831683168316832,37.49944690265487
Kansas,2023-05-17,"Agency 91, Article 1",certificate regulations,kansas state department of education,,Primary and Secondary Education,1700008535,372,20865,348,0,0,0,24,37.0,8.47,17.391304347826086,40.827999204850414
Kansas,2023-05-17,"Agency 91, Article 15",school conduct rules,kansas state department of education,,Primary and Secondary Education,1700008538,3,105,3,0,0,0,0,34.0,4.9,0.0,31.754901960784316
Kansas,2023-05-17,"Agency 91, Article 16",vocational education,kansas state department of education,,Primary and Secondary Education,1700008539,61,4539,55,2,0,0,4,32.0,8.2,17.037037037037038,34.05255910029837
Kansas,2023-05-17,"Agency 91, Article 19",student teachers,kansas state department of education,,Primary and Secondary Education,1700008540,20,602,17,0,0,2,1,21.0,5.9,3.571428571428571,44.98307952622673
Kansas,2023-05-17,"Agency 91, Article 21",disorganization of a unified school district by election,kansas state department of education,,Primary and Secondary Education,1700008541,12,429,12,0,0,0,0,42.0,6.21,70.0,37.35336538461539
Kansas,2023-05-17,"Agency 91, Article 22",professional practices commission,kansas state department of education,,Primary and Secondary Education,1700008542,59,2419,58,0,0,0,1,31.0,8.09,18.181818181818183,33.17576791808874
Kansas,2023-05-17,"Agency 91, Article 26",nonprofit school food service programs,kansas state department of education,,Primary and Secondary Education,1700008543,28,1221,27,0,0,1,0,22.0,7.59,14.285714285714285,34.76445578231292
Kansas,2023-05-17,"Agency 91, Article 29",procedures for employees of the kansas state schools for the deaf and visually handicapped to participate in tax sheltered annuities,kansas state department of education,,Primary and Secondary Education,1700008544,36,1472,32,0,0,1,3,25.0,7.88,8.928571428571429,34.066473988439306
Kansas,2023-05-17,"Agency 91, Article 31",accreditation,kansas state department of education,,Primary and Secondary Education,1700008545,87,4052,79,0,0,0,8,28.0,8.1,15.384615384615383,39.37806748466258
Kansas,2023-05-17,"Agency 91, Article 37",parents as teachers grants,kansas state department of education,,Primary and Secondary Education,1700008546,24,878,22,0,0,0,2,33.0,7.0,3.8461538461538463,35.861077844311374
Kansas,2023-05-17,"Agency 91, Article 38",school bus transportation,kansas state department of education,,Primary and Secondary Education,1700008547,164,5119,145,0,0,0,19,26.0,8.25,25.51020408163265,36.10002024701357
Kansas,2023-05-17,"Agency 91, Article 40",special education,kansas state department of education,,Primary and Secondary Education,1700008548,454,23641,396,3,0,0,55,38.0,8.85,40.75286415711948,36.20602441380522
Kansas,2023-05-17,"Agency 91, Article 41",mentor teacher program,kansas state department of education,,Primary and Secondary Education,1700008549,5,651,5,0,0,0,0,33.0,6.9,15.789473684210526,40.943910256410255
Kansas,2023-05-17,"Agency 91, Article 42",emergency safety interventions,kansas state department of education,,Primary and Secondary Education,1700008550,91,4125,82,2,0,1,6,35.0,8.16,36.206896551724135,36.08337518834757
Kansas,2023-05-17,"Agency 91, Article 5",driver and traffic safety education courses,kansas state department of education,,Primary and Secondary Education,1700008536,33,1414,31,0,0,0,2,34.0,7.41,30.0,35.12751677852349
Kansas,2023-05-17,"Agency 91, Article 7",commercial drivers training schools,kansas state department of education,,Primary and Secondary Education,1700008537,82,2366,74,0,0,1,7,26.0,7.77,10.989010989010987,33.29580573951435
Kansas,2023-05-17,"Agency 92, Article 11",withholding and estimated tax,kansas department of revenue,,Taxes and Public Finance,1700008554,20,731,13,0,0,1,6,29.0,6.55,28.000000000000004,29.54172767203514
Kansas,2023-05-17,"Agency 92, Article 12",income tax,kansas department of revenue,,Taxes and Public Finance,1700008555,323,18680,299,0,0,1,23,32.0,9.11,38.12056737588653,32.951884122315334
Kansas,2023-05-17,"Agency 92, Article 13",interstate motor fuel use tax,kansas department of revenue,,Taxes and Public Finance,1700008556,38,1289,35,0,0,0,3,37.0,7.46,32.35294117647059,34.80778588807786
Kansas,2023-05-17,"Agency 92, Article 14",liquefied petroleum fuel tax,kansas department of revenue,,Taxes and Public Finance,1700008557,24,1006,21,0,0,0,3,30.0,7.21,43.75,26.782474226804123
Kansas,2023-05-17,"Agency 92, Article 15",nonresident contractors,kansas department of revenue,,Taxes and Public Finance,1700008558,13,410,11,0,0,0,2,33.0,6.4,25.0,33.244897959183675
Kansas,2023-05-17,"Agency 92, Article 17",tobacco products,kansas department of revenue,,Taxes and Public Finance,1700008559,35,1037,30,0,0,0,5,35.0,6.91,17.24137931034483,31.0168986083499
Kansas,2023-05-17,"Agency 92, Article 19",kansas retailers sales tax,kansas department of revenue,,Taxes and Public Finance,1700008560,967,41416,879,11,2,0,75,32.0,9.52,35.511811023622045,32.66821201904006
Kansas,2023-05-17,"Agency 92, Article 20",compensating tax,kansas department of revenue,,Taxes and Public Finance,1700008561,50,3240,47,0,0,0,3,36.0,7.77,34.48275862068966,33.263241863433315
Kansas,2023-05-17,"Agency 92, Article 21",local retailers sales tax,kansas department of revenue,,Taxes and Public Finance,1700008562,10,669,7,0,0,0,3,38.0,6.54,58.82352941176471,31.27488151658768
Kansas,2023-05-17,"Agency 92, Article 22",homestead tax relief,kansas department of revenue,,Taxes and Public Finance,1700008563,42,1928,40,0,0,0,2,37.0,7.77,45.09803921568628,30.752549651100377
Kansas,2023-05-17,"Agency 92, Article 23",charitable gaming,kansas department of revenue,,Taxes and Public Finance,1700008564,129,4568,112,3,0,3,11,32.0,8.02,32.142857142857146,30.37844611528822
Kansas,2023-05-17,"Agency 92, Article 24",liquor drink tax,kansas department of revenue,,Taxes and Public Finance,1700008565,60,2116,52,0,0,1,7,27.0,7.76,24.0,32.20129224652087
Kansas,2023-05-17,"Agency 92, Article 25",transient guest tax,kansas department of revenue,,Taxes and Public Finance,1700008566,1,94,1,0,0,0,0,92.0,4.82,0.0,22.359550561797757
Kansas,2023-05-17,"Agency 92, Article 28",retail dealer incentive,kansas department of revenue,,Taxes and Public Finance,1700008567,22,647,19,0,0,0,3,38.0,6.53,23.52941176470588,34.045528455284554
Kansas,2023-05-17,"Agency 92, Article 3",motor fuel tax and transportation of liquid fuel,kansas department of revenue,,Taxes and Public Finance,1700008551,53,1944,50,0,0,0,3,34.0,7.99,23.214285714285715,31.963791267305645
Kansas,2023-05-17,"Agency 92, Article 5",cigarette tax,kansas department of revenue,,Taxes and Public Finance,1700008552,50,1597,43,0,0,0,7,32.0,7.45,14.285714285714285,33.781007751937985
Kansas,2023-05-17,"Agency 92, Article 50",manufacture distribution and sale of motor vehicles review board,kansas department of revenue,,Taxes and Public Finance,1700008568,4,92,3,0,0,0,1,22.0,5.25,25.0,28.34523809523809
Kansas,2023-05-17,"Agency 92, Article 51",titles and registration,kansas department of revenue,,Taxes and Public Finance,1700008569,104,4251,94,0,0,0,10,38.0,8.28,43.51851851851852,33.37623031496063
Kansas,2023-05-17,"Agency 92, Article 52",motor vehicle drivers licenses,kansas department of revenue,,Taxes and Public Finance,1700008570,36,2200,31,0,0,0,5,19.0,7.96,7.766990291262135,32.576142131979694
Kansas,2023-05-17,"Agency 92, Article 55",motor vehicle taxation,kansas department of revenue,,Taxes and Public Finance,1700008571,43,2634,40,0,0,0,3,37.0,7.37,22.058823529411764,30.78380600082203
Kansas,2023-05-17,"Agency 92, Article 56",ignition interlock devices,kansas department of revenue,,Taxes and Public Finance,1700008572,112,5208,91,0,0,1,20,30.0,8.25,23.214285714285715,37.117988782051285
Kansas,2023-05-17,"Agency 92, Article 57",tax on consumable material,kansas department of revenue,,Taxes and Public Finance,1700008573,27,1351,25,0,0,0,2,33.0,7.22,17.073170731707318,35.59332321699545
Kansas,2023-05-17,"Agency 92, Article 9",minerals and natural products leases on navigable streambeds,kansas department of revenue,,Taxes and Public Finance,1700008553,19,638,18,0,0,0,1,30.0,7.29,9.523809523809524,28.51570247933884
Kansas,2023-05-17,"Agency 93, Article 4",real estate ratio study,kansas department of revenue division of property valuation,,Taxes and Public Finance,1700008574,11,842,10,0,0,0,1,58.0,6.99,21.428571428571427,36.31585518102372
Kansas,2023-05-17,"Agency 93, Article 5",property valuation notices,kansas department of revenue division of property valuation,,Taxes and Public Finance,1700008575,2,134,1,0,0,0,1,26.0,5.87,0.0,36.86776859504132
Kansas,2023-05-17,"Agency 93, Article 6",registered mass appraiser,kansas department of revenue division of property valuation,,Taxes and Public Finance,1700008576,35,1219,31,0,0,0,4,26.0,7.23,2.272727272727273,36.9946571682992
Kansas,2023-05-17,"Agency 93, Article 7",machinery and equipment exemption,kansas department of revenue division of property valuation,,Taxes and Public Finance,1700008577,6,242,6,0,0,0,0,29.0,5.83,37.5,38.54337899543379
Kansas,2023-05-17,"Agency 93, Article 8",telecommuncations machinery and equipment and railroad machinery and equipment exemption,kansas department of revenue division of property valuation,,Taxes and Public Finance,1700008578,6,251,6,0,0,0,0,30.0,5.76,37.5,42.31578947368421
Kansas,2023-05-17,"Agency 93, Article 9",complex industrial property,kansas department of revenue division of property valuation,,Taxes and Public Finance,1700008579,5,255,3,0,0,0,2,21.0,6.24,0.0,41.18614718614719
Kansas,2023-05-17,"Agency 94, Article 3",economic development revenue bonds,kansas board of tax appeals,,Taxes and Public Finance,1700008580,25,648,19,0,0,0,6,19.0,7.22,15.625,33.467532467532465
Kansas,2023-05-17,"Agency 94, Article 4",court member continued education,kansas board of tax appeals,,Taxes and Public Finance,1700008581,6,149,4,0,0,0,2,28.0,5.8,0.0,35.13138686131387
Kansas,2023-05-17,"Agency 94, Article 5",proceedings before the court,kansas board of tax appeals,,Taxes and Public Finance,1700008582,144,6274,136,0,0,0,8,26.0,8.58,25.0,32.59868988105499
Kansas,2023-05-17,"Agency 97, Article 1",soldiers home membership,kansas commission on veterans affairs,,"Security, Justice, and Corrections",1700008583,54,2263,52,0,0,0,2,20.0,8.13,21.100917431192663,33.63619744058501
Kansas,2023-05-17,"Agency 97, Article 2",rules governing members,kansas commission on veterans affairs,,"Security, Justice, and Corrections",1700008584,8,197,8,0,0,0,0,27.0,6.01,0.0,30.79144385026738
Kansas,2023-05-17,"Agency 97, Article 3",discharges termination of membership,kansas commission on veterans affairs,,"Security, Justice, and Corrections",1700008585,19,769,16,0,0,2,1,25.0,7.17,6.666666666666667,29.340192043895748
Kansas,2023-05-17,"Agency 97, Article 4",veteran memorial donations to the kansas commission on veterans affairs for the construction and maintenance of capital improvement projects,kansas commission on veterans affairs,,"Security, Justice, and Corrections",1700008586,55,1948,53,0,0,0,2,27.0,8.01,19.718309859154928,36.93347525279404
Kansas,2023-05-17,"Agency 97, Article 5",financial benefits to dependents of prisoners of war persons missing in action or who died as a result of injuries suffered in the line of duty,kansas commission on veterans affairs,,"Security, Justice, and Corrections",1700008587,2,239,1,1,0,0,0,47.0,6.19,20.0,36.63636363636363
Kansas,2023-05-17,"Agency 97, Article 6",veterans claims assistance program and the service grant program,kansas commission on veterans affairs,,"Security, Justice, and Corrections",1700008588,69,3161,61,0,0,0,8,36.0,8.17,13.953488372093023,37.474526453298495
Kansas,2023-05-17,"Agency 97, Article 7",vietnam war era medallion program,kansas commission on veterans affairs,,"Security, Justice, and Corrections",1700008589,34,1670,32,0,0,0,2,32.0,7.45,27.450980392156865,34.7994971715902
Kansas,2023-05-17,"Agency 98, Article 1",definitions,kansas water authority,,"Environmental Protection, Public Utilities, and Natural Resources",1700008590,3,946,3,0,0,0,0,21.0,7.58,0.0,34.514786418400874
Kansas,2023-05-17,"Agency 98, Article 2",public hearings on the state water plan,kansas water authority,,"Environmental Protection, Public Utilities, and Natural Resources",1700008591,11,404,11,0,0,0,0,22.0,6.18,11.11111111111111,28.11898734177215
Kansas,2023-05-17,"Agency 98, Article 4",weather modification,kansas water authority,,"Environmental Protection, Public Utilities, and Natural Resources",1700008592,52,2010,42,0,0,0,10,32.0,7.85,19.35483870967742,34.81583031557165
Kansas,2023-05-17,"Agency 98, Article 5",state water plan storage,kansas water authority,,"Environmental Protection, Public Utilities, and Natural Resources",1700008593,72,2948,67,0,0,0,5,28.0,7.73,29.126213592233007,32.90127388535032
Kansas,2023-05-17,"Agency 98, Article 6",water assurance program,kansas water authority,,"Environmental Protection, Public Utilities, and Natural Resources",1700008594,19,1272,19,0,0,0,0,40.0,7.27,25.806451612903224,36.32110839445803
Kansas,2023-05-17,"Agency 98, Article 7",lower smoky hill water supply access program,kansas water authority,,"Environmental Protection, Public Utilities, and Natural Resources",1700008595,43,1989,42,0,0,0,1,35.0,7.42,26.785714285714285,35.39132706374086
Kansas,2023-05-17,"Agency 98, Article 8",easement authority on navigable rivers,kansas water authority,,"Environmental Protection, Public Utilities, and Natural Resources",1700008596,18,812,17,1,0,0,0,33.0,6.68,33.33333333333333,33.314791403286975
Kansas,2023-05-17,"Agency 99, Article 25",technical requirements for weighing and measuring devices,kansas state department of agriculture division of weights and measures,,"Industry, Commerce, and Development",1700008597,36,1681,29,0,0,0,7,41.0,7.78,20.51282051282051,39.46966731898239
Kansas,2023-05-17,"Agency 99, Article 26",fees,kansas state department of agriculture division of weights and measures,,"Industry, Commerce, and Development",1700008598,3,173,3,0,0,0,0,56.0,5.9,0.0,37.05487804878049
Kansas,2023-05-17,"Agency 99, Article 27",civil penalty,kansas state department of agriculture division of weights and measures,,"Industry, Commerce, and Development",1700008599,15,1516,15,0,0,0,0,63.0,7.59,58.333333333333336,33.700842696629216
Kansas,2023-05-17,"Agency 99, Article 30",large capacity scales testing and service,kansas state department of agriculture division of weights and measures,,"Industry, Commerce, and Development",1700008600,19,660,17,0,0,0,2,29.0,6.81,13.636363636363637,32.847133757961785
Kansas,2023-05-17,"Agency 99, Article 31",motor vehicle fuel measuring devices,kansas state department of agriculture division of weights and measures,,"Industry, Commerce, and Development",1700008601,18,691,16,0,0,0,2,31.0,6.99,9.523809523809524,35.84018264840183
Kansas,2023-05-17,"Agency 99, Article 40",petroleum measurement,kansas state department of agriculture division of weights and measures,,"Industry, Commerce, and Development",1700008602,4,163,3,0,0,0,1,53.0,5.86,,34.76158940397351
Kansas,2023-05-17,"Agency 9, Article 1",anthrax vaccine,animal health department,,"Environmental Protection, Public Utilities, and Natural Resources",1700007926,5,243,5,0,0,0,0,60.0,5.51,,39.19574468085106
Kansas,2023-05-17,"Agency 9, Article 10",public livestock markets,animal health department,,"Environmental Protection, Public Utilities, and Natural Resources",1700007935,182,5740,169,1,0,0,12,27.0,8.48,23.52941176470588,33.71196939333212
Kansas,2023-05-17,"Agency 9, Article 11",tuberculosis,animal health department,,"Environmental Protection, Public Utilities, and Natural Resources",1700007936,0,43,0,0,0,0,0,41.0,4.79,0.0,50.3421052631579
Kansas,2023-05-17,"Agency 9, Article 12",swine specific pathogen free regulations,animal health department,,"Environmental Protection, Public Utilities, and Natural Resources",1700007937,36,1068,28,3,0,0,5,25.0,7.4,17.073170731707318,41.17704280155642
Kansas,2023-05-17,"Agency 9, Article 14",livestock dealers registration,animal health department,,"Environmental Protection, Public Utilities, and Natural Resources",1700007938,7,362,7,0,0,0,0,23.0,6.8,6.666666666666667,36.57514450867052
Kansas,2023-05-17,"Agency 9, Article 15",livestock brands,animal health department,,"Environmental Protection, Public Utilities, and Natural Resources",1700007939,8,402,8,0,0,0,0,32.0,6.55,16.666666666666664,32.73529411764706
Kansas,2023-05-17,"Agency 9, Article 17",pseudorabies in swine,animal health department,,"Environmental Protection, Public Utilities, and Natural Resources",1700007940,22,986,22,0,0,0,0,26.0,6.88,18.91891891891892,33.620616365568544
Kansas,2023-05-17,"Agency 9, Article 18",animal facility inspection program license and registration fees,animal health department,,"Environmental Protection, Public Utilities, and Natural Resources",1700007941,228,8292,208,0,0,4,16,26.0,8.79,19.01639344262295,32.32773963895245
Kansas,2023-05-17,"Agency 9, Article 2",bovine brucellosis,animal health department,,"Environmental Protection, Public Utilities, and Natural Resources",1700007927,29,1164,26,2,0,0,1,34.0,7.56,27.27272727272727,36.07033363390442
Kansas,2023-05-17,"Agency 9, Article 26",euthanasia,animal health department,,"Environmental Protection, Public Utilities, and Natural Resources",1700007942,2,140,2,0,0,0,0,17.0,5.68,0.0,36.90625
Kansas,2023-05-17,"Agency 9, Article 27",reportable diseases,animal health department,,"Environmental Protection, Public Utilities, and Natural Resources",1700007943,2,144,2,0,0,0,0,70.0,6.3,0.0,41.87769784172662
Kansas,2023-05-17,"Agency 9, Article 28",brucella ovis,animal health department,,"Environmental Protection, Public Utilities, and Natural Resources",1700007944,8,356,8,0,0,0,0,24.0,6.36,7.142857142857142,33.42772861356932
Kansas,2023-05-17,"Agency 9, Article 3",swine brucellosis and cervids,animal health department,,"Environmental Protection, Public Utilities, and Natural Resources",1700007928,99,4875,93,0,0,1,5,26.0,8.35,18.43575418994413,33.834087481146305
Kansas,2023-05-17,"Agency 9, Article 30",equine infectious anemia,animal health department,,"Environmental Protection, Public Utilities, and Natural Resources",1700007945,12,405,12,0,0,0,0,36.0,6.5,9.090909090909092,31.58638743455497
Kansas,2023-05-17,"Agency 9, Article 32",scrapie in sheep and goats,animal health department,,"Environmental Protection, Public Utilities, and Natural Resources",1700007946,56,2587,47,0,0,0,9,46.0,7.69,41.81818181818181,36.2369918699187
Kansas,2023-05-17,"Agency 9, Article 4",disposal plants,animal health department,,"Environmental Protection, Public Utilities, and Natural Resources",1700007929,17,655,17,0,0,0,0,30.0,7.2,28.57142857142857,34.294117647058826
Kansas,2023-05-17,"Agency 9, Article 5",garbage feeding,animal health department,,"Environmental Protection, Public Utilities, and Natural Resources",1700007930,22,717,21,0,0,0,1,35.0,6.84,30.0,37.01447178002894
Kansas,2023-05-17,"Agency 9, Article 6",hog cholera,animal health department,,"Environmental Protection, Public Utilities, and Natural Resources",1700007931,9,361,7,0,0,2,0,38.0,6.36,33.33333333333333,36.22600619195047
Kansas,2023-05-17,"Agency 9, Article 7",movement of livestock into or through kansas,animal health department,,"Environmental Protection, Public Utilities, and Natural Resources",1700007932,140,5769,128,0,0,3,9,33.0,8.31,24.85549132947977,36.56192034915439
Kansas,2023-05-17,"Agency 9, Article 8",livestock feed lots,animal health department,,"Environmental Protection, Public Utilities, and Natural Resources",1700007933,20,537,20,0,0,0,0,33.0,7.18,25.0,35.33529411764706
Kansas,2023-05-17,"Agency 9, Article 9",poultry and hatching eggs,animal health department,,"Environmental Protection, Public Utilities, and Natural Resources",1700007934,13,832,11,0,0,1,1,58.0,6.89,,36.016169154228855
