jurisdiction_name,date_collected,document_reference,document_name,agency_name,parent_agency_name,cluster_name,document_id,restrictions,words,shall,must,may_not,prohibited,required,sentence_length,shannon_entropy,conditionals_per_100_sentences,long_word_score_sq
South Carolina,2020-05-05,Chapter 1,department of labor licensing and regulation board of accountancy,department of labor licensing and regulation board of accountancy,department of labor licensing and regulation board of accountancy,"Industry, Commerce, and Development",1800000001,72,3865,40,20,0,0,12,22.0,8.81,9.30232558139535,35.96803527142463
South Carolina,2020-05-05,Chapter 10,department of labor licensing and regulation,department of labor licensing and regulation,department of labor licensing and regulation,"Industry, Commerce, and Development",1800000007,34,6267,32,1,0,0,1,10.0,8.37,1.09375,41.279185708350646
South Carolina,2020-05-05,Chapter 100,department of labor licensing and regulation state board of examiners in psychology,department of labor licensing and regulation state board of examiners in psychology,department of labor licensing and regulation state board of examiners in psychology,Health Services,1800000160,169,7943,125,32,3,2,7,18.0,9.11,12.359550561797752,42.945404193590925
South Carolina,2020-05-05,Chapter 101,department of labor licensing and regulation state board of physical therapy examiners,department of labor licensing and regulation state board of physical therapy examiners,department of labor licensing and regulation state board of physical therapy examiners,Health Services,1800000161,55,4238,15,13,2,0,25,17.0,8.64,10.245901639344265,38.17307692307692
South Carolina,2020-05-05,Chapter 102,attorney general division of public charities,attorney general division of public charities,attorney general division of public charities,"Security, Justice, and Corrections",1800000162,1,69,1,0,0,0,0,17.0,5.22,0.0,39.0
South Carolina,2020-05-05,Chapter 103,public service commission,public service commission,public service commission,Administration,1800000163,1965,99318,1543,215,30,13,164,16.0,9.95,15.511279433558371,33.91307293571075
South Carolina,2020-05-05,Chapter 104,south carolina state ports authority,south carolina state ports authority,south carolina state ports authority,Transportation,1800000164,0,107,0,0,0,0,0,6.0,5.55,0.0,35.75
South Carolina,2020-05-05,Chapter 105,department of labor licensing and regulation south carolina real estate commission,department of labor licensing and regulation south carolina real estate commission,department of labor licensing and regulation south carolina real estate commission,"Industry, Commerce, and Development",1800000165,86,3500,23,57,2,0,4,16.0,8.55,13.488372093023257,36.494804400978
South Carolina,2020-05-05,Chapter 106,department of labor licensing and regulation south carolina residential builders commission,department of labor licensing and regulation south carolina residential builders commission,department of labor licensing and regulation south carolina residential builders commission,"Industry, Commerce, and Development",1800000166,25,2103,14,6,0,0,5,21.0,8.48,9.183673469387756,40.03938618925831
South Carolina,2020-05-05,Chapter 108,department of labor licensing and regulation soil classifiers advisory council,department of labor licensing and regulation soil classifiers advisory council,department of labor licensing and regulation soil classifiers advisory council,"Industry, Commerce, and Development",1800000167,75,2628,44,19,1,0,11,13.0,8.52,2.912621359223301,38.00926298832058
South Carolina,2020-05-05,Chapter 11,department of labor licensing and regulation state board of architectural examiners,department of labor licensing and regulation state board of architectural examiners,department of labor licensing and regulation state board of architectural examiners,"Industry, Commerce, and Development",1800000008,100,4316,83,13,1,0,3,18.0,8.57,13.414634146341465,36.06196473551637
South Carolina,2020-05-05,Chapter 110,department of labor licensing and regulation state board of social work examiners,department of labor licensing and regulation state board of social work examiners,department of labor licensing and regulation state board of social work examiners,Health Services,1800000168,26,1029,21,2,0,0,3,15.0,7.95,11.428571428571429,40.38556701030928
South Carolina,2020-05-05,Chapter 112,state reorganization commission,state reorganization commission,state reorganization commission,Administration,1800000169,0,102,0,0,0,0,0,26.0,5.53,0.0,41.16666666666666
South Carolina,2020-05-05,Chapter 113,secretary of state,secretary of state,secretary of state,Administration,1800000170,94,6127,71,15,0,0,8,14.0,8.89,3.9719626168224296,40.161827195467424
South Carolina,2020-05-05,Chapter 114,department of social services,department of social services,department of social services,Social Assistance,1800000171,2962,128083,2355,351,22,49,185,24.0,10.41,22.417414550315065,35.15388973420959
South Carolina,2020-05-05,Chapter 115,department of labor licensing and regulation board of examiners in speech language pathology and audiology,department of labor licensing and regulation board of examiners in speech language pathology and audiology,department of labor licensing and regulation board of examiners in speech language pathology and audiology,Health Services,1800000172,106,4575,44,52,1,1,8,23.0,8.88,9.852216748768472,41.17704460966543
South Carolina,2020-05-05,Chapter 117,department of revenue,department of revenue,department of revenue,Taxes and Public Finance,1800000173,492,94348,186,179,12,1,114,28.0,9.91,23.55783751132588,32.719789156268924
South Carolina,2020-05-05,Chapter 119,university of south carolina,university of south carolina,university of south carolina,College and University,1800000174,16,2060,13,0,0,0,3,18.0,7.99,12.962962962962962,36.90292935094773
South Carolina,2020-05-05,Chapter 12,south carolina department of archives and history,south carolina department of archives and history,south carolina department of archives and history,"Culture, Recreation, and the Arts",1800000009,418,77137,262,93,5,0,58,10.0,9.72,3.695380774032459,40.86028129556045
South Carolina,2020-05-05,Chapter 120,department of labor licensing and regulation board of veterinary medical examiners,department of labor licensing and regulation board of veterinary medical examiners,department of labor licensing and regulation board of veterinary medical examiners,"Industry, Commerce, and Development",1800000175,112,5234,85,21,0,0,6,14.0,9.2,9.94475138121547,41.80377965420185
South Carolina,2020-05-05,Chapter 121,department of natural resources,department of natural resources,department of natural resources,"Environmental Protection, Public Utilities, and Natural Resources",1800000176,453,19771,375,34,3,5,36,27.0,9.65,17.178770949720672,34.05886065961812
South Carolina,2020-05-05,Chapter 123,department of natural resources,department of natural resources,department of natural resources,"Environmental Protection, Public Utilities, and Natural Resources",1800000177,937,55190,365,365,43,79,85,16.0,10.13,13.42945999434549,29.77201487452057
South Carolina,2020-05-05,Chapter 125,winthrop university,winthrop university,winthrop university,College and University,1800000178,17,1506,4,9,0,4,0,15.0,7.93,11.224489795918368,33.33426966292135
South Carolina,2020-05-05,Chapter 126,department of health and human services,department of health and human services,department of health and human services,Health Services,1800000179,181,16421,105,56,3,0,17,18.0,9.69,11.241970021413277,38.03173488282996
South Carolina,2020-05-05,Chapter 127,south carolina occupational health and safety review board,south carolina occupational health and safety review board,south carolina occupational health and safety review board,Labor and Workforce Development,1800000180,53,2533,41,6,0,0,6,17.0,7.98,18.493150684931507,32.46488294314381
South Carolina,2020-05-05,Chapter 13,attorney general,attorney general,attorney general,"Security, Justice, and Corrections",1800000010,392,25417,236,52,8,2,94,30.0,9.73,24.620770128354728,36.85100659857942
South Carolina,2020-05-05,Chapter 130,department of probation parole and pardon services,department of probation parole and pardon services,department of probation parole and pardon services,"Security, Justice, and Corrections",1800000181,30,3517,15,6,2,0,7,27.0,8.86,25.0,38.42030696576151
South Carolina,2020-05-05,Chapter 131,department of labor licensing and regulation state board of registration for geologists,department of labor licensing and regulation state board of registration for geologists,department of labor licensing and regulation state board of registration for geologists,"Industry, Commerce, and Development",1800000182,114,4308,68,18,2,0,26,18.0,8.66,10.0,36.892883895131085
South Carolina,2020-05-05,Chapter 132,south carolina crime victim s advisory board,south carolina crime victim s advisory board,south carolina crime victim s advisory board,"Security, Justice, and Corrections",1800000183,7,325,6,0,1,0,0,18.0,6.72,16.666666666666664,28.68243243243243
South Carolina,2020-05-05,Chapter 133,department of parks recreation and tourism,department of parks recreation and tourism,department of parks recreation and tourism,"Culture, Recreation, and the Arts",1800000184,20,2724,0,14,5,0,1,17.0,8.51,3.1645569620253164,37.53933865450399
South Carolina,2020-05-05,Chapter 134,department of labor licensing and regulation board of podiatry examiners,department of labor licensing and regulation board of podiatry examiners,department of labor licensing and regulation board of podiatry examiners,Health Services,1800000185,9,903,6,1,1,0,1,15.0,7.55,12.06896551724138,34.20242424242424
South Carolina,2020-05-05,Chapter 136,department of labor licensing and regulation commissioners of pilotage,department of labor licensing and regulation commissioners of pilotage,department of labor licensing and regulation commissioners of pilotage,Transportation,1800000186,255,14347,207,20,0,0,28,16.0,8.89,10.409745293466225,34.35315110098709
South Carolina,2020-05-05,Chapter 137,department of labor licensing and regulation south carolina real estate appraisers board,department of labor licensing and regulation south carolina real estate appraisers board,department of labor licensing and regulation south carolina real estate appraisers board,Taxes and Public Finance,1800000187,159,10282,30,103,1,1,24,14.0,8.79,8.211920529801324,37.42542787286064
South Carolina,2020-05-05,Chapter 139,commission for minority affairs,commission for minority affairs,commission for minority affairs,Administration,1800000188,57,3940,38,15,2,0,2,16.0,8.23,4.032258064516129,37.50719131614654
South Carolina,2020-05-05,Chapter 14,department of labor licensing and regulation south carolina auctioneers commission,department of labor licensing and regulation south carolina auctioneers commission,department of labor licensing and regulation south carolina auctioneers commission,"Industry, Commerce, and Development",1800000011,51,1947,31,12,0,3,5,12.0,7.83,8.280254777070063,37.64396999422966
South Carolina,2020-05-05,Chapter 15,state board of financial institutions consumer finance division,state board of financial institutions consumer finance division,state board of financial institutions consumer finance division,"Banking, Insurance, and Securities",1800000012,272,22031,173,52,7,6,34,28.0,9.97,21.649484536082475,36.61990310859911
South Carolina,2020-05-05,Chapter 17,department of labor licensing and regulation state board of barber examiners,department of labor licensing and regulation state board of barber examiners,department of labor licensing and regulation state board of barber examiners,"Industry, Commerce, and Development",1800000013,108,4133,74,22,0,2,10,20.0,8.71,14.62264150943396,31.74748490945674
South Carolina,2020-05-05,Chapter 18,south carolina commission for the blind,south carolina commission for the blind,south carolina commission for the blind,Social Assistance,1800000014,67,11366,0,43,2,1,21,17.0,9.01,11.929307805596466,33.261998715242726
South Carolina,2020-05-05,Chapter 19,state budget and control board,state budget and control board,state budget and control board,Taxes and Public Finance,1800000015,2140,135168,1459,432,48,6,195,19.0,10.45,15.141290594685785,36.714604280266016
South Carolina,2020-05-05,Chapter 20,department of labor licensing and regulation state athletic commission,department of labor licensing and regulation state athletic commission,department of labor licensing and regulation state athletic commission,"Culture, Recreation, and the Arts",1800000016,654,35893,366,241,3,9,35,10.0,8.87,6.3565052745469295,31.89843064626182
South Carolina,2020-05-05,Chapter 21,south carolina cemetery board,south carolina cemetery board,south carolina cemetery board,"Industry, Commerce, and Development",1800000017,58,3954,16,31,3,0,8,13.0,8.35,6.081081081081082,33.384704184704184
South Carolina,2020-05-05,Chapter 22,coastal carolina university,coastal carolina university,coastal carolina university,College and University,1800000018,13,1680,11,0,0,0,2,10.0,7.7,6.547619047619048,33.88365243004418
South Carolina,2020-05-05,Chapter 23,the college of charleston,the college of charleston,the college of charleston,College and University,1800000019,11,1087,9,0,0,1,1,12.0,7.8,8.791208791208792,32.52905811623246
South Carolina,2020-05-05,Chapter 24,office of the governor division for review of the foster care of children,office of the governor division for review of the foster care of children,office of the governor division for review of the foster care of children,Social Assistance,1800000020,128,6191,122,2,0,0,4,25.0,8.05,27.710843373493976,31.121747831887927
South Carolina,2020-05-05,Chapter 25,department of labor licensing and regulation south carolina board of chiropractic examiners,department of labor licensing and regulation south carolina board of chiropractic examiners,department of labor licensing and regulation south carolina board of chiropractic examiners,Health Services,1800000021,94,6018,40,44,3,1,6,21.0,9.26,8.620689655172415,39.83998587071706
South Carolina,2020-05-05,Chapter 26,the citadel,the citadel,the citadel,College and University,1800000022,12,889,6,4,0,2,0,16.0,7.71,15.789473684210526,34.28656361474435
South Carolina,2020-05-05,Chapter 27,clemson university state livestock poultry health commission,clemson university state livestock poultry health commission,clemson university state livestock poultry health commission,College and University,1800000023,1458,84189,751,486,31,27,163,17.0,10.55,14.625,36.55792529025744
South Carolina,2020-05-05,Chapter 28,department of consumer affairs,department of consumer affairs,department of consumer affairs,"Industry, Commerce, and Development",1800000024,390,23447,176,149,8,0,57,23.0,9.88,15.825242718446605,35.69439265087089
South Carolina,2020-05-05,Chapter 29,department of labor licensing and regulation state licensing board for contractors,department of labor licensing and regulation state licensing board for contractors,department of labor licensing and regulation state licensing board for contractors,"Industry, Commerce, and Development",1800000025,30,2620,14,7,2,0,7,11.0,7.67,3.79746835443038,37.239925023430175
South Carolina,2020-05-05,Chapter 3,department of commerce aeronautics division,department of commerce aeronautics division,department of commerce aeronautics division,"Industry, Commerce, and Development",1800000002,60,2472,48,3,0,0,9,20.0,8.33,17.355371900826448,36.82513661202186
South Carolina,2020-05-05,Chapter 30,department of health and environmental control coastal division,department of health and environmental control coastal division,department of health and environmental control coastal division,Health Services,1800000026,806,69365,353,311,14,34,94,22.0,10.52,15.51176096630642,35.655996967399545
South Carolina,2020-05-05,Chapter 31,office of the governor continuum of care for emotionally disturbed children division,office of the governor continuum of care for emotionally disturbed children division,office of the governor continuum of care for emotionally disturbed children division,Social Assistance,1800000027,1,275,0,1,0,0,0,34.0,6.8,37.5,39.681102362204726
South Carolina,2020-05-05,Chapter 33,department of corrections,department of corrections,department of corrections,"Security, Justice, and Corrections",1800000028,10,3352,0,6,1,1,2,26.0,8.54,36.43410852713178,37.97083205403746
South Carolina,2020-05-05,Chapter 35,department of labor licensing and regulation state board of cosmetology,department of labor licensing and regulation state board of cosmetology,department of labor licensing and regulation state board of cosmetology,"Industry, Commerce, and Development",1800000029,292,10909,156,96,13,6,21,21.0,9.45,12.162162162162163,35.227295138546495
South Carolina,2020-05-05,Chapter 36,department of labor licensing and regulation board of examiners for licensure of professional counselors marriage and family therapists addiction counselors and psycho educational specialists,department of labor licensing and regulation board of examiners for licensure of professional counselors marriage and family therapists addiction counselors and psycho educational specialists,department of labor licensing and regulation board of examiners for licensure of professional counselors marriage and family therapists addiction counselors and psycho educational specialists,Health Services,1800000030,484,21294,346,97,1,3,37,20.0,9.59,12.441093308199813,43.74304187503157
South Carolina,2020-05-05,Chapter 37,south carolina criminal justice academy,south carolina criminal justice academy,south carolina criminal justice academy,"Security, Justice, and Corrections",1800000031,226,11843,144,32,0,2,48,13.0,8.42,6.015037593984962,34.9457842764907
South Carolina,2020-05-05,Chapter 38,department of public safety,department of public safety,department of public safety,"Security, Justice, and Corrections",1800000032,2140,119168,1186,567,20,20,347,20.0,10.41,16.58775786269868,33.85559832759287
South Carolina,2020-05-05,Chapter 39,department of labor licensing and regulation state board of dentistry,department of labor licensing and regulation state board of dentistry,department of labor licensing and regulation state board of dentistry,Health Services,1800000033,167,8553,122,26,1,2,16,19.0,9.17,15.981735159817353,37.38340066103562
South Carolina,2020-05-05,Chapter 40,department of labor licensing and regulation panel for dietetics,department of labor licensing and regulation panel for dietetics,department of labor licensing and regulation panel for dietetics,Health Services,1800000034,43,3300,26,8,2,1,6,15.0,8.61,4.62962962962963,39.50116240451677
South Carolina,2020-05-05,Chapter 42,state education assistance authority,state education assistance authority,state education assistance authority,Primary and Secondary Education,1800000035,2,338,0,1,1,0,0,24.0,6.46,14.285714285714285,40.26860841423948
South Carolina,2020-05-05,Chapter 43,state board of education,state board of education,state board of education,Primary and Secondary Education,1800000036,1783,96674,691,869,20,4,199,19.0,10.24,10.87512291052114,38.73495776478233
South Carolina,2020-05-05,Chapter 44,south carolina lottery commission,south carolina lottery commission,south carolina lottery commission,Taxes and Public Finance,1800000037,167,9158,118,25,4,3,17,21.0,8.87,15.27777777777778,32.71835334476844
South Carolina,2020-05-05,Chapter 45,state election commission,state election commission,state election commission,Administration,1800000038,48,1710,40,6,0,0,2,22.0,7.39,10.256410256410255,31.86422018348624
South Carolina,2020-05-05,Chapter 47,department of employment and workforce,department of employment and workforce,department of employment and workforce,Labor and Workforce Development,1800000039,337,20165,288,21,1,0,27,20.0,9.42,19.64461994076999,33.544125353736504
South Carolina,2020-05-05,Chapter 49,department of labor licensing and regulation south carolina state board of registration for professional engineers and land surveyors,department of labor licensing and regulation south carolina state board of registration for professional engineers and land surveyors,department of labor licensing and regulation south carolina state board of registration for professional engineers and land surveyors,"Industry, Commerce, and Development",1800000040,337,19896,198,97,2,1,39,19.0,9.88,9.94208494208494,36.87646238059461
South Carolina,2020-05-05,Chapter 5,department of agriculture,department of agriculture,department of agriculture,"Industry, Commerce, and Development",1800000003,2062,92152,1676,177,10,31,168,20.0,10.65,14.751249185313926,33.87481443121008
South Carolina,2020-05-05,Chapter 50,south carolina state board of examiners for registered environmental sanitarians,south carolina state board of examiners for registered environmental sanitarians,south carolina state board of examiners for registered environmental sanitarians,"Environmental Protection, Public Utilities, and Natural Resources",1800000041,17,1303,13,3,0,0,1,10.0,8.02,12.030075187969924,42.47758761206194
South Carolina,2020-05-05,Chapter 51,south carolina environmental certification board,south carolina environmental certification board,south carolina environmental certification board,"Environmental Protection, Public Utilities, and Natural Resources",1800000042,31,1986,11,19,0,0,1,14.0,7.57,2.158273381294964,36.533735600658254
South Carolina,2020-05-05,Chapter 52,state ethics commission,state ethics commission,state ethics commission,Administration,1800000043,217,11374,116,49,2,2,48,16.0,8.91,13.506139154160982,34.42035068084313
South Carolina,2020-05-05,Chapter 53,department of labor licensing and regulation state board of registration for foresters,department of labor licensing and regulation state board of registration for foresters,department of labor licensing and regulation state board of registration for foresters,"Environmental Protection, Public Utilities, and Natural Resources",1800000044,44,2194,29,5,0,1,9,15.0,8.42,5.555555555555555,36.83000487092061
South Carolina,2020-05-05,Chapter 55,state commission of forestry,state commission of forestry,state commission of forestry,"Environmental Protection, Public Utilities, and Natural Resources",1800000045,17,1272,5,7,0,5,0,16.0,7.88,14.814814814814811,35.11509591326105
South Carolina,2020-05-05,Chapter 57,department of labor licensing and regulation south carolina state board of funeral service,department of labor licensing and regulation south carolina state board of funeral service,department of labor licensing and regulation south carolina state board of funeral service,"Industry, Commerce, and Development",1800000046,93,4729,40,36,2,0,15,21.0,8.95,15.695067264573993,35.72317156527683
South Carolina,2020-05-05,Chapter 58,office of the governor,office of the governor,office of the governor,Administration,1800000047,83,2896,71,5,0,0,7,17.0,8.07,10.344827586206897,43.89568345323741
South Carolina,2020-05-05,"Chapter 61, Subchapter 1",medical and dental scholarship fund,medical and dental scholarship fund,department of health and environmental control,Health Services,1800000048,32,1288,29,0,0,0,3,26.0,8.01,12.244897959183673,35.34260731319555
South Carolina,2020-05-05,"Chapter 61, Subchapter 101",water quality certification,water quality certification,department of health and environmental control,"Environmental Protection, Public Utilities, and Natural Resources",1800000111,40,2814,30,4,0,0,6,18.0,8.35,17.197452229299362,40.69981515711645
South Carolina,2020-05-05,"Chapter 61, Subchapter 102",standards for licensing birthing centers for deliveries by midwives,standards for licensing birthing centers for deliveries by midwives,department of health and environmental control,Health Services,1800000112,254,7504,222,18,0,1,13,25.0,9.6,13.157894736842104,37.98437714129094
South Carolina,2020-05-05,"Chapter 61, Subchapter 103",residential treatment facilities for children and adolescents,residential treatment facilities for children and adolescents,department of health and environmental control,Health Services,1800001340,1299,38921,1137,100,1,6,55,20.0,10.14,15.32133676092545,37.14785254784721
South Carolina,2020-05-05,"Chapter 61, Subchapter 104",hazardous waste management location standards,hazardous waste management location standards,department of health and environmental control,"Environmental Protection, Public Utilities, and Natural Resources",1800000113,114,7177,53,38,0,16,7,30.0,8.95,35.714285714285715,35.72131855477184
South Carolina,2020-05-05,"Chapter 61, Subchapter 105",infectious waste management regulations,infectious waste management regulations,department of health and environmental control,Health Services,1800000114,271,11928,89,127,4,1,50,30.0,9.25,28.49872773536896,38.229861290600496
South Carolina,2020-05-05,"Chapter 61, Subchapter 106",tanning facilities,tanning facilities,department of health and environmental control,"Industry, Commerce, and Development",1800000115,68,3443,48,5,0,0,15,26.0,8.36,12.0,41.34428427757291
South Carolina,2020-05-05,"Chapter 61, Subchapter 107",solid waste management,solid waste management,department of health and environmental control,"Environmental Protection, Public Utilities, and Natural Resources",1800000116,2455,137146,1886,244,23,23,279,21.0,10.25,13.84709855695425,37.54167848572896
South Carolina,2020-05-05,"Chapter 61, Subchapter 108",standards for licensing freestanding or mobile technology,standards for licensing freestanding or mobile technology,department of health and environmental control,"Industry, Commerce, and Development",1800000117,305,12755,281,1,0,0,23,12.0,9.64,9.861932938856016,39.41191666666667
South Carolina,2020-05-05,"Chapter 61, Subchapter 109",standards for permitting body piercing facilities,standards for permitting body piercing facilities,department of health and environmental control,Health Services,1800000118,201,7146,187,4,0,1,9,16.0,9.35,11.20879120879121,37.75123295619379
South Carolina,2020-05-05,"Chapter 61, Subchapter 110",total maximum daily loads for pollutants in water,total maximum daily loads for pollutants in water,department of health and environmental control,"Environmental Protection, Public Utilities, and Natural Resources",1800000119,28,1261,26,2,0,0,0,20.0,8.04,15.625,36.14345637583892
South Carolina,2020-05-05,"Chapter 61, Subchapter 111",standards for licensing tattoo facilities,standards for licensing tattoo facilities,department of health and environmental control,"Industry, Commerce, and Development",1800000120,262,9248,244,5,0,2,11,16.0,9.59,10.1010101010101,37.80470773735781
South Carolina,2020-05-05,"Chapter 61, Subchapter 112",implementation of emergency health powers act,implementation of emergency health powers act,department of health and environmental control,Health Services,1800000121,44,4168,34,7,0,0,3,22.0,9.02,14.814814814814811,40.05713579025476
South Carolina,2020-05-05,"Chapter 61, Subchapter 113",groundwater use and reporting,groundwater use and reporting,department of health and environmental control,"Environmental Protection, Public Utilities, and Natural Resources",1800000122,63,6322,44,3,0,1,15,22.0,9.15,27.464788732394368,37.480395333765394
South Carolina,2020-05-05,"Chapter 61, Subchapter 114",south carolina birth defects program,south carolina birth defects program,department of health and environmental control,Health Services,1800000123,10,1182,9,1,0,0,0,18.0,7.92,9.375,41.245166959578206
South Carolina,2020-05-05,"Chapter 61, Subchapter 115",environmental electronic reporting requirements,environmental electronic reporting requirements,department of health and environmental control,"Environmental Protection, Public Utilities, and Natural Resources",1800000124,9,1941,3,5,0,0,1,16.0,7.63,10.0,37.76637069922309
South Carolina,2020-05-05,"Chapter 61, Subchapter 116",south carolina trauma care systems,south carolina trauma care systems,department of health and environmental control,Health Services,1800000125,203,8218,176,3,1,0,23,16.0,9.13,9.073724007561438,39.22172977079904
South Carolina,2020-05-05,"Chapter 61, Subchapter 117",access to restricted information,access to restricted information,department of health and environmental control,Health Services,1800000126,16,1056,0,14,0,0,2,18.0,7.46,15.517241379310343,40.65976331360947
South Carolina,2020-05-05,"Chapter 61, Subchapter 118",south carolina stroke care system,south carolina stroke care system,department of health and environmental control,Health Services,1800000127,28,1862,26,0,0,0,2,14.0,8.16,7.6923076923076925,42.40492170022372
South Carolina,2020-05-05,"Chapter 61, Subchapter 119",surface water withdrawal permitting use and reporting,surface water withdrawal permitting use and reporting,department of health and environmental control,Health Services,1800000128,149,15856,59,62,7,0,21,22.0,9.19,18.207282913165265,37.0906423214868
South Carolina,2020-05-05,"Chapter 61, Subchapter 12",standards for licensing abortion clinics,standards for licensing abortion clinics,department of health and environmental control,Health Services,1800000053,352,10700,290,39,0,1,22,13.0,9.86,9.467455621301776,38.582502661376175
South Carolina,2020-05-05,"Chapter 61, Subchapter 120",south carolina immunization registry,south carolina immunization registry,department of health and environmental control,Health Services,1800000129,33,2079,23,2,1,2,5,19.0,7.95,12.727272727272728,43.64331843020368
South Carolina,2020-05-05,"Chapter 61, Subchapter 122",standards for licensing in home care providers,standards for licensing in home care providers,department of health and environmental control,"Industry, Commerce, and Development",1800000130,65,4091,52,9,0,0,4,14.0,8.95,12.416107382550337,36.2064631956912
South Carolina,2020-05-05,"Chapter 61, Subchapter 123",critical congenital heart defects screening on newborns,critical congenital heart defects screening on newborns,department of health and environmental control,Health Services,1800000131,6,583,5,0,0,0,1,12.0,7.49,10.0,42.04308797127469
South Carolina,2020-05-05,"Chapter 61, Subchapter 124",consumer electronic equipment collection and recovery,consumer electronic equipment collection and recovery,department of health and environmental control,Health Services,1800000132,79,6775,50,24,2,0,3,23.0,8.66,18.70748299319728,42.08181681455858
South Carolina,2020-05-05,"Chapter 61, Subchapter 13",standards for licensing habilitation centers for persons with intellectual disability or persons with related conditions,standards for licensing habilitation centers for persons with intellectual disability or persons with related conditions,department of health and environmental control,Health Services,1800000054,601,19781,553,5,0,7,36,16.0,9.91,11.476725521669342,37.37596471885336
South Carolina,2020-05-05,"Chapter 61, Subchapter 15",certification of need for health facilities and services,certification of need for health facilities and services,department of health and environmental control,Health Services,1800000055,143,13554,57,54,6,2,24,17.0,9.51,12.435897435897436,38.620705592358654
South Carolina,2020-05-05,"Chapter 61, Subchapter 16",minimum standards for licensing hospitals and institutional general infirmaries,minimum standards for licensing hospitals and institutional general infirmaries,department of health and environmental control,Health Services,1800000056,675,31416,531,101,2,1,40,10.0,9.65,5.518617021276596,36.81456204250504
South Carolina,2020-05-05,"Chapter 61, Subchapter 17",standards for licensing nursing homes,standards for licensing nursing homes,department of health and environmental control,Health Services,1800000057,837,31237,767,4,2,10,54,16.0,10.07,14.443277310924367,37.5896193541964
South Carolina,2020-05-05,"Chapter 61, Subchapter 19",vital statistics,vital statistics,department of health and environmental control,Health Services,1800000058,296,10929,216,26,1,0,53,20.0,8.93,25.89118198874296,33.85911394781303
South Carolina,2020-05-05,"Chapter 61, Subchapter 20",communicable diseases,communicable diseases,department of health and environmental control,Health Services,1800000059,54,3100,42,3,4,1,4,22.0,8.6,15.0,37.54346383543464
South Carolina,2020-05-05,"Chapter 61, Subchapter 21",sexually transmitted diseases,sexually transmitted diseases,department of health and environmental control,Health Services,1800000060,55,5048,20,25,0,2,8,31.0,8.59,39.2638036809816,36.80279126213592
South Carolina,2020-05-05,"Chapter 61, Subchapter 22",the evaluation of staff of schools and child care centers for tuberculosis,the evaluation of staff of schools and child care centers for tuberculosis,department of health and environmental control,Primary and Secondary Education,1800000061,29,1715,20,1,2,0,6,17.0,7.93,15.151515151515152,38.33835039133052
South Carolina,2020-05-05,"Chapter 61, Subchapter 23",control of anthrax,control of anthrax,department of health and environmental control,Health Services,1800000062,4,142,3,0,0,0,1,71.0,5.63,,33.401408450704224
South Carolina,2020-05-05,"Chapter 61, Subchapter 24",licensed midwives,licensed midwives,department of health and environmental control,Health Services,1800000063,99,6100,73,15,0,0,11,11.0,9.49,6.159420289855073,38.88006902502157
South Carolina,2020-05-05,"Chapter 61, Subchapter 25",retail food establishments,retail food establishments,department of health and environmental control,Health Services,1800000064,1222,67626,1003,55,74,8,82,33.0,10.13,31.277971158627548,35.28941199139343
South Carolina,2020-05-05,"Chapter 61, Subchapter 29",environmental health inspections and fees,environmental health inspections and fees,department of health and environmental control,Health Services,1800000065,9,393,8,0,0,0,1,18.0,6.7,9.090909090909092,43.37984496124031
South Carolina,2020-05-05,"Chapter 61, Subchapter 3",the practice of selling and fitting hearing aids,the practice of selling and fitting hearing aids,department of health and environmental control,Health Services,1800000049,101,4021,87,7,0,0,7,22.0,8.89,16.11111111111111,35.39272079409519
South Carolina,2020-05-05,"Chapter 61, Subchapter 30",environmental protection fees,environmental protection fees,department of health and environmental control,"Environmental Protection, Public Utilities, and Natural Resources",1800000066,91,7709,54,16,2,0,19,24.0,9.38,18.210862619808307,36.509631178139465
South Carolina,2020-05-05,"Chapter 61, Subchapter 31",health care cooperative agreements,health care cooperative agreements,department of health and environmental control,Health Services,1800000067,52,4864,38,9,0,0,5,26.0,8.76,20.0,40.11127659574469
South Carolina,2020-05-05,"Chapter 61, Subchapter 32",soft drink and water bottling plants,soft drink and water bottling plants,department of health and environmental control,"Industry, Commerce, and Development",1800000068,226,8466,210,6,0,3,7,18.0,9.46,18.043478260869566,37.67077443518183
South Carolina,2020-05-05,"Chapter 61, Subchapter 33",drycleaning facility restoration trust fund,drycleaning facility restoration trust fund,department of health and environmental control,"Environmental Protection, Public Utilities, and Natural Resources",1800000069,48,4117,43,3,1,0,1,18.0,8.72,13.77777777777778,40.84011256075723
South Carolina,2020-05-05,"Chapter 61, Subchapter 34",raw milk for human consumption,raw milk for human consumption,department of health and environmental control,"Industry, Commerce, and Development",1800000070,424,14349,395,17,0,4,8,18.0,9.72,15.413070283600494,34.92972894411744
South Carolina,2020-05-05,"Chapter 61, Subchapter 35",imitation milk imitation milk products and products made in semblance of milk and milk products,imitation milk imitation milk products and products made in semblance of milk and milk products,department of health and environmental control,"Industry, Commerce, and Development",1800000071,37,1747,30,4,0,0,3,22.0,7.55,16.25,38.12146226415094
South Carolina,2020-05-05,"Chapter 61, Subchapter 36",frozen desserts,frozen desserts,department of health and environmental control,"Industry, Commerce, and Development",1800000072,192,7206,184,0,1,1,6,22.0,9.37,22.22222222222222,37.71075560634195
South Carolina,2020-05-05,"Chapter 61, Subchapter 4",controlled substances,controlled substances,department of health and environmental control,Health Services,1800000050,684,41250,521,8,10,2,143,17.0,9.49,13.552960800667222,37.61494313395114
South Carolina,2020-05-05,"Chapter 61, Subchapter 43",standards for the permitting of agricultural animal facilities,standards for the permitting of agricultural animal facilities,department of health and environmental control,"Industry, Commerce, and Development",1800000073,869,46605,692,12,8,7,150,17.0,9.43,18.385650224215247,36.62755501824613
South Carolina,2020-05-05,"Chapter 61, Subchapter 44",individual residential well and irrigation well permitting,individual residential well and irrigation well permitting,department of health and environmental control,Health Services,1800000074,44,2291,32,5,1,0,6,18.0,8.06,13.846153846153848,38.5788267644363
South Carolina,2020-05-05,"Chapter 61, Subchapter 45",south carolina central cancer registry,south carolina central cancer registry,department of health and environmental control,Health Services,1800000075,37,1869,31,4,1,0,1,15.0,8.42,5.555555555555555,42.307606885063855
South Carolina,2020-05-05,"Chapter 61, Subchapter 47",shellfish,shellfish,department of health and environmental control,"Industry, Commerce, and Development",1800000076,331,13781,283,8,0,20,20,20.0,9.54,15.133531157270031,40.776345545002265
South Carolina,2020-05-05,"Chapter 61, Subchapter 50",natural public swimming areas,natural public swimming areas,department of health and environmental control,"Culture, Recreation, and the Arts",1800000077,40,1557,21,14,0,0,5,12.0,8.04,11.11111111111111,39.818059299191376
South Carolina,2020-05-05,"Chapter 61, Subchapter 51",public swimming pools,public swimming pools,department of health and environmental control,Health Services,1800000078,780,23338,165,550,5,1,59,18.0,9.65,15.19083969465649,30.98680762627632
South Carolina,2020-05-05,"Chapter 61, Subchapter 54",wholesale commercial ice manufacturing,wholesale commercial ice manufacturing,department of health and environmental control,"Industry, Commerce, and Development",1800000079,175,5757,167,3,0,1,4,18.0,9.16,13.664596273291924,37.996823155665375
South Carolina,2020-05-05,"Chapter 61, Subchapter 55",septic tank site evaluation fees,septic tank site evaluation fees,department of health and environmental control,"Environmental Protection, Public Utilities, and Natural Resources",1800000080,5,385,5,0,0,0,0,15.0,7.08,8.0,42.29649595687332
South Carolina,2020-05-05,"Chapter 61, Subchapter 56",onsite wastewater systems,onsite wastewater systems,department of health and environmental control,"Environmental Protection, Public Utilities, and Natural Resources",1800000081,945,32336,660,147,2,8,128,25.0,9.88,16.284584980237156,36.21028503089496
South Carolina,2020-05-05,"Chapter 61, Subchapter 58",state primary drinking water regulations,state primary drinking water regulations,department of health and environmental control,"Environmental Protection, Public Utilities, and Natural Resources",1800000082,4346,206638,2042,1670,35,4,595,29.0,10.01,26.382671480144403,35.47356359469635
South Carolina,2020-05-05,"Chapter 61, Subchapter 62",air pollution control regulations and standards,air pollution control regulations and standards,department of health and environmental control,"Environmental Protection, Public Utilities, and Natural Resources",1800000083,2644,208962,1773,360,26,18,467,24.0,10.28,19.22987436016752,37.28768725831085
South Carolina,2020-05-05,"Chapter 61, Subchapter 63",radioactive materials,radioactive materials,department of health and environmental control,"Environmental Protection, Public Utilities, and Natural Resources",1800000084,2523,177453,1255,702,72,16,478,33.0,9.93,22.050447518307568,40.11691091492228
South Carolina,2020-05-05,"Chapter 61, Subchapter 64",x rays,x rays,department of health and environmental control,Health Services,1800000085,1867,86758,1594,75,4,11,183,21.0,9.63,20.04760645331923,37.170264250556826
South Carolina,2020-05-05,"Chapter 61, Subchapter 65",particle accelerators,particle accelerators,department of health and environmental control,"Environmental Protection, Public Utilities, and Natural Resources",1800000086,192,11269,160,6,0,4,22,17.0,8.7,9.967845659163988,38.60213086526044
South Carolina,2020-05-05,"Chapter 61, Subchapter 67",standards for wastewater facility construction,standards for wastewater facility construction,department of health and environmental control,"Environmental Protection, Public Utilities, and Natural Resources",1800000087,458,19666,389,11,7,0,51,19.0,9.62,23.757455268389663,38.41751560083205
South Carolina,2020-05-05,"Chapter 61, Subchapter 68",water classifications and standards,water classifications and standards,department of health and environmental control,"Environmental Protection, Public Utilities, and Natural Resources",1800000088,232,18113,192,17,2,7,14,20.0,9.7,18.863636363636363,38.37813251951405
South Carolina,2020-05-05,"Chapter 61, Subchapter 69",classified waters,classified waters,department of health and environmental control,"Environmental Protection, Public Utilities, and Natural Resources",1800000089,3,13247,2,1,0,0,0,113.0,7.42,3.4782608695652173,27.47794462693571
South Carolina,2020-05-05,"Chapter 61, Subchapter 7",emergency medical services,emergency medical services,department of health and environmental control,Health Services,1800000051,542,24740,278,223,5,1,35,14.0,10.24,9.666080843585236,37.01597103918228
South Carolina,2020-05-05,"Chapter 61, Subchapter 71",well standards,well standards,department of health and environmental control,"Environmental Protection, Public Utilities, and Natural Resources",1800000090,253,8978,235,0,0,0,18,18.0,8.91,14.087301587301589,35.096762965541245
South Carolina,2020-05-05,"Chapter 61, Subchapter 75",standards for licensing day care facilities for adults,standards for licensing day care facilities for adults,department of health and environmental control,Health Services,1800000091,306,9916,272,10,0,2,22,15.0,9.78,11.730205278592376,37.88003778337532
South Carolina,2020-05-05,"Chapter 61, Subchapter 77",standards for licensing home health agencies,standards for licensing home health agencies,department of health and environmental control,Health Services,1800000092,139,6037,99,24,0,1,15,15.0,9.09,8.6848635235732,37.1693175987686
South Carolina,2020-05-05,"Chapter 61, Subchapter 78",standards for licensing hospices,standards for licensing hospices,department of health and environmental control,Health Services,1800000093,552,19874,499,15,1,2,35,16.0,9.92,11.736716891356066,37.18277716852055
South Carolina,2020-05-05,"Chapter 61, Subchapter 79 1",permit administration,hazardous waste management regulations,department of health and environmental control,"Environmental Protection, Public Utilities, and Natural Resources",1800000094,3519,285328,1042,1981,29,17,450,31.0,10.53,27.03034359660866,37.02799649700164
South Carolina,2020-05-05,"Chapter 61, Subchapter 79 2",interim status standards for owners and operators of hazardous waste treatment storage and disposal facilities,hazardous waste management regulations,department of health and environmental control,"Environmental Protection, Public Utilities, and Natural Resources",1800000095,3970,350453,1147,2067,46,95,615,25.0,10.55,21.325310046231746,36.567625932589024
South Carolina,2020-05-05,"Chapter 61, Subchapter 8",immunization requirements for school and childcare attendance,immunization requirements for school and childcare attendance,department of health and environmental control,Health Services,1800000052,15,767,4,6,0,0,5,13.0,7.2,5.172413793103448,42.12448700410397
South Carolina,2020-05-05,"Chapter 61, Subchapter 80",neonatal screening for inborn metabolic errors and hemoglobinopathies,neonatal screening for inborn metabolic errors and hemoglobinopathies,department of health and environmental control,Health Services,1800000096,49,3412,42,1,0,2,4,20.0,8.29,26.785714285714285,37.34105263157895
South Carolina,2020-05-05,"Chapter 61, Subchapter 81",state environmental laboratory certification program,state environmental laboratory certification program,department of health and environmental control,Health Services,1800000097,15,1449,2,6,0,0,7,25.0,7.92,15.254237288135592,46.08720514653324
South Carolina,2020-05-05,"Chapter 61, Subchapter 82",proper closeout of wastewater treatment facilities,proper closeout of wastewater treatment facilities,department of health and environmental control,"Environmental Protection, Public Utilities, and Natural Resources",1800000098,24,947,24,0,0,0,0,21.0,7.63,21.73913043478261,34.62106406080348
South Carolina,2020-05-05,"Chapter 61, Subchapter 83",transportation of radioactive waste into or within south carolina,transportation of radioactive waste into or within south carolina,department of health and environmental control,"Environmental Protection, Public Utilities, and Natural Resources",1800000099,65,4243,51,5,0,0,9,20.0,8.48,6.763285024154589,39.52234927234928
South Carolina,2020-05-05,"Chapter 61, Subchapter 84",standards for licensing community residential care facilities,standards for licensing community residential care facilities,department of health and environmental control,Health Services,1800000100,688,28763,628,7,1,5,47,12.0,9.88,9.327548806941431,36.45121951219512
South Carolina,2020-05-05,"Chapter 61, Subchapter 86",asbestos projects,asbestos projects,department of health and environmental control,Health Services,1800000101,613,29069,483,55,3,0,72,17.0,9.67,15.488018702513152,38.128755826461095
South Carolina,2020-05-05,"Chapter 61, Subchapter 87",underground injection control regulations,underground injection control regulations,department of health and environmental control,"Environmental Protection, Public Utilities, and Natural Resources",1800000102,140,9638,112,4,1,3,20,25.0,9.29,15.44502617801047,35.867599569429494
South Carolina,2020-05-05,"Chapter 61, Subchapter 9",water pollution control permits,water pollution control permits,department of health and environmental control,"Environmental Protection, Public Utilities, and Natural Resources",1800001343,2422,181272,1465,438,28,31,460,30.0,10.08,31.2711291413117,37.110560665894205
South Carolina,2020-05-05,"Chapter 61, Subchapter 91",standards for licensing ambulatory surgical facilities,standards for licensing ambulatory surgical facilities,department of health and environmental control,Health Services,1800000103,490,19744,442,7,0,2,39,10.0,9.64,6.572029442691902,37.10329440282062
South Carolina,2020-05-05,"Chapter 61, Subchapter 92",underground storage tank control regulations,underground storage tank control regulations,department of health and environmental control,"Environmental Protection, Public Utilities, and Natural Resources",1800000104,643,54863,120,410,11,0,102,27.0,9.92,19.66548403446528,35.971598761947405
South Carolina,2020-05-05,"Chapter 61, Subchapter 93",standards for licensing facilities for chemically dependent or addicted persons,standards for licensing facilities for chemically dependent or addicted persons,department of health and environmental control,Health Services,1800000105,806,34881,749,5,3,3,46,11.0,9.86,7.8181223421655215,36.69028176037901
South Carolina,2020-05-05,"Chapter 61, Subchapter 94",wic vendors,wic vendors,department of health and environmental control,Social Assistance,1800000106,28,3144,14,13,0,0,1,13.0,8.6,6.0,35.00201409869084
South Carolina,2020-05-05,"Chapter 61, Subchapter 95",medicaid nursing home permits,medicaid nursing home permits,department of health and environmental control,Social Assistance,1800000107,26,1671,19,2,1,0,4,18.0,7.71,12.903225806451612,35.96888612321095
South Carolina,2020-05-05,"Chapter 61, Subchapter 96",athletic trainers,athletic trainers,department of health and environmental control,"Culture, Recreation, and the Arts",1800000108,49,3466,26,18,0,0,5,14.0,8.76,5.416666666666667,38.67422181928075
South Carolina,2020-05-05,"Chapter 61, Subchapter 97",standards for licensing renal dialysis facilities,standards for licensing renal dialysis facilities,department of health and environmental control,Health Services,1800000109,317,9916,268,36,0,0,13,13.0,9.71,9.01749663526245,38.434247871333966
South Carolina,2020-05-05,"Chapter 61, Subchapter 98",state underground petroleum environmental response bank superb site rehabilitation and fund access regulation,state underground petroleum environmental response bank superb site rehabilitation and fund access regulation,department of health and environmental control,"Environmental Protection, Public Utilities, and Natural Resources",1800000110,147,9357,120,13,3,0,11,18.0,9.16,19.038461538461537,41.32945993802568
South Carolina,2020-05-05,Chapter 62,state commission on higher education,state commission on higher education,state commission on higher education,College and University,1800000133,1219,87778,505,545,47,14,108,21.0,9.54,11.903637222484647,36.38913259494438
South Carolina,2020-05-05,Chapter 63,department of highways and public transportation,department of highways and public transportation,department of highways and public transportation,Transportation,1800000134,694,40892,452,157,11,8,66,20.0,10.19,15.4296875,35.546782948727845
South Carolina,2020-05-05,Chapter 64,south carolina state housing finance and development authority,south carolina state housing finance and development authority,south carolina state housing finance and development authority,Taxes and Public Finance,1800000135,5,545,3,1,1,0,0,18.0,7.27,0.0,35.316
South Carolina,2020-05-05,Chapter 65,south carolina human affairs commission,south carolina human affairs commission,south carolina human affairs commission,Labor and Workforce Development,1800000136,409,27717,344,28,6,13,18,23.0,9.67,21.55887230514096,36.18797610156833
South Carolina,2020-05-05,Chapter 67,south carolina workers compensation commission,south carolina workers compensation commission,south carolina workers compensation commission,Labor and Workforce Development,1800000137,568,35207,397,102,11,0,58,18.0,9.38,22.699386503067483,33.26959634613011
South Carolina,2020-05-05,Chapter 68,south carolina jobs economic development authority,south carolina jobs economic development authority,south carolina jobs economic development authority,Labor and Workforce Development,1800000138,12,1172,5,3,1,2,1,19.0,7.99,8.19672131147541,36.02875695732838
South Carolina,2020-05-05,Chapter 69,department of insurance,department of insurance,department of insurance,"Banking, Insurance, and Securities",1800000139,3505,262435,2483,416,89,33,484,28.0,10.6,26.45696434342346,36.9285615877724
South Carolina,2020-05-05,Chapter 7,alcoholic beverages beer and wine,alcoholic beverages beer and wine,alcoholic beverages beer and wine,"Industry, Commerce, and Development",1800000004,177,9406,73,79,4,7,14,21.0,9.12,15.74279379157428,32.16986424324021
South Carolina,2020-05-05,Chapter 71,department of labor licensing and regulation division of labor,department of labor licensing and regulation division of labor,department of labor licensing and regulation division of labor,Labor and Workforce Development,1800000140,1957,121230,1474,304,12,20,147,17.0,10.53,14.878542510121456,34.99654548445468
South Carolina,2020-05-05,Chapter 72,department of health and environmental control land resources and conservation districts division,department of health and environmental control land resources and conservation districts division,department of health and environmental control land resources and conservation districts division,"Environmental Protection, Public Utilities, and Natural Resources",1800000141,624,33612,491,61,3,0,69,22.0,9.72,17.111255692908262,38.48356749396547
South Carolina,2020-05-05,Chapter 73,south carolina law enforcement division,south carolina law enforcement division,south carolina law enforcement division,"Security, Justice, and Corrections",1800000142,354,22029,108,191,7,7,41,18.0,9.76,11.403508771929824,38.79686826605373
South Carolina,2020-05-05,Chapter 75,south carolina state library,south carolina state library,south carolina state library,"Culture, Recreation, and the Arts",1800000143,10,1373,9,0,1,0,0,22.0,7.7,4.761904761904762,38.746393318147305
South Carolina,2020-05-05,Chapter 76,board of landscape architectural examiners,board of landscape architectural examiners,board of landscape architectural examiners,"Industry, Commerce, and Development",1800000144,69,2468,42,16,1,0,10,14.0,8.61,6.741573033707865,39.2007705479452
South Carolina,2020-05-05,Chapter 77,department of labor licensing and regulation panel for massage bodywork,department of labor licensing and regulation panel for massage bodywork,department of labor licensing and regulation panel for massage bodywork,Health Services,1800000145,34,1413,26,4,0,0,4,14.0,7.88,0.9615384615384616,37.41149773071104
South Carolina,2020-05-05,Chapter 79,department of labor licensing and regulation manufactured housing board,department of labor licensing and regulation manufactured housing board,department of labor licensing and regulation manufactured housing board,"Industry, Commerce, and Development",1800000146,381,16417,242,85,2,5,47,20.0,9.73,18.93848009650181,36.13459939893855
South Carolina,2020-05-05,Chapter 8,building codes council,building codes council,building codes council,"Industry, Commerce, and Development",1800000005,554,24822,394,85,0,7,68,16.0,9.83,11.132561132561133,37.09995990912736
South Carolina,2020-05-05,Chapter 80,the south carolina maritime security commission and naval militia,the south carolina maritime security commission and naval militia,the south carolina maritime security commission and naval militia,"Security, Justice, and Corrections",1800000147,18,1999,17,0,0,0,1,17.0,8.36,14.529914529914532,37.615709014233
South Carolina,2020-05-05,Chapter 81,department of labor licensing and regulation state board of medical examiners,department of labor licensing and regulation state board of medical examiners,department of labor licensing and regulation state board of medical examiners,Health Services,1800000148,238,11027,90,122,2,2,22,20.0,9.6,11.594202898550725,40.86611317873843
South Carolina,2020-05-05,Chapter 83,the medical university of south carolina,the medical university of south carolina,the medical university of south carolina,College and University,1800000149,30,1899,10,10,1,4,5,15.0,8.65,10.07751937984496,33.85299145299145
South Carolina,2020-05-05,Chapter 87,department of mental health,department of mental health,department of mental health,Health Services,1800000150,17,1157,14,1,0,0,2,27.0,7.88,9.523809523809524,36.27917833800187
South Carolina,2020-05-05,Chapter 88,department of disabilities and special needs,department of disabilities and special needs,department of disabilities and special needs,Social Assistance,1800000151,224,9553,184,22,1,4,13,19.0,9.54,12.749003984063744,36.67140995003259
South Carolina,2020-05-05,Chapter 89,office of the governor mining council of south carolina,office of the governor mining council of south carolina,office of the governor mining council of south carolina,"Environmental Protection, Public Utilities, and Natural Resources",1800000152,232,9463,159,29,1,0,43,24.0,9.46,24.93765586034913,35.09300805924635
South Carolina,2020-05-05,Chapter 9,institute of archeology and anthropology,adjudication rules,institute of archeology and anthropology,"Culture, Recreation, and the Arts",1800000006,165,11470,140,3,12,1,9,14.0,9.0,15.201005025125628,34.2203182374541
South Carolina,2020-05-05,Chapter 90,department of motor vehicles,department of motor vehicles,department of motor vehicles,Transportation,1800000153,220,13589,26,152,4,1,37,19.0,9.05,10.754189944134078,35.143382065514814
South Carolina,2020-05-05,Chapter 91,department of labor licensing and regulation state board of nursing,department of labor licensing and regulation state board of nursing,department of labor licensing and regulation state board of nursing,Health Services,1800000154,94,8532,63,19,1,0,11,16.0,8.96,6.273764258555133,39.17832427088482
South Carolina,2020-05-05,Chapter 93,department of labor licensing and regulation south carolina board of long term health care administrators,department of labor licensing and regulation south carolina board of long term health care administrators,department of labor licensing and regulation south carolina board of long term health care administrators,Health Services,1800000155,123,6564,72,39,1,0,11,15.0,8.48,9.976798143851507,36.196026047754216
South Carolina,2020-05-05,Chapter 94,department of labor licensing and regulation south carolina board of occupational therapy,department of labor licensing and regulation south carolina board of occupational therapy,department of labor licensing and regulation south carolina board of occupational therapy,Health Services,1800000156,26,3117,14,8,0,0,4,17.0,8.78,11.229946524064172,43.61604980975441
South Carolina,2020-05-05,Chapter 95,department of labor licensing and regulation board of examiners in optometry,department of labor licensing and regulation board of examiners in optometry,department of labor licensing and regulation board of examiners in optometry,Health Services,1800000157,8,742,1,6,0,0,1,12.0,7.5,6.451612903225806,36.17272727272727
South Carolina,2020-05-05,Chapter 96,department of labor licensing and regulation south carolina board of examiners in opticianry,department of labor licensing and regulation south carolina board of examiners in opticianry,department of labor licensing and regulation south carolina board of examiners in opticianry,Health Services,1800000158,33,2042,16,13,0,0,4,19.0,7.92,15.74074074074074,36.56074270557029
South Carolina,2020-05-05,Chapter 99,department of labor licensing and regulation board of pharmacy,department of labor licensing and regulation board of pharmacy,department of labor licensing and regulation board of pharmacy,Health Services,1800000159,7,966,2,5,0,0,0,13.0,7.83,8.21917808219178,35.647935779816514
South Carolina,2021-06-07,Chapter 1,department of labor licensing and regulation board of accountancy,department of labor licensing and regulation board of accountancy,department of labor licensing and regulation board of accountancy,"Industry, Commerce, and Development",1800000189,99,4855,38,35,1,2,23,16.0,8.76,5.901639344262295,34.81540504648074
South Carolina,2021-06-07,Chapter 10,department of labor licensing and regulation,department of labor licensing and regulation,department of labor licensing and regulation,"Industry, Commerce, and Development",1800000195,34,6267,32,1,0,0,1,9.0,8.37,1.0954616588419406,41.279185708350646
South Carolina,2021-06-07,Chapter 100,department of labor licensing and regulation state board of examiners in psychology,department of labor licensing and regulation state board of examiners in psychology,department of labor licensing and regulation state board of examiners in psychology,Health Services,1800000344,169,7943,125,32,3,2,7,18.0,9.11,12.415349887133182,42.945404193590925
South Carolina,2021-06-07,Chapter 101,department of labor licensing and regulation state board of physical therapy examiners,department of labor licensing and regulation state board of physical therapy examiners,department of labor licensing and regulation state board of physical therapy examiners,Health Services,1800000345,55,4238,15,13,2,0,25,17.0,8.64,10.245901639344265,38.17307692307692
South Carolina,2021-06-07,Chapter 102,attorney general division of public charities,attorney general division of public charities,attorney general division of public charities,"Security, Justice, and Corrections",1800000346,1,69,1,0,0,0,0,16.0,5.22,0.0,39.0
South Carolina,2021-06-07,Chapter 103,public service commission,public service commission,public service commission,Administration,1800000347,1980,100523,1548,222,31,13,166,16.0,9.97,15.561015561015562,33.86038854132367
South Carolina,2021-06-07,Chapter 104,south carolina state ports authority,south carolina state ports authority,south carolina state ports authority,Transportation,1800000348,0,107,0,0,0,0,0,6.0,5.55,0.0,35.75
South Carolina,2021-06-07,Chapter 105,department of labor licensing and regulation south carolina real estate commission,department of labor licensing and regulation south carolina real estate commission,department of labor licensing and regulation south carolina real estate commission,"Industry, Commerce, and Development",1800000349,86,3500,23,57,2,0,4,16.0,8.55,13.551401869158877,36.494804400978
South Carolina,2021-06-07,Chapter 106,department of labor licensing and regulation south carolina residential builders commission,department of labor licensing and regulation south carolina residential builders commission,department of labor licensing and regulation south carolina residential builders commission,"Industry, Commerce, and Development",1800000350,25,2103,14,6,0,0,5,21.0,8.48,9.183673469387756,40.03938618925831
South Carolina,2021-06-07,Chapter 108,department of labor licensing and regulation soil classifiers advisory council,department of labor licensing and regulation soil classifiers advisory council,department of labor licensing and regulation soil classifiers advisory council,"Industry, Commerce, and Development",1800000351,75,2628,44,19,1,0,11,13.0,8.52,2.912621359223301,38.00926298832058
South Carolina,2021-06-07,Chapter 11,department of labor licensing and regulation state board of architectural examiners,department of labor licensing and regulation state board of architectural examiners,department of labor licensing and regulation state board of architectural examiners,"Industry, Commerce, and Development",1800000196,100,4316,83,13,1,0,3,18.0,8.57,13.524590163934429,36.06196473551637
South Carolina,2021-06-07,Chapter 110,department of labor licensing and regulation state board of social work examiners,department of labor licensing and regulation state board of social work examiners,department of labor licensing and regulation state board of social work examiners,Health Services,1800000352,26,1029,21,2,0,0,3,15.0,7.95,11.428571428571429,40.38556701030928
South Carolina,2021-06-07,Chapter 112,state reorganization commission,state reorganization commission,state reorganization commission,Administration,1800000353,0,102,0,0,0,0,0,24.0,5.53,0.0,41.16666666666666
South Carolina,2021-06-07,Chapter 113,secretary of state,secretary of state,secretary of state,Administration,1800000354,94,6127,71,15,0,0,8,14.0,8.89,3.9170506912442393,40.161827195467424
South Carolina,2021-06-07,Chapter 114,department of social services,department of social services,department of social services,Social Assistance,1800000355,2964,128326,2356,352,22,49,185,24.0,10.41,22.359657469077067,35.15217321053482
South Carolina,2021-06-07,Chapter 115,department of labor licensing and regulation board of examiners in speech language pathology and audiology,department of labor licensing and regulation board of examiners in speech language pathology and audiology,department of labor licensing and regulation board of examiners in speech language pathology and audiology,Health Services,1800000356,106,4575,44,52,1,1,8,22.0,8.88,9.852216748768472,41.17704460966543
South Carolina,2021-06-07,Chapter 117,department of revenue,department of revenue,department of revenue,Taxes and Public Finance,1800000357,492,94348,186,179,12,1,114,28.0,9.91,23.82406841783751,32.719789156268924
South Carolina,2021-06-07,Chapter 119,university of south carolina,university of south carolina,university of south carolina,College and University,1800000358,16,2060,13,0,0,0,3,17.0,7.99,12.844036697247708,36.90292935094773
South Carolina,2021-06-07,Chapter 12,south carolina department of archives and history,south carolina department of archives and history,south carolina department of archives and history,"Culture, Recreation, and the Arts",1800000197,418,77137,262,93,5,0,58,9.0,9.72,3.694458312531204,40.86028129556045
South Carolina,2021-06-07,Chapter 120,department of labor licensing and regulation board of veterinary medical examiners,department of labor licensing and regulation board of veterinary medical examiners,department of labor licensing and regulation board of veterinary medical examiners,"Industry, Commerce, and Development",1800000359,112,5234,85,21,0,0,6,14.0,9.2,9.94475138121547,41.80377965420185
South Carolina,2021-06-07,Chapter 121,department of natural resources,department of natural resources,department of natural resources,"Environmental Protection, Public Utilities, and Natural Resources",1800000360,453,19771,375,34,3,5,36,27.0,9.65,17.083333333333332,34.05886065961812
South Carolina,2021-06-07,Chapter 123,department of natural resources,department of natural resources,department of natural resources,"Environmental Protection, Public Utilities, and Natural Resources",1800000361,942,55417,365,368,43,79,87,15.0,10.14,13.320191495353424,29.78797400834061
South Carolina,2021-06-07,Chapter 125,winthrop university,winthrop university,winthrop university,College and University,1800000362,17,1506,4,9,0,4,0,15.0,7.93,11.224489795918368,33.33426966292135
South Carolina,2021-06-07,Chapter 126,department of health and human services,department of health and human services,department of health and human services,Health Services,1800000363,181,16421,105,56,3,0,17,18.0,9.69,11.278195488721805,38.03173488282996
South Carolina,2021-06-07,Chapter 127,south carolina occupational health and safety review board,south carolina occupational health and safety review board,south carolina occupational health and safety review board,Labor and Workforce Development,1800000364,53,2533,41,6,0,0,6,17.0,7.98,18.493150684931507,32.46488294314381
South Carolina,2021-06-07,Chapter 13,attorney general,attorney general,attorney general,"Security, Justice, and Corrections",1800000198,521,31824,340,63,11,3,104,29.0,9.82,23.83985441310282,36.45575591315112
South Carolina,2021-06-07,Chapter 130,department of probation parole and pardon services,department of probation parole and pardon services,department of probation parole and pardon services,"Security, Justice, and Corrections",1800000365,30,3517,15,6,2,0,7,27.0,8.86,25.0,38.42030696576151
South Carolina,2021-06-07,Chapter 131,department of labor licensing and regulation state board of registration for geologists,department of labor licensing and regulation state board of registration for geologists,department of labor licensing and regulation state board of registration for geologists,"Industry, Commerce, and Development",1800000366,113,4337,68,16,2,0,27,18.0,8.64,9.50413223140496,36.9475
South Carolina,2021-06-07,Chapter 132,south carolina crime victim s advisory board,south carolina crime victim s advisory board,south carolina crime victim s advisory board,"Security, Justice, and Corrections",1800000367,7,325,6,0,1,0,0,18.0,6.72,16.666666666666664,28.68243243243243
South Carolina,2021-06-07,Chapter 133,department of parks recreation and tourism,department of parks recreation and tourism,department of parks recreation and tourism,"Culture, Recreation, and the Arts",1800000368,20,2724,0,14,5,0,1,17.0,8.51,3.1645569620253164,37.53933865450399
South Carolina,2021-06-07,Chapter 134,department of labor licensing and regulation board of podiatry examiners,department of labor licensing and regulation board of podiatry examiners,department of labor licensing and regulation board of podiatry examiners,Health Services,1800000369,9,903,6,1,1,0,1,15.0,7.55,12.06896551724138,34.20242424242424
South Carolina,2021-06-07,Chapter 136,department of labor licensing and regulation commissioners of pilotage,department of labor licensing and regulation commissioners of pilotage,department of labor licensing and regulation commissioners of pilotage,Transportation,1800000370,255,14347,207,20,0,0,28,16.0,8.89,10.386740331491714,34.35315110098709
South Carolina,2021-06-07,Chapter 137,department of labor licensing and regulation south carolina real estate appraisers board,department of labor licensing and regulation south carolina real estate appraisers board,department of labor licensing and regulation south carolina real estate appraisers board,Taxes and Public Finance,1800000371,159,10282,30,103,1,1,24,13.0,8.79,8.24468085106383,37.42542787286064
South Carolina,2021-06-07,Chapter 139,commission for minority affairs,commission for minority affairs,commission for minority affairs,Administration,1800000372,57,3940,38,15,2,0,2,16.0,8.23,4.081632653061225,37.50719131614654
South Carolina,2021-06-07,Chapter 14,department of labor licensing and regulation south carolina auctioneers commission,department of labor licensing and regulation south carolina auctioneers commission,department of labor licensing and regulation south carolina auctioneers commission,"Industry, Commerce, and Development",1800000199,51,1947,31,12,0,3,5,12.0,7.83,8.280254777070063,37.64396999422966
South Carolina,2021-06-07,Chapter 15,state board of financial institutions consumer finance division,state board of financial institutions consumer finance division,state board of financial institutions consumer finance division,"Banking, Insurance, and Securities",1800000200,272,22043,173,52,7,6,34,28.0,9.97,21.649484536082475,36.61292438076981
South Carolina,2021-06-07,Chapter 17,department of labor licensing and regulation state board of barber examiners,department of labor licensing and regulation state board of barber examiners,department of labor licensing and regulation state board of barber examiners,"Industry, Commerce, and Development",1800000201,108,4133,74,22,0,2,10,19.0,8.71,14.62264150943396,31.74748490945674
South Carolina,2021-06-07,Chapter 18,south carolina commission for the blind,south carolina commission for the blind,south carolina commission for the blind,Social Assistance,1800000202,67,11366,0,43,2,1,21,17.0,9.01,11.911764705882351,33.261998715242726
South Carolina,2021-06-07,Chapter 19,state budget and control board,state budget and control board,state budget and control board,Taxes and Public Finance,1800000203,2183,139782,1478,452,48,6,199,19.0,10.47,15.084402430790004,36.89532195423436
South Carolina,2021-06-07,Chapter 20,department of labor licensing and regulation state athletic commission,department of labor licensing and regulation state athletic commission,department of labor licensing and regulation state athletic commission,"Culture, Recreation, and the Arts",1800000204,654,35893,366,241,3,9,35,9.0,8.87,6.3547863710113575,31.89843064626182
South Carolina,2021-06-07,Chapter 21,south carolina cemetery board,south carolina cemetery board,south carolina cemetery board,"Industry, Commerce, and Development",1800000205,58,3954,16,31,3,0,8,13.0,8.35,6.081081081081082,33.384704184704184
South Carolina,2021-06-07,Chapter 22,coastal carolina university,coastal carolina university,coastal carolina university,College and University,1800000206,13,1680,11,0,0,0,2,9.0,7.7,6.508875739644971,33.88365243004418
South Carolina,2021-06-07,Chapter 23,the college of charleston,the college of charleston,the college of charleston,College and University,1800000207,11,1087,9,0,0,1,1,11.0,7.8,8.60215053763441,32.52905811623246
South Carolina,2021-06-07,Chapter 24,office of the governor division for review of the foster care of children,office of the governor division for review of the foster care of children,office of the governor division for review of the foster care of children,Social Assistance,1800000208,128,6191,122,2,0,0,4,25.0,8.05,27.82258064516129,31.121747831887927
South Carolina,2021-06-07,Chapter 25,department of labor licensing and regulation south carolina board of chiropractic examiners,department of labor licensing and regulation south carolina board of chiropractic examiners,department of labor licensing and regulation south carolina board of chiropractic examiners,Health Services,1800000209,105,6684,42,50,5,1,7,20.0,9.26,7.854984894259818,38.89722310884137
South Carolina,2021-06-07,Chapter 26,the citadel,the citadel,the citadel,College and University,1800000210,12,889,6,4,0,2,0,15.0,7.71,15.789473684210526,34.28656361474435
South Carolina,2021-06-07,Chapter 27,clemson university state livestock poultry health commission,clemson university state livestock poultry health commission,clemson university state livestock poultry health commission,College and University,1800000211,1458,84189,751,486,31,27,163,17.0,10.55,14.6371976647206,36.55792529025744
South Carolina,2021-06-07,Chapter 28,department of consumer affairs,department of consumer affairs,department of consumer affairs,"Industry, Commerce, and Development",1800000212,390,23447,176,149,8,0,57,23.0,9.88,15.87147030185005,35.69439265087089
South Carolina,2021-06-07,Chapter 29,department of labor licensing and regulation state licensing board for contractors,department of labor licensing and regulation state licensing board for contractors,department of labor licensing and regulation state licensing board for contractors,"Industry, Commerce, and Development",1800000213,30,2620,14,7,2,0,7,11.0,7.67,3.79746835443038,37.239925023430175
South Carolina,2021-06-07,Chapter 3,department of commerce aeronautics division,department of commerce aeronautics division,department of commerce aeronautics division,"Industry, Commerce, and Development",1800000190,60,2472,48,3,0,0,9,20.0,8.33,17.355371900826448,36.82513661202186
South Carolina,2021-06-07,Chapter 30,department of health and environmental control coastal division,department of health and environmental control coastal division,department of health and environmental control coastal division,Health Services,1800000214,795,68965,346,307,14,34,94,22.0,10.52,15.537720706260034,35.68271738633071
South Carolina,2021-06-07,Chapter 31,office of the governor continuum of care for emotionally disturbed children division,office of the governor continuum of care for emotionally disturbed children division,office of the governor continuum of care for emotionally disturbed children division,Social Assistance,1800000215,1,275,0,1,0,0,0,34.0,6.8,37.5,39.681102362204726
South Carolina,2021-06-07,Chapter 33,department of corrections,department of corrections,department of corrections,"Security, Justice, and Corrections",1800000216,10,3352,0,6,1,1,2,26.0,8.54,36.43410852713178,37.97083205403746
South Carolina,2021-06-07,Chapter 35,department of labor licensing and regulation state board of cosmetology,department of labor licensing and regulation state board of cosmetology,department of labor licensing and regulation state board of cosmetology,"Industry, Commerce, and Development",1800000217,299,11178,155,102,13,6,23,21.0,9.45,12.287334593572778,35.34387921915569
South Carolina,2021-06-07,Chapter 36,department of labor licensing and regulation board of examiners for licensure of professional counselors marriage and family therapists addiction counselors and psycho educational specialists,department of labor licensing and regulation board of examiners for licensure of professional counselors marriage and family therapists addiction counselors and psycho educational specialists,department of labor licensing and regulation board of examiners for licensure of professional counselors marriage and family therapists addiction counselors and psycho educational specialists,Health Services,1800000218,484,21294,346,97,1,3,37,20.0,9.59,12.476370510396976,43.74304187503157
South Carolina,2021-06-07,Chapter 37,south carolina criminal justice academy,south carolina criminal justice academy,south carolina criminal justice academy,"Security, Justice, and Corrections",1800000219,226,11843,144,32,0,2,48,12.0,8.42,6.015037593984962,34.9457842764907
South Carolina,2021-06-07,Chapter 38,department of public safety,department of public safety,department of public safety,"Security, Justice, and Corrections",1800000220,2140,119168,1186,567,20,20,347,20.0,10.41,16.545791870467195,33.85559832759287
South Carolina,2021-06-07,Chapter 39,department of labor licensing and regulation state board of dentistry,department of labor licensing and regulation state board of dentistry,department of labor licensing and regulation state board of dentistry,Health Services,1800000221,184,13291,128,30,4,2,20,19.0,9.63,14.534883720930234,37.89291030160595
South Carolina,2021-06-07,Chapter 40,department of labor licensing and regulation panel for dietetics,department of labor licensing and regulation panel for dietetics,department of labor licensing and regulation panel for dietetics,Health Services,1800000222,43,3300,26,8,2,1,6,15.0,8.61,4.672897196261682,39.50116240451677
South Carolina,2021-06-07,Chapter 42,state education assistance authority,state education assistance authority,state education assistance authority,Primary and Secondary Education,1800000223,2,338,0,1,1,0,0,24.0,6.46,14.285714285714285,40.26860841423948
South Carolina,2021-06-07,Chapter 43,state board of education,state board of education,state board of education,Primary and Secondary Education,1800000224,1761,95839,674,866,20,4,197,19.0,10.24,10.768925094377112,38.798203239415066
South Carolina,2021-06-07,Chapter 44,south carolina lottery commission,south carolina lottery commission,south carolina lottery commission,Taxes and Public Finance,1800000225,167,9158,118,25,4,3,17,21.0,8.87,15.31322505800464,32.71835334476844
South Carolina,2021-06-07,Chapter 45,state election commission,state election commission,state election commission,Administration,1800000226,48,1710,40,6,0,0,2,22.0,7.39,10.256410256410255,31.86422018348624
South Carolina,2021-06-07,Chapter 47,department of employment and workforce,department of employment and workforce,department of employment and workforce,Labor and Workforce Development,1800000227,337,20165,288,21,1,0,27,20.0,9.42,19.683481701285853,33.544125353736504
South Carolina,2021-06-07,Chapter 49,department of labor licensing and regulation south carolina state board of registration for professional engineers and land surveyors,department of labor licensing and regulation south carolina state board of registration for professional engineers and land surveyors,department of labor licensing and regulation south carolina state board of registration for professional engineers and land surveyors,"Industry, Commerce, and Development",1800000228,337,19896,198,97,2,1,39,19.0,9.88,10.02921129503408,36.87646238059461
South Carolina,2021-06-07,Chapter 5,department of agriculture,department of agriculture,department of agriculture,"Industry, Commerce, and Development",1800000191,2062,92152,1676,177,10,31,168,20.0,10.65,14.909969257795344,33.87481443121008
South Carolina,2021-06-07,Chapter 50,south carolina state board of examiners for registered environmental sanitarians,south carolina state board of examiners for registered environmental sanitarians,south carolina state board of examiners for registered environmental sanitarians,"Environmental Protection, Public Utilities, and Natural Resources",1800000229,17,1303,13,3,0,0,1,10.0,8.02,11.76470588235294,42.47758761206194
South Carolina,2021-06-07,Chapter 51,south carolina environmental certification board,south carolina environmental certification board,south carolina environmental certification board,"Environmental Protection, Public Utilities, and Natural Resources",1800000230,31,1986,11,19,0,0,1,15.0,7.57,2.158273381294964,36.533735600658254
South Carolina,2021-06-07,Chapter 52,state ethics commission,state ethics commission,state ethics commission,Administration,1800000231,217,11374,116,49,2,2,48,16.0,8.91,13.54309165526676,34.42035068084313
South Carolina,2021-06-07,Chapter 53,department of labor licensing and regulation state board of registration for foresters,department of labor licensing and regulation state board of registration for foresters,department of labor licensing and regulation state board of registration for foresters,"Environmental Protection, Public Utilities, and Natural Resources",1800000232,44,2194,29,5,0,1,9,15.0,8.42,5.633802816901409,36.83000487092061
South Carolina,2021-06-07,Chapter 55,state commission of forestry,state commission of forestry,state commission of forestry,"Environmental Protection, Public Utilities, and Natural Resources",1800000233,17,1272,5,7,0,5,0,15.0,7.88,14.814814814814811,35.11509591326105
South Carolina,2021-06-07,Chapter 57,department of labor licensing and regulation south carolina state board of funeral service,department of labor licensing and regulation south carolina state board of funeral service,department of labor licensing and regulation south carolina state board of funeral service,"Industry, Commerce, and Development",1800000234,93,4729,40,36,2,0,15,21.0,8.95,15.695067264573993,35.72317156527683
South Carolina,2021-06-07,Chapter 58,office of the governor,office of the governor,office of the governor,Administration,1800000235,83,2896,71,5,0,0,7,16.0,8.07,10.285714285714285,43.89568345323741
South Carolina,2021-06-07,"Chapter 61, Subchapter 101",water quality certification,water quality certification,department of health and environmental control,"Environmental Protection, Public Utilities, and Natural Resources",1800000294,40,2815,30,4,0,0,6,18.0,8.35,16.875,40.68514412416852
South Carolina,2021-06-07,"Chapter 61, Subchapter 102",standards for licensing birthing centers for deliveries by midwives,standards for licensing birthing centers for deliveries by midwives,department of health and environmental control,Health Services,1800000295,254,7504,222,18,0,1,13,25.0,9.6,13.157894736842104,37.98437714129094
South Carolina,2021-06-07,"Chapter 61, Subchapter 103",residential treatment facilities for children and adolescents,residential treatment facilities for children and adolescents,department of health and environmental control,Health Services,1800001339,1299,38921,1137,100,1,6,55,20.0,10.14,15.32133676092545,37.14785254784721
South Carolina,2021-06-07,"Chapter 61, Subchapter 104",hazardous waste management location standards,hazardous waste management location standards,department of health and environmental control,"Environmental Protection, Public Utilities, and Natural Resources",1800000296,114,7177,53,38,0,16,7,28.0,8.95,34.0,35.72131855477184
South Carolina,2021-06-07,"Chapter 61, Subchapter 105",infectious waste management regulations,infectious waste management regulations,department of health and environmental control,Health Services,1800000297,271,11928,89,127,4,1,50,31.0,9.25,28.49872773536896,38.229861290600496
South Carolina,2021-06-07,"Chapter 61, Subchapter 106",tanning facilities,tanning facilities,department of health and environmental control,"Industry, Commerce, and Development",1800000298,68,3431,48,5,0,0,15,27.0,8.35,12.096774193548388,41.352723604572965
South Carolina,2021-06-07,"Chapter 61, Subchapter 107",solid waste management,solid waste management,department of health and environmental control,"Environmental Protection, Public Utilities, and Natural Resources",1800000299,2455,137149,1886,244,23,23,279,21.0,10.25,13.921901528013583,37.54221033102835
South Carolina,2021-06-07,"Chapter 61, Subchapter 108",standards for licensing freestanding or mobile technology,standards for licensing freestanding or mobile technology,department of health and environmental control,"Industry, Commerce, and Development",1800000300,305,12755,281,1,0,0,23,12.0,9.64,9.881422924901186,39.41191666666667
South Carolina,2021-06-07,"Chapter 61, Subchapter 109",standards for permitting body piercing facilities,standards for permitting body piercing facilities,department of health and environmental control,Health Services,1800000301,201,7146,187,4,0,1,9,16.0,9.35,11.233480176211454,37.75123295619379
South Carolina,2021-06-07,"Chapter 61, Subchapter 110",total maximum daily loads for pollutants in water,total maximum daily loads for pollutants in water,department of health and environmental control,"Environmental Protection, Public Utilities, and Natural Resources",1800000302,28,1261,26,2,0,0,0,20.0,8.04,15.625,36.14345637583892
South Carolina,2021-06-07,"Chapter 61, Subchapter 111",standards for licensing tattoo facilities,standards for licensing tattoo facilities,department of health and environmental control,"Industry, Commerce, and Development",1800000303,262,9248,244,5,0,2,11,15.0,9.59,10.11804384485666,37.80470773735781
South Carolina,2021-06-07,"Chapter 61, Subchapter 112",implementation of emergency health powers act,implementation of emergency health powers act,department of health and environmental control,Health Services,1800000304,44,4168,34,7,0,0,3,22.0,9.02,14.814814814814811,40.05713579025476
South Carolina,2021-06-07,"Chapter 61, Subchapter 113",groundwater use and reporting,groundwater use and reporting,department of health and environmental control,"Environmental Protection, Public Utilities, and Natural Resources",1800000305,63,6322,44,3,0,1,15,23.0,9.15,27.659574468085108,37.480395333765394
South Carolina,2021-06-07,"Chapter 61, Subchapter 114",south carolina birth defects program,south carolina birth defects program,department of health and environmental control,Health Services,1800000306,10,1182,9,1,0,0,0,19.0,7.92,9.375,41.245166959578206
South Carolina,2021-06-07,"Chapter 61, Subchapter 115",environmental electronic reporting requirements,environmental electronic reporting requirements,department of health and environmental control,"Environmental Protection, Public Utilities, and Natural Resources",1800000307,9,1941,3,5,0,0,1,15.0,7.63,10.0,37.76637069922309
South Carolina,2021-06-07,"Chapter 61, Subchapter 116",south carolina trauma care systems,south carolina trauma care systems,department of health and environmental control,Health Services,1800000308,203,8218,176,3,1,0,23,16.0,9.13,9.16030534351145,39.22172977079904
South Carolina,2021-06-07,"Chapter 61, Subchapter 117",access to restricted information,access to restricted information,department of health and environmental control,Health Services,1800000309,16,1056,0,14,0,0,2,18.0,7.46,15.517241379310343,40.65976331360947
South Carolina,2021-06-07,"Chapter 61, Subchapter 118",south carolina stroke care system,south carolina stroke care system,department of health and environmental control,Health Services,1800000310,28,1863,26,0,0,0,2,15.0,8.16,7.751937984496124,42.39016210173281
South Carolina,2021-06-07,"Chapter 61, Subchapter 119",surface water withdrawal permitting use and reporting,surface water withdrawal permitting use and reporting,department of health and environmental control,Health Services,1800000311,149,15856,59,62,7,0,21,22.0,9.19,18.207282913165265,37.0906423214868
South Carolina,2021-06-07,"Chapter 61, Subchapter 12",standards for licensing abortion clinics,standards for licensing abortion clinics,department of health and environmental control,Health Services,1800000240,352,10700,290,39,0,1,22,13.0,9.86,9.489916963226571,38.582502661376175
South Carolina,2021-06-07,"Chapter 61, Subchapter 120",south carolina immunization registry,south carolina immunization registry,department of health and environmental control,Health Services,1800000312,32,2068,23,2,1,2,4,19.0,7.96,13.20754716981132,42.732604373757454
South Carolina,2021-06-07,"Chapter 61, Subchapter 122",standards for licensing in home care providers,standards for licensing in home care providers,department of health and environmental control,"Industry, Commerce, and Development",1800000313,65,4092,52,9,0,0,4,14.0,8.96,12.416107382550337,36.195641025641024
South Carolina,2021-06-07,"Chapter 61, Subchapter 123",critical congenital heart defects screening on newborns,critical congenital heart defects screening on newborns,department of health and environmental control,Health Services,1800000314,6,583,5,0,0,0,1,11.0,7.49,10.0,42.04308797127469
South Carolina,2021-06-07,"Chapter 61, Subchapter 124",consumer electronic equipment collection and recovery,consumer electronic equipment collection and recovery,department of health and environmental control,Health Services,1800000315,79,6774,50,24,2,0,3,23.0,8.66,18.64406779661017,42.0953670276775
South Carolina,2021-06-07,"Chapter 61, Subchapter 125",consumer electronic equipment collection and recovery,consumer electronic equipment collection and recovery,department of health and environmental control,Health Services,1800000316,522,17574,478,5,1,4,34,15.0,9.86,10.178117048346056,37.1315353678732
South Carolina,2021-06-07,"Chapter 61, Subchapter 13",standards for licensing habilitation centers for persons with intellectual disability or persons with related conditions,standards for licensing habilitation centers for persons with intellectual disability or persons with related conditions,department of health and environmental control,Health Services,1800000241,601,19781,553,5,0,7,36,16.0,9.91,11.522965350523773,37.37596471885336
South Carolina,2021-06-07,"Chapter 61, Subchapter 15",certification of need for health facilities and services,certification of need for health facilities and services,department of health and environmental control,Health Services,1800000242,143,14220,57,54,6,2,24,18.0,9.55,12.23203026481715,38.753900761665314
South Carolina,2021-06-07,"Chapter 61, Subchapter 16",minimum standards for licensing hospitals and institutional general infirmaries,minimum standards for licensing hospitals and institutional general infirmaries,department of health and environmental control,Health Services,1800000243,675,31761,531,101,2,1,40,10.0,9.67,5.502154458070931,36.86169952032492
South Carolina,2021-06-07,"Chapter 61, Subchapter 17",standards for licensing nursing homes,standards for licensing nursing homes,department of health and environmental control,Health Services,1800000244,837,31237,767,4,2,10,54,16.0,10.07,14.473684210526317,37.5896193541964
South Carolina,2021-06-07,"Chapter 61, Subchapter 19",vital statistics,vital statistics,department of health and environmental control,Health Services,1800000245,296,10929,216,26,1,0,53,21.0,8.93,26.0377358490566,33.85911394781303
South Carolina,2021-06-07,"Chapter 61, Subchapter 20",communicable diseases,communicable diseases,department of health and environmental control,Health Services,1800000246,54,3100,42,3,4,1,4,23.0,8.6,15.107913669064748,37.54346383543464
South Carolina,2021-06-07,"Chapter 61, Subchapter 21",sexually transmitted diseases,sexually transmitted diseases,department of health and environmental control,Health Services,1800000247,55,5048,20,25,0,2,8,31.0,8.59,39.2638036809816,36.80279126213592
South Carolina,2021-06-07,"Chapter 61, Subchapter 22",the evaluation of staff of schools and child care centers for tuberculosis,the evaluation of staff of schools and child care centers for tuberculosis,department of health and environmental control,Primary and Secondary Education,1800000248,29,1737,20,1,2,0,6,17.0,7.97,14.563106796116504,38.29892601431981
South Carolina,2021-06-07,"Chapter 61, Subchapter 24",licensed midwives,licensed midwives,department of health and environmental control,Health Services,1800000249,99,6100,73,15,0,0,11,11.0,9.49,6.170598911070781,38.88006902502157
South Carolina,2021-06-07,"Chapter 61, Subchapter 25",retail food establishments,retail food establishments,department of health and environmental control,Health Services,1800000250,1222,67626,1003,55,74,8,82,33.0,10.13,31.3872255489022,35.2894441054626
South Carolina,2021-06-07,"Chapter 61, Subchapter 29",environmental health inspections and fees,environmental health inspections and fees,department of health and environmental control,Health Services,1800000251,9,393,8,0,0,0,1,18.0,6.7,9.090909090909092,43.37984496124031
South Carolina,2021-06-07,"Chapter 61, Subchapter 3",the practice of selling and fitting hearing aids,the practice of selling and fitting hearing aids,department of health and environmental control,Health Services,1800000236,101,4021,87,7,0,0,7,22.0,8.89,16.11111111111111,35.39272079409519
South Carolina,2021-06-07,"Chapter 61, Subchapter 30",environmental protection fees,environmental protection fees,department of health and environmental control,"Environmental Protection, Public Utilities, and Natural Resources",1800000252,91,7709,54,16,2,0,19,24.0,9.38,17.92452830188679,36.509631178139465
South Carolina,2021-06-07,"Chapter 61, Subchapter 31",health care cooperative agreements,health care cooperative agreements,department of health and environmental control,Health Services,1800000253,52,4864,38,9,0,0,5,26.0,8.76,20.105820105820104,40.11127659574469
South Carolina,2021-06-07,"Chapter 61, Subchapter 32",soft drink and water bottling plants,soft drink and water bottling plants,department of health and environmental control,"Industry, Commerce, and Development",1800000254,120,7022,103,11,0,2,4,18.0,9.34,15.167095115681231,37.15719503287071
South Carolina,2021-06-07,"Chapter 61, Subchapter 33",drycleaning facility restoration trust fund,drycleaning facility restoration trust fund,department of health and environmental control,"Environmental Protection, Public Utilities, and Natural Resources",1800000255,48,4117,43,3,1,0,1,18.0,8.72,13.77777777777778,40.84011256075723
South Carolina,2021-06-07,"Chapter 61, Subchapter 34",raw milk for human consumption,raw milk for human consumption,department of health and environmental control,"Industry, Commerce, and Development",1800000256,424,14381,395,17,0,4,8,18.0,9.73,15.318627450980394,34.948063252575075
South Carolina,2021-06-07,"Chapter 61, Subchapter 36",frozen desserts,frozen desserts,department of health and environmental control,"Industry, Commerce, and Development",1800000257,113,7761,92,17,1,0,3,19.0,9.29,16.040100250626566,38.900599945459504
South Carolina,2021-06-07,"Chapter 61, Subchapter 4",controlled substances,controlled substances,department of health and environmental control,Health Services,1800000237,684,41250,521,8,10,2,143,17.0,9.49,13.457556935817806,37.61494313395114
South Carolina,2021-06-07,"Chapter 61, Subchapter 43",standards for the permitting of agricultural animal facilities,standards for the permitting of agricultural animal facilities,department of health and environmental control,"Industry, Commerce, and Development",1800000258,869,46603,692,12,8,7,150,17.0,9.43,18.310383327130623,36.62973245270346
South Carolina,2021-06-07,"Chapter 61, Subchapter 44",individual residential well and irrigation well permitting,individual residential well and irrigation well permitting,department of health and environmental control,Health Services,1800000259,44,2291,32,5,1,0,6,17.0,8.06,13.846153846153848,38.5788267644363
South Carolina,2021-06-07,"Chapter 61, Subchapter 45",south carolina central cancer registry,south carolina central cancer registry,department of health and environmental control,Health Services,1800000260,37,1869,31,4,1,0,1,15.0,8.42,5.555555555555555,42.307606885063855
South Carolina,2021-06-07,"Chapter 61, Subchapter 47",shellfish,shellfish,department of health and environmental control,"Industry, Commerce, and Development",1800000261,331,13781,283,8,0,20,20,20.0,9.54,15.201192250372578,40.776345545002265
South Carolina,2021-06-07,"Chapter 61, Subchapter 50",natural public swimming areas,natural public swimming areas,department of health and environmental control,"Culture, Recreation, and the Arts",1800000262,40,1557,21,14,0,0,5,12.0,8.04,11.278195488721805,39.818059299191376
South Carolina,2021-06-07,"Chapter 61, Subchapter 51",public swimming pools,public swimming pools,department of health and environmental control,Health Services,1800000263,780,23338,165,550,5,1,59,18.0,9.65,15.19083969465649,30.98680762627632
South Carolina,2021-06-07,"Chapter 61, Subchapter 55",septic tank site evaluation fees,septic tank site evaluation fees,department of health and environmental control,"Environmental Protection, Public Utilities, and Natural Resources",1800000264,5,381,5,0,0,0,0,16.0,7.07,8.333333333333332,42.37057220708447
South Carolina,2021-06-07,"Chapter 61, Subchapter 56",onsite wastewater systems,onsite wastewater systems,department of health and environmental control,"Environmental Protection, Public Utilities, and Natural Resources",1800001342,1071,38151,705,199,3,10,154,26.0,9.99,18.71013465627215,35.988036476198445
South Carolina,2021-06-07,"Chapter 61, Subchapter 58",state primary drinking water regulations,state primary drinking water regulations,department of health and environmental control,"Environmental Protection, Public Utilities, and Natural Resources",1800000265,4346,206638,2042,1670,35,4,595,28.0,10.01,26.073926073926074,35.47356359469635
South Carolina,2021-06-07,"Chapter 61, Subchapter 62",air pollution control regulations and standards,air pollution control regulations and standards,department of health and environmental control,"Environmental Protection, Public Utilities, and Natural Resources",1800000266,2738,216772,1834,371,26,18,489,25.0,10.29,20.163584637268848,37.34678845481719
South Carolina,2021-06-07,"Chapter 61, Subchapter 63",radioactive materials,radioactive materials,department of health and environmental control,"Environmental Protection, Public Utilities, and Natural Resources",1800000267,2550,179116,1272,707,72,16,483,33.0,9.93,22.14126695001012,40.139398043132346
South Carolina,2021-06-07,"Chapter 61, Subchapter 64",x rays,x rays,department of health and environmental control,Health Services,1800000268,1867,86758,1594,75,4,11,183,21.0,9.63,20.132802124834,37.170264250556826
South Carolina,2021-06-07,"Chapter 61, Subchapter 65",particle accelerators,particle accelerators,department of health and environmental control,"Environmental Protection, Public Utilities, and Natural Resources",1800000269,192,11269,160,6,0,4,22,16.0,8.7,9.967845659163988,38.60213086526044
South Carolina,2021-06-07,"Chapter 61, Subchapter 67",standards for wastewater facility construction,standards for wastewater facility construction,department of health and environmental control,"Environmental Protection, Public Utilities, and Natural Resources",1800000270,458,19666,389,11,7,0,51,20.0,9.62,23.781094527363184,38.41751560083205
South Carolina,2021-06-07,"Chapter 61, Subchapter 68",water classifications and standards,water classifications and standards,department of health and environmental control,"Environmental Protection, Public Utilities, and Natural Resources",1800000271,238,19079,198,17,2,7,14,20.0,9.75,18.634886240520043,38.32085711088733
South Carolina,2021-06-07,"Chapter 61, Subchapter 69",classified waters,classified waters,department of health and environmental control,"Environmental Protection, Public Utilities, and Natural Resources",1800000272,3,13307,2,1,0,0,0,,7.44,3.389830508474576,27.29683603491272
South Carolina,2021-06-07,"Chapter 61, Subchapter 7",emergency medical services,emergency medical services,department of health and environmental control,Health Services,1800000238,542,24740,278,223,5,1,35,14.0,10.24,9.700176366843031,37.01597103918228
South Carolina,2021-06-07,"Chapter 61, Subchapter 71",well standards,well standards,department of health and environmental control,"Environmental Protection, Public Utilities, and Natural Resources",1800000273,253,8978,235,0,0,0,18,18.0,8.91,14.087301587301589,35.096762965541245
South Carolina,2021-06-07,"Chapter 61, Subchapter 75",standards for licensing day care facilities for adults,standards for licensing day care facilities for adults,department of health and environmental control,Health Services,1800000274,306,9916,272,10,0,2,22,14.0,9.78,11.730205278592376,37.88003778337532
South Carolina,2021-06-07,"Chapter 61, Subchapter 77",standards for licensing home health agencies,standards for licensing home health agencies,department of health and environmental control,Health Services,1800000275,139,6037,99,24,0,1,15,15.0,9.09,8.728179551122196,37.1693175987686
South Carolina,2021-06-07,"Chapter 61, Subchapter 78",standards for licensing hospices,standards for licensing hospices,department of health and environmental control,Health Services,1800000276,552,19874,499,15,1,2,35,16.0,9.92,11.755361397934868,37.18277716852055
South Carolina,2021-06-07,"Chapter 61, Subchapter 79 1",permit administration,hazardous waste management regulations,department of health and environmental control,"Environmental Protection, Public Utilities, and Natural Resources",1800000277,4685,367020,1694,2343,40,18,590,30.0,10.51,27.48608137044968,36.59223678264799
South Carolina,2021-06-07,"Chapter 61, Subchapter 79 2",interim status standards for owners and operators of hazardous waste treatment storage and disposal facilities,hazardous waste management regulations,department of health and environmental control,"Environmental Protection, Public Utilities, and Natural Resources",1800000278,3970,350541,1147,2067,46,95,615,24.0,10.55,21.17612766887707,36.56405364476216
South Carolina,2021-06-07,"Chapter 61, Subchapter 8",immunization requirements for school and childcare attendance,immunization requirements for school and childcare attendance,department of health and environmental control,Health Services,1800000239,15,767,4,6,0,0,5,13.0,7.2,5.084745762711865,42.12448700410397
South Carolina,2021-06-07,"Chapter 61, Subchapter 80",neonatal screening for inborn metabolic errors and hemoglobinopathies,neonatal screening for inborn metabolic errors and hemoglobinopathies,department of health and environmental control,Health Services,1800000279,49,3412,42,1,0,2,4,21.0,8.29,26.94610778443114,37.34105263157895
South Carolina,2021-06-07,"Chapter 61, Subchapter 81",state environmental laboratory certification program,state environmental laboratory certification program,department of health and environmental control,Health Services,1800000280,15,1449,2,6,0,0,7,26.0,7.92,15.254237288135592,46.08720514653324
South Carolina,2021-06-07,"Chapter 61, Subchapter 82",proper closeout of wastewater treatment facilities,proper closeout of wastewater treatment facilities,department of health and environmental control,"Environmental Protection, Public Utilities, and Natural Resources",1800000281,24,947,24,0,0,0,0,20.0,7.63,21.73913043478261,34.62106406080348
South Carolina,2021-06-07,"Chapter 61, Subchapter 83",transportation of radioactive waste into or within south carolina,transportation of radioactive waste into or within south carolina,department of health and environmental control,"Environmental Protection, Public Utilities, and Natural Resources",1800000282,65,4243,51,5,0,0,9,20.0,8.48,6.829268292682928,39.52234927234928
South Carolina,2021-06-07,"Chapter 61, Subchapter 84",standards for licensing community residential care facilities,standards for licensing community residential care facilities,department of health and environmental control,Health Services,1800000283,688,28763,628,7,1,5,47,12.0,9.88,9.335649153278332,36.45121951219512
South Carolina,2021-06-07,"Chapter 61, Subchapter 86",asbestos projects,asbestos projects,department of health and environmental control,Health Services,1800000284,613,29069,483,55,3,0,72,17.0,9.67,15.634218289085547,38.128755826461095
South Carolina,2021-06-07,"Chapter 61, Subchapter 87",underground injection control regulations,underground injection control regulations,department of health and environmental control,"Environmental Protection, Public Utilities, and Natural Resources",1800000285,140,9638,112,4,1,3,20,25.0,9.29,15.245478036175712,35.867599569429494
South Carolina,2021-06-07,"Chapter 61, Subchapter 9",water pollution control permits,water pollution control permits,department of health and environmental control,"Environmental Protection, Public Utilities, and Natural Resources",1800001341,2504,182775,1463,472,28,30,511,33.0,10.06,35.67394578313253,36.62508586828246
South Carolina,2021-06-07,"Chapter 61, Subchapter 91",standards for licensing ambulatory surgical facilities,standards for licensing ambulatory surgical facilities,department of health and environmental control,Health Services,1800000286,490,19744,442,7,0,2,39,10.0,9.64,6.585879873551106,37.10329440282062
South Carolina,2021-06-07,"Chapter 61, Subchapter 92",underground storage tank control regulations,underground storage tank control regulations,department of health and environmental control,"Environmental Protection, Public Utilities, and Natural Resources",1800000287,643,54863,120,410,11,0,102,28.0,9.92,19.517102615694164,35.971598761947405
South Carolina,2021-06-07,"Chapter 61, Subchapter 93",standards for licensing facilities for chemically dependent or addicted persons,standards for licensing facilities for chemically dependent or addicted persons,department of health and environmental control,Health Services,1800000288,744,27173,698,4,2,2,38,13.0,9.95,10.180541624874625,38.70852207293666
South Carolina,2021-06-07,"Chapter 61, Subchapter 94",wic vendors,wic vendors,department of health and environmental control,Social Assistance,1800000289,28,3144,14,13,0,0,1,13.0,8.6,6.0,35.00201409869084
South Carolina,2021-06-07,"Chapter 61, Subchapter 95",medicaid nursing home permits,medicaid nursing home permits,department of health and environmental control,Social Assistance,1800000290,26,1671,19,2,1,0,4,18.0,7.71,13.043478260869565,35.96888612321095
South Carolina,2021-06-07,"Chapter 61, Subchapter 96",athletic trainers,athletic trainers,department of health and environmental control,"Culture, Recreation, and the Arts",1800000291,49,3466,26,18,0,0,5,15.0,8.76,5.439330543933055,38.67422181928075
South Carolina,2021-06-07,"Chapter 61, Subchapter 97",standards for licensing renal dialysis facilities,standards for licensing renal dialysis facilities,department of health and environmental control,Health Services,1800000292,416,14781,383,9,0,1,23,12.0,9.83,7.213114754098362,39.03184804341617
South Carolina,2021-06-07,"Chapter 61, Subchapter 98",state underground petroleum environmental response bank superb site rehabilitation and fund access regulation,state underground petroleum environmental response bank superb site rehabilitation and fund access regulation,department of health and environmental control,"Environmental Protection, Public Utilities, and Natural Resources",1800000293,147,9357,120,13,3,0,11,18.0,9.16,19.038461538461537,41.32945993802568
South Carolina,2021-06-07,Chapter 62,state commission on higher education,state commission on higher education,state commission on higher education,College and University,1800000317,1219,97934,505,545,47,14,108,21.0,9.49,10.90006475285992,36.58819584908979
South Carolina,2021-06-07,Chapter 63,department of highways and public transportation,department of highways and public transportation,department of highways and public transportation,Transportation,1800000318,694,40905,452,157,11,8,66,20.0,10.19,15.422157149829186,35.53534496064207
South Carolina,2021-06-07,Chapter 64,south carolina state housing finance and development authority,south carolina state housing finance and development authority,south carolina state housing finance and development authority,Taxes and Public Finance,1800000319,5,545,3,1,1,0,0,19.0,7.27,0.0,35.316
South Carolina,2021-06-07,Chapter 65,south carolina human affairs commission,south carolina human affairs commission,south carolina human affairs commission,Labor and Workforce Development,1800000320,409,27717,344,28,6,13,18,23.0,9.67,21.55887230514096,36.18797610156833
South Carolina,2021-06-07,Chapter 67,south carolina workers compensation commission,south carolina workers compensation commission,south carolina workers compensation commission,Labor and Workforce Development,1800000321,568,35207,397,102,11,0,58,18.0,9.38,22.641509433962263,33.26959634613011
South Carolina,2021-06-07,Chapter 68,south carolina jobs economic development authority,south carolina jobs economic development authority,south carolina jobs economic development authority,Labor and Workforce Development,1800000322,12,1172,5,3,1,2,1,19.0,7.99,8.19672131147541,36.02875695732838
South Carolina,2021-06-07,Chapter 69,department of insurance,department of insurance,department of insurance,"Banking, Insurance, and Securities",1800000323,3534,264615,2507,416,89,35,487,29.0,10.6,26.58104899633067,36.92749889473896
South Carolina,2021-06-07,Chapter 7,alcoholic beverages beer and wine,alcoholic beverages beer and wine,alcoholic beverages beer and wine,"Industry, Commerce, and Development",1800000192,177,9406,73,79,4,7,14,21.0,9.12,15.74279379157428,32.16986424324021
South Carolina,2021-06-07,Chapter 71,department of labor licensing and regulation division of labor,department of labor licensing and regulation division of labor,department of labor licensing and regulation division of labor,Labor and Workforce Development,1800000324,1954,121738,1473,304,12,20,145,17.0,10.53,14.870533776941992,34.98643536286316
South Carolina,2021-06-07,Chapter 72,department of health and environmental control land resources and conservation districts division,department of health and environmental control land resources and conservation districts division,department of health and environmental control land resources and conservation districts division,"Environmental Protection, Public Utilities, and Natural Resources",1800000325,624,33612,491,61,3,0,69,22.0,9.72,17.100130039011706,38.48356749396547
South Carolina,2021-06-07,Chapter 73,south carolina law enforcement division,south carolina law enforcement division,south carolina law enforcement division,"Security, Justice, and Corrections",1800000326,354,22029,108,191,7,7,41,18.0,9.76,11.39442231075697,38.79686826605373
South Carolina,2021-06-07,Chapter 75,south carolina state library,south carolina state library,south carolina state library,"Culture, Recreation, and the Arts",1800000327,10,1373,9,0,1,0,0,22.0,7.7,4.761904761904762,38.746393318147305
South Carolina,2021-06-07,Chapter 76,board of landscape architectural examiners,board of landscape architectural examiners,board of landscape architectural examiners,"Industry, Commerce, and Development",1800000328,71,2502,43,16,1,0,11,14.0,8.57,6.077348066298343,39.2446898895497
South Carolina,2021-06-07,Chapter 77,department of labor licensing and regulation panel for massage bodywork,department of labor licensing and regulation panel for massage bodywork,department of labor licensing and regulation panel for massage bodywork,Health Services,1800000329,34,1413,26,4,0,0,4,14.0,7.88,0.9708737864077668,37.41149773071104
South Carolina,2021-06-07,Chapter 79,department of labor licensing and regulation manufactured housing board,department of labor licensing and regulation manufactured housing board,department of labor licensing and regulation manufactured housing board,"Industry, Commerce, and Development",1800000330,381,16417,242,85,2,5,47,20.0,9.73,18.93848009650181,36.13459939893855
South Carolina,2021-06-07,Chapter 8,building codes council,building codes council,building codes council,"Industry, Commerce, and Development",1800000193,572,25257,404,85,0,7,76,16.0,9.83,11.152882205513784,37.00530492349511
South Carolina,2021-06-07,Chapter 80,the south carolina maritime security commission and naval militia,the south carolina maritime security commission and naval militia,the south carolina maritime security commission and naval militia,"Security, Justice, and Corrections",1800000331,18,1999,17,0,0,0,1,17.0,8.36,14.529914529914532,37.615709014233
South Carolina,2021-06-07,Chapter 81,department of labor licensing and regulation state board of medical examiners,department of labor licensing and regulation state board of medical examiners,department of labor licensing and regulation state board of medical examiners,Health Services,1800000332,238,11027,90,122,2,2,22,20.0,9.6,11.61524500907441,40.86611317873843
South Carolina,2021-06-07,Chapter 83,the medical university of south carolina,the medical university of south carolina,the medical university of south carolina,College and University,1800000333,30,1899,10,10,1,4,5,14.0,8.65,9.774436090225564,33.85299145299145
South Carolina,2021-06-07,Chapter 87,department of mental health,department of mental health,department of mental health,Health Services,1800000334,17,1157,14,1,0,0,2,27.0,7.88,9.30232558139535,36.27917833800187
South Carolina,2021-06-07,Chapter 88,department of disabilities and special needs,department of disabilities and special needs,department of disabilities and special needs,Social Assistance,1800000335,224,9553,184,22,1,4,13,20.0,9.54,13.0879345603272,36.67140995003259
South Carolina,2021-06-07,Chapter 89,office of the governor mining council of south carolina,office of the governor mining council of south carolina,office of the governor mining council of south carolina,"Environmental Protection, Public Utilities, and Natural Resources",1800000336,232,9463,159,29,1,0,43,23.0,9.46,24.875621890547265,35.09300805924635
South Carolina,2021-06-07,Chapter 9,institute of archeology and anthropology,adjudication rules,institute of archeology and anthropology,"Culture, Recreation, and the Arts",1800000194,165,11470,140,3,12,1,9,14.0,9.0,15.162907268170423,34.2203182374541
South Carolina,2021-06-07,Chapter 90,department of motor vehicles,department of motor vehicles,department of motor vehicles,Transportation,1800000337,220,13589,26,152,4,1,37,19.0,9.05,10.76923076923077,35.143382065514814
South Carolina,2021-06-07,Chapter 91,department of labor licensing and regulation state board of nursing,department of labor licensing and regulation state board of nursing,department of labor licensing and regulation state board of nursing,Health Services,1800000338,94,8532,63,19,1,0,11,16.0,8.96,6.203007518796992,39.17832427088482
South Carolina,2021-06-07,Chapter 93,department of labor licensing and regulation south carolina board of long term health care administrators,department of labor licensing and regulation south carolina board of long term health care administrators,department of labor licensing and regulation south carolina board of long term health care administrators,Health Services,1800000339,123,6683,72,39,1,0,11,15.0,8.5,9.750566893424036,36.16740594710038
South Carolina,2021-06-07,Chapter 94,department of labor licensing and regulation south carolina board of occupational therapy,department of labor licensing and regulation south carolina board of occupational therapy,department of labor licensing and regulation south carolina board of occupational therapy,Health Services,1800000340,26,3117,14,8,0,0,4,16.0,8.78,11.229946524064172,43.61604980975441
South Carolina,2021-06-07,Chapter 95,department of labor licensing and regulation board of examiners in optometry,department of labor licensing and regulation board of examiners in optometry,department of labor licensing and regulation board of examiners in optometry,Health Services,1800000341,8,742,1,6,0,0,1,12.0,7.5,6.451612903225806,36.17272727272727
South Carolina,2021-06-07,Chapter 96,department of labor licensing and regulation south carolina board of examiners in opticianry,department of labor licensing and regulation south carolina board of examiners in opticianry,department of labor licensing and regulation south carolina board of examiners in opticianry,Health Services,1800000342,32,2184,12,15,0,0,5,19.0,7.92,12.173913043478262,37.351593625498005
South Carolina,2021-06-07,Chapter 99,department of labor licensing and regulation board of pharmacy,department of labor licensing and regulation board of pharmacy,department of labor licensing and regulation board of pharmacy,Health Services,1800000343,59,3598,12,39,1,0,7,22.0,8.4,14.545454545454543,37.81964337912891
South Carolina,2022-04-25,Chapter 1,department of labor licensing and regulation board of accountancy,department of labor licensing and regulation board of accountancy,department of labor licensing and regulation board of accountancy,"Industry, Commerce, and Development",1800001127,99,4347,38,35,1,2,23,20.0,8.68,7.981220657276995,35.35808699831771
South Carolina,2022-04-25,Chapter 10,department of labor licensing and regulation,department of labor licensing and regulation,department of labor licensing and regulation,"Industry, Commerce, and Development",1800001134,34,5382,32,1,0,0,1,14.0,8.4,1.9444444444444444,43.99739336492891
South Carolina,2022-04-25,Chapter 100,department of labor licensing and regulation state board of examiners in psychology,department of labor licensing and regulation state board of examiners in psychology,department of labor licensing and regulation state board of examiners in psychology,Health Services,1800001309,155,6811,120,23,3,2,7,22.0,9.0,17.475728155339805,43.70331981372991
South Carolina,2022-04-25,"Chapter 100, Subchapter A",appendix a association of state and provincial psychology boards criteria,appendix a association of state and provincial psychology boards criteria,department of labor licensing and regulation state board of examiners in psychology,Health Services,1800001310,12,488,3,9,0,0,0,14.0,7.16,2.941176470588235,46.24318658280922
South Carolina,2022-04-25,Chapter 101,department of labor licensing and regulation state board of physical therapy examiners,department of labor licensing and regulation state board of physical therapy examiners,department of labor licensing and regulation state board of physical therapy examiners,Health Services,1800001311,55,3666,15,13,2,0,25,27.0,8.68,18.65671641791045,39.24864710908573
South Carolina,2022-04-25,Chapter 103,public service commission,public service commission,public service commission,Administration,1800001312,2013,93713,1574,224,31,13,171,23.0,10.16,24.3625347134562,34.455060468924614
South Carolina,2022-04-25,Chapter 104,south carolina state ports authority,south carolina state ports authority,south carolina state ports authority,Transportation,1800001313,0,64,0,0,0,0,0,8.0,4.49,0.0,36.42857142857143
South Carolina,2022-04-25,Chapter 105,department of labor licensing and regulation south carolina real estate commission,department of labor licensing and regulation south carolina real estate commission,department of labor licensing and regulation south carolina real estate commission,"Industry, Commerce, and Development",1800001314,86,3034,23,57,2,0,4,27.0,8.53,26.36363636363636,37.66700715015322
South Carolina,2022-04-25,Chapter 106,department of labor licensing and regulation south carolina residential builders commission,department of labor licensing and regulation south carolina residential builders commission,department of labor licensing and regulation south carolina residential builders commission,"Industry, Commerce, and Development",1800001315,25,1886,14,6,0,0,5,29.0,8.41,14.285714285714285,41.11392405063291
South Carolina,2022-04-25,Chapter 108,department of labor licensing and regulation soil classifiers advisory council,department of labor licensing and regulation soil classifiers advisory council,department of labor licensing and regulation soil classifiers advisory council,"Industry, Commerce, and Development",1800001316,75,2490,44,19,1,0,11,14.0,8.47,3.5294117647058822,38.42078792958928
South Carolina,2022-04-25,Chapter 11,department of labor licensing and regulation state board of architectural examiners,department of labor licensing and regulation state board of architectural examiners,department of labor licensing and regulation state board of architectural examiners,"Industry, Commerce, and Development",1800001135,100,3734,83,13,1,0,3,24.0,8.68,21.568627450980397,36.89492753623188
South Carolina,2022-04-25,Chapter 110,department of labor licensing and regulation state board of social work examiners,department of labor licensing and regulation state board of social work examiners,department of labor licensing and regulation state board of social work examiners,Health Services,1800001317,26,943,21,2,0,0,3,17.0,7.75,14.814814814814811,40.48954895489549
South Carolina,2022-04-25,Chapter 111,public service commission,public service commission,public service commission,Administration,1800001318,53,3414,30,12,2,2,7,18.0,8.56,11.518324607329845,37.81952571604558
South Carolina,2022-04-25,Chapter 112,state reorganization commission,state reorganization commission,state reorganization commission,Administration,1800001319,0,87,0,0,0,0,0,43.0,5.29,0.0,38.57831325301205
South Carolina,2022-04-25,Chapter 113,secretary of state,secretary of state,secretary of state,Administration,1800001320,89,4753,66,15,0,0,8,21.0,8.87,7.142857142857142,40.98058671268335
South Carolina,2022-04-25,Chapter 114,department of social services,department of social services,department of social services,Social Assistance,1800001321,3351,140391,2706,393,27,52,173,27.0,10.41,24.951867539468616,35.044873440468244
South Carolina,2022-04-25,Chapter 115,department of labor licensing and regulation board of examiners in speech language pathology and audiology,department of labor licensing and regulation board of examiners in speech language pathology and audiology,department of labor licensing and regulation board of examiners in speech language pathology and audiology,Health Services,1800001322,106,4257,44,52,1,1,8,29.0,8.78,13.986013986013988,41.53842400585509
South Carolina,2022-04-25,Chapter 117,department of revenue,department of revenue,department of revenue,Taxes and Public Finance,1800001323,496,92562,186,183,12,1,114,36.0,9.88,30.82408874801902,32.81243752935368
South Carolina,2022-04-25,Chapter 119,university of south carolina,university of south carolina,university of south carolina,College and University,1800001324,16,1946,13,0,0,0,3,31.0,7.78,24.13793103448276,33.49257278669043
South Carolina,2022-04-25,Chapter 12,south carolina department of archives and history,south carolina department of archives and history,south carolina department of archives and history,"Culture, Recreation, and the Arts",1800001136,418,66193,262,93,5,0,58,13.0,10.04,5.982215036378335,42.687308684712406
South Carolina,2022-04-25,Chapter 120,department of labor licensing and regulation board of veterinary medical examiners,department of labor licensing and regulation board of veterinary medical examiners,department of labor licensing and regulation board of veterinary medical examiners,"Industry, Commerce, and Development",1800001325,112,4974,85,21,0,0,6,17.0,9.18,12.203389830508476,42.38031693077565
South Carolina,2022-04-25,Chapter 121,department of natural resources,department of natural resources,department of natural resources,"Environmental Protection, Public Utilities, and Natural Resources",1800001326,452,19543,375,33,3,5,36,31.0,9.62,19.902912621359224,34.12008061949719
South Carolina,2022-04-25,Chapter 123,department of natural resources,department of natural resources,department of natural resources,"Environmental Protection, Public Utilities, and Natural Resources",1800001327,715,45908,163,358,43,76,75,17.0,10.07,16.666666666666664,30.273982725971088
South Carolina,2022-04-25,Chapter 125,winthrop university,winthrop university,winthrop university,College and University,1800001328,17,1506,4,9,0,4,0,19.0,7.91,14.473684210526317,33.32120363890833
South Carolina,2022-04-25,Chapter 126,department of health and human services,department of health and human services,department of health and human services,Health Services,1800001329,183,15943,107,56,3,0,17,23.0,9.62,15.350877192982455,38.12667012582696
South Carolina,2022-04-25,Chapter 127,south carolina occupational health and safety review board,south carolina occupational health and safety review board,south carolina occupational health and safety review board,Labor and Workforce Development,1800001330,53,2366,41,6,0,0,6,25.0,7.79,29.347826086956523,32.64480633802817
South Carolina,2022-04-25,Chapter 13,attorney general,attorney general,attorney general,"Security, Justice, and Corrections",1800001137,519,30429,338,62,12,3,104,39.0,9.78,34.55497382198953,36.64393231599709
South Carolina,2022-04-25,Chapter 130,department of probation parole and pardon services,department of probation parole and pardon services,department of probation parole and pardon services,"Security, Justice, and Corrections",1800001331,30,3457,15,6,2,0,7,32.0,8.82,29.906542056074763,38.54667461974351
South Carolina,2022-04-25,Chapter 131,department of labor licensing and regulation state board of registration for geologists,department of labor licensing and regulation state board of registration for geologists,department of labor licensing and regulation state board of registration for geologists,"Industry, Commerce, and Development",1800001332,102,3444,67,13,2,0,20,32.0,8.71,20.5607476635514,38.42468239564428
South Carolina,2022-04-25,Chapter 132,south carolina crime victim s advisory board,south carolina crime victim s advisory board,south carolina crime victim s advisory board,"Security, Justice, and Corrections",1800001333,7,312,6,0,1,0,0,30.0,6.61,30.0,28.439446366782008
South Carolina,2022-04-25,Chapter 133,department of parks recreation and tourism,department of parks recreation and tourism,department of parks recreation and tourism,"Culture, Recreation, and the Arts",1800001334,20,2721,0,14,5,0,1,18.0,8.51,3.3783783783783785,37.53328261696463
South Carolina,2022-04-25,Chapter 134,department of labor licensing and regulation board of podiatry examiners,department of labor licensing and regulation board of podiatry examiners,department of labor licensing and regulation board of podiatry examiners,Health Services,1800001335,9,808,6,1,1,0,1,23.0,7.41,20.588235294117645,34.75098814229249
South Carolina,2022-04-25,Chapter 136,department of labor licensing and regulation commissioners of pilotage,department of labor licensing and regulation commissioners of pilotage,department of labor licensing and regulation commissioners of pilotage,Transportation,1800001336,255,12575,207,20,0,0,28,23.0,9.03,17.92452830188679,35.3001589027348
South Carolina,2022-04-25,Chapter 137,department of labor licensing and regulation south carolina real estate appraisers board,department of labor licensing and regulation south carolina real estate appraisers board,department of labor licensing and regulation south carolina real estate appraisers board,Taxes and Public Finance,1800001337,168,9013,39,105,2,1,21,28.0,9.24,22.36421725239617,39.85270302452965
South Carolina,2022-04-25,Chapter 139,commission for minority affairs,commission for minority affairs,commission for minority affairs,Administration,1800001338,57,3417,38,15,2,0,2,22.0,8.24,6.451612903225806,38.45454545454545
South Carolina,2022-04-25,Chapter 14,department of labor licensing and regulation south carolina auctioneers commission,department of labor licensing and regulation south carolina auctioneers commission,department of labor licensing and regulation south carolina auctioneers commission,"Industry, Commerce, and Development",1800001138,44,1222,24,12,0,3,5,21.0,7.63,16.071428571428573,38.56761412575366
South Carolina,2022-04-25,Chapter 15,state board of financial institutions consumer finance division,state board of financial institutions consumer finance division,state board of financial institutions consumer finance division,"Banking, Insurance, and Securities",1800001139,270,20221,172,51,7,6,34,35.0,9.81,29.401408450704224,33.538780060519194
South Carolina,2022-04-25,Chapter 17,department of labor licensing and regulation state board of barber examiners,department of labor licensing and regulation state board of barber examiners,department of labor licensing and regulation state board of barber examiners,"Industry, Commerce, and Development",1800001140,108,4015,74,22,0,2,10,26.0,8.64,20.12987012987013,31.836461815376705
South Carolina,2022-04-25,Chapter 18,south carolina commission for the blind,south carolina commission for the blind,south carolina commission for the blind,Social Assistance,1800001141,67,10895,0,43,2,1,21,18.0,8.98,13.728813559322036,33.384331884331885
South Carolina,2022-04-25,Chapter 19,state budget and control board,state budget and control board,state budget and control board,Taxes and Public Finance,1800001142,2183,129366,1479,450,49,5,200,24.0,10.56,21.406610299769408,37.27110563488037
South Carolina,2022-04-25,Chapter 20,department of labor licensing and regulation state athletic commission,department of labor licensing and regulation state athletic commission,department of labor licensing and regulation state athletic commission,"Culture, Recreation, and the Arts",1800001143,651,25983,364,241,3,9,34,20.0,9.62,18.729641693811075,33.40327245682175
South Carolina,2022-04-25,Chapter 21,south carolina cemetery board,south carolina cemetery board,south carolina cemetery board,"Industry, Commerce, and Development",1800001144,58,2854,16,31,3,0,8,34.0,8.64,21.951219512195124,34.63037037037037
South Carolina,2022-04-25,Chapter 22,coastal carolina university,coastal carolina university,coastal carolina university,College and University,1800001145,13,1269,11,0,0,0,2,13.0,7.8,11.827956989247312,34.39196428571429
South Carolina,2022-04-25,Chapter 23,the college of charleston,the college of charleston,the college of charleston,College and University,1800001146,10,996,8,0,0,1,1,13.0,7.74,10.38961038961039,32.55386289445049
South Carolina,2022-04-25,Chapter 24,office of the governor division for review of the foster care of children,office of the governor division for review of the foster care of children,office of the governor division for review of the foster care of children,Social Assistance,1800001147,128,5903,122,2,0,0,4,33.0,7.95,39.42857142857143,31.24504224866356
South Carolina,2022-04-25,Chapter 25,department of labor licensing and regulation south carolina board of chiropractic examiners,department of labor licensing and regulation south carolina board of chiropractic examiners,department of labor licensing and regulation south carolina board of chiropractic examiners,Health Services,1800001148,105,6074,42,50,5,1,7,25.0,9.34,10.92436974789916,39.79765346029587
South Carolina,2022-04-25,Chapter 26,the citadel,the citadel,the citadel,College and University,1800001149,12,868,6,4,0,2,0,24.0,7.63,25.0,34.299760191846524
South Carolina,2022-04-25,Chapter 27,clemson university state livestock poultry health commission,clemson university state livestock poultry health commission,clemson university state livestock poultry health commission,College and University,1800001150,1470,79942,757,489,32,27,165,21.0,10.59,19.1044776119403,36.75308641975309
South Carolina,2022-04-25,"Chapter 27, Subchapter A",appendix i ppv susceptible species,appendix i ppv susceptible species,clemson university state livestock poultry health commission,College and University,1800001151,0,176,0,0,0,0,0,,4.63,0.0,43.50568181818182
South Carolina,2022-04-25,Chapter 28,department of consumer affairs,department of consumer affairs,department of consumer affairs,"Industry, Commerce, and Development",1800001152,457,28395,214,161,12,3,67,27.0,10.03,20.384615384615383,35.72947306185796
South Carolina,2022-04-25,Chapter 29,department of labor licensing and regulation state licensing board for contractors,department of labor licensing and regulation state licensing board for contractors,department of labor licensing and regulation state licensing board for contractors,"Industry, Commerce, and Development",1800001153,52,3732,22,16,2,0,12,33.0,8.61,23.214285714285715,38.675401521555365
South Carolina,2022-04-25,Chapter 3,department of commerce aeronautics division,department of commerce aeronautics division,department of commerce aeronautics division,"Industry, Commerce, and Development",1800001128,60,2393,48,3,0,0,9,22.0,8.25,19.626168224299064,36.85443583118002
South Carolina,2022-04-25,Chapter 30,department of health and environmental control coastal division,department of health and environmental control coastal division,department of health and environmental control coastal division,Health Services,1800001154,807,69128,346,318,14,35,94,23.0,10.55,16.46076794657763,35.95319574203904
South Carolina,2022-04-25,Chapter 31,office of the governor continuum of care for emotionally disturbed children division,office of the governor continuum of care for emotionally disturbed children division,office of the governor continuum of care for emotionally disturbed children division,Social Assistance,1800001155,1,235,0,1,0,0,0,58.0,6.52,75.0,40.14159292035398
South Carolina,2022-04-25,Chapter 33,department of corrections,department of corrections,department of corrections,"Security, Justice, and Corrections",1800001156,10,3325,0,6,1,1,2,27.0,8.51,38.21138211382114,37.97038864898211
South Carolina,2022-04-25,Chapter 35,department of labor licensing and regulation state board of cosmetology,department of labor licensing and regulation state board of cosmetology,department of labor licensing and regulation state board of cosmetology,"Industry, Commerce, and Development",1800001157,293,10029,153,99,13,6,22,27.0,9.49,17.11229946524064,35.850214278248146
South Carolina,2022-04-25,Chapter 36,department of labor licensing and regulation board of examiners for licensure of professional counselors marriage and family therapists addiction counselors and psycho educational specialists,department of labor licensing and regulation board of examiners for licensure of professional counselors marriage and family therapists addiction counselors and psycho educational specialists,department of labor licensing and regulation board of examiners for licensure of professional counselors marriage and family therapists addiction counselors and psycho educational specialists,Health Services,1800001158,505,19984,350,113,1,3,38,32.0,9.64,21.59090909090909,45.308369587735655
South Carolina,2022-04-25,Chapter 37,south carolina criminal justice academy,south carolina criminal justice academy,south carolina criminal justice academy,"Security, Justice, and Corrections",1800001159,226,9536,144,32,0,2,48,19.0,8.59,12.06896551724138,36.33311125916056
South Carolina,2022-04-25,Chapter 38,department of public safety,department of public safety,department of public safety,"Security, Justice, and Corrections",1800001160,2194,103942,1245,563,16,18,352,27.0,10.37,24.08141686492202,34.29849397899578
South Carolina,2022-04-25,"Chapter 38, Subchapter A",appendix a north american standard out of service criteria january 1 2004 commercial vehicle safety alliance,appendix a north american standard out of service criteria january 1 2004 commercial vehicle safety alliance,department of public safety,"Security, Justice, and Corrections",1800001161,69,12311,42,14,4,0,9,20.0,9.6,15.18324607329843,31.696096039323187
South Carolina,2022-04-25,Chapter 39,department of labor licensing and regulation state board of dentistry,department of labor licensing and regulation state board of dentistry,department of labor licensing and regulation state board of dentistry,Health Services,1800001162,194,13187,126,39,4,2,23,21.0,9.58,16.99346405228758,38.056270974791225
South Carolina,2022-04-25,Chapter 40,department of labor licensing and regulation panel for dietetics,department of labor licensing and regulation panel for dietetics,department of labor licensing and regulation panel for dietetics,Health Services,1800001163,38,2748,24,6,1,1,6,26.0,8.68,9.615384615384617,41.04857363145721
South Carolina,2022-04-25,Chapter 42,state education assistance authority,state education assistance authority,state education assistance authority,Primary and Secondary Education,1800001164,2,288,0,1,1,0,0,48.0,6.12,33.33333333333333,39.55882352941177
South Carolina,2022-04-25,Chapter 43,state board of education,state board of education,state board of education,Primary and Secondary Education,1800001165,1768,92347,674,872,20,5,197,20.0,10.21,12.327527708663196,39.07007289462192
South Carolina,2022-04-25,Chapter 44,south carolina lottery commission,south carolina lottery commission,south carolina lottery commission,Taxes and Public Finance,1800001166,166,8672,118,24,4,3,17,27.0,8.85,20.625,33.023781212841854
South Carolina,2022-04-25,Chapter 45,state election commission,state election commission,state election commission,Administration,1800001167,48,1710,40,6,0,0,2,29.0,7.36,13.79310344827586,31.91768292682927
South Carolina,2022-04-25,Chapter 47,department of employment and workforce,department of employment and workforce,department of employment and workforce,Labor and Workforce Development,1800001168,337,19060,288,21,1,0,27,25.0,9.43,26.4,33.82568356710146
South Carolina,2022-04-25,Chapter 49,department of labor licensing and regulation south carolina state board of registration for professional engineers and land surveyors,department of labor licensing and regulation south carolina state board of registration for professional engineers and land surveyors,department of labor licensing and regulation south carolina state board of registration for professional engineers and land surveyors,"Industry, Commerce, and Development",1800001169,337,18525,198,97,2,1,39,23.0,9.95,12.83354510800508,37.34376588893283
South Carolina,2022-04-25,Chapter 5,department of agriculture,department of agriculture,department of agriculture,"Industry, Commerce, and Development",1800001129,2059,90771,1674,177,10,30,168,24.0,10.61,18.27233584499462,33.945649901266115
South Carolina,2022-04-25,Chapter 50,south carolina state board of examiners for registered environmental sanitarians,south carolina state board of examiners for registered environmental sanitarians,south carolina state board of examiners for registered environmental sanitarians,"Environmental Protection, Public Utilities, and Natural Resources",1800001170,17,1288,13,3,0,0,1,11.0,7.99,13.445378151260504,42.24630541871921
South Carolina,2022-04-25,Chapter 51,south carolina environmental certification board,south carolina environmental certification board,south carolina environmental certification board,"Environmental Protection, Public Utilities, and Natural Resources",1800001171,31,1743,11,19,0,0,1,19.0,7.41,3.4482758620689653,37.3499399759904
South Carolina,2022-04-25,Chapter 52,state ethics commission,state ethics commission,state ethics commission,Administration,1800001172,217,10343,116,49,2,2,48,22.0,9.02,20.84210526315789,35.10858510320072
South Carolina,2022-04-25,Chapter 53,department of labor licensing and regulation state board of registration for foresters,department of labor licensing and regulation state board of registration for foresters,department of labor licensing and regulation state board of registration for foresters,"Environmental Protection, Public Utilities, and Natural Resources",1800001173,48,2011,23,15,0,1,9,23.0,8.44,7.0588235294117645,38.81898800208659
South Carolina,2022-04-25,Chapter 55,state commission of forestry,state commission of forestry,state commission of forestry,"Environmental Protection, Public Utilities, and Natural Resources",1800001174,17,1228,5,7,0,5,0,18.0,7.8,17.647058823529413,35.33134073441503
South Carolina,2022-04-25,Chapter 57,department of labor licensing and regulation south carolina state board of funeral service,department of labor licensing and regulation south carolina state board of funeral service,department of labor licensing and regulation south carolina state board of funeral service,"Industry, Commerce, and Development",1800001175,84,3944,40,31,2,0,11,36.0,8.95,30.55555555555556,36.35051820356099
South Carolina,2022-04-25,Chapter 58,office of the governor,office of the governor,office of the governor,Administration,1800001176,83,2833,71,5,0,0,7,18.0,7.98,11.39240506329114,44.26113951789628
South Carolina,2022-04-25,"Chapter 61, Subchapter 101",water quality certification,water quality certification,department of health and environmental control,"Environmental Protection, Public Utilities, and Natural Resources",1800001253,40,2808,30,4,0,0,6,18.0,8.32,17.307692307692307,40.76737272389446
South Carolina,2022-04-25,"Chapter 61, Subchapter 102",standards for licensing birthing centers for deliveries by midwives,standards for licensing birthing centers for deliveries by midwives,department of health and environmental control,Health Services,1800001254,254,7519,222,18,0,1,13,25.0,9.59,13.468013468013469,38.00397423598739
South Carolina,2022-04-25,"Chapter 61, Subchapter 103",residential treatment facilities for children and adolescents,residential treatment facilities for children and adolescents,department of health and environmental control,Health Services,1800001255,1299,38921,1137,100,1,6,55,20.0,10.14,15.32133676092545,37.14785254784721
South Carolina,2022-04-25,"Chapter 61, Subchapter 104",hazardous waste management location standards,hazardous waste management location standards,department of health and environmental control,"Environmental Protection, Public Utilities, and Natural Resources",1800001256,114,7182,53,38,0,16,7,28.0,8.96,34.0,35.74517985611511
South Carolina,2022-04-25,"Chapter 61, Subchapter 105",infectious waste management regulations,infectious waste management regulations,department of health and environmental control,Health Services,1800001257,271,11941,89,127,4,1,50,34.0,9.21,32.463768115942024,38.3188643424232
South Carolina,2022-04-25,"Chapter 61, Subchapter 106",tanning facilities,tanning facilities,department of health and environmental control,"Industry, Commerce, and Development",1800001258,68,3213,48,5,0,0,15,32.0,8.24,14.444444444444445,40.76660682226212
South Carolina,2022-04-25,"Chapter 61, Subchapter 107",solid waste management,solid waste management,department of health and environmental control,"Environmental Protection, Public Utilities, and Natural Resources",1800001259,2466,136085,1893,249,22,23,279,24.0,10.2,16.394325731729214,37.52234946149141
South Carolina,2022-04-25,"Chapter 61, Subchapter 108",standards for licensing freestanding or mobile technology,standards for licensing freestanding or mobile technology,department of health and environmental control,"Industry, Commerce, and Development",1800001260,305,11675,281,1,0,0,23,17.0,9.69,14.349112426035504,39.61915487881791
South Carolina,2022-04-25,"Chapter 61, Subchapter 109",standards for permitting body piercing facilities,standards for permitting body piercing facilities,department of health and environmental control,Health Services,1800001261,201,7013,187,4,0,1,9,19.0,9.18,14.325842696629213,37.10368491720126
South Carolina,2022-04-25,"Chapter 61, Subchapter 110",total maximum daily loads for pollutants in water,total maximum daily loads for pollutants in water,department of health and environmental control,"Environmental Protection, Public Utilities, and Natural Resources",1800001262,28,1231,26,2,0,0,0,24.0,7.94,20.0,36.17417677642981
South Carolina,2022-04-25,"Chapter 61, Subchapter 111",standards for licensing tattoo facilities,standards for licensing tattoo facilities,department of health and environmental control,"Industry, Commerce, and Development",1800001263,262,9117,244,5,0,2,11,18.0,9.45,12.195121951219512,37.23767848917549
South Carolina,2022-04-25,"Chapter 61, Subchapter 112",implementation of emergency health powers act,implementation of emergency health powers act,department of health and environmental control,Health Services,1800001264,44,4150,34,7,0,0,3,24.0,8.99,16.470588235294116,40.13411296342374
South Carolina,2022-04-25,"Chapter 61, Subchapter 113",groundwater use and reporting,groundwater use and reporting,department of health and environmental control,"Environmental Protection, Public Utilities, and Natural Resources",1800001265,63,6344,44,3,0,1,15,22.0,9.12,28.05755395683453,37.56158833063209
South Carolina,2022-04-25,"Chapter 61, Subchapter 114",south carolina birth defects program,south carolina birth defects program,department of health and environmental control,Health Services,1800001266,10,1141,9,1,0,0,0,18.0,7.87,9.523809523809524,41.13802559414991
South Carolina,2022-04-25,"Chapter 61, Subchapter 115",environmental electronic reporting requirements,environmental electronic reporting requirements,department of health and environmental control,"Environmental Protection, Public Utilities, and Natural Resources",1800001267,9,1656,3,5,0,0,1,23.0,7.74,17.142857142857142,38.83728379244074
South Carolina,2022-04-25,"Chapter 61, Subchapter 116",south carolina trauma care systems,south carolina trauma care systems,department of health and environmental control,Health Services,1800001268,200,8030,176,3,1,0,20,18.0,8.98,11.188811188811188,38.52346711988496
South Carolina,2022-04-25,"Chapter 61, Subchapter 117",access to restricted information,access to restricted information,department of health and environmental control,Health Services,1800001269,16,1015,0,14,0,0,2,21.0,7.34,19.148936170212767,40.83453981385729
South Carolina,2022-04-25,"Chapter 61, Subchapter 118",south carolina stroke care system,south carolina stroke care system,department of health and environmental control,Health Services,1800001270,28,1794,26,0,0,0,2,18.0,8.02,10.1010101010101,41.81511627906977
South Carolina,2022-04-25,"Chapter 61, Subchapter 119",surface water withdrawal permitting use and reporting,surface water withdrawal permitting use and reporting,department of health and environmental control,Health Services,1800001271,149,15547,59,62,7,0,21,31.0,9.1,26.47657841140529,36.53206239168111
South Carolina,2022-04-25,"Chapter 61, Subchapter 12",standards for licensing abortion clinics,standards for licensing abortion clinics,department of health and environmental control,Health Services,1800001182,352,10527,290,39,0,1,22,15.0,9.79,11.994002998500749,38.01077500988533
South Carolina,2022-04-25,"Chapter 61, Subchapter 120",south carolina immunization registry,south carolina immunization registry,department of health and environmental control,Health Services,1800001272,32,2009,23,2,1,2,4,21.0,7.87,14.583333333333334,42.75254582484725
South Carolina,2022-04-25,"Chapter 61, Subchapter 122",standards for licensing in home care providers,standards for licensing in home care providers,department of health and environmental control,"Industry, Commerce, and Development",1800001273,66,4599,52,9,0,0,5,15.0,8.86,13.85135135135135,35.747297297297294
South Carolina,2022-04-25,"Chapter 61, Subchapter 123",critical congenital heart defects screening on newborns,critical congenital heart defects screening on newborns,department of health and environmental control,Health Services,1800001274,6,247,5,0,0,0,1,26.0,6.61,55.55555555555556,39.14767932489451
South Carolina,2022-04-25,"Chapter 61, Subchapter 124",consumer electronic equipment collection and recovery,consumer electronic equipment collection and recovery,department of health and environmental control,Health Services,1800001275,79,6655,50,24,2,0,3,24.0,8.61,20.29520295202952,41.76009791921665
South Carolina,2022-04-25,"Chapter 61, Subchapter 125",consumer electronic equipment collection and recovery,consumer electronic equipment collection and recovery,department of health and environmental control,Health Services,1800001276,522,17351,478,5,1,4,34,17.0,9.74,11.904761904761903,36.98617954572768
South Carolina,2022-04-25,"Chapter 61, Subchapter 13",standards for licensing habilitation centers for persons with intellectual disability or persons with related conditions,standards for licensing habilitation centers for persons with intellectual disability or persons with related conditions,department of health and environmental control,Health Services,1800001183,601,19552,553,5,0,7,36,18.0,9.75,13.85658914728682,36.92627123184912
South Carolina,2022-04-25,"Chapter 61, Subchapter 15",certification of need for health facilities and services,certification of need for health facilities and services,department of health and environmental control,Health Services,1800001184,143,12933,58,54,6,1,24,21.0,9.45,16.17161716171617,38.37349590887213
South Carolina,2022-04-25,"Chapter 61, Subchapter 16",minimum standards for licensing hospitals and institutional general infirmaries,minimum standards for licensing hospitals and institutional general infirmaries,department of health and environmental control,Health Services,1800001185,675,23482,531,101,2,1,40,20.0,10.09,14.646904969485613,39.18757202375676
South Carolina,2022-04-25,"Chapter 61, Subchapter 17",standards for licensing nursing homes,standards for licensing nursing homes,department of health and environmental control,Health Services,1800001186,841,31159,770,4,2,10,55,18.0,9.96,16.58711217183771,37.24100297947842
South Carolina,2022-04-25,"Chapter 61, Subchapter 19",vital statistics,vital statistics,department of health and environmental control,Health Services,1800001187,294,10663,216,26,1,0,51,24.0,8.79,31.57894736842105,33.43105614068992
South Carolina,2022-04-25,"Chapter 61, Subchapter 20",communicable diseases,communicable diseases,department of health and environmental control,Health Services,1800001188,61,3262,47,5,4,1,4,37.0,8.58,29.88505747126437,36.65773715726442
South Carolina,2022-04-25,"Chapter 61, Subchapter 21",sexually transmitted diseases,sexually transmitted diseases,department of health and environmental control,Health Services,1800001189,55,5002,20,25,0,2,8,31.0,8.57,40.25157232704403,36.68058667753107
South Carolina,2022-04-25,"Chapter 61, Subchapter 22",the evaluation of staff of schools and child care centers for tuberculosis,the evaluation of staff of schools and child care centers for tuberculosis,department of health and environmental control,Primary and Secondary Education,1800001190,29,1644,20,1,2,0,6,22.0,7.78,20.0,38.52111801242236
South Carolina,2022-04-25,"Chapter 61, Subchapter 24",licensed midwives,licensed midwives,department of health and environmental control,Health Services,1800001191,96,5752,71,15,0,0,10,14.0,9.46,8.133971291866029,38.39478449837016
South Carolina,2022-04-25,"Chapter 61, Subchapter 25",retail food establishments,retail food establishments,department of health and environmental control,Health Services,1800001192,1225,67030,1006,55,74,8,82,31.0,10.07,31.237721021611005,34.92406228798501
South Carolina,2022-04-25,"Chapter 61, Subchapter 29",environmental health inspections and fees,environmental health inspections and fees,department of health and environmental control,Health Services,1800001193,9,387,8,0,0,0,1,19.0,6.6,10.0,44.33942558746736
South Carolina,2022-04-25,"Chapter 61, Subchapter 3",the practice of selling and fitting hearing aids,the practice of selling and fitting hearing aids,department of health and environmental control,Health Services,1800001177,101,4071,87,7,0,0,7,24.0,8.87,17.261904761904763,35.20996711358462
South Carolina,2022-04-25,"Chapter 61, Subchapter 30",environmental protection fees,environmental protection fees,department of health and environmental control,"Environmental Protection, Public Utilities, and Natural Resources",1800001194,91,7559,54,16,2,0,19,25.0,9.33,20.2846975088968,36.794949802251296
South Carolina,2022-04-25,"Chapter 61, Subchapter 31",health care cooperative agreements,health care cooperative agreements,department of health and environmental control,Health Services,1800001195,51,4876,37,9,0,0,5,30.0,8.68,24.203821656050955,40.05580693815988
South Carolina,2022-04-25,"Chapter 61, Subchapter 32",soft drink and water bottling plants,soft drink and water bottling plants,department of health and environmental control,"Industry, Commerce, and Development",1800001196,120,6880,103,11,0,2,4,20.0,9.31,17.261904761904763,37.12311370088152
South Carolina,2022-04-25,"Chapter 61, Subchapter 33",drycleaning facility restoration trust fund,drycleaning facility restoration trust fund,department of health and environmental control,"Environmental Protection, Public Utilities, and Natural Resources",1800001197,48,3974,43,3,1,0,1,29.0,8.63,23.308270676691727,40.25388055774796
South Carolina,2022-04-25,"Chapter 61, Subchapter 34",raw milk for human consumption,raw milk for human consumption,department of health and environmental control,"Industry, Commerce, and Development",1800001198,379,11325,353,17,0,3,6,20.0,9.64,17.647058823529413,34.99265306122449
South Carolina,2022-04-25,"Chapter 61, Subchapter 34 1",pasteurized milk and milk products,pasteurized milk and milk products,department of health and environmental control,"Industry, Commerce, and Development",1800001199,45,2114,42,0,0,1,2,19.0,8.23,25.225225225225223,36.605940594059405
South Carolina,2022-04-25,"Chapter 61, Subchapter 36",frozen desserts,frozen desserts,department of health and environmental control,"Industry, Commerce, and Development",1800001200,113,7404,92,17,1,0,3,22.0,9.26,19.444444444444446,39.05502121640736
South Carolina,2022-04-25,"Chapter 61, Subchapter 4",controlled substances,controlled substances,department of health and environmental control,Health Services,1800001178,667,34158,521,8,10,2,126,42.0,9.6,40.57788944723618,37.80789497730803
South Carolina,2022-04-25,"Chapter 61, Subchapter 43",standards for the permitting of agricultural animal facilities,standards for the permitting of agricultural animal facilities,department of health and environmental control,"Industry, Commerce, and Development",1800001201,879,46954,697,23,8,7,144,19.0,9.44,20.22090059473237,36.305729801618085
South Carolina,2022-04-25,"Chapter 61, Subchapter 44",individual residential well and irrigation well permitting,individual residential well and irrigation well permitting,department of health and environmental control,Health Services,1800001202,44,2263,32,5,1,0,6,22.0,7.95,17.647058823529413,38.88997668997669
South Carolina,2022-04-25,"Chapter 61, Subchapter 45",south carolina central cancer registry,south carolina central cancer registry,department of health and environmental control,Health Services,1800001203,37,1845,31,4,1,0,1,17.0,8.35,6.5420560747663545,42.32219705549264
South Carolina,2022-04-25,"Chapter 61, Subchapter 47",shellfish,shellfish,department of health and environmental control,"Industry, Commerce, and Development",1800001204,330,13532,283,8,0,19,20,25.0,9.5,19.245283018867926,40.48855896533252
South Carolina,2022-04-25,"Chapter 61, Subchapter 50",natural public swimming areas,natural public swimming areas,department of health and environmental control,"Culture, Recreation, and the Arts",1800001205,40,1473,21,14,0,0,5,13.0,7.97,13.513513513513514,38.98443029016278
South Carolina,2022-04-25,"Chapter 61, Subchapter 51",public swimming pools,public swimming pools,department of health and environmental control,Health Services,1800001206,780,23213,165,550,5,1,59,18.0,9.58,15.319476520400308,30.942991036898857
South Carolina,2022-04-25,"Chapter 61, Subchapter 56",onsite wastewater systems,onsite wastewater systems,department of health and environmental control,"Environmental Protection, Public Utilities, and Natural Resources",1800001207,1071,38151,705,199,3,10,154,26.0,9.99,18.71013465627215,35.988036476198445
South Carolina,2022-04-25,"Chapter 61, Subchapter 58",state primary drinking water regulations,state primary drinking water regulations,department of health and environmental control,"Environmental Protection, Public Utilities, and Natural Resources",1800001208,37,8229,18,9,2,0,8,29.0,9.76,15.162454873646208,38.10456591639871
South Carolina,2022-04-25,"Chapter 61, Subchapter 58 1",construction and operation permits,state primary drinking water regulations,department of health and environmental control,"Environmental Protection, Public Utilities, and Natural Resources",1800001209,161,7501,86,58,0,0,17,34.0,8.75,26.76056338028169,36.3726507713885
South Carolina,2022-04-25,"Chapter 61, Subchapter 58 10",filtration and disinfection,state primary drinking water regulations,department of health and environmental control,"Environmental Protection, Public Utilities, and Natural Resources",1800001218,740,36502,95,527,5,0,113,31.0,8.97,32.07720588235294,36.32698471975851
South Carolina,2022-04-25,"Chapter 61, Subchapter 58 11",control of lead and copper,state primary drinking water regulations,department of health and environmental control,"Environmental Protection, Public Utilities, and Natural Resources",1800001219,389,21059,256,74,4,0,55,38.0,8.51,33.02752293577982,34.85146890689467
South Carolina,2022-04-25,"Chapter 61, Subchapter 58 12",consumer confidence reports,state primary drinking water regulations,department of health and environmental control,"Environmental Protection, Public Utilities, and Natural Resources",1800001220,97,9915,52,17,0,0,28,27.0,8.97,17.231638418079097,35.744768962510896
South Carolina,2022-04-25,"Chapter 61, Subchapter 58 13",disinfectant residuals disinfection byproducts and disinfection byproduct precursors,state primary drinking water regulations,department of health and environmental control,"Environmental Protection, Public Utilities, and Natural Resources",1800001221,168,9176,4,116,3,0,45,35.0,8.02,24.291497975708506,33.071795484410465
South Carolina,2022-04-25,"Chapter 61, Subchapter 58 14",initial distribution system evaluations,state primary drinking water regulations,department of health and environmental control,"Environmental Protection, Public Utilities, and Natural Resources",1800001222,157,6979,0,136,1,0,20,30.0,7.72,25.570776255707763,34.35823849579416
South Carolina,2022-04-25,"Chapter 61, Subchapter 58 15",stage 2 disinfection byproducts requirements,state primary drinking water regulations,department of health and environmental control,"Environmental Protection, Public Utilities, and Natural Resources",1800001223,79,4416,0,50,2,0,27,38.0,7.61,44.44444444444444,32.79141585972258
South Carolina,2022-04-25,"Chapter 61, Subchapter 58 16",ground water rule,state primary drinking water regulations,department of health and environmental control,"Environmental Protection, Public Utilities, and Natural Resources",1800001224,83,5670,7,68,0,0,8,35.0,7.35,39.72602739726028,36.399519134442
South Carolina,2022-04-25,"Chapter 61, Subchapter 58 17",revised total coliform rule,state primary drinking water regulations,department of health and environmental control,"Environmental Protection, Public Utilities, and Natural Resources",1800001225,193,9067,1,138,9,0,45,26.0,7.91,33.75796178343949,34.37184692998647
South Carolina,2022-04-25,"Chapter 61, Subchapter 58 2",groundwater sources and treatment,state primary drinking water regulations,department of health and environmental control,"Environmental Protection, Public Utilities, and Natural Resources",1800001210,569,14571,462,79,0,1,27,26.0,9.58,22.702702702702705,33.48902110780564
South Carolina,2022-04-25,"Chapter 61, Subchapter 58 3",surface water sources and treatment,state primary drinking water regulations,department of health and environmental control,"Environmental Protection, Public Utilities, and Natural Resources",1800001211,492,12586,401,48,0,1,42,26.0,9.47,24.57264957264957,33.970402558006064
South Carolina,2022-04-25,"Chapter 61, Subchapter 58 4",finished water pumping storage and distribution facilities,state primary drinking water regulations,department of health and environmental control,"Environmental Protection, Public Utilities, and Natural Resources",1800001212,275,7228,201,61,0,2,11,25.0,9.09,30.419580419580424,32.61394410832613
South Carolina,2022-04-25,"Chapter 61, Subchapter 58 5",maximum contaminant levels in drinking water,state primary drinking water regulations,department of health and environmental control,"Environmental Protection, Public Utilities, and Natural Resources",1800001213,397,21342,212,128,1,0,56,29.0,9.1,30.935251798561158,36.75002592016589
South Carolina,2022-04-25,"Chapter 61, Subchapter 58 6",reports record retention and public notification,state primary drinking water regulations,department of health and environmental control,"Environmental Protection, Public Utilities, and Natural Resources",1800001214,191,16002,22,93,7,0,69,21.0,8.81,17.87790697674419,34.70282535499927
South Carolina,2022-04-25,"Chapter 61, Subchapter 58 7",operation and maintenance,state primary drinking water regulations,department of health and environmental control,"Environmental Protection, Public Utilities, and Natural Resources",1800001215,235,5809,184,38,0,0,13,24.0,8.74,26.72413793103448,35.15576715774344
South Carolina,2022-04-25,"Chapter 61, Subchapter 58 8",emergency procedures,state primary drinking water regulations,department of health and environmental control,"Environmental Protection, Public Utilities, and Natural Resources",1800001216,19,1100,17,2,0,0,0,60.0,7.5,,35.56849953401677
South Carolina,2022-04-25,"Chapter 61, Subchapter 58 9",variances and exemptions,state primary drinking water regulations,department of health and environmental control,"Environmental Protection, Public Utilities, and Natural Resources",1800001217,51,7740,19,25,1,0,6,32.0,8.72,25.108225108225103,37.62021004825433
South Carolina,2022-04-25,"Chapter 61, Subchapter 62",air pollution control regulations and standards,air pollution control regulations and standards,department of health and environmental control,"Environmental Protection, Public Utilities, and Natural Resources",1800001226,2722,207290,1812,378,24,17,491,28.0,10.28,23.29362298528381,37.28926442427324
South Carolina,2022-04-25,"Chapter 61, Subchapter 63",radioactive materials,radioactive materials,department of health and environmental control,"Environmental Protection, Public Utilities, and Natural Resources",1800001227,2577,185388,1283,742,69,15,468,39.0,10.05,26.67306308467258,38.55475831062492
South Carolina,2022-04-25,"Chapter 61, Subchapter 64",x rays,x rays,department of health and environmental control,Health Services,1800001228,1866,82836,1594,75,4,10,183,26.0,9.62,26.37517630465444,37.32496271225333
South Carolina,2022-04-25,"Chapter 61, Subchapter 65",particle accelerators,particle accelerators,department of health and environmental control,"Environmental Protection, Public Utilities, and Natural Resources",1800001229,190,9652,160,6,0,2,22,28.0,8.74,20.401337792642146,39.88907891522111
South Carolina,2022-04-25,"Chapter 61, Subchapter 67",standards for wastewater facility construction,standards for wastewater facility construction,department of health and environmental control,"Environmental Protection, Public Utilities, and Natural Resources",1800001230,458,19533,389,11,7,0,51,20.0,9.61,24.26095820591233,38.38119740579943
South Carolina,2022-04-25,"Chapter 61, Subchapter 68",water classifications and standards,water classifications and standards,department of health and environmental control,"Environmental Protection, Public Utilities, and Natural Resources",1800001231,237,23255,198,17,1,7,14,23.0,10.02,19.640971488912356,36.81380693211114
South Carolina,2022-04-25,"Chapter 61, Subchapter 69",classified waters,classified waters,department of health and environmental control,"Environmental Protection, Public Utilities, and Natural Resources",1800001232,3,12598,2,1,0,0,0,,7.27,4.819277108433735,26.716637994593267
South Carolina,2022-04-25,"Chapter 61, Subchapter 7",emergency medical services,emergency medical services,department of health and environmental control,Health Services,1800001179,553,26055,280,227,7,1,38,17.0,10.2,11.295681063122924,36.64892062976789
South Carolina,2022-04-25,"Chapter 61, Subchapter 71",well standards,well standards,department of health and environmental control,"Environmental Protection, Public Utilities, and Natural Resources",1800001233,253,8892,235,0,0,0,18,18.0,8.86,14.730290456431536,34.95013461313356
South Carolina,2022-04-25,"Chapter 61, Subchapter 75",standards for licensing day care facilities for adults,standards for licensing day care facilities for adults,department of health and environmental control,Health Services,1800001234,399,12969,375,1,0,0,23,16.0,9.39,10.62992125984252,38.62861762328213
South Carolina,2022-04-25,"Chapter 61, Subchapter 77",standards for licensing home health agencies,standards for licensing home health agencies,department of health and environmental control,Health Services,1800001235,139,5973,99,24,0,1,15,18.0,9.0,10.703363914373089,37.0501480062685
South Carolina,2022-04-25,"Chapter 61, Subchapter 78",standards for licensing hospices,standards for licensing hospices,department of health and environmental control,Health Services,1800001236,552,19651,499,15,1,2,35,18.0,9.76,14.20345489443378,36.7787483355526
South Carolina,2022-04-25,"Chapter 61, Subchapter 79",hazardous waste management regulations,hazardous waste management regulations,department of health and environmental control,"Environmental Protection, Public Utilities, and Natural Resources",1800001237,8771,722001,2848,4513,87,119,1204,33.0,10.73,30.53386060306476,36.41207729620863
South Carolina,2022-04-25,"Chapter 61, Subchapter 8",immunization requirements for school and childcare attendance,immunization requirements for school and childcare attendance,department of health and environmental control,Health Services,1800001180,15,740,4,6,0,0,5,16.0,7.13,6.666666666666667,42.70721357850071
South Carolina,2022-04-25,"Chapter 61, Subchapter 80",neonatal screening for inborn metabolic errors and hemoglobinopathies,neonatal screening for inborn metabolic errors and hemoglobinopathies,department of health and environmental control,Health Services,1800001238,49,3180,42,1,0,2,4,20.0,8.15,29.411764705882355,37.12903225806452
South Carolina,2022-04-25,"Chapter 61, Subchapter 81",state environmental laboratory certification program,state environmental laboratory certification program,department of health and environmental control,Health Services,1800001239,15,1438,2,6,0,0,7,28.0,7.83,17.647058823529413,45.99121522693997
South Carolina,2022-04-25,"Chapter 61, Subchapter 82",proper closeout of wastewater treatment facilities,proper closeout of wastewater treatment facilities,department of health and environmental control,"Environmental Protection, Public Utilities, and Natural Resources",1800001240,24,945,24,0,0,0,0,21.0,7.58,23.25581395348837,34.70911086717892
South Carolina,2022-04-25,"Chapter 61, Subchapter 83",transportation of radioactive waste into or within south carolina,transportation of radioactive waste into or within south carolina,department of health and environmental control,"Environmental Protection, Public Utilities, and Natural Resources",1800001241,65,4223,51,5,0,0,9,22.0,8.46,7.734806629834254,39.35581212280241
South Carolina,2022-04-25,"Chapter 61, Subchapter 84",standards for licensing community residential care facilities,standards for licensing community residential care facilities,department of health and environmental control,Health Services,1800001242,688,25646,628,7,1,5,47,19.0,9.9,16.38719512195122,37.05143666531769
South Carolina,2022-04-25,"Chapter 61, Subchapter 86 1",standards of performance for asbestos projects,standards of performance for asbestos projects,department of health and environmental control,"Environmental Protection, Public Utilities, and Natural Resources",1800001243,613,28883,483,55,3,0,72,18.0,9.63,16.458852867830423,38.069990966576334
South Carolina,2022-04-25,"Chapter 61, Subchapter 87",underground injection control regulations,underground injection control regulations,department of health and environmental control,"Environmental Protection, Public Utilities, and Natural Resources",1800001244,140,9296,112,4,1,3,20,30.0,9.27,19.15584415584416,36.17016342756184
South Carolina,2022-04-25,"Chapter 61, Subchapter 9",water pollution control permits,water pollution control permits,department of health and environmental control,"Environmental Protection, Public Utilities, and Natural Resources",1800001181,2504,182775,1463,472,28,30,511,33.0,10.06,35.67394578313253,36.62508586828246
South Carolina,2022-04-25,"Chapter 61, Subchapter 91",standards for licensing ambulatory surgical facilities,standards for licensing ambulatory surgical facilities,department of health and environmental control,Health Services,1800001245,757,22693,687,10,0,2,58,16.0,9.88,11.634756995581736,36.95709371513574
South Carolina,2022-04-25,"Chapter 61, Subchapter 92",underground storage tank control regulations,underground storage tank control regulations,department of health and environmental control,"Environmental Protection, Public Utilities, and Natural Resources",1800001246,642,52540,123,410,11,0,98,41.0,9.93,31.44704931285368,36.21309326988992
South Carolina,2022-04-25,"Chapter 61, Subchapter 93",standards for licensing facilities for chemically dependent or addicted persons,standards for licensing facilities for chemically dependent or addicted persons,department of health and environmental control,Health Services,1800001247,744,26395,698,4,2,2,38,18.0,9.85,14.225648213034336,38.6549159248269
South Carolina,2022-04-25,"Chapter 61, Subchapter 94",wic vendors,wic vendors,department of health and environmental control,Social Assistance,1800001248,28,2926,14,13,0,0,1,17.0,8.57,8.928571428571429,35.034556465977914
South Carolina,2022-04-25,"Chapter 61, Subchapter 95",medicaid nursing home permits,medicaid nursing home permits,department of health and environmental control,Social Assistance,1800001249,26,1635,19,2,1,0,4,24.0,7.63,18.181818181818183,35.73516273133376
South Carolina,2022-04-25,"Chapter 61, Subchapter 96",athletic trainers,athletic trainers,department of health and environmental control,"Culture, Recreation, and the Arts",1800001250,66,3179,61,0,0,0,5,17.0,8.5,7.777777777777778,41.04859504132232
South Carolina,2022-04-25,"Chapter 61, Subchapter 97",standards for licensing renal dialysis facilities,standards for licensing renal dialysis facilities,department of health and environmental control,Health Services,1800001251,416,14196,383,9,0,1,23,16.0,9.72,9.942857142857145,38.90181683351872
South Carolina,2022-04-25,"Chapter 61, Subchapter 98",state underground petroleum environmental response bank superb site rehabilitation and fund access regulation,state underground petroleum environmental response bank superb site rehabilitation and fund access regulation,department of health and environmental control,"Environmental Protection, Public Utilities, and Natural Resources",1800001252,147,9308,120,13,3,0,11,19.0,9.15,20.28688524590164,41.20082469631116
South Carolina,2022-04-25,Chapter 62,state commission on higher education,state commission on higher education,state commission on higher education,College and University,1800001277,1239,79648,505,566,46,14,108,28.0,9.58,18.74771146100329,37.01142709743986
South Carolina,2022-04-25,Chapter 63,department of highways and public transportation,department of highways and public transportation,department of highways and public transportation,Transportation,1800001278,689,38779,451,153,11,8,66,23.0,10.21,19.30360415394013,35.740373567057695
South Carolina,2022-04-25,Chapter 64,south carolina state housing finance and development authority,south carolina state housing finance and development authority,south carolina state housing finance and development authority,Taxes and Public Finance,1800001279,5,466,3,1,1,0,0,30.0,7.06,0.0,35.652466367713004
South Carolina,2022-04-25,Chapter 65,south carolina human affairs commission,south carolina human affairs commission,south carolina human affairs commission,Labor and Workforce Development,1800001280,407,26879,342,28,6,13,18,27.0,9.63,25.72283150548355,36.34080238195213
South Carolina,2022-04-25,Chapter 67,south carolina workers compensation commission,south carolina workers compensation commission,south carolina workers compensation commission,Labor and Workforce Development,1800001281,556,32779,389,102,11,0,54,23.0,9.34,32.075471698113205,33.44427818619478
South Carolina,2022-04-25,Chapter 68,south carolina jobs economic development authority,south carolina jobs economic development authority,south carolina jobs economic development authority,Labor and Workforce Development,1800001282,12,1138,5,3,1,2,1,28.0,7.89,12.82051282051282,35.81792452830189
South Carolina,2022-04-25,Chapter 69,department of insurance,department of insurance,department of insurance,"Banking, Insurance, and Securities",1800001283,3061,219578,2203,367,67,32,392,30.0,10.54,28.414685609790407,36.039972773072186
South Carolina,2022-04-25,"Chapter 69, Subchapter 44",long term care insurance,long term care insurance,department of insurance,"Banking, Insurance, and Securities",1800001285,388,24432,291,18,16,4,59,32.0,9.39,37.5668449197861,34.990972192650005
South Carolina,2022-04-25,"Chapter 69, Subchapter 58",privacy of consumer financial and health information,privacy of consumer financial and health information,department of insurance,Health Services,1800001286,162,18874,53,45,7,0,57,27.0,8.88,33.627019089574155,36.61508651274494
South Carolina,2022-04-25,"Chapter 69, Subchapter A",appendix a,appendix ii,department of insurance,"Banking, Insurance, and Securities",1800001284,0,1161,0,0,0,0,0,,6.13,0.0,20.50943396226415
South Carolina,2022-04-25,Chapter 7,alcoholic beverages beer and wine,alcoholic beverages beer and wine,alcoholic beverages beer and wine,"Industry, Commerce, and Development",1800001130,177,8998,73,79,4,7,14,29.0,9.08,23.588039867109632,32.370100589663544
South Carolina,2022-04-25,Chapter 71,department of labor licensing and regulation division of labor,department of labor licensing and regulation division of labor,department of labor licensing and regulation division of labor,Labor and Workforce Development,1800001287,1825,96867,1350,302,12,19,142,21.0,10.7,23.10640216411181,35.18968670526487
South Carolina,2022-04-25,"Chapter 71, Subchapter A",appendix a sample abatement certification letter non mandatory,appendix a sample abatement certification letter non mandatory,department of labor licensing and regulation division of labor,"Industry, Commerce, and Development",1800001288,1,388,0,0,0,0,1,26.0,6.64,7.6923076923076925,76.25207756232687
South Carolina,2022-04-25,Chapter 72,department of health and environmental control land resources and conservation districts division,department of health and environmental control land resources and conservation districts division,department of health and environmental control land resources and conservation districts division,"Environmental Protection, Public Utilities, and Natural Resources",1800001289,624,32694,491,61,3,0,69,24.0,9.69,19.33579335793358,38.68210519669129
South Carolina,2022-04-25,Chapter 73,south carolina law enforcement division,south carolina law enforcement division,south carolina law enforcement division,"Security, Justice, and Corrections",1800001290,355,21250,108,191,7,7,42,22.0,9.75,14.917695473251028,39.27156097560976
South Carolina,2022-04-25,Chapter 75,south carolina state library,south carolina state library,south carolina state library,"Culture, Recreation, and the Arts",1800001291,10,1335,9,0,1,0,0,24.0,7.63,5.454545454545454,38.871517027863774
South Carolina,2022-04-25,Chapter 76,board of landscape architectural examiners,board of landscape architectural examiners,board of landscape architectural examiners,"Industry, Commerce, and Development",1800001292,71,2355,43,16,1,0,11,16.0,8.55,7.746478873239436,39.6165780141844
South Carolina,2022-04-25,Chapter 77,department of labor licensing and regulation panel for massage bodywork,department of labor licensing and regulation panel for massage bodywork,department of labor licensing and regulation panel for massage bodywork,Health Services,1800001293,34,1297,26,4,0,0,4,18.0,7.82,1.3888888888888888,38.137570394207565
South Carolina,2022-04-25,Chapter 79,department of labor licensing and regulation manufactured housing board,department of labor licensing and regulation manufactured housing board,department of labor licensing and regulation manufactured housing board,"Industry, Commerce, and Development",1800001294,373,15057,240,85,2,5,41,26.0,9.7,27.017543859649123,36.43236219395432
South Carolina,2022-04-25,"Chapter 79, Subchapter A",appendix b typical designs for load bearing supports for manufactured homes,appendix b typical designs for load bearing supports for manufactured homes,department of labor licensing and regulation manufactured housing board,"Industry, Commerce, and Development",1800001295,0,537,0,0,0,0,0,55.0,8.46,0.0,22.75675675675676
South Carolina,2022-04-25,Chapter 8,building codes council,building codes council,building codes council,"Industry, Commerce, and Development",1800001131,580,23060,409,85,0,7,79,24.0,9.93,18.84984025559105,37.734075390515386
South Carolina,2022-04-25,Chapter 80,the south carolina maritime security commission and naval militia,the south carolina maritime security commission and naval militia,the south carolina maritime security commission and naval militia,"Security, Justice, and Corrections",1800001296,18,1904,17,0,0,0,1,20.0,8.33,18.27956989247312,37.92736209721464
South Carolina,2022-04-25,Chapter 81,department of labor licensing and regulation state board of medical examiners,department of labor licensing and regulation state board of medical examiners,department of labor licensing and regulation state board of medical examiners,Health Services,1800001297,226,9874,82,120,2,2,20,25.0,9.62,15.926892950391643,41.64160348945892
South Carolina,2022-04-25,Chapter 83,the medical university of south carolina,the medical university of south carolina,the medical university of south carolina,College and University,1800001298,30,1850,10,10,1,4,5,20.0,8.57,14.772727272727272,32.779318313113805
South Carolina,2022-04-25,Chapter 87,department of mental health,department of mental health,department of mental health,Health Services,1800001299,17,1125,14,1,0,0,2,32.0,7.79,11.76470588235294,35.93913857677903
South Carolina,2022-04-25,Chapter 88,department of disabilities and special needs,department of disabilities and special needs,department of disabilities and special needs,Social Assistance,1800001300,224,9098,184,22,1,4,13,22.0,9.51,15.92039800995025,36.04472516217139
South Carolina,2022-04-25,Chapter 89,office of the governor mining council of south carolina,office of the governor mining council of south carolina,office of the governor mining council of south carolina,"Environmental Protection, Public Utilities, and Natural Resources",1800001301,232,9464,159,29,1,0,43,28.0,9.43,30.3951367781155,35.15544435983901
South Carolina,2022-04-25,"Chapter 8, Subchapter A",appendix h signs,appendix h signs,building codes council,"Industry, Commerce, and Development",1800001132,0,64,0,0,0,0,0,30.0,4.32,0.0,32.107142857142854
South Carolina,2022-04-25,Chapter 90,department of motor vehicles,department of motor vehicles,department of motor vehicles,Transportation,1800001302,101,6879,8,75,1,1,16,27.0,9.02,18.951612903225808,35.59924471299094
South Carolina,2022-04-25,Chapter 91,department of labor licensing and regulation state board of nursing,department of labor licensing and regulation state board of nursing,department of labor licensing and regulation state board of nursing,Health Services,1800001303,94,7975,63,19,1,0,11,18.0,8.88,7.482993197278912,39.7126585555268
South Carolina,2022-04-25,Chapter 93,department of labor licensing and regulation south carolina board of long term health care administrators,department of labor licensing and regulation south carolina board of long term health care administrators,department of labor licensing and regulation south carolina board of long term health care administrators,Health Services,1800001304,123,5395,72,39,1,0,11,25.0,8.75,20.28301886792453,37.93716679360244
South Carolina,2022-04-25,Chapter 94,department of labor licensing and regulation south carolina board of occupational therapy,department of labor licensing and regulation south carolina board of occupational therapy,department of labor licensing and regulation south carolina board of occupational therapy,Health Services,1800001305,26,2758,14,8,0,0,4,22.0,8.76,17.355371900826448,45.03291713961408
South Carolina,2022-04-25,Chapter 95,department of labor licensing and regulation board of examiners in optometry,department of labor licensing and regulation board of examiners in optometry,department of labor licensing and regulation board of examiners in optometry,Health Services,1800001306,8,577,1,6,0,0,1,21.0,7.45,14.814814814814811,38.21272727272727
South Carolina,2022-04-25,Chapter 96,department of labor licensing and regulation south carolina board of examiners in opticianry,department of labor licensing and regulation south carolina board of examiners in opticianry,department of labor licensing and regulation south carolina board of examiners in opticianry,Health Services,1800001307,32,1875,12,15,0,0,5,38.0,7.76,29.166666666666668,38.232700892857146
South Carolina,2022-04-25,Chapter 99,department of labor licensing and regulation board of pharmacy,department of labor licensing and regulation board of pharmacy,department of labor licensing and regulation board of pharmacy,Health Services,1800001308,59,3460,12,39,1,0,7,26.0,8.29,18.3206106870229,38.15246098439376
South Carolina,2022-04-25,"Chapter 9, Subchapter 100",adjudication rules,adjudication rules,institute of archeology and anthropology,"Culture, Recreation, and the Arts",1800001133,165,10469,140,3,12,1,9,22.0,9.07,26.05042016806723,34.39249925587856
South Carolina,2023-09-12,Chapter 1,department of labor licensing and regulation board of accountancy,department of labor licensing and regulation board of accountancy,department of labor licensing and regulation board of accountancy,"Industry, Commerce, and Development",1800001550,79,3435,32,29,1,1,16,20.0,8.6,7.878787878787878,36.38662613981763
South Carolina,2023-09-12,Chapter 10,department of labor licensing and regulation,department of labor licensing and regulation,department of labor licensing and regulation,"Industry, Commerce, and Development",1800001557,36,5683,34,1,0,0,1,14.0,8.5,2.083333333333333,44.061662198391424
South Carolina,2023-09-12,Chapter 100,department of labor licensing and regulation state board of examiners in psychology,department of labor licensing and regulation state board of examiners in psychology,department of labor licensing and regulation state board of examiners in psychology,Health Services,1800001732,155,6811,120,23,3,2,7,22.0,9.0,17.475728155339805,43.70331981372991
South Carolina,2023-09-12,"Chapter 100, Subchapter A",appendix a association of state and provincial psychology boards criteria,appendix a association of state and provincial psychology boards criteria,department of labor licensing and regulation state board of examiners in psychology,Health Services,1800001733,12,488,3,9,0,0,0,14.0,7.16,2.941176470588235,46.24318658280922
South Carolina,2023-09-12,Chapter 101,department of labor licensing and regulation state board of physical therapy examiners,department of labor licensing and regulation state board of physical therapy examiners,department of labor licensing and regulation state board of physical therapy examiners,Health Services,1800001734,55,3666,15,13,2,0,25,27.0,8.68,18.65671641791045,39.24864710908573
South Carolina,2023-09-12,Chapter 103,public service commission,public service commission,public service commission,Administration,1800001735,2013,93713,1574,224,31,13,171,23.0,10.16,24.3625347134562,34.455060468924614
South Carolina,2023-09-12,Chapter 104,south carolina state ports authority,south carolina state ports authority,south carolina state ports authority,Transportation,1800001736,0,64,0,0,0,0,0,8.0,4.49,0.0,36.42857142857143
South Carolina,2023-09-12,Chapter 105,department of labor licensing and regulation south carolina real estate commission,department of labor licensing and regulation south carolina real estate commission,department of labor licensing and regulation south carolina real estate commission,"Industry, Commerce, and Development",1800001737,86,3034,23,57,2,0,4,27.0,8.53,26.36363636363636,37.66700715015322
South Carolina,2023-09-12,Chapter 106,department of labor licensing and regulation south carolina residential builders commission,department of labor licensing and regulation south carolina residential builders commission,department of labor licensing and regulation south carolina residential builders commission,"Industry, Commerce, and Development",1800001738,25,1886,14,6,0,0,5,29.0,8.41,14.285714285714285,41.11392405063291
South Carolina,2023-09-12,Chapter 108,department of labor licensing and regulation soil classifiers advisory council,department of labor licensing and regulation soil classifiers advisory council,department of labor licensing and regulation soil classifiers advisory council,"Industry, Commerce, and Development",1800001739,75,2490,44,19,1,0,11,14.0,8.47,3.5294117647058822,38.42078792958928
South Carolina,2023-09-12,Chapter 11,department of labor licensing and regulation state board of architectural examiners,department of labor licensing and regulation state board of architectural examiners,department of labor licensing and regulation state board of architectural examiners,"Industry, Commerce, and Development",1800001558,98,3628,81,13,1,0,3,23.0,8.62,18.954248366013072,37.013195639701664
South Carolina,2023-09-12,Chapter 110,department of labor licensing and regulation state board of social work examiners,department of labor licensing and regulation state board of social work examiners,department of labor licensing and regulation state board of social work examiners,Health Services,1800001740,26,943,21,2,0,0,3,17.0,7.75,14.814814814814811,40.48954895489549
South Carolina,2023-09-12,Chapter 111,public service commission,public service commission,public service commission,Administration,1800001741,53,3414,30,12,2,2,7,18.0,8.56,11.518324607329845,37.81952571604558
South Carolina,2023-09-12,Chapter 112,state reorganization commission,state reorganization commission,state reorganization commission,Administration,1800001742,0,87,0,0,0,0,0,43.0,5.29,0.0,38.57831325301205
South Carolina,2023-09-12,Chapter 113,secretary of state,secretary of state,secretary of state,Administration,1800001743,139,7407,92,33,0,0,14,25.0,8.88,10.689655172413794,40.338041822462266
South Carolina,2023-09-12,Chapter 114,department of social services,department of social services,department of social services,Social Assistance,1800001744,3360,140765,2711,392,27,53,177,27.0,10.41,25.03372518789748,35.04222539229672
South Carolina,2023-09-12,Chapter 115,department of labor licensing and regulation board of examiners in speech language pathology and audiology,department of labor licensing and regulation board of examiners in speech language pathology and audiology,department of labor licensing and regulation board of examiners in speech language pathology and audiology,Health Services,1800001745,120,4660,44,61,2,1,12,30.0,8.78,15.13157894736842,40.87126948775056
South Carolina,2023-09-12,Chapter 117,department of revenue,department of revenue,department of revenue,Taxes and Public Finance,1800001746,496,92562,186,183,12,1,114,36.0,9.88,30.82408874801902,32.81243752935368
South Carolina,2023-09-12,Chapter 119,university of south carolina,university of south carolina,university of south carolina,College and University,1800001747,16,1946,13,0,0,0,3,31.0,7.78,24.13793103448276,33.49257278669043
South Carolina,2023-09-12,Chapter 12,south carolina department of archives and history,south carolina department of archives and history,south carolina department of archives and history,"Culture, Recreation, and the Arts",1800001559,418,66193,262,93,5,0,58,13.0,10.04,5.982215036378335,42.687308684712406
South Carolina,2023-09-12,Chapter 120,department of labor licensing and regulation board of veterinary medical examiners,department of labor licensing and regulation board of veterinary medical examiners,department of labor licensing and regulation board of veterinary medical examiners,"Industry, Commerce, and Development",1800001748,116,4838,84,26,0,0,6,18.0,9.16,13.432835820895525,41.95400816677412
South Carolina,2023-09-12,Chapter 121,department of natural resources,department of natural resources,department of natural resources,"Environmental Protection, Public Utilities, and Natural Resources",1800001749,452,19543,375,33,3,5,36,31.0,9.62,19.902912621359224,34.12008061949719
South Carolina,2023-09-12,Chapter 123,department of natural resources,department of natural resources,department of natural resources,"Environmental Protection, Public Utilities, and Natural Resources",1800001750,721,48282,163,361,44,77,76,18.0,10.11,16.87592319054653,30.31349660822835
South Carolina,2023-09-12,Chapter 125,winthrop university,winthrop university,winthrop university,College and University,1800001751,17,1506,4,9,0,4,0,19.0,7.91,14.473684210526317,33.32120363890833
South Carolina,2023-09-12,Chapter 126,department of health and human services,department of health and human services,department of health and human services,Health Services,1800001752,181,15672,105,56,3,0,17,23.0,9.62,15.671641791044776,38.09772502472799
South Carolina,2023-09-12,Chapter 13,attorney general,attorney general,attorney general,"Security, Justice, and Corrections",1800001560,519,30429,338,62,12,3,104,39.0,9.78,34.55497382198953,36.64393231599709
South Carolina,2023-09-12,Chapter 130,department of probation parole and pardon services,department of probation parole and pardon services,department of probation parole and pardon services,"Security, Justice, and Corrections",1800001753,30,3457,15,6,2,0,7,32.0,8.82,29.906542056074763,38.54667461974351
South Carolina,2023-09-12,Chapter 131,department of labor licensing and regulation state board of registration for geologists,department of labor licensing and regulation state board of registration for geologists,department of labor licensing and regulation state board of registration for geologists,"Industry, Commerce, and Development",1800001754,102,3444,67,13,2,0,20,32.0,8.71,20.5607476635514,38.42468239564428
South Carolina,2023-09-12,Chapter 132,south carolina crime victim s advisory board,south carolina crime victim s advisory board,south carolina crime victim s advisory board,"Security, Justice, and Corrections",1800001755,7,312,6,0,1,0,0,30.0,6.61,30.0,28.439446366782008
South Carolina,2023-09-12,Chapter 133,department of parks recreation and tourism,department of parks recreation and tourism,department of parks recreation and tourism,"Culture, Recreation, and the Arts",1800001756,20,2721,0,14,5,0,1,18.0,8.51,3.3783783783783785,37.53328261696463
South Carolina,2023-09-12,Chapter 134,department of labor licensing and regulation board of podiatry examiners,department of labor licensing and regulation board of podiatry examiners,department of labor licensing and regulation board of podiatry examiners,Health Services,1800001757,9,808,6,1,1,0,1,23.0,7.41,20.588235294117645,34.75098814229249
South Carolina,2023-09-12,Chapter 136,department of labor licensing and regulation commissioners of pilotage,department of labor licensing and regulation commissioners of pilotage,department of labor licensing and regulation commissioners of pilotage,Transportation,1800001758,259,13052,207,22,0,0,30,23.0,9.07,17.94871794871795,35.27859096027023
South Carolina,2023-09-12,Chapter 137,department of labor licensing and regulation south carolina real estate appraisers board,department of labor licensing and regulation south carolina real estate appraisers board,department of labor licensing and regulation south carolina real estate appraisers board,Taxes and Public Finance,1800001759,160,8675,38,98,2,1,21,29.0,9.25,23.79310344827586,39.86216718266254
South Carolina,2023-09-12,Chapter 139,commission for minority affairs,commission for minority affairs,commission for minority affairs,Administration,1800001760,57,3417,38,15,2,0,2,22.0,8.24,6.451612903225806,38.45454545454545
South Carolina,2023-09-12,Chapter 14,department of labor licensing and regulation south carolina auctioneers commission,department of labor licensing and regulation south carolina auctioneers commission,department of labor licensing and regulation south carolina auctioneers commission,"Industry, Commerce, and Development",1800001561,44,1222,24,12,0,3,5,21.0,7.63,16.071428571428573,38.56761412575366
South Carolina,2023-09-12,Chapter 15,state board of financial institutions consumer finance division,state board of financial institutions consumer finance division,state board of financial institutions consumer finance division,"Banking, Insurance, and Securities",1800001562,282,20755,177,52,7,6,40,34.0,9.82,28.934010152284262,33.482418037025546
South Carolina,2023-09-12,Chapter 17,department of labor licensing and regulation state board of barber examiners,department of labor licensing and regulation state board of barber examiners,department of labor licensing and regulation state board of barber examiners,"Industry, Commerce, and Development",1800001563,135,4843,78,41,2,0,14,25.0,8.73,13.829787234042554,33.105285412262155
South Carolina,2023-09-12,Chapter 18,south carolina commission for the blind,south carolina commission for the blind,south carolina commission for the blind,Social Assistance,1800001564,67,10895,0,43,2,1,21,18.0,8.98,13.728813559322036,33.384331884331885
South Carolina,2023-09-12,Chapter 19,state budget and control board,state budget and control board,state budget and control board,Taxes and Public Finance,1800001565,2183,129366,1479,450,49,5,200,24.0,10.56,21.406610299769408,37.27110563488037
South Carolina,2023-09-12,Chapter 20,department of labor licensing and regulation state athletic commission,department of labor licensing and regulation state athletic commission,department of labor licensing and regulation state athletic commission,"Culture, Recreation, and the Arts",1800001566,668,26781,378,243,3,9,35,20.0,9.66,18.27371695178849,33.57536440813711
South Carolina,2023-09-12,Chapter 21,south carolina cemetery board,south carolina cemetery board,south carolina cemetery board,"Industry, Commerce, and Development",1800001567,58,2854,16,31,3,0,8,34.0,8.64,21.951219512195124,34.63037037037037
South Carolina,2023-09-12,Chapter 22,coastal carolina university,coastal carolina university,coastal carolina university,College and University,1800001568,13,1269,11,0,0,0,2,13.0,7.8,11.827956989247312,34.39196428571429
South Carolina,2023-09-12,Chapter 23,the college of charleston,the college of charleston,the college of charleston,College and University,1800001569,10,996,8,0,0,1,1,13.0,7.74,10.38961038961039,32.55386289445049
South Carolina,2023-09-12,Chapter 24,office of the governor division for review of the foster care of children,office of the governor division for review of the foster care of children,office of the governor division for review of the foster care of children,Social Assistance,1800001570,128,5903,122,2,0,0,4,33.0,7.95,39.42857142857143,31.24504224866356
South Carolina,2023-09-12,Chapter 25,department of labor licensing and regulation south carolina board of chiropractic examiners,department of labor licensing and regulation south carolina board of chiropractic examiners,department of labor licensing and regulation south carolina board of chiropractic examiners,Health Services,1800001571,105,6074,42,50,5,1,7,25.0,9.34,10.92436974789916,39.79765346029587
South Carolina,2023-09-12,Chapter 26,the citadel,the citadel,the citadel,College and University,1800001572,12,868,6,4,0,2,0,24.0,7.63,25.0,34.299760191846524
South Carolina,2023-09-12,Chapter 27,clemson university state livestock poultry health commission,clemson university state livestock poultry health commission,clemson university state livestock poultry health commission,College and University,1800001573,1548,85477,766,539,32,29,182,21.0,10.63,18.14595660749507,36.858080383777136
South Carolina,2023-09-12,"Chapter 27, Subchapter A",appendix i ppv susceptible species,appendix i ppv susceptible species,clemson university state livestock poultry health commission,College and University,1800001574,0,176,0,0,0,0,0,,4.63,0.0,43.50568181818182
South Carolina,2023-09-12,Chapter 28,department of consumer affairs,department of consumer affairs,department of consumer affairs,"Industry, Commerce, and Development",1800001575,457,28395,214,161,12,3,67,27.0,10.03,20.384615384615383,35.72947306185796
South Carolina,2023-09-12,Chapter 29,department of labor licensing and regulation state licensing board for contractors,department of labor licensing and regulation state licensing board for contractors,department of labor licensing and regulation state licensing board for contractors,"Industry, Commerce, and Development",1800001576,52,3732,22,16,2,0,12,33.0,8.61,23.214285714285715,38.675401521555365
South Carolina,2023-09-12,Chapter 3,department of commerce aeronautics division,department of commerce aeronautics division,department of commerce aeronautics division,"Industry, Commerce, and Development",1800001551,60,2393,48,3,0,0,9,22.0,8.25,19.626168224299064,36.85443583118002
South Carolina,2023-09-12,Chapter 30,department of health and environmental control coastal division,department of health and environmental control coastal division,department of health and environmental control coastal division,Health Services,1800001577,807,69128,346,318,14,35,94,23.0,10.55,16.46076794657763,35.95319574203904
South Carolina,2023-09-12,Chapter 31,office of the governor continuum of care for emotionally disturbed children division,office of the governor continuum of care for emotionally disturbed children division,office of the governor continuum of care for emotionally disturbed children division,Social Assistance,1800001578,1,235,0,1,0,0,0,58.0,6.52,75.0,40.14159292035398
South Carolina,2023-09-12,Chapter 33,department of corrections,department of corrections,department of corrections,"Security, Justice, and Corrections",1800001579,10,3325,0,6,1,1,2,27.0,8.51,38.21138211382114,37.97038864898211
South Carolina,2023-09-12,Chapter 35,department of labor licensing and regulation state board of cosmetology,department of labor licensing and regulation state board of cosmetology,department of labor licensing and regulation state board of cosmetology,"Industry, Commerce, and Development",1800001580,304,10388,153,107,14,6,24,27.0,9.51,17.402597402597404,35.838725934885595
South Carolina,2023-09-12,Chapter 36,department of labor licensing and regulation board of examiners for licensure of professional counselors marriage and family therapists addiction counselors and psycho educational specialists,department of labor licensing and regulation board of examiners for licensure of professional counselors marriage and family therapists addiction counselors and psycho educational specialists,department of labor licensing and regulation board of examiners for licensure of professional counselors marriage and family therapists addiction counselors and psycho educational specialists,Health Services,1800001581,472,17943,346,88,1,3,34,30.0,9.61,22.55892255892256,45.01216418770898
South Carolina,2023-09-12,Chapter 37,south carolina criminal justice academy,south carolina criminal justice academy,south carolina criminal justice academy,"Security, Justice, and Corrections",1800001582,233,10356,147,32,0,2,52,20.0,8.68,14.25661914460285,36.76097362256849
South Carolina,2023-09-12,Chapter 38,department of public safety,department of public safety,department of public safety,"Security, Justice, and Corrections",1800001583,2189,103920,1242,563,16,18,350,27.0,10.37,24.106906589044723,34.301625941104575
South Carolina,2023-09-12,"Chapter 38, Subchapter A",appendix a north american standard out of service criteria january 1 2004 commercial vehicle safety alliance,appendix a north american standard out of service criteria january 1 2004 commercial vehicle safety alliance,department of public safety,"Security, Justice, and Corrections",1800001584,69,12311,42,14,4,0,9,20.0,9.6,15.18324607329843,31.696096039323187
South Carolina,2023-09-12,Chapter 39,department of labor licensing and regulation state board of dentistry,department of labor licensing and regulation state board of dentistry,department of labor licensing and regulation state board of dentistry,Health Services,1800001585,194,13187,126,39,4,2,23,21.0,9.58,16.99346405228758,38.056270974791225
South Carolina,2023-09-12,Chapter 40,department of labor licensing and regulation panel for dietetics,department of labor licensing and regulation panel for dietetics,department of labor licensing and regulation panel for dietetics,Health Services,1800001586,37,2629,22,8,1,1,5,26.0,8.69,9.090909090909092,41.00724054706355
South Carolina,2023-09-12,Chapter 42,state education assistance authority,state education assistance authority,state education assistance authority,Primary and Secondary Education,1800001587,2,288,0,1,1,0,0,48.0,6.12,33.33333333333333,39.55882352941177
South Carolina,2023-09-12,Chapter 43,state board of education,state board of education,state board of education,Primary and Secondary Education,1800001588,1769,92389,674,873,20,5,197,20.0,10.21,12.32195342527696,39.06712258237823
South Carolina,2023-09-12,Chapter 44,south carolina lottery commission,south carolina lottery commission,south carolina lottery commission,Taxes and Public Finance,1800001589,166,8672,118,24,4,3,17,27.0,8.85,20.625,33.023781212841854
South Carolina,2023-09-12,Chapter 45,state election commission,state election commission,state election commission,Administration,1800001590,48,1710,40,6,0,0,2,29.0,7.36,13.79310344827586,31.91768292682927
South Carolina,2023-09-12,Chapter 47,department of employment and workforce,department of employment and workforce,department of employment and workforce,Labor and Workforce Development,1800001591,347,19248,294,23,2,0,28,25.0,9.44,25.916230366492147,34.10145945945946
South Carolina,2023-09-12,Chapter 49,department of labor licensing and regulation south carolina state board of registration for professional engineers and land surveyors,department of labor licensing and regulation south carolina state board of registration for professional engineers and land surveyors,department of labor licensing and regulation south carolina state board of registration for professional engineers and land surveyors,"Industry, Commerce, and Development",1800001592,323,18022,197,88,2,1,35,23.0,9.96,12.827225130890051,36.9307562830112
South Carolina,2023-09-12,Chapter 5,department of agriculture,department of agriculture,department of agriculture,"Industry, Commerce, and Development",1800001552,2059,90771,1674,177,10,30,168,24.0,10.61,18.27233584499462,33.945649901266115
South Carolina,2023-09-12,Chapter 50,south carolina state board of examiners for registered environmental sanitarians,south carolina state board of examiners for registered environmental sanitarians,south carolina state board of examiners for registered environmental sanitarians,"Environmental Protection, Public Utilities, and Natural Resources",1800001593,17,1288,13,3,0,0,1,11.0,7.99,13.445378151260504,42.24630541871921
South Carolina,2023-09-12,Chapter 51,south carolina environmental certification board,south carolina environmental certification board,south carolina environmental certification board,"Environmental Protection, Public Utilities, and Natural Resources",1800001594,31,1743,11,19,0,0,1,19.0,7.41,3.4482758620689653,37.3499399759904
South Carolina,2023-09-12,Chapter 52,state ethics commission,state ethics commission,state ethics commission,Administration,1800001595,217,10343,116,49,2,2,48,22.0,9.02,20.84210526315789,35.10858510320072
South Carolina,2023-09-12,Chapter 53,department of labor licensing and regulation state board of registration for foresters,department of labor licensing and regulation state board of registration for foresters,department of labor licensing and regulation state board of registration for foresters,"Environmental Protection, Public Utilities, and Natural Resources",1800001596,48,2011,23,15,0,1,9,23.0,8.44,7.0588235294117645,38.81898800208659
South Carolina,2023-09-12,Chapter 55,state commission of forestry,state commission of forestry,state commission of forestry,"Environmental Protection, Public Utilities, and Natural Resources",1800001597,15,806,6,3,1,5,0,18.0,7.33,20.454545454545457,36.48504551365409
South Carolina,2023-09-12,Chapter 57,department of labor licensing and regulation south carolina state board of funeral service,department of labor licensing and regulation south carolina state board of funeral service,department of labor licensing and regulation south carolina state board of funeral service,"Industry, Commerce, and Development",1800001598,110,4620,58,37,2,0,13,34.0,8.91,33.582089552238806,36.28149829738933
South Carolina,2023-09-12,Chapter 58,office of the governor,office of the governor,office of the governor,Administration,1800001599,83,2833,71,5,0,0,7,18.0,7.98,11.39240506329114,44.26113951789628
South Carolina,2023-09-12,"Chapter 61, Subchapter 101",water quality certification,water quality certification,department of health and environmental control,"Environmental Protection, Public Utilities, and Natural Resources",1800001676,40,2808,30,4,0,0,6,18.0,8.32,17.307692307692307,40.76737272389446
South Carolina,2023-09-12,"Chapter 61, Subchapter 102",standards for licensing birthing centers for deliveries by midwives,standards for licensing birthing centers for deliveries by midwives,department of health and environmental control,Health Services,1800001677,254,7519,222,18,0,1,13,25.0,9.59,13.468013468013469,38.00397423598739
South Carolina,2023-09-12,"Chapter 61, Subchapter 103",residential treatment facilities for children and adolescents,residential treatment facilities for children and adolescents,department of health and environmental control,Health Services,1800001678,1299,38921,1137,100,1,6,55,20.0,10.14,15.32133676092545,37.14785254784721
South Carolina,2023-09-12,"Chapter 61, Subchapter 104",hazardous waste management location standards,hazardous waste management location standards,department of health and environmental control,"Environmental Protection, Public Utilities, and Natural Resources",1800001679,114,7182,53,38,0,16,7,28.0,8.96,34.0,35.74517985611511
South Carolina,2023-09-12,"Chapter 61, Subchapter 105",infectious waste management regulations,infectious waste management regulations,department of health and environmental control,Health Services,1800001680,271,11941,89,127,4,1,50,34.0,9.21,32.463768115942024,38.3188643424232
South Carolina,2023-09-12,"Chapter 61, Subchapter 106",tanning facilities,tanning facilities,department of health and environmental control,"Industry, Commerce, and Development",1800001681,68,3213,48,5,0,0,15,32.0,8.24,14.444444444444445,40.76660682226212
South Carolina,2023-09-12,"Chapter 61, Subchapter 107",solid waste management,solid waste management,department of health and environmental control,"Environmental Protection, Public Utilities, and Natural Resources",1800001682,2477,136603,1903,249,22,23,280,24.0,10.2,16.41657734905323,37.522069768697406
South Carolina,2023-09-12,"Chapter 61, Subchapter 108",standards for licensing freestanding or mobile technology,standards for licensing freestanding or mobile technology,department of health and environmental control,"Industry, Commerce, and Development",1800001683,305,11675,281,1,0,0,23,17.0,9.69,14.349112426035504,39.61915487881791
South Carolina,2023-09-12,"Chapter 61, Subchapter 109",standards for permitting body piercing facilities,standards for permitting body piercing facilities,department of health and environmental control,Health Services,1800001684,201,7013,187,4,0,1,9,19.0,9.18,14.325842696629213,37.10368491720126
South Carolina,2023-09-12,"Chapter 61, Subchapter 110",total maximum daily loads for pollutants in water,total maximum daily loads for pollutants in water,department of health and environmental control,"Environmental Protection, Public Utilities, and Natural Resources",1800001685,28,1231,26,2,0,0,0,24.0,7.94,20.0,36.17417677642981
South Carolina,2023-09-12,"Chapter 61, Subchapter 111",standards for licensing tattoo facilities,standards for licensing tattoo facilities,department of health and environmental control,"Industry, Commerce, and Development",1800001686,262,9117,244,5,0,2,11,18.0,9.45,12.195121951219512,37.23767848917549
South Carolina,2023-09-12,"Chapter 61, Subchapter 112",implementation of emergency health powers act,implementation of emergency health powers act,department of health and environmental control,Health Services,1800001687,44,4150,34,7,0,0,3,24.0,8.99,16.470588235294116,40.13411296342374
South Carolina,2023-09-12,"Chapter 61, Subchapter 113",groundwater use and reporting,groundwater use and reporting,department of health and environmental control,"Environmental Protection, Public Utilities, and Natural Resources",1800001688,63,6344,44,3,0,1,15,22.0,9.12,28.05755395683453,37.56158833063209
South Carolina,2023-09-12,"Chapter 61, Subchapter 114",south carolina birth defects program,south carolina birth defects program,department of health and environmental control,Health Services,1800001689,10,1141,9,1,0,0,0,18.0,7.87,9.523809523809524,41.13802559414991
South Carolina,2023-09-12,"Chapter 61, Subchapter 115",environmental electronic reporting requirements,environmental electronic reporting requirements,department of health and environmental control,"Environmental Protection, Public Utilities, and Natural Resources",1800001690,9,1656,3,5,0,0,1,23.0,7.74,17.142857142857142,38.83728379244074
South Carolina,2023-09-12,"Chapter 61, Subchapter 116",south carolina trauma care systems,south carolina trauma care systems,department of health and environmental control,Health Services,1800001691,200,8030,176,3,1,0,20,18.0,8.98,11.188811188811188,38.52346711988496
South Carolina,2023-09-12,"Chapter 61, Subchapter 117",access to restricted information,access to restricted information,department of health and environmental control,Health Services,1800001692,16,1015,0,14,0,0,2,21.0,7.34,19.148936170212767,40.83453981385729
South Carolina,2023-09-12,"Chapter 61, Subchapter 118",south carolina stroke care system,south carolina stroke care system,department of health and environmental control,Health Services,1800001693,28,1794,26,0,0,0,2,18.0,8.02,10.1010101010101,41.81511627906977
South Carolina,2023-09-12,"Chapter 61, Subchapter 119",surface water withdrawal permitting use and reporting,surface water withdrawal permitting use and reporting,department of health and environmental control,Health Services,1800001694,149,15547,59,62,7,0,21,31.0,9.1,26.47657841140529,36.53206239168111
South Carolina,2023-09-12,"Chapter 61, Subchapter 12",standards for licensing abortion clinics,standards for licensing abortion clinics,department of health and environmental control,Health Services,1800001605,352,10527,290,39,0,1,22,15.0,9.79,11.994002998500749,38.01077500988533
South Carolina,2023-09-12,"Chapter 61, Subchapter 120",south carolina immunization registry,south carolina immunization registry,department of health and environmental control,Health Services,1800001695,32,2009,23,2,1,2,4,21.0,7.87,14.583333333333334,42.75254582484725
South Carolina,2023-09-12,"Chapter 61, Subchapter 122",standards for licensing in home care providers,standards for licensing in home care providers,department of health and environmental control,"Industry, Commerce, and Development",1800001696,66,4599,52,9,0,0,5,15.0,8.86,13.85135135135135,35.747297297297294
South Carolina,2023-09-12,"Chapter 61, Subchapter 123",critical congenital heart defects screening on newborns,critical congenital heart defects screening on newborns,department of health and environmental control,Health Services,1800001697,6,247,5,0,0,0,1,26.0,6.61,55.55555555555556,39.14767932489451
South Carolina,2023-09-12,"Chapter 61, Subchapter 124",consumer electronic equipment collection and recovery,consumer electronic equipment collection and recovery,department of health and environmental control,Health Services,1800001698,79,6655,50,24,2,0,3,24.0,8.61,20.29520295202952,41.76009791921665
South Carolina,2023-09-12,"Chapter 61, Subchapter 125",consumer electronic equipment collection and recovery,consumer electronic equipment collection and recovery,department of health and environmental control,Health Services,1800001699,522,17351,478,5,1,4,34,17.0,9.74,11.904761904761903,36.98617954572768
South Carolina,2023-09-12,"Chapter 61, Subchapter 13",standards for licensing habilitation centers for persons with intellectual disability or persons with related conditions,standards for licensing habilitation centers for persons with intellectual disability or persons with related conditions,department of health and environmental control,Health Services,1800001606,601,19552,553,5,0,7,36,18.0,9.75,13.85658914728682,36.92627123184912
South Carolina,2023-09-12,"Chapter 61, Subchapter 15",certification of need for health facilities and services,certification of need for health facilities and services,department of health and environmental control,Health Services,1800001607,143,12933,58,54,6,1,24,21.0,9.45,16.17161716171617,38.37349590887213
South Carolina,2023-09-12,"Chapter 61, Subchapter 16",minimum standards for licensing hospitals and institutional general infirmaries,minimum standards for licensing hospitals and institutional general infirmaries,department of health and environmental control,Health Services,1800001608,675,23482,531,101,2,1,40,20.0,10.09,14.646904969485613,39.18757202375676
South Carolina,2023-09-12,"Chapter 61, Subchapter 17",standards for licensing nursing homes,standards for licensing nursing homes,department of health and environmental control,Health Services,1800001609,841,31159,770,4,2,10,55,18.0,9.96,16.58711217183771,37.24100297947842
South Carolina,2023-09-12,"Chapter 61, Subchapter 19",vital statistics,vital statistics,department of health and environmental control,Health Services,1800001610,331,14015,238,33,4,0,56,25.0,9.0,38.63216266173752,33.32178729689808
South Carolina,2023-09-12,"Chapter 61, Subchapter 20",communicable diseases,communicable diseases,department of health and environmental control,Health Services,1800001611,61,3262,47,5,4,1,4,37.0,8.58,29.88505747126437,36.65773715726442
South Carolina,2023-09-12,"Chapter 61, Subchapter 21",sexually transmitted diseases,sexually transmitted diseases,department of health and environmental control,Health Services,1800001612,55,5002,20,25,0,2,8,31.0,8.57,40.25157232704403,36.68058667753107
South Carolina,2023-09-12,"Chapter 61, Subchapter 22",the evaluation of staff of schools and child care centers for tuberculosis,the evaluation of staff of schools and child care centers for tuberculosis,department of health and environmental control,Primary and Secondary Education,1800001613,29,1644,20,1,2,0,6,22.0,7.78,20.0,38.52111801242236
South Carolina,2023-09-12,"Chapter 61, Subchapter 24",licensed midwives,licensed midwives,department of health and environmental control,Health Services,1800001614,96,5752,71,15,0,0,10,14.0,9.46,8.133971291866029,38.39478449837016
South Carolina,2023-09-12,"Chapter 61, Subchapter 25",retail food establishments,retail food establishments,department of health and environmental control,Health Services,1800001615,1225,67030,1006,55,74,8,82,31.0,10.07,31.237721021611005,34.92406228798501
South Carolina,2023-09-12,"Chapter 61, Subchapter 29",environmental health inspections and fees,environmental health inspections and fees,department of health and environmental control,Health Services,1800001616,9,387,8,0,0,0,1,19.0,6.6,10.0,44.33942558746736
South Carolina,2023-09-12,"Chapter 61, Subchapter 3",the practice of selling and fitting hearing aids,the practice of selling and fitting hearing aids,department of health and environmental control,Health Services,1800001600,101,4071,87,7,0,0,7,24.0,8.87,17.261904761904763,35.20996711358462
South Carolina,2023-09-12,"Chapter 61, Subchapter 30",environmental protection fees,environmental protection fees,department of health and environmental control,"Environmental Protection, Public Utilities, and Natural Resources",1800001617,91,7559,54,16,2,0,19,25.0,9.33,20.2846975088968,36.794949802251296
South Carolina,2023-09-12,"Chapter 61, Subchapter 31",health care cooperative agreements,health care cooperative agreements,department of health and environmental control,Health Services,1800001618,51,4876,37,9,0,0,5,30.0,8.68,24.203821656050955,40.05580693815988
South Carolina,2023-09-12,"Chapter 61, Subchapter 32",soft drink and water bottling plants,soft drink and water bottling plants,department of health and environmental control,"Industry, Commerce, and Development",1800001619,120,6880,103,11,0,2,4,20.0,9.31,17.261904761904763,37.12311370088152
South Carolina,2023-09-12,"Chapter 61, Subchapter 33",drycleaning facility restoration trust fund,drycleaning facility restoration trust fund,department of health and environmental control,"Environmental Protection, Public Utilities, and Natural Resources",1800001620,48,3974,43,3,1,0,1,29.0,8.63,23.308270676691727,40.25388055774796
South Carolina,2023-09-12,"Chapter 61, Subchapter 34",raw milk for human consumption,raw milk for human consumption,department of health and environmental control,"Industry, Commerce, and Development",1800001621,349,11691,303,31,2,6,7,20.0,9.43,16.100178890876567,34.42960035133948
South Carolina,2023-09-12,"Chapter 61, Subchapter 34 1",pasteurized milk and milk products,pasteurized milk and milk products,department of health and environmental control,"Industry, Commerce, and Development",1800001622,62,2976,54,5,0,1,2,25.0,8.3,27.73109243697479,36.40224246671338
South Carolina,2023-09-12,"Chapter 61, Subchapter 36",frozen desserts,frozen desserts,department of health and environmental control,"Industry, Commerce, and Development",1800001623,113,7404,92,17,1,0,3,22.0,9.26,19.444444444444446,39.05502121640736
South Carolina,2023-09-12,"Chapter 61, Subchapter 4",controlled substances,controlled substances,department of health and environmental control,Health Services,1800001601,667,34158,521,8,10,2,126,42.0,9.6,40.57788944723618,37.80789497730803
South Carolina,2023-09-12,"Chapter 61, Subchapter 43",standards for the permitting of agricultural animal facilities,standards for the permitting of agricultural animal facilities,department of health and environmental control,"Industry, Commerce, and Development",1800001624,879,46958,697,23,8,7,144,19.0,9.44,20.22090059473237,36.308860366651146
South Carolina,2023-09-12,"Chapter 61, Subchapter 44",individual residential well and irrigation well permitting,individual residential well and irrigation well permitting,department of health and environmental control,Health Services,1800001625,44,2263,32,5,1,0,6,22.0,7.95,17.647058823529413,38.88997668997669
South Carolina,2023-09-12,"Chapter 61, Subchapter 45",south carolina central cancer registry,south carolina central cancer registry,department of health and environmental control,Health Services,1800001626,37,1845,31,4,1,0,1,17.0,8.35,6.5420560747663545,42.32219705549264
South Carolina,2023-09-12,"Chapter 61, Subchapter 47",shellfish,shellfish,department of health and environmental control,"Industry, Commerce, and Development",1800001627,330,13532,283,8,0,19,20,25.0,9.5,19.245283018867926,40.48855896533252
South Carolina,2023-09-12,"Chapter 61, Subchapter 50",natural public swimming areas,natural public swimming areas,department of health and environmental control,"Culture, Recreation, and the Arts",1800001628,40,1473,21,14,0,0,5,13.0,7.97,13.513513513513514,38.98443029016278
South Carolina,2023-09-12,"Chapter 61, Subchapter 51",public swimming pools,public swimming pools,department of health and environmental control,Health Services,1800001629,780,23213,165,550,5,1,59,18.0,9.58,15.319476520400308,30.942991036898857
South Carolina,2023-09-12,"Chapter 61, Subchapter 56",onsite wastewater systems,onsite wastewater systems,department of health and environmental control,"Environmental Protection, Public Utilities, and Natural Resources",1800001630,1072,38299,705,199,4,10,154,26.0,9.99,18.67043847241867,35.98724752035118
South Carolina,2023-09-12,"Chapter 61, Subchapter 58",state primary drinking water regulations,state primary drinking water regulations,department of health and environmental control,"Environmental Protection, Public Utilities, and Natural Resources",1800001631,48,9635,18,19,2,0,9,29.0,9.79,15.987460815047022,37.17232260907889
South Carolina,2023-09-12,"Chapter 61, Subchapter 58 1",construction and operation permits,state primary drinking water regulations,department of health and environmental control,"Environmental Protection, Public Utilities, and Natural Resources",1800001632,161,7501,86,58,0,0,17,34.0,8.75,26.76056338028169,36.3726507713885
South Carolina,2023-09-12,"Chapter 61, Subchapter 58 10",filtration and disinfection,state primary drinking water regulations,department of health and environmental control,"Environmental Protection, Public Utilities, and Natural Resources",1800001641,740,36502,95,527,5,0,113,31.0,8.97,32.07720588235294,36.32698471975851
South Carolina,2023-09-12,"Chapter 61, Subchapter 58 11",control of lead and copper,state primary drinking water regulations,department of health and environmental control,"Environmental Protection, Public Utilities, and Natural Resources",1800001642,775,39421,209,443,10,0,113,38.0,8.53,32.25806451612903,34.01220777802054
South Carolina,2023-09-12,"Chapter 61, Subchapter 58 12",consumer confidence reports,state primary drinking water regulations,department of health and environmental control,"Environmental Protection, Public Utilities, and Natural Resources",1800001643,100,10064,55,17,0,0,28,27.0,9.01,16.246498599439775,35.67481243301179
South Carolina,2023-09-12,"Chapter 61, Subchapter 58 13",disinfectant residuals disinfection byproducts and disinfection byproduct precursors,state primary drinking water regulations,department of health and environmental control,"Environmental Protection, Public Utilities, and Natural Resources",1800001644,168,9176,4,116,3,0,45,35.0,8.02,24.291497975708506,33.071795484410465
South Carolina,2023-09-12,"Chapter 61, Subchapter 58 14",initial distribution system evaluations,state primary drinking water regulations,department of health and environmental control,"Environmental Protection, Public Utilities, and Natural Resources",1800001645,157,6979,0,136,1,0,20,30.0,7.72,25.570776255707763,34.35823849579416
South Carolina,2023-09-12,"Chapter 61, Subchapter 58 15",stage 2 disinfection byproducts requirements,state primary drinking water regulations,department of health and environmental control,"Environmental Protection, Public Utilities, and Natural Resources",1800001646,79,4416,0,50,2,0,27,38.0,7.61,44.44444444444444,32.79141585972258
South Carolina,2023-09-12,"Chapter 61, Subchapter 58 16",ground water rule,state primary drinking water regulations,department of health and environmental control,"Environmental Protection, Public Utilities, and Natural Resources",1800001647,83,5680,7,68,0,0,8,35.0,7.35,39.72602739726028,36.44251149770046
South Carolina,2023-09-12,"Chapter 61, Subchapter 58 17",revised total coliform rule,state primary drinking water regulations,department of health and environmental control,"Environmental Protection, Public Utilities, and Natural Resources",1800001648,193,9067,1,138,9,0,45,26.0,7.91,33.75796178343949,34.37184692998647
South Carolina,2023-09-12,"Chapter 61, Subchapter 58 2",groundwater sources and treatment,state primary drinking water regulations,department of health and environmental control,"Environmental Protection, Public Utilities, and Natural Resources",1800001633,569,14571,462,79,0,1,27,26.0,9.58,22.702702702702705,33.48902110780564
South Carolina,2023-09-12,"Chapter 61, Subchapter 58 3",surface water sources and treatment,state primary drinking water regulations,department of health and environmental control,"Environmental Protection, Public Utilities, and Natural Resources",1800001634,492,12586,401,48,0,1,42,26.0,9.47,24.57264957264957,33.970402558006064
South Carolina,2023-09-12,"Chapter 61, Subchapter 58 4",finished water pumping storage and distribution facilities,state primary drinking water regulations,department of health and environmental control,"Environmental Protection, Public Utilities, and Natural Resources",1800001635,275,7228,201,61,0,2,11,25.0,9.09,30.419580419580424,32.61394410832613
South Carolina,2023-09-12,"Chapter 61, Subchapter 58 5",maximum contaminant levels in drinking water,state primary drinking water regulations,department of health and environmental control,"Environmental Protection, Public Utilities, and Natural Resources",1800001636,397,21342,212,128,1,0,56,29.0,9.1,30.935251798561158,36.75002592016589
South Carolina,2023-09-12,"Chapter 61, Subchapter 58 6",reports record retention and public notification,state primary drinking water regulations,department of health and environmental control,"Environmental Protection, Public Utilities, and Natural Resources",1800001637,202,16540,27,96,7,0,72,23.0,8.82,20.27649769585253,34.6685036032217
South Carolina,2023-09-12,"Chapter 61, Subchapter 58 7",operation and maintenance,state primary drinking water regulations,department of health and environmental control,"Environmental Protection, Public Utilities, and Natural Resources",1800001638,235,5809,184,38,0,0,13,24.0,8.74,26.72413793103448,35.15576715774344
South Carolina,2023-09-12,"Chapter 61, Subchapter 58 8",emergency procedures,state primary drinking water regulations,department of health and environmental control,"Environmental Protection, Public Utilities, and Natural Resources",1800001639,19,1100,17,2,0,0,0,60.0,7.5,,35.56849953401677
South Carolina,2023-09-12,"Chapter 61, Subchapter 58 9",variances and exemptions,state primary drinking water regulations,department of health and environmental control,"Environmental Protection, Public Utilities, and Natural Resources",1800001640,51,7740,19,25,1,0,6,32.0,8.72,25.108225108225103,37.62021004825433
South Carolina,2023-09-12,"Chapter 61, Subchapter 62",air pollution control regulations and standards,air pollution control regulations and standards,department of health and environmental control,"Environmental Protection, Public Utilities, and Natural Resources",1800001649,2722,207604,1812,378,24,17,491,28.0,10.28,23.22724734785036,37.28628866647932
South Carolina,2023-09-12,"Chapter 61, Subchapter 63",radioactive materials,radioactive materials,department of health and environmental control,"Environmental Protection, Public Utilities, and Natural Resources",1800001650,2581,185482,1284,744,69,15,469,39.0,10.05,26.701821668264618,38.54842565197798
South Carolina,2023-09-12,"Chapter 61, Subchapter 64",x rays,x rays,department of health and environmental control,Health Services,1800001651,1910,91974,1656,60,5,11,178,27.0,9.67,25.650195058517557,37.114317567307815
South Carolina,2023-09-12,"Chapter 61, Subchapter 65",particle accelerators,particle accelerators,department of health and environmental control,"Environmental Protection, Public Utilities, and Natural Resources",1800001652,190,9652,160,6,0,2,22,28.0,8.74,20.401337792642146,39.88907891522111
South Carolina,2023-09-12,"Chapter 61, Subchapter 67",standards for wastewater facility construction,standards for wastewater facility construction,department of health and environmental control,"Environmental Protection, Public Utilities, and Natural Resources",1800001653,458,19533,389,11,7,0,51,20.0,9.61,24.26095820591233,38.38119740579943
South Carolina,2023-09-12,"Chapter 61, Subchapter 68",water classifications and standards,water classifications and standards,department of health and environmental control,"Environmental Protection, Public Utilities, and Natural Resources",1800001654,236,25018,197,16,2,7,14,24.0,9.89,19.4672131147541,36.869541778975744
South Carolina,2023-09-12,"Chapter 61, Subchapter 69",classified waters,classified waters,department of health and environmental control,"Environmental Protection, Public Utilities, and Natural Resources",1800001655,3,12711,2,1,0,0,0,,7.27,4.878048780487805,26.714262521308548
South Carolina,2023-09-12,"Chapter 61, Subchapter 7",emergency medical services,emergency medical services,department of health and environmental control,Health Services,1800001602,443,23685,404,14,2,0,23,18.0,9.74,11.731843575418994,35.439890954594205
South Carolina,2023-09-12,"Chapter 61, Subchapter 71",well standards,well standards,department of health and environmental control,"Environmental Protection, Public Utilities, and Natural Resources",1800001656,253,8892,235,0,0,0,18,18.0,8.86,14.730290456431536,34.95013461313356
South Carolina,2023-09-12,"Chapter 61, Subchapter 75",standards for licensing day care facilities for adults,standards for licensing day care facilities for adults,department of health and environmental control,Health Services,1800001657,399,12969,375,1,0,0,23,16.0,9.39,10.62992125984252,38.62861762328213
South Carolina,2023-09-12,"Chapter 61, Subchapter 77",standards for licensing home health agencies,standards for licensing home health agencies,department of health and environmental control,Health Services,1800001658,159,7943,150,0,0,0,9,18.0,8.94,12.32876712328767,37.15715979449348
South Carolina,2023-09-12,"Chapter 61, Subchapter 78",standards for licensing hospices,standards for licensing hospices,department of health and environmental control,Health Services,1800001659,552,19651,499,15,1,2,35,18.0,9.76,14.20345489443378,36.7787483355526
South Carolina,2023-09-12,"Chapter 61, Subchapter 79",hazardous waste management regulations,hazardous waste management regulations,department of health and environmental control,"Environmental Protection, Public Utilities, and Natural Resources",1800001660,8798,723914,2854,4530,87,120,1207,33.0,10.73,30.48125708093197,36.40602641803619
South Carolina,2023-09-12,"Chapter 61, Subchapter 8",immunization requirements for school and childcare attendance,immunization requirements for school and childcare attendance,department of health and environmental control,Health Services,1800001603,15,740,4,6,0,0,5,16.0,7.13,6.666666666666667,42.70721357850071
South Carolina,2023-09-12,"Chapter 61, Subchapter 80",neonatal screening for inborn metabolic errors and hemoglobinopathies,neonatal screening for inborn metabolic errors and hemoglobinopathies,department of health and environmental control,Health Services,1800001661,49,3289,42,1,0,2,4,21.0,8.18,28.662420382165603,37.517327505463626
South Carolina,2023-09-12,"Chapter 61, Subchapter 81",state environmental laboratory certification program,state environmental laboratory certification program,department of health and environmental control,Health Services,1800001662,15,1438,2,6,0,0,7,28.0,7.83,17.647058823529413,45.99121522693997
South Carolina,2023-09-12,"Chapter 61, Subchapter 82",proper closeout of wastewater treatment facilities,proper closeout of wastewater treatment facilities,department of health and environmental control,"Environmental Protection, Public Utilities, and Natural Resources",1800001663,24,945,24,0,0,0,0,21.0,7.58,23.25581395348837,34.70911086717892
South Carolina,2023-09-12,"Chapter 61, Subchapter 83",transportation of radioactive waste into or within south carolina,transportation of radioactive waste into or within south carolina,department of health and environmental control,"Environmental Protection, Public Utilities, and Natural Resources",1800001664,65,4223,51,5,0,0,9,22.0,8.46,7.734806629834254,39.35581212280241
South Carolina,2023-09-12,"Chapter 61, Subchapter 84",standards for licensing community residential care facilities,standards for licensing community residential care facilities,department of health and environmental control,Health Services,1800001665,688,25648,628,7,1,5,47,19.0,9.9,16.38719512195122,37.05435486482111
South Carolina,2023-09-12,"Chapter 61, Subchapter 86 1",standards of performance for asbestos projects,standards of performance for asbestos projects,department of health and environmental control,"Environmental Protection, Public Utilities, and Natural Resources",1800001666,613,28883,483,55,3,0,72,18.0,9.63,16.458852867830423,38.069990966576334
South Carolina,2023-09-12,"Chapter 61, Subchapter 87",underground injection control regulations,underground injection control regulations,department of health and environmental control,"Environmental Protection, Public Utilities, and Natural Resources",1800001667,140,9296,112,4,1,3,20,30.0,9.27,19.15584415584416,36.17016342756184
South Carolina,2023-09-12,"Chapter 61, Subchapter 9",water pollution control permits,water pollution control permits,department of health and environmental control,"Environmental Protection, Public Utilities, and Natural Resources",1800001604,2497,182098,1468,462,28,30,509,33.0,10.06,35.63457537355778,36.64358980405103
South Carolina,2023-09-12,"Chapter 61, Subchapter 91",standards for licensing ambulatory surgical facilities,standards for licensing ambulatory surgical facilities,department of health and environmental control,Health Services,1800001668,757,22693,687,10,0,2,58,16.0,9.88,11.634756995581736,36.95709371513574
South Carolina,2023-09-12,"Chapter 61, Subchapter 92",underground storage tank control regulations,underground storage tank control regulations,department of health and environmental control,"Environmental Protection, Public Utilities, and Natural Resources",1800001669,642,52540,123,410,11,0,98,41.0,9.93,31.44704931285368,36.21309326988992
South Carolina,2023-09-12,"Chapter 61, Subchapter 93",standards for licensing facilities for chemically dependent or addicted persons,standards for licensing facilities for chemically dependent or addicted persons,department of health and environmental control,Health Services,1800001670,744,26395,698,4,2,2,38,18.0,9.85,14.225648213034336,38.6549159248269
South Carolina,2023-09-12,"Chapter 61, Subchapter 94",wic vendors,wic vendors,department of health and environmental control,Social Assistance,1800001671,27,3258,10,13,1,0,3,17.0,8.86,7.650273224043716,34.07501609787508
South Carolina,2023-09-12,"Chapter 61, Subchapter 95",medicaid nursing home permits,medicaid nursing home permits,department of health and environmental control,Social Assistance,1800001672,26,1635,19,2,1,0,4,24.0,7.63,18.181818181818183,35.73516273133376
South Carolina,2023-09-12,"Chapter 61, Subchapter 96",athletic trainers,athletic trainers,department of health and environmental control,"Culture, Recreation, and the Arts",1800001673,66,3179,61,0,0,0,5,17.0,8.5,7.777777777777778,41.04859504132232
South Carolina,2023-09-12,"Chapter 61, Subchapter 97",standards for licensing renal dialysis facilities,standards for licensing renal dialysis facilities,department of health and environmental control,Health Services,1800001674,416,14196,383,9,0,1,23,16.0,9.72,9.942857142857145,38.90181683351872
South Carolina,2023-09-12,"Chapter 61, Subchapter 98",state underground petroleum environmental response bank superb site rehabilitation and fund access regulation,state underground petroleum environmental response bank superb site rehabilitation and fund access regulation,department of health and environmental control,"Environmental Protection, Public Utilities, and Natural Resources",1800001675,147,9308,120,13,3,0,11,19.0,9.15,20.28688524590164,41.20082469631116
South Carolina,2023-09-12,Chapter 62,state commission on higher education,state commission on higher education,state commission on higher education,College and University,1800001700,1243,80259,504,570,47,14,108,28.0,9.57,19.08925318761385,36.966528803923325
South Carolina,2023-09-12,Chapter 63,department of highways and public transportation,department of highways and public transportation,department of highways and public transportation,Transportation,1800001701,689,38779,451,153,11,8,66,23.0,10.21,19.30360415394013,35.740373567057695
South Carolina,2023-09-12,Chapter 64,south carolina state housing finance and development authority,south carolina state housing finance and development authority,south carolina state housing finance and development authority,Taxes and Public Finance,1800001702,5,466,3,1,1,0,0,30.0,7.06,0.0,35.652466367713004
South Carolina,2023-09-12,Chapter 65,south carolina human affairs commission,south carolina human affairs commission,south carolina human affairs commission,Labor and Workforce Development,1800001703,407,26879,342,28,6,13,18,27.0,9.63,25.72283150548355,36.34080238195213
South Carolina,2023-09-12,Chapter 67,south carolina workers compensation commission,south carolina workers compensation commission,south carolina workers compensation commission,Labor and Workforce Development,1800001704,557,32968,387,104,12,0,54,23.0,9.34,32.028985507246375,33.410864005697455
South Carolina,2023-09-12,Chapter 68,south carolina jobs economic development authority,south carolina jobs economic development authority,south carolina jobs economic development authority,Labor and Workforce Development,1800001705,0,307,0,0,0,0,0,26.0,6.52,18.181818181818183,32.57085020242915
South Carolina,2023-09-12,Chapter 69,department of insurance,department of insurance,department of insurance,"Banking, Insurance, and Securities",1800001706,3079,222346,2216,367,69,33,394,30.0,10.55,28.343063664164585,36.08113721742257
South Carolina,2023-09-12,"Chapter 69, Subchapter 44",long term care insurance,long term care insurance,department of insurance,"Banking, Insurance, and Securities",1800001708,388,24432,291,18,16,4,59,32.0,9.39,37.5668449197861,34.990972192650005
South Carolina,2023-09-12,"Chapter 69, Subchapter 58",privacy of consumer financial and health information,privacy of consumer financial and health information,department of insurance,Health Services,1800001709,162,18875,53,45,7,0,57,27.0,8.88,33.627019089574155,36.61576247134592
South Carolina,2023-09-12,"Chapter 69, Subchapter A",appendix ii,appendix ii,department of insurance,"Banking, Insurance, and Securities",1800001707,0,1161,0,0,0,0,0,,6.13,0.0,20.50943396226415
South Carolina,2023-09-12,Chapter 7,alcoholic beverages beer and wine,alcoholic beverages beer and wine,alcoholic beverages beer and wine,"Industry, Commerce, and Development",1800001553,177,8998,73,79,4,7,14,29.0,9.08,23.588039867109632,32.370100589663544
South Carolina,2023-09-12,Chapter 71,department of labor licensing and regulation division of labor,department of labor licensing and regulation division of labor,department of labor licensing and regulation division of labor,Labor and Workforce Development,1800001710,1707,91855,1269,276,10,18,134,22.0,10.69,23.99805683750304,35.14747959125421
South Carolina,2023-09-12,"Chapter 71, Subchapter A",appendix a sample abatement certification letter non mandatory,appendix a sample abatement certification letter non mandatory,department of labor licensing and regulation division of labor,"Industry, Commerce, and Development",1800001711,1,388,0,0,0,0,1,26.0,6.64,7.6923076923076925,76.25207756232687
South Carolina,2023-09-12,Chapter 72,department of health and environmental control land resources and conservation districts division,department of health and environmental control land resources and conservation districts division,department of health and environmental control land resources and conservation districts division,"Environmental Protection, Public Utilities, and Natural Resources",1800001712,624,32694,491,61,3,0,69,24.0,9.69,19.33579335793358,38.68210519669129
South Carolina,2023-09-12,Chapter 73,south carolina law enforcement division,south carolina law enforcement division,south carolina law enforcement division,"Security, Justice, and Corrections",1800001713,355,21250,108,191,7,7,42,22.0,9.75,14.917695473251028,39.27156097560976
South Carolina,2023-09-12,Chapter 75,south carolina state library,south carolina state library,south carolina state library,"Culture, Recreation, and the Arts",1800001714,10,1335,9,0,1,0,0,24.0,7.63,5.454545454545454,38.871517027863774
South Carolina,2023-09-12,Chapter 76,board of landscape architectural examiners,board of landscape architectural examiners,board of landscape architectural examiners,"Industry, Commerce, and Development",1800001715,76,2450,45,16,4,0,11,16.0,8.54,7.482993197278912,39.48018747337026
South Carolina,2023-09-12,Chapter 77,department of labor licensing and regulation panel for massage bodywork,department of labor licensing and regulation panel for massage bodywork,department of labor licensing and regulation panel for massage bodywork,Health Services,1800001716,56,2225,38,13,0,0,5,22.0,8.35,7.000000000000001,37.93423507462686
South Carolina,2023-09-12,Chapter 79,department of labor licensing and regulation manufactured housing board,department of labor licensing and regulation manufactured housing board,department of labor licensing and regulation manufactured housing board,"Industry, Commerce, and Development",1800001717,358,14904,240,70,2,5,41,26.0,9.7,27.353463587921844,36.553044439836896
South Carolina,2023-09-12,"Chapter 79, Subchapter A",appendix b typical designs for load bearing supports for manufactured homes,appendix b typical designs for load bearing supports for manufactured homes,department of labor licensing and regulation manufactured housing board,"Industry, Commerce, and Development",1800001718,0,537,0,0,0,0,0,55.0,8.46,0.0,22.75675675675676
South Carolina,2023-09-12,Chapter 8,building codes council,building codes council,building codes council,"Industry, Commerce, and Development",1800001554,690,27038,512,85,0,7,86,23.0,10.01,19.518716577540108,37.36310025273799
South Carolina,2023-09-12,Chapter 80,the south carolina maritime security commission and naval militia,the south carolina maritime security commission and naval militia,the south carolina maritime security commission and naval militia,"Security, Justice, and Corrections",1800001719,18,1904,17,0,0,0,1,20.0,8.33,18.27956989247312,37.92736209721464
South Carolina,2023-09-12,Chapter 81,department of labor licensing and regulation state board of medical examiners,department of labor licensing and regulation state board of medical examiners,department of labor licensing and regulation state board of medical examiners,Health Services,1800001720,228,9831,81,122,3,2,20,26.0,9.63,15.159574468085108,41.92251461988304
South Carolina,2023-09-12,Chapter 83,the medical university of south carolina,the medical university of south carolina,the medical university of south carolina,College and University,1800001721,30,1850,10,10,1,4,5,20.0,8.57,14.772727272727272,32.779318313113805
South Carolina,2023-09-12,Chapter 87,department of mental health,department of mental health,department of mental health,Health Services,1800001722,17,1125,14,1,0,0,2,32.0,7.79,11.76470588235294,35.93913857677903
South Carolina,2023-09-12,Chapter 88,department of disabilities and special needs,department of disabilities and special needs,department of disabilities and special needs,Social Assistance,1800001723,155,9568,110,28,1,1,15,24.0,9.88,14.432989690721648,39.6840798704803
South Carolina,2023-09-12,Chapter 89,office of the governor mining council of south carolina,office of the governor mining council of south carolina,office of the governor mining council of south carolina,"Environmental Protection, Public Utilities, and Natural Resources",1800001724,232,9464,159,29,1,0,43,28.0,9.43,30.3951367781155,35.15544435983901
South Carolina,2023-09-12,"Chapter 8, Subchapter A",appendix h signs,appendix h signs,building codes council,"Industry, Commerce, and Development",1800001555,0,64,0,0,0,0,0,20.0,4.38,0.0,32.42857142857143
South Carolina,2023-09-12,Chapter 90,department of motor vehicles,department of motor vehicles,department of motor vehicles,Transportation,1800001725,126,8394,10,96,1,1,18,29.0,9.08,19.434628975265017,36.07219814241486
South Carolina,2023-09-12,Chapter 91,department of labor licensing and regulation state board of nursing,department of labor licensing and regulation state board of nursing,department of labor licensing and regulation state board of nursing,Health Services,1800001726,110,8817,75,20,1,2,12,19.0,9.0,8.695652173913043,39.2842117564567
South Carolina,2023-09-12,Chapter 93,department of labor licensing and regulation south carolina board of long term health care administrators,department of labor licensing and regulation south carolina board of long term health care administrators,department of labor licensing and regulation south carolina board of long term health care administrators,Health Services,1800001727,128,5639,68,42,2,0,16,25.0,8.91,21.100917431192663,38.4446874430472
South Carolina,2023-09-12,Chapter 94,department of labor licensing and regulation south carolina board of occupational therapy,department of labor licensing and regulation south carolina board of occupational therapy,department of labor licensing and regulation south carolina board of occupational therapy,Health Services,1800001728,26,2758,14,8,0,0,4,22.0,8.76,17.355371900826448,45.03291713961408
South Carolina,2023-09-12,Chapter 95,department of labor licensing and regulation board of examiners in optometry,department of labor licensing and regulation board of examiners in optometry,department of labor licensing and regulation board of examiners in optometry,Health Services,1800001729,36,1708,18,16,0,0,2,17.0,8.58,15.306122448979592,38.79903147699758
South Carolina,2023-09-12,Chapter 96,department of labor licensing and regulation south carolina board of examiners in opticianry,department of labor licensing and regulation south carolina board of examiners in opticianry,department of labor licensing and regulation south carolina board of examiners in opticianry,Health Services,1800001730,32,1875,12,15,0,0,5,38.0,7.76,29.166666666666668,38.232700892857146
South Carolina,2023-09-12,Chapter 99,department of labor licensing and regulation board of pharmacy,department of labor licensing and regulation board of pharmacy,department of labor licensing and regulation board of pharmacy,Health Services,1800001731,76,4320,12,46,1,0,17,25.0,8.34,16.867469879518072,37.37476007677543
South Carolina,2023-09-12,"Chapter 9, Subchapter 100",adjudication rules,adjudication rules,institute of archeology and anthropology,"Culture, Recreation, and the Arts",1800001556,165,10469,140,3,12,1,9,22.0,9.07,26.05042016806723,34.39249925587856
