jurisdiction_name,date_collected,document_reference,document_name,agency_name,parent_agency_name,cluster_name,document_id,restrictions,words,shall,must,may_not,prohibited,required,sentence_length,shannon_entropy,conditionals_per_100_sentences,long_word_score_sq
New Jersey,2022-04-25,"Title 10A, Chapter 1",administration organization and management,corrections,,"Security, Justice, and Corrections",17700002592,199,14619,157,13,0,16,13,21.0,9.44,18.501529051987767,38.79499092558984
New Jersey,2022-04-25,"Title 10A, Chapter 10",interjurisdictional agreements and statutes,corrections,,"Security, Justice, and Corrections",17700002601,207,10286,188,13,3,0,3,23.0,8.73,22.146118721461185,37.63475396335186
New Jersey,2022-04-25,"Title 10A, Chapter 12",inmate groups,corrections,,"Security, Justice, and Corrections",17700002602,50,1937,47,1,0,1,1,18.0,7.56,15.384615384615383,41.40055710306407
New Jersey,2022-04-25,"Title 10A, Chapter 13",inmate jobs and wages,corrections,,"Security, Justice, and Corrections",17700002603,53,2361,46,2,0,0,5,22.0,7.56,23.0,37.93721770551039
New Jersey,2022-04-25,"Title 10A, Chapter 14",inmate hygiene and grooming use of tobacco products inmate identification photographs housekeeping and sanitation clothing bedding and laundry,corrections,,"Security, Justice, and Corrections",17700002604,108,3527,99,1,0,0,8,22.0,8.35,25.657894736842103,37.838768668089
New Jersey,2022-04-25,"Title 10A, Chapter 15",tenure teachers and other certified professional educators,corrections,,"Security, Justice, and Corrections",17700002605,35,1609,33,0,0,0,2,24.0,7.86,31.25,40.22523117569353
New Jersey,2022-04-25,"Title 10A, Chapter 16",health services,corrections,,"Security, Justice, and Corrections",17700002606,423,17396,385,8,1,7,22,20.0,9.2,16.251482799525505,38.96328478766369
New Jersey,2022-04-25,"Title 10A, Chapter 17",social services,corrections,,"Security, Justice, and Corrections",17700002607,252,11793,234,9,0,2,7,19.0,8.75,14.383561643835616,40.86062528318985
New Jersey,2022-04-25,"Title 10A, Chapter 18",mail visits and telephone,corrections,,"Security, Justice, and Corrections",17700002608,452,16660,406,21,2,9,14,21.0,8.88,21.032258064516128,37.31918701265499
New Jersey,2022-04-25,"Title 10A, Chapter 19",news media and public information dissemination,corrections,,"Security, Justice, and Corrections",17700002609,33,2057,30,0,0,2,1,20.0,7.85,17.708333333333336,43.23385416666667
New Jersey,2022-04-25,"Title 10A, Chapter 2",fiscal management,corrections,,"Security, Justice, and Corrections",17700002593,119,5032,111,5,0,1,2,21.0,8.61,17.77777777777778,39.04104558219918
New Jersey,2022-04-25,"Title 10A, Chapter 20",residential community programs,corrections,,"Security, Justice, and Corrections",17700002610,185,8275,160,4,1,8,12,21.0,8.54,20.435967302452315,40.57477853048463
New Jersey,2022-04-25,"Title 10A, Chapter 21",reports,corrections,,"Security, Justice, and Corrections",17700002611,55,3553,51,1,0,2,1,24.0,8.33,30.0,38.294768310911806
New Jersey,2022-04-25,"Title 10A, Chapter 22",records,corrections,,"Security, Justice, and Corrections",17700002612,53,3103,53,0,0,0,0,21.0,8.47,23.18840579710145,38.92931754874652
New Jersey,2022-04-25,"Title 10A, Chapter 24",substance use disorder treatment programs,corrections,,"Security, Justice, and Corrections",17700002613,67,4433,59,1,0,7,0,15.0,8.13,7.7490774907749085,40.786430960344006
New Jersey,2022-04-25,"Title 10A, Chapter 3",security and control,corrections,,"Security, Justice, and Corrections",17700002594,440,17855,384,24,1,12,19,22.0,9.25,27.82719186785261,36.30114902098722
New Jersey,2022-04-25,"Title 10A, Chapter 31",adult county correctional facilities,corrections,,"Security, Justice, and Corrections",17700002614,937,39131,875,21,2,9,30,19.0,9.74,19.425935417734493,37.82790077063421
New Jersey,2022-04-25,"Title 10A, Chapter 34",new jersey municipal detention facilities,corrections,,"Security, Justice, and Corrections",17700002615,162,6915,148,2,0,2,10,20.0,8.83,18.31831831831832,36.04129972669298
New Jersey,2022-04-25,"Title 10A, Chapter 35",special treatment units,corrections,,"Security, Justice, and Corrections",17700002616,84,4454,77,0,0,4,3,27.0,8.68,25.625,37.04579792256846
New Jersey,2022-04-25,"Title 10A, Chapter 4",inmate discipline,corrections,,"Security, Justice, and Corrections",17700002595,329,15471,255,3,3,59,9,20.0,9.22,20.158102766798415,37.68138129891528
New Jersey,2022-04-25,"Title 10A, Chapter 5",close custody units,corrections,,"Security, Justice, and Corrections",17700002596,374,15683,354,7,2,5,6,16.0,8.73,17.97752808988764,35.11946050096339
New Jersey,2022-04-25,"Title 10A, Chapter 6",inmate access to courts,corrections,,"Security, Justice, and Corrections",17700002597,101,4341,90,5,1,0,5,21.0,8.28,13.0,38.11961839530333
New Jersey,2022-04-25,"Title 10A, Chapter 7",inmate abuse reporting and investigation,corrections,,"Security, Justice, and Corrections",17700002598,21,971,18,1,0,0,2,27.0,7.1,20.588235294117645,36.700221238938056
New Jersey,2022-04-25,"Title 10A, Chapter 71",parole,corrections,,"Security, Justice, and Corrections",17700002617,1381,61435,1269,15,9,4,84,24.0,9.01,26.95439739413681,33.5745082421388
New Jersey,2022-04-25,"Title 10A, Chapter 72",division of parole,corrections,,"Security, Justice, and Corrections",17700002618,639,27731,585,8,4,8,34,25.0,9.02,26.70979667282809,36.12047965609563
New Jersey,2022-04-25,"Title 10A, Chapter 8",inmate orientation and handbook,corrections,,"Security, Justice, and Corrections",17700002599,24,1076,23,0,0,0,1,10.0,7.47,14.85148514851485,43.83030303030303
New Jersey,2022-04-25,"Title 10A, Chapter 9",classification process,corrections,,"Security, Justice, and Corrections",17700002600,405,23534,343,17,2,27,16,15.0,9.25,12.353347135955833,36.03813339618195
New Jersey,2022-04-25,"Title 10, Chapter 1",rules of practice petition for rulemaking,human services,,Social Assistance,17700002474,28,1918,28,0,0,0,0,21.0,7.49,6.8181818181818175,35.67440543601359
New Jersey,2022-04-25,"Title 10, Chapter 10",community mental health and developmental disability services investment,human services,,Social Assistance,17700002480,12,900,10,0,0,0,2,27.0,7.45,28.125,42.71529411764706
New Jersey,2022-04-25,"Title 10, Chapter 109",ruling number 11,human services,,Social Assistance,17700002566,35,1784,29,3,0,0,3,22.0,8.19,13.513513513513514,37.68678334339168
New Jersey,2022-04-25,"Title 10, Chapter 110",child support program,human services,,Social Assistance,17700002567,546,29381,475,9,3,1,58,24.0,9.39,25.994919559695173,34.746716899892355
New Jersey,2022-04-25,"Title 10, Chapter 120B",hearings,human services,,Social Assistance,17700002568,49,2448,44,2,1,0,2,25.0,7.88,34.04255319148936,34.29111697449429
New Jersey,2022-04-25,"Title 10, Chapter 122A",afdc foster care plan,human services,,Social Assistance,17700002569,0,1399,0,0,0,0,0,24.0,7.73,10.714285714285714,33.4609375
New Jersey,2022-04-25,"Title 10, Chapter 123",social services programs for individuals and families,human services,,Social Assistance,17700002570,48,4743,43,0,1,1,3,29.0,8.69,14.556962025316457,36.99118644067797
New Jersey,2022-04-25,"Title 10, Chapter 139",division of disability services organizational rules,human services,,Social Assistance,17700002571,0,72,0,0,0,0,0,30.0,5.34,0.0,35.693548387096776
New Jersey,2022-04-25,"Title 10, Chapter 140",personal assistance services program,human services,,Social Assistance,17700002572,311,13236,273,20,2,0,16,23.0,9.02,16.117216117216117,38.05566728340439
New Jersey,2022-04-25,"Title 10, Chapter 141",traumatic brain injury fund,human services,,Social Assistance,17700002573,144,6694,123,13,0,0,8,17.0,9.04,12.894736842105264,39.430411171450736
New Jersey,2022-04-25,"Title 10, Chapter 142",personal preference program,human services,,Social Assistance,17700002574,203,11507,147,24,5,1,26,21.0,8.97,14.007782101167315,38.11605900361815
New Jersey,2022-04-25,"Title 10, Chapter 15",child care services,human services,,Social Assistance,17700002481,387,23585,316,15,1,0,55,24.0,9.16,17.806731813246472,32.66949806949807
New Jersey,2022-04-25,"Title 10, Chapter 150",organization of the division of the deaf and hard of hearing,human services,,Social Assistance,17700002575,1,708,1,0,0,0,0,21.0,7.39,6.0606060606060606,37.08805970149254
New Jersey,2022-04-25,"Title 10, Chapter 155",catastrophic illness in children relief fund program,human services,,Social Assistance,17700002576,60,3623,52,2,1,0,5,21.0,8.56,13.580246913580249,37.1992720655141
New Jersey,2022-04-25,"Title 10, Chapter 161B",standards for licensure of outpatient substance use disorder treatment facilities,human services,,Social Assistance,17700002577,971,51371,867,37,1,2,64,23.0,10.08,18.12588736393753,39.53018582187296
New Jersey,2022-04-25,"Title 10, Chapter 162",intoxicated driving program,human services,,Social Assistance,17700002578,247,13137,207,19,0,1,20,25.0,8.81,18.725099601593627,37.76902329382918
New Jersey,2022-04-25,"Title 10, Chapter 163",medical necessity review tool for substance use disorders,human services,,Social Assistance,17700002579,1,499,1,0,0,0,0,20.0,7.13,4.3478260869565215,37.68103448275862
New Jersey,2022-04-25,"Title 10, Chapter 164",adult day health services,human services,,Social Assistance,17700002580,117,9757,98,8,0,0,11,23.0,9.15,17.6039119804401,37.621115322144014
New Jersey,2022-04-25,"Title 10, Chapter 164A",adult day services program for persons with alzheimer s disease or related disorders,human services,,Social Assistance,17700002581,68,3366,63,2,0,0,3,25.0,8.69,10.76923076923077,37.2181240063593
New Jersey,2022-04-25,"Title 10, Chapter 164B",statewide respite care program,human services,,Social Assistance,17700002582,63,4170,58,0,1,1,3,23.0,8.59,13.714285714285715,36.71439568899153
New Jersey,2022-04-25,"Title 10, Chapter 165",planning and service areas and area agencies on aging,human services,,Social Assistance,17700002583,38,2748,35,0,1,0,2,23.0,7.75,15.789473684210526,31.84335013571152
New Jersey,2022-04-25,"Title 10, Chapter 166",pediatric medical day care services,human services,,Social Assistance,17700002584,98,7738,85,6,0,0,7,24.0,9.18,10.299003322259136,37.70157579138196
New Jersey,2022-04-25,"Title 10, Chapter 167",pharmaceutical assistance to the aged and disabled eligibility manual,human services,,Social Assistance,17700002585,155,10118,115,23,0,0,17,20.0,9.31,21.721311475409838,37.00733445096396
New Jersey,2022-04-25,"Title 10, Chapter 167A",provision of pharmaceutical services under the pharmaceutical assistance to the aged and disabled program,human services,,Social Assistance,17700002586,152,9318,119,11,1,1,20,19.0,9.21,15.948275862068966,37.475796251581
New Jersey,2022-04-25,"Title 10, Chapter 167B",senior gold prescription program manual,human services,,Social Assistance,17700002587,110,8057,78,21,0,0,11,22.0,9.13,23.96694214876033,36.78407310704961
New Jersey,2022-04-25,"Title 10, Chapter 167C",provision of pharmaceutical services under the senior gold program,human services,,Social Assistance,17700002588,169,9013,130,16,1,1,21,19.0,9.05,13.626373626373626,38.26806722689076
New Jersey,2022-04-25,"Title 10, Chapter 167D",lifeline credit program tenants lifeline assistance program manual,human services,,Social Assistance,17700002589,114,6778,86,20,0,0,8,20.0,8.96,20.923076923076923,36.52914798206278
New Jersey,2022-04-25,"Title 10, Chapter 167E",hearing aid assistance to the aged and disabled,human services,,Social Assistance,17700002590,63,3654,49,8,0,0,6,18.0,8.78,16.923076923076923,34.835030549898164
New Jersey,2022-04-25,"Title 10, Chapter 195",standards for out of state programs serving children,human services,,Social Assistance,17700002591,41,1815,35,0,0,3,3,23.0,7.26,25.333333333333336,35.938515081206496
New Jersey,2022-04-25,"Title 10, Chapter 2",county human services advisory councils the state human services advisory council and commissioner s executive advisory committee,human services,,Social Assistance,17700002475,64,3405,54,3,0,0,7,21.0,8.41,7.142857142857142,40.75703794369645
New Jersey,2022-04-25,"Title 10, Chapter 3",contract administration,human services,,Social Assistance,17700002476,136,9854,110,9,1,1,15,24.0,9.49,21.012658227848103,37.991695059625215
New Jersey,2022-04-25,"Title 10, Chapter 30",division of mental health and addiction services organizational rules,human services,,Social Assistance,17700002482,1,811,0,0,0,0,1,22.0,7.59,14.705882352941178,44.66923076923077
New Jersey,2022-04-25,"Title 10, Chapter 31",screening and screening outreach program,human services,,Social Assistance,17700002483,318,19126,286,16,1,0,15,22.0,9.4,16.549295774647888,40.53376188121532
New Jersey,2022-04-25,"Title 10, Chapter 32",advance directives for mental health care,human services,,Social Assistance,17700002484,28,3757,24,0,0,0,4,36.0,9.21,22.54901960784314,33.967254408060455
New Jersey,2022-04-25,"Title 10, Chapter 35",county psychiatric facilities,human services,,Social Assistance,17700002485,59,3203,51,6,1,0,1,25.0,8.36,25.396825396825395,40.22036124794745
New Jersey,2022-04-25,"Title 10, Chapter 36",patient supervision at state psychiatric hospitals,human services,,Social Assistance,17700002486,111,5728,104,4,0,0,3,21.0,8.86,21.40221402214022,39.34355716878403
New Jersey,2022-04-25,"Title 10, Chapter 37",community mental health services act,human services,,Social Assistance,17700002487,620,25745,532,44,2,1,41,18.0,9.69,11.914893617021278,38.50122179685591
New Jersey,2022-04-25,"Title 10, Chapter 37A",licensed community residences for adults with mental illnesses,human services,,Social Assistance,17700002488,515,19307,443,32,3,5,32,22.0,9.64,18.859138533178115,36.94881480264959
New Jersey,2022-04-25,"Title 10, Chapter 37B",community support services for adults with serious mental illnesses,human services,,Social Assistance,17700002489,183,9589,165,5,1,0,12,23.0,9.18,17.317073170731707,42.55968344691141
New Jersey,2022-04-25,"Title 10, Chapter 37D",management and governing body standards,human services,,Social Assistance,17700002490,105,2694,102,0,0,0,3,14.0,8.15,4.972375690607735,40.72631150874339
New Jersey,2022-04-25,"Title 10, Chapter 37E",outpatient service standards,human services,,Social Assistance,17700002491,58,2159,57,0,0,0,1,17.0,8.15,13.008130081300814,42.00193143408981
New Jersey,2022-04-25,"Title 10, Chapter 37F",partial care services standards,human services,,Social Assistance,17700002492,179,9190,161,10,1,1,6,21.0,9.3,14.519906323185012,41.79647309895541
New Jersey,2022-04-25,"Title 10, Chapter 37G",short term care facility standards,human services,,Social Assistance,17700002493,169,7583,159,7,0,0,3,26.0,9.05,22.02797202797203,38.33109035979127
New Jersey,2022-04-25,"Title 10, Chapter 37H",youth case management services,human services,,Social Assistance,17700002494,69,3421,67,0,0,0,2,16.0,8.34,9.31372549019608,39.59669369931379
New Jersey,2022-04-25,"Title 10, Chapter 37I",family support services,human services,,Social Assistance,17700002495,153,6348,150,1,0,0,2,19.0,8.66,13.271604938271606,37.05551916148051
New Jersey,2022-04-25,"Title 10, Chapter 37J",programs of assertive community treatment,human services,,Social Assistance,17700002496,183,9706,170,4,2,0,7,19.0,9.2,11.475409836065571,39.52039832958561
New Jersey,2022-04-25,"Title 10, Chapter 38A",pre placement program,human services,,Social Assistance,17700002497,29,1603,26,3,0,0,0,27.0,7.94,38.983050847457626,40.071108263933375
New Jersey,2022-04-25,"Title 10, Chapter 4",disability discrimination grievance procedure,human services,,Social Assistance,17700002477,15,1378,11,0,0,3,1,22.0,7.66,26.666666666666668,36.42480620155039
New Jersey,2022-04-25,"Title 10, Chapter 40",division of developmental disabilities organizational rules,human services,,Social Assistance,17700002498,0,342,0,0,0,0,0,17.0,6.7,0.0,46.271028037383175
New Jersey,2022-04-25,"Title 10, Chapter 41",records confidentiality and access to client division and provider records,human services,,Social Assistance,17700002499,70,3877,56,7,1,1,5,21.0,8.45,24.0,38.95014982293653
New Jersey,2022-04-25,"Title 10, Chapter 41A",human rights committees,human services,,Social Assistance,17700002500,94,3535,90,1,0,1,2,22.0,8.15,14.102564102564102,38.66059894304169
New Jersey,2022-04-25,"Title 10, Chapter 42",mechanical restraints and safeguarding equipment,human services,,Social Assistance,17700002501,146,5433,116,13,0,5,12,19.0,8.76,18.613138686131386,40.584067407123705
New Jersey,2022-04-25,"Title 10, Chapter 42A",life threatening emergencies,human services,,Social Assistance,17700002502,43,2229,38,1,0,0,4,23.0,8.07,21.73913043478261,36.40143884892086
New Jersey,2022-04-25,"Title 10, Chapter 42B",moderate security unit,human services,,Social Assistance,17700002503,45,2302,42,1,1,0,1,24.0,7.82,32.967032967032964,34.47875742348104
New Jersey,2022-04-25,"Title 10, Chapter 43",guardianship need appointment continuity,human services,,Social Assistance,17700002504,89,5274,83,1,1,0,4,25.0,8.49,28.078817733990142,38.48684210526316
New Jersey,2022-04-25,"Title 10, Chapter 44A",standards for community residences for individuals with developmental disabilities,human services,,Social Assistance,17700002505,379,13695,348,1,0,4,26,17.0,9.48,14.414414414414416,38.25389600370313
New Jersey,2022-04-25,"Title 10, Chapter 44B",manual of standards for community care residences,human services,,Social Assistance,17700002506,463,16044,411,4,5,16,27,19.0,9.64,15.72629051620648,36.13471101065547
New Jersey,2022-04-25,"Title 10, Chapter 44C",standards for community residences for persons with head injuries,human services,,Social Assistance,17700002507,600,22847,538,8,0,10,44,17.0,9.71,14.546839299314543,35.68228087144765
New Jersey,2022-04-25,"Title 10, Chapter 44D",central registry of offenders against individuals with developmental disabilities,human services,,Social Assistance,17700002508,130,8221,126,1,0,2,1,26.0,8.82,19.5364238410596,40.06441795587117
New Jersey,2022-04-25,"Title 10, Chapter 45",guardianship services,human services,,Social Assistance,17700002509,52,4983,50,1,0,0,1,20.0,8.85,23.1404958677686,38.21900739176346
New Jersey,2022-04-25,"Title 10, Chapter 46",determination of eligibility,human services,,Social Assistance,17700002510,64,4027,43,13,0,0,8,20.0,8.46,29.230769230769237,38.08328926493918
New Jersey,2022-04-25,"Title 10, Chapter 46A",family support service system,human services,,Social Assistance,17700002511,60,3088,56,4,0,0,0,18.0,8.41,7.142857142857142,39.14639247124433
New Jersey,2022-04-25,"Title 10, Chapter 46B",placement,human services,,Social Assistance,17700002512,113,4908,102,1,0,0,10,19.0,8.16,32.52032520325203,34.944954128440365
New Jersey,2022-04-25,"Title 10, Chapter 46C",community care program waiting list procedures,human services,,Social Assistance,17700002513,62,4355,54,5,0,0,3,25.0,8.12,29.069767441860467,35.26597500589484
New Jersey,2022-04-25,"Title 10, Chapter 46D",contribution to care and maintenance requirements,human services,,Social Assistance,17700002514,185,7022,161,2,1,0,21,22.0,8.72,25.732899022801305,34.88041053101294
New Jersey,2022-04-25,"Title 10, Chapter 47",standards for private licensed facilities for persons with developmental disabilities,human services,,Social Assistance,17700002515,616,18144,591,4,0,6,15,16.0,9.79,11.2488928255093,38.3249985428688
New Jersey,2022-04-25,"Title 10, Chapter 48",appeal procedure,human services,,Social Assistance,17700002516,116,4334,105,6,0,0,5,15.0,8.04,14.285714285714285,36.909540286702914
New Jersey,2022-04-25,"Title 10, Chapter 48A",background checks,human services,,Social Assistance,17700002517,65,3003,63,0,1,0,1,20.0,8.11,21.08843537414966,38.48157162726008
New Jersey,2022-04-25,"Title 10, Chapter 48B",decision making for the terminally ill,human services,,Social Assistance,17700002518,57,5143,51,2,2,0,2,26.0,8.57,27.17948717948718,39.314234016887816
New Jersey,2022-04-25,"Title 10, Chapter 49",administration manual,human services,,Social Assistance,17700002519,731,61564,607,41,11,5,67,21.0,10.37,19.167852062588903,36.5488032030638
New Jersey,2022-04-25,"Title 10, Chapter 49A",nursing facility patient care ratio requirements,human services,,Social Assistance,17700002520,104,4827,31,56,1,0,16,23.0,8.49,26.794258373205743,34.22094535993062
New Jersey,2022-04-25,"Title 10, Chapter 50",transportation services manual,human services,,Social Assistance,17700002521,112,7186,95,4,0,0,13,21.0,8.83,19.230769230769237,40.06532293658967
New Jersey,2022-04-25,"Title 10, Chapter 51",pharmaceutical services manual,human services,,Social Assistance,17700002522,332,20584,257,35,4,0,36,20.0,9.46,16.532258064516128,39.42317041634342
New Jersey,2022-04-25,"Title 10, Chapter 52",hospital services manual,human services,,Social Assistance,17700002523,1562,93307,1433,55,7,3,64,23.0,10.47,17.19611446573904,37.394250906523375
New Jersey,2022-04-25,"Title 10, Chapter 52A",psychiatric adult acute partial hospital and partial hospital services,human services,,Social Assistance,17700002524,205,10035,183,5,1,0,16,24.0,9.24,15.012106537530268,43.05903790087464
New Jersey,2022-04-25,"Title 10, Chapter 52B",the county option hospital fee pilot program,human services,,Social Assistance,17700002525,52,3560,29,17,0,0,6,24.0,8.05,10.48951048951049,35.97737421851742
New Jersey,2022-04-25,"Title 10, Chapter 53A",hospice services manual,human services,,Social Assistance,17700002526,218,18458,161,35,3,0,19,22.0,9.16,16.28498727735369,37.49368174280976
New Jersey,2022-04-25,"Title 10, Chapter 54",physician services,human services,,Social Assistance,17700002527,840,100052,657,98,5,2,78,32.0,9.62,19.97046880767811,38.32000361076007
New Jersey,2022-04-25,"Title 10, Chapter 55",prosthetic and orthotic services,human services,,Social Assistance,17700002528,66,18344,53,7,0,0,6,50.0,9.9,12.835820895522389,42.62356770833333
New Jersey,2022-04-25,"Title 10, Chapter 56",manual for dental services,human services,,Social Assistance,17700002529,373,25454,314,26,1,1,31,20.0,9.95,20.081632653061224,40.23331112591605
New Jersey,2022-04-25,"Title 10, Chapter 57",podiatry services,human services,,Social Assistance,17700002530,76,13168,55,10,1,0,10,31.0,9.09,20.98092643051771,37.51512109424018
New Jersey,2022-04-25,"Title 10, Chapter 58",nurse midwifery services,human services,,Social Assistance,17700002531,163,12179,138,9,0,1,15,18.0,9.3,17.20257234726688,38.01866404715128
New Jersey,2022-04-25,"Title 10, Chapter 58A",advanced practice nurse services,human services,,Social Assistance,17700002532,247,25215,210,13,3,0,21,27.0,9.89,17.782909930715935,40.21516442487196
New Jersey,2022-04-25,"Title 10, Chapter 59",medical supplier manual,human services,,Social Assistance,17700002533,76,17910,65,4,0,0,7,19.0,10.16,10.501193317422434,36.73269484808454
New Jersey,2022-04-25,"Title 10, Chapter 6",hearings,human services,,Social Assistance,17700002478,19,1044,16,0,0,0,3,25.0,7.41,12.82051282051282,38.61818181818182
New Jersey,2022-04-25,"Title 10, Chapter 60",home care services,human services,,Social Assistance,17700002534,420,21285,350,26,3,0,41,20.0,9.45,16.884422110552762,36.87726091858242
New Jersey,2022-04-25,"Title 10, Chapter 61",independent clinical laboratories,human services,,Social Assistance,17700002535,71,9895,40,26,2,1,2,26.0,8.93,12.57861635220126,37.10661910424098
New Jersey,2022-04-25,"Title 10, Chapter 62",vision care services manual,human services,,Social Assistance,17700002536,136,8473,112,11,1,0,12,18.0,9.17,21.83098591549296,38.36448974118278
New Jersey,2022-04-25,"Title 10, Chapter 64",hearing aid services,human services,,Social Assistance,17700002537,73,5011,63,0,1,0,9,18.0,8.86,16.85823754789272,35.33900129143349
New Jersey,2022-04-25,"Title 10, Chapter 66",independent clinic services,human services,,Social Assistance,17700002538,658,56336,489,96,9,1,63,20.0,10.03,13.085559427022842,36.76668857185254
New Jersey,2022-04-25,"Title 10, Chapter 67",psychological services,human services,,Social Assistance,17700002539,46,4827,30,9,1,0,6,21.0,8.65,13.302752293577983,39.6890625
New Jersey,2022-04-25,"Title 10, Chapter 68",chiropractic services,human services,,Social Assistance,17700002540,41,3230,39,0,0,0,2,22.0,8.52,20.863309352517987,39.50684474123539
New Jersey,2022-04-25,"Title 10, Chapter 69",afdc related medicaid,human services,,Social Assistance,17700002541,1043,57851,919,56,5,4,59,22.0,9.72,27.31331168831169,34.41885456768049
New Jersey,2022-04-25,"Title 10, Chapter 7",role of the county adjuster,human services,,Social Assistance,17700002479,175,10432,158,5,0,0,12,23.0,8.97,24.074074074074076,34.92549884688659
New Jersey,2022-04-25,"Title 10, Chapter 70",medically needy program,human services,,Social Assistance,17700002542,236,16323,193,24,2,0,17,21.0,9.28,21.55525238744884,33.99612202688728
New Jersey,2022-04-25,"Title 10, Chapter 71",medicaid only,human services,,Social Assistance,17700002543,747,41800,679,32,6,0,30,22.0,9.71,25.68511552928533,34.774062688974
New Jersey,2022-04-25,"Title 10, Chapter 72",new jersey care special medicaid programs manual,human services,,Social Assistance,17700002544,341,18758,268,47,3,0,23,21.0,9.13,18.42723004694836,36.280939681098566
New Jersey,2022-04-25,"Title 10, Chapter 73",case management services,human services,,Social Assistance,17700002545,230,16050,221,1,0,0,8,24.0,8.85,18.64139020537125,36.3670737282048
New Jersey,2022-04-25,"Title 10, Chapter 74",managed health care services for medicaid nj familycare beneficiaries,human services,,Social Assistance,17700002546,269,16678,235,4,1,1,28,22.0,9.33,16.853932584269664,38.12998234106963
New Jersey,2022-04-25,"Title 10, Chapter 75",psychiatric residential treatment facility services for individuals under age 21,human services,,Social Assistance,17700002547,224,9988,204,8,1,0,11,23.0,8.98,17.577197149643705,35.8060593353601
New Jersey,2022-04-25,"Title 10, Chapter 76",programs of assertive community treatment pact services,human services,,Social Assistance,17700002548,72,3663,67,1,0,0,4,20.0,8.53,12.790697674418606,37.796189376443415
New Jersey,2022-04-25,"Title 10, Chapter 77",rehabilitative services for children,human services,,Social Assistance,17700002549,426,23827,379,10,4,0,33,24.0,9.05,17.350157728706623,39.58044914134742
New Jersey,2022-04-25,"Title 10, Chapter 77A",adult mental health rehabilitation services provided in by community residence programs,human services,,Social Assistance,17700002550,77,4014,70,0,0,0,7,18.0,8.61,17.050691244239633,37.80859477985764
New Jersey,2022-04-25,"Title 10, Chapter 78",nj familycare,human services,,Social Assistance,17700002551,367,19488,349,0,0,1,17,23.0,9.19,20.84367245657568,36.32448878899183
New Jersey,2022-04-25,"Title 10, Chapter 79",nj familycare children s program,human services,,Social Assistance,17700002552,324,19612,256,34,3,0,31,23.0,9.15,21.39364303178484,36.4263407279776
New Jersey,2022-04-25,"Title 10, Chapter 79A",accountable care organization demonstration project,human services,,Social Assistance,17700002553,168,9555,93,72,0,0,3,23.0,8.93,10.617283950617283,40.14519780101326
New Jersey,2022-04-25,"Title 10, Chapter 79B",community support services for adults with mental illness,human services,,Social Assistance,17700002554,46,1358,35,7,2,0,2,19.0,7.64,8.823529411764707,34.378230227094754
New Jersey,2022-04-25,"Title 10, Chapter 80",division of family development organizational rules,human services,,Social Assistance,17700002555,0,597,0,0,0,0,0,24.0,7.32,4.166666666666666,44.71327433628319
New Jersey,2022-04-25,"Title 10, Chapter 84",program administration,human services,,Social Assistance,17700002556,88,5973,79,1,3,0,5,26.0,9.06,24.774774774774773,37.84676007005254
New Jersey,2022-04-25,"Title 10, Chapter 87",new jersey supplemental nutrition assistance program nj snap manual,human services,,Social Assistance,17700002557,2161,96800,1880,109,14,5,153,22.0,9.68,32.78963780283041,35.092728362111224
New Jersey,2022-04-25,"Title 10, Chapter 88",families first program,human services,,Social Assistance,17700002558,143,6827,124,13,0,1,5,23.0,8.62,16.43835616438356,32.332672361195854
New Jersey,2022-04-25,"Title 10, Chapter 90",work first new jersey program,human services,,Social Assistance,17700002559,2390,129958,2018,125,14,3,230,25.0,9.9,28.891556622649063,35.16811400399562
New Jersey,2022-04-25,"Title 10, Chapter 91",organization and general policy provisions of the commission for the blind and visually impaired,human services,,Social Assistance,17700002560,160,11218,148,1,1,0,10,20.0,9.41,12.854442344045369,38.53993801859442
New Jersey,2022-04-25,"Title 10, Chapter 92",educational services of the commission for the blind and visually impaired,human services,,Social Assistance,17700002561,42,4203,38,4,0,0,0,21.0,8.41,8.994708994708994,38.796559461480925
New Jersey,2022-04-25,"Title 10, Chapter 94",prevention services program of the commission for the blind and visually impaired,human services,,Social Assistance,17700002562,148,7736,135,7,1,1,4,19.0,9.15,13.367609254498714,37.27424472341013
New Jersey,2022-04-25,"Title 10, Chapter 95",vocational rehabilitation services program of the commission for the blind and visually impaired,human services,,Social Assistance,17700002563,287,16024,249,23,4,0,11,20.0,8.99,14.75195822454308,39.655523255813954
New Jersey,2022-04-25,"Title 10, Chapter 97",the business enterprise program of the new jersey commission for the blind and visually impaired,human services,,Social Assistance,17700002564,131,7119,103,12,1,1,14,22.0,8.92,19.29260450160772,36.76534403328875
New Jersey,2022-04-25,"Title 10, Chapter 99",rehabilitation facilities set aside act rules,human services,,Social Assistance,17700002565,96,4640,93,1,0,1,1,26.0,8.66,19.07514450867052,36.90261228230981
New Jersey,2022-04-25,"Title 11, Chapter 1",administration,insurance,,"Banking, Insurance, and Securities",17700002619,1158,67707,987,28,5,8,130,26.0,9.83,21.141732283464567,35.70150785505645
New Jersey,2022-04-25,"Title 11, Chapter 10",dental services,insurance,,"Banking, Insurance, and Securities",17700002627,138,6769,116,8,4,0,10,26.0,8.84,17.131474103585656,34.75367762128325
New Jersey,2022-04-25,"Title 11, Chapter 12",legal insurance,insurance,,"Banking, Insurance, and Securities",17700002628,7,769,6,0,0,0,1,27.0,7.65,7.142857142857142,38.0124826629681
New Jersey,2022-04-25,"Title 11, Chapter 13",commercial lines insurance,insurance,,"Banking, Insurance, and Securities",17700002629,99,6022,83,6,0,1,9,22.0,8.7,17.358490566037734,37.32062021030119
New Jersey,2022-04-25,"Title 11, Chapter 15",group self insurance,insurance,,"Banking, Insurance, and Securities",17700002630,1775,84499,1484,55,16,8,212,29.0,9.07,20.470756062767475,35.12452919607892
New Jersey,2022-04-25,"Title 11, Chapter 16",fraud prevention and detection,insurance,,"Banking, Insurance, and Securities",17700002631,158,15126,142,4,1,2,9,23.0,9.99,16.08832807570978,35.43953799563349
New Jersey,2022-04-25,"Title 11, Chapter 17",producer licensing,insurance,,"Banking, Insurance, and Securities",17700002632,408,20667,352,7,2,1,46,24.0,9.27,19.520958083832333,38.7416250890948
New Jersey,2022-04-25,"Title 11, Chapter 17A",insurance producer standards of conduct marketing,insurance,,"Banking, Insurance, and Securities",17700002633,121,7156,92,3,4,6,16,31.0,8.8,26.991150442477878,38.14443788728239
New Jersey,2022-04-25,"Title 11, Chapter 17B",insurance producer standards of conduct commissions and fees,insurance,,"Banking, Insurance, and Securities",17700002634,34,2622,31,0,0,0,3,25.0,7.78,23.76237623762376,34.435303514377
New Jersey,2022-04-25,"Title 11, Chapter 17C",insurance producer standards of conduct management of funds,insurance,,"Banking, Insurance, and Securities",17700002635,73,2637,59,0,0,0,14,23.0,7.94,29.82456140350877,35.21511395441824
New Jersey,2022-04-25,"Title 11, Chapter 17D",insurance producer standards of conduct administrative procedures and penalties,insurance,,"Banking, Insurance, and Securities",17700002636,45,2773,34,2,0,0,9,24.0,8.19,22.727272727272727,36.01307189542484
New Jersey,2022-04-25,"Title 11, Chapter 17E",persons employed in the business of insurance,insurance,,"Banking, Insurance, and Securities",17700002637,47,7459,30,4,0,11,2,23.0,9.43,19.07692307692308,37.46127946127946
New Jersey,2022-04-25,"Title 11, Chapter 19",financial examinations monitoring system,insurance,,"Banking, Insurance, and Securities",17700002638,87,4708,78,2,0,0,7,18.0,8.63,14.344262295081966,33.68665158371041
New Jersey,2022-04-25,"Title 11, Chapter 2",insurance group,insurance,,"Banking, Insurance, and Securities",17700002621,1967,115579,1656,45,13,13,240,30.0,10.06,29.88110964332893,35.4819183539215
New Jersey,2022-04-25,"Title 11, Chapter 20",individual health coverage program,insurance,,"Banking, Insurance, and Securities",17700002639,1396,152866,748,394,11,2,241,25.0,10.27,26.351575456053062,34.16767045068316
New Jersey,2022-04-25,"Title 11, Chapter 21",small employer health benefits program,insurance,,"Banking, Insurance, and Securities",17700002640,3432,402212,1375,1313,55,4,685,27.0,10.26,33.86502245157831,34.544416214549464
New Jersey,2022-04-25,"Title 11, Chapter 22",health benefit plans,insurance,,"Banking, Insurance, and Securities",17700002641,467,31924,380,16,4,3,64,26.0,9.96,20.9991532599492,36.31379698998873
New Jersey,2022-04-25,"Title 11, Chapter 23",third party administrators,insurance,,"Banking, Insurance, and Securities",17700002642,111,6972,98,0,0,0,13,30.0,8.65,26.00896860986547,36.88697087961573
New Jersey,2022-04-25,"Title 11, Chapter 24",health maintenance organizations,insurance,,"Banking, Insurance, and Securities",17700002643,853,38205,745,20,1,1,86,28.0,9.5,26.203208556149733,35.80733435199333
New Jersey,2022-04-25,"Title 11, Chapter 24A",health care quality act application to insurance companies health service corporations hospital service corporations and medical service corporations,insurance,,"Banking, Insurance, and Securities",17700002644,397,19059,338,13,1,0,45,29.0,8.98,32.03732503888025,35.538219548540205
New Jersey,2022-04-25,"Title 11, Chapter 24B",organized delivery systems,insurance,,"Banking, Insurance, and Securities",17700002645,389,22585,335,14,4,4,32,28.0,8.83,27.656850192061466,35.61717901496907
New Jersey,2022-04-25,"Title 11, Chapter 24C",managed care plans,insurance,,"Banking, Insurance, and Securities",17700002646,229,20042,208,5,1,2,13,28.0,9.89,22.69503546099291,37.43425328862523
New Jersey,2022-04-25,"Title 11, Chapter 25",office of the insurance claims ombudsman,insurance,,"Banking, Insurance, and Securities",17700002647,43,3086,40,1,0,0,2,27.0,8.23,23.809523809523807,36.20439006836992
New Jersey,2022-04-25,"Title 11, Chapter 27",medical malpractice liability insurance,insurance,,"Banking, Insurance, and Securities",17700002648,223,11713,192,2,0,4,25,26.0,9.2,19.37799043062201,36.01504457652303
New Jersey,2022-04-25,"Title 11, Chapter 28",captive insurance,insurance,,"Banking, Insurance, and Securities",17700002649,96,4966,88,1,0,0,7,23.0,8.52,16.417910447761194,37.41648776298841
New Jersey,2022-04-25,"Title 11, Chapter 3",automobile insurance,insurance,,"Banking, Insurance, and Securities",17700002622,1948,104812,1670,67,8,8,195,23.0,10.05,22.413392234364103,35.462233269911415
New Jersey,2022-04-25,"Title 11, Chapter 4",actuarial services,insurance,,"Banking, Insurance, and Securities",17700002623,3443,213820,2849,141,72,47,334,25.0,10.11,25.50909748162429,35.17430561399514
New Jersey,2022-04-25,"Title 11, Chapter 5",real estate commission,insurance,,"Banking, Insurance, and Securities",17700002624,1310,70899,1070,88,9,15,128,27.0,9.92,19.825880490700435,35.81149499896734
New Jersey,2022-04-25,"Title 11, Chapter 6",new jersey workers compensation managed care organizations,insurance,,"Banking, Insurance, and Securities",17700002625,94,5451,85,2,0,0,7,24.0,8.76,19.004524886877828,38.74462729912875
New Jersey,2022-04-25,"Title 11, Chapter 7",insurance of municipal bonds asset backed securities and consumer debt obligations,insurance,,"Banking, Insurance, and Securities",17700002626,58,4137,47,0,1,1,9,42.0,8.44,45.26315789473684,35.192707014434035
New Jersey,2022-04-25,"Title 11, Chapter A",appendix appendix,insurance,,"Banking, Insurance, and Securities",17700002620,0,2317,0,0,0,0,0,,7.36,0.0,39.40377358490566
New Jersey,2022-04-25,"Title 12A, Chapter 1",disability discrimination grievance procedure,commerce,,"Industry, Commerce, and Development",17700002704,15,1391,11,0,0,3,1,22.0,7.68,26.666666666666668,36.64873174481168
New Jersey,2022-04-25,"Title 12A, Chapter 130",atlantic city convention center authority,commerce,,"Industry, Commerce, and Development",17700002705,115,5875,107,0,0,0,8,28.0,8.7,27.450980392156865,33.65670306067657
New Jersey,2022-04-25,"Title 12, Chapter 10",public works contractor and qualifying services contractor reporting requirements under the diane b allen equal pay act pl 2018 c 9 section 5,labor and workforce development,,Labor and Workforce Development,17700002657,41,3570,32,2,2,0,5,19.0,8.91,12.849162011173185,38.81016124125343
New Jersey,2022-04-25,"Title 12, Chapter 100",safety and health standards for public employees,labor and workforce development,,Labor and Workforce Development,17700002690,226,11568,209,3,0,2,12,19.0,9.61,11.631944444444445,39.113290175171365
New Jersey,2022-04-25,"Title 12, Chapter 102",seasonal farm workers,labor and workforce development,,Labor and Workforce Development,17700002691,31,1127,25,0,0,1,5,22.0,7.4,32.0,33.525763358778626
New Jersey,2022-04-25,"Title 12, Chapter 105",arbitration,labor and workforce development,,Labor and Workforce Development,17700002692,65,2758,59,0,2,0,4,26.0,7.87,43.26923076923077,31.755675259715275
New Jersey,2022-04-25,"Title 12, Chapter 106",elections,labor and workforce development,,Labor and Workforce Development,17700002693,24,897,23,1,0,0,0,31.0,7.27,50.0,33.1953216374269
New Jersey,2022-04-25,"Title 12, Chapter 110",occupational safety and health procedural standards for public employees,labor and workforce development,,Labor and Workforce Development,17700002694,227,11538,215,3,1,2,6,26.0,9.02,28.80184331797235,36.669000636537234
New Jersey,2022-04-25,"Title 12, Chapter 112",occupational safety and health review commission rules of procedure,labor and workforce development,,Labor and Workforce Development,17700002695,98,3801,92,0,0,0,6,24.0,8.18,21.85430463576159,33.53292581272576
New Jersey,2022-04-25,"Title 12, Chapter 120",asbestos licenses and permits,labor and workforce development,,Labor and Workforce Development,17700002696,316,14601,277,7,4,0,28,18.0,9.08,11.051930758988016,37.72296296296296
New Jersey,2022-04-25,"Title 12, Chapter 121",licensing of crane operators,labor and workforce development,,Labor and Workforce Development,17700002697,118,5992,106,3,0,0,9,21.0,8.91,11.851851851851851,35.415016204537274
New Jersey,2022-04-25,"Title 12, Chapter 15",scope,labor and workforce development,,Labor and Workforce Development,17700002658,85,6314,74,3,1,0,7,30.0,8.91,25.51020408163265,39.15221878224974
New Jersey,2022-04-25,"Title 12, Chapter 16",contributions records and reports,labor and workforce development,,Labor and Workforce Development,17700002659,357,22199,281,33,4,0,39,30.0,9.25,27.42616033755274,35.626400459638035
New Jersey,2022-04-25,"Title 12, Chapter 17",unemployment benefit payments,labor and workforce development,,Labor and Workforce Development,17700002660,444,26419,371,14,8,1,50,30.0,9.29,36.79245283018868,35.22065165309056
New Jersey,2022-04-25,"Title 12, Chapter 18",temporary disability benefits,labor and workforce development,,Labor and Workforce Development,17700002661,291,13982,252,5,1,0,33,31.0,8.73,34.47488584474886,33.00881325026592
New Jersey,2022-04-25,"Title 12, Chapter 185",pits and quarries,labor and workforce development,,Labor and Workforce Development,17700002698,597,15205,564,7,0,4,22,24.0,9.55,34.32343234323432,31.138242445293503
New Jersey,2022-04-25,"Title 12, Chapter 19",definitions used by employment security agency and special employment relationships,labor and workforce development,,Labor and Workforce Development,17700002662,9,2103,4,5,0,0,0,23.0,8.23,23.07692307692308,34.06393606393606
New Jersey,2022-04-25,"Title 12, Chapter 190",explosives,labor and workforce development,,Labor and Workforce Development,17700002699,802,26351,756,4,0,7,35,21.0,9.62,22.483766233766232,33.859383936596124
New Jersey,2022-04-25,"Title 12, Chapter 194",model rocketry,labor and workforce development,,Labor and Workforce Development,17700002700,24,1213,21,1,0,0,2,24.0,7.85,31.25,34.733333333333334
New Jersey,2022-04-25,"Title 12, Chapter 196",safe dispensing of retail gasoline,labor and workforce development,,Labor and Workforce Development,17700002701,41,2062,37,1,0,1,2,19.0,8.39,16.19047619047619,35.37064809855383
New Jersey,2022-04-25,"Title 12, Chapter 2",notification,labor and workforce development,,Labor and Workforce Development,17700002650,65,4641,24,32,0,0,9,25.0,8.67,13.88888888888889,33.516299357208446
New Jersey,2022-04-25,"Title 12, Chapter 20",board of review,labor and workforce development,,Labor and Workforce Development,17700002663,38,1780,36,0,0,0,2,30.0,7.57,31.57894736842105,29.49706572769953
New Jersey,2022-04-25,"Title 12, Chapter 21",family leave insurance benefits,labor and workforce development,,Labor and Workforce Development,17700002664,286,15978,238,6,2,0,40,35.0,8.52,35.13513513513514,31.717177672955973
New Jersey,2022-04-25,"Title 12, Chapter 210",apparel industry registration,labor and workforce development,,Labor and Workforce Development,17700002702,51,2898,45,4,0,0,2,22.0,8.18,22.83464566929134,36.49523460410557
New Jersey,2022-04-25,"Title 12, Chapter 23",workforce development partnership program,labor and workforce development,,Labor and Workforce Development,17700002665,199,17287,146,26,1,0,26,26.0,9.24,17.896389324960754,39.98361561119293
New Jersey,2022-04-25,"Title 12, Chapter 235",rules of the division of workers compensation,labor and workforce development,,Labor and Workforce Development,17700002703,601,30779,531,20,4,7,39,27.0,9.77,29.676258992805757,35.072704993362606
New Jersey,2022-04-25,"Title 12, Chapter 3",contracts,labor and workforce development,,Labor and Workforce Development,17700002651,23,1455,21,0,0,2,0,31.0,7.94,23.91304347826087,34.97134670487106
New Jersey,2022-04-25,"Title 12, Chapter 35",work first new jersey and food stamp employment and training program,labor and workforce development,,Labor and Workforce Development,17700002666,22,1235,22,0,0,0,0,19.0,7.38,16.129032258064516,34.63001745200698
New Jersey,2022-04-25,"Title 12, Chapter 4",suspension and revocation of employer license for non compliance with state wage benefit and tax laws,labor and workforce development,,Labor and Workforce Development,17700002652,31,2492,20,0,0,0,11,19.0,7.61,14.166666666666666,32.86158563293912
New Jersey,2022-04-25,"Title 12, Chapter 40",warn notification procedures,labor and workforce development,,Labor and Workforce Development,17700002667,1,161,1,0,0,0,0,30.0,6.07,20.0,39.23611111111112
New Jersey,2022-04-25,"Title 12, Chapter 41",private career schools,labor and workforce development,,Labor and Workforce Development,17700002668,112,6440,95,0,0,6,11,22.0,8.72,17.95774647887324,37.14226289517471
New Jersey,2022-04-25,"Title 12, Chapter 42",workforce investment act rules,labor and workforce development,,Labor and Workforce Development,17700002669,109,6955,88,6,0,2,13,22.0,8.28,18.27242524916944,35.88319800124922
New Jersey,2022-04-25,"Title 12, Chapter 45",division of vocational rehabilitation services,labor and workforce development,,Labor and Workforce Development,17700002670,123,10880,106,9,3,2,3,24.0,9.21,23.93736017897092,42.97659247889486
New Jersey,2022-04-25,"Title 12, Chapter 5",audits,labor and workforce development,,Labor and Workforce Development,17700002653,6,586,5,0,0,0,1,28.0,7.0,36.84210526315789,39.799283154121866
New Jersey,2022-04-25,"Title 12, Chapter 51",vocational rehabilitation services,labor and workforce development,,Labor and Workforce Development,17700002671,219,15984,152,42,0,0,25,23.0,9.61,10.3397341211226,42.62290322580645
New Jersey,2022-04-25,"Title 12, Chapter 55",wage payments,labor and workforce development,,Labor and Workforce Development,17700002672,88,5093,79,3,0,0,6,25.0,8.6,28.061224489795915,33.25436772046589
New Jersey,2022-04-25,"Title 12, Chapter 56",wage and hour,labor and workforce development,,Labor and Workforce Development,17700002673,222,14158,166,21,2,1,32,28.0,9.12,26.54320987654321,31.289461502854497
New Jersey,2022-04-25,"Title 12, Chapter 57",wage orders for minors,labor and workforce development,,Labor and Workforce Development,17700002674,79,3798,68,0,0,0,11,33.0,7.8,32.407407407407405,30.13065755764304
New Jersey,2022-04-25,"Title 12, Chapter 58",child labor,labor and workforce development,,Labor and Workforce Development,17700002675,99,5157,90,4,1,3,1,20.0,9.25,23.29317269076305,35.83427970557308
New Jersey,2022-04-25,"Title 12, Chapter 59",industrial home work law,labor and workforce development,,Labor and Workforce Development,17700002676,25,1325,3,18,3,0,1,22.0,7.45,19.29824561403509,31.43652743652744
New Jersey,2022-04-25,"Title 12, Chapter 6",confidentiality,labor and workforce development,,Labor and Workforce Development,17700002654,18,811,17,0,0,1,0,32.0,6.9,50.0,36.40078843626807
New Jersey,2022-04-25,"Title 12, Chapter 60",prevailing wages for public works,labor and workforce development,,Labor and Workforce Development,17700002677,85,5670,78,2,0,1,4,24.0,8.82,25.76419213973799,35.14704776231666
New Jersey,2022-04-25,"Title 12, Chapter 61",wage collection,labor and workforce development,,Labor and Workforce Development,17700002678,16,830,15,0,0,0,1,19.0,7.43,21.428571428571427,34.45632333767927
New Jersey,2022-04-25,"Title 12, Chapter 62",public works contractor registration,labor and workforce development,,Labor and Workforce Development,17700002679,68,3992,52,3,1,0,12,29.0,8.55,27.480916030534356,38.52253934382502
New Jersey,2022-04-25,"Title 12, Chapter 63",notification concerning health benefits plans,labor and workforce development,,Labor and Workforce Development,17700002680,22,1354,22,0,0,0,0,25.0,7.71,33.9622641509434,34.58307210031348
New Jersey,2022-04-25,"Title 12, Chapter 64",prevailing wages for building services,labor and workforce development,,Labor and Workforce Development,17700002681,60,3744,50,4,0,0,6,27.0,8.51,26.31578947368421,35.30502257336343
New Jersey,2022-04-25,"Title 12, Chapter 65",construction industry independent contractor act rules,labor and workforce development,,Labor and Workforce Development,17700002682,14,1032,11,0,0,0,3,25.0,7.1,21.62162162162162,31.75
New Jersey,2022-04-25,"Title 12, Chapter 66",prevailing wages and safety training for construction work on public utilities,labor and workforce development,,Labor and Workforce Development,17700002683,48,2517,38,4,0,0,6,26.0,8.25,29.47368421052631,35.50146997060059
New Jersey,2022-04-25,"Title 12, Chapter 67",prohibited discrimination against unemployed individuals,labor and workforce development,,Labor and Workforce Development,17700002684,10,711,9,1,0,0,0,22.0,7.0,25.806451612903224,38.04141104294479
New Jersey,2022-04-25,"Title 12, Chapter 68",the opportunity to compete act rules,labor and workforce development,,Labor and Workforce Development,17700002685,30,2296,23,1,0,0,6,33.0,8.19,45.588235294117645,38.903342366757
New Jersey,2022-04-25,"Title 12, Chapter 69",earned sick leave rules,labor and workforce development,,Labor and Workforce Development,17700002686,154,8967,119,8,1,4,22,26.0,8.55,37.99392097264438,30.59100516674495
New Jersey,2022-04-25,"Title 12, Chapter 7",disability discrimination grievance procedure,labor and workforce development,,Labor and Workforce Development,17700002655,15,1374,11,0,0,3,1,22.0,7.67,26.666666666666668,36.339035769828925
New Jersey,2022-04-25,"Title 12, Chapter 70",prohibited covid 19 related employment discrimination,labor and workforce development,,Labor and Workforce Development,17700002687,11,933,10,0,0,1,0,28.0,7.58,32.25806451612903,36.73394495412844
New Jersey,2022-04-25,"Title 12, Chapter 71",new jersey call center jobs act rules,labor and workforce development,,Labor and Workforce Development,17700002688,37,2260,32,2,0,0,3,25.0,8.11,21.176470588235293,32.653187440532825
New Jersey,2022-04-25,"Title 12, Chapter 8",listing of persons prohibited from contracting with any public body due to a violation of state wage benefit or tax laws,labor and workforce development,,Labor and Workforce Development,17700002656,20,1239,10,0,0,10,0,23.0,7.41,19.607843137254903,31.22758620689655
New Jersey,2022-04-25,"Title 12, Chapter 90",boilers pressure vessels and refrigeration,labor and workforce development,,Labor and Workforce Development,17700002689,440,18422,393,5,3,0,39,22.0,9.31,21.1734693877551,35.958220548428855
New Jersey,2022-04-25,"Title 13, Chapter 1",police training commission,law and public safety,,"Security, Justice, and Corrections",17700002706,137,8510,87,34,1,0,15,27.0,8.75,15.483870967741936,39.19753688574564
New Jersey,2022-04-25,"Title 13, Chapter 10",multiple dwelling reports,law and public safety,,"Security, Justice, and Corrections",17700002717,23,1301,22,0,0,0,1,23.0,7.63,18.51851851851852,32.37552039966695
New Jersey,2022-04-25,"Title 13, Chapter 100",classification assignment process for juveniles,law and public safety,,"Security, Justice, and Corrections",17700002851,49,2292,47,0,0,1,1,20.0,8.18,18.51851851851852,40.59972170686456
New Jersey,2022-04-25,"Title 13, Chapter 101",juvenile discipline,law and public safety,,"Security, Justice, and Corrections",17700002852,223,9590,197,2,0,14,10,22.0,9.26,20.91346153846154,38.85224158719719
New Jersey,2022-04-25,"Title 13, Chapter 102",tenure teachers and other certified professional educators,law and public safety,,"Security, Justice, and Corrections",17700002853,39,1616,37,0,0,0,2,25.0,7.79,30.15873015873016,39.10546875
New Jersey,2022-04-25,"Title 13, Chapter 103",community programs,law and public safety,,"Security, Justice, and Corrections",17700002854,725,28723,643,25,1,13,43,21.0,9.41,22.13911742707554,37.91630607640815
New Jersey,2022-04-25,"Title 13, Chapter 11",employment advertising,law and public safety,,"Security, Justice, and Corrections",17700002718,12,1497,12,0,0,0,0,47.0,8.03,45.16129032258064,40.57311977715877
New Jersey,2022-04-25,"Title 13, Chapter 13",regulations pertaining to discrimination on the basis of disability,law and public safety,,"Security, Justice, and Corrections",17700002719,61,6573,42,8,1,3,7,33.0,9.05,27.604166666666668,39.16081272641361
New Jersey,2022-04-25,"Title 13, Chapter 14",rules pertaining to the family leave act,law and public safety,,"Security, Justice, and Corrections",17700002720,71,7449,46,13,7,1,4,35.0,8.31,41.14832535885167,31.672594430658947
New Jersey,2022-04-25,"Title 13, Chapter 15",housing for older persons,law and public safety,,"Security, Justice, and Corrections",17700002721,10,2104,6,3,0,0,1,28.0,7.36,28.000000000000004,31.68401874023946
New Jersey,2022-04-25,"Title 13, Chapter 18",executive and administrative service,law and public safety,,"Security, Justice, and Corrections",17700002722,677,36837,560,41,4,10,62,24.0,9.55,21.1371237458194,36.17161113646737
New Jersey,2022-04-25,"Title 13, Chapter 19",compliance and safety,law and public safety,,"Security, Justice, and Corrections",17700002723,193,12590,165,4,1,1,22,24.0,9.05,21.906693711967545,36.302378454004895
New Jersey,2022-04-25,"Title 13, Chapter 1A",law enforcement officers training and equipment fund,law and public safety,,"Security, Justice, and Corrections",17700002707,47,3022,43,2,0,1,1,22.0,7.65,19.230769230769237,36.446333687566415
New Jersey,2022-04-25,"Title 13, Chapter 1C",disability discrimination grievance procedure,law and public safety,,"Security, Justice, and Corrections",17700002708,15,1381,11,0,0,3,1,22.0,7.72,25.42372881355932,36.34416086620263
New Jersey,2022-04-25,"Title 13, Chapter 1D",petitions for rules,law and public safety,,"Security, Justice, and Corrections",17700002709,10,528,8,2,0,0,0,28.0,6.69,5.555555555555555,31.95257731958763
New Jersey,2022-04-25,"Title 13, Chapter 1E",department of law and public safety,law and public safety,,"Security, Justice, and Corrections",17700002710,69,4989,56,0,0,0,13,28.0,8.83,28.235294117647054,36.60752575152407
New Jersey,2022-04-25,"Title 13, Chapter 2",division of alcoholic beverage control,law and public safety,,"Security, Justice, and Corrections",17700002711,1111,57172,877,97,12,37,88,31.0,9.63,30.55235903337169,34.59129715295799
New Jersey,2022-04-25,"Title 13, Chapter 20",enforcement service,law and public safety,,"Security, Justice, and Corrections",17700002724,3500,158955,3200,88,3,15,194,25.0,9.99,19.333779712085704,34.29570593374101
New Jersey,2022-04-25,"Title 13, Chapter 21",licensing service,law and public safety,,"Security, Justice, and Corrections",17700002725,1368,77831,957,198,11,17,185,26.0,9.83,24.786931818181817,34.63086367427298
New Jersey,2022-04-25,"Title 13, Chapter 23",driving schools,law and public safety,,"Security, Justice, and Corrections",17700002726,284,12188,228,29,2,7,18,29.0,8.73,20.603015075376884,35.838435224980266
New Jersey,2022-04-25,"Title 13, Chapter 24",equipment for emergency vehicles and other specified vehicles,law and public safety,,"Security, Justice, and Corrections",17700002727,208,10059,181,4,0,6,17,27.0,8.11,20.72829131652661,33.780871032373724
New Jersey,2022-04-25,"Title 13, Chapter 25",motorized bicycles,law and public safety,,"Security, Justice, and Corrections",17700002728,78,4421,58,10,2,1,7,32.0,8.27,29.545454545454547,36.532040265160816
New Jersey,2022-04-25,"Title 13, Chapter 27",new jersey state board of architects,law and public safety,,"Security, Justice, and Corrections",17700002729,482,24579,424,5,3,1,49,29.0,9.26,20.484848484848484,38.73003181153813
New Jersey,2022-04-25,"Title 13, Chapter 28",board of cosmetology and hairstyling,law and public safety,,"Security, Justice, and Corrections",17700002730,452,20433,385,21,1,12,33,24.0,9.36,13.382899628252789,35.84676728751873
New Jersey,2022-04-25,"Title 13, Chapter 29",new jersey state board of accountancy,law and public safety,,"Security, Justice, and Corrections",17700002731,358,16650,309,6,0,3,40,24.0,9.12,16.1631419939577,38.81215079314109
New Jersey,2022-04-25,"Title 13, Chapter 3",office of amusement games control,law and public safety,,"Security, Justice, and Corrections",17700002712,183,8018,162,4,1,2,14,29.0,8.79,28.030303030303028,33.78854860186418
New Jersey,2022-04-25,"Title 13, Chapter 30",new jersey board of dentistry,law and public safety,,"Security, Justice, and Corrections",17700002732,746,40096,671,11,3,1,60,23.0,9.74,15.654761904761903,38.47357377049181
New Jersey,2022-04-25,"Title 13, Chapter 31",board of examiners of electrical contractors,law and public safety,,"Security, Justice, and Corrections",17700002733,271,14576,224,6,0,1,40,27.0,8.84,21.09375,38.067032967032965
New Jersey,2022-04-25,"Title 13, Chapter 31A",fire alarm burglar alarm and locksmith licensees and businesses,law and public safety,,"Security, Justice, and Corrections",17700002734,331,19130,285,4,1,3,38,27.0,9.03,20.02967359050445,36.64842362344583
New Jersey,2022-04-25,"Title 13, Chapter 32",state board of examiners of master plumbers,law and public safety,,"Security, Justice, and Corrections",17700002735,241,13441,201,1,0,0,39,24.0,8.97,14.917127071823206,37.13201214639604
New Jersey,2022-04-25,"Title 13, Chapter 32A",state board of examiners of heating ventilating air conditioning and refrigeration contractors rules,law and public safety,,"Security, Justice, and Corrections",17700002736,187,10319,158,2,0,0,27,26.0,8.91,15.544041450777202,37.04906204906205
New Jersey,2022-04-25,"Title 13, Chapter 33",state board of ophthalmic dispensers and ophthalmic technicians,law and public safety,,"Security, Justice, and Corrections",17700002737,237,12450,196,14,2,0,25,22.0,9.2,18.198529411764707,37.55807994533652
New Jersey,2022-04-25,"Title 13, Chapter 34",board of marriage and family therapy examiners,law and public safety,,"Security, Justice, and Corrections",17700002738,950,50060,811,16,4,4,115,26.0,9.42,18.355119825708066,40.469482283091565
New Jersey,2022-04-25,"Title 13, Chapter 34C",alcohol and drug counselor committee,law and public safety,,"Security, Justice, and Corrections",17700002739,283,18199,228,2,4,3,46,28.0,9.27,18.037974683544306,40.42263801193304
New Jersey,2022-04-25,"Title 13, Chapter 34D",art therapists advisory committee,law and public safety,,"Security, Justice, and Corrections",17700002740,369,18129,311,6,1,1,50,24.0,9.06,15.937940761636108,37.92134897018496
New Jersey,2022-04-25,"Title 13, Chapter 35",board of medical examiners,law and public safety,,"Security, Justice, and Corrections",17700002741,2365,134979,2075,60,8,14,208,24.0,10.15,20.61182615183734,39.19262568964177
New Jersey,2022-04-25,"Title 13, Chapter 36",state board of mortuary science,law and public safety,,"Security, Justice, and Corrections",17700002742,633,30394,524,7,5,4,93,26.0,9.45,24.84361036639857,35.38792045175546
New Jersey,2022-04-25,"Title 13, Chapter 37",new jersey board of nursing,law and public safety,,"Security, Justice, and Corrections",17700002743,555,32019,487,4,2,0,62,22.0,9.43,14.69964664310954,38.1531916313524
New Jersey,2022-04-25,"Title 13, Chapter 37A",new jersey board of massage and bodywork therapy rules,law and public safety,,"Security, Justice, and Corrections",17700002744,161,9536,142,1,0,2,16,24.0,9.12,18.134715025906736,35.285745831953186
New Jersey,2022-04-25,"Title 13, Chapter 38",new jersey state board of optometrists,law and public safety,,"Security, Justice, and Corrections",17700002745,325,15383,285,9,1,1,29,25.0,9.45,20.563847429519072,38.92637741046832
New Jersey,2022-04-25,"Title 13, Chapter 39",state board of pharmacy,law and public safety,,"Security, Justice, and Corrections",17700002746,1328,57319,1202,15,6,14,91,24.0,9.66,20.46470062555853,39.40930043132972
New Jersey,2022-04-25,"Title 13, Chapter 39A",state board of physical therapy,law and public safety,,"Security, Justice, and Corrections",17700002747,324,19607,285,5,1,0,33,27.0,8.97,22.56699576868829,39.59117379921996
New Jersey,2022-04-25,"Title 13, Chapter 4",rules of practice and procedure,law and public safety,,"Security, Justice, and Corrections",17700002713,203,10925,186,4,1,1,11,28.0,8.66,31.550802139037437,35.252394636015325
New Jersey,2022-04-25,"Title 13, Chapter 40",state board of professional engineers and land surveyors,law and public safety,,"Security, Justice, and Corrections",17700002748,709,37251,537,36,4,6,126,21.0,9.62,16.61756040070713,37.67378823798235
New Jersey,2022-04-25,"Title 13, Chapter 40A",state board of real estate appraisers,law and public safety,,"Security, Justice, and Corrections",17700002749,302,19394,252,0,1,5,44,26.0,9.13,15.211267605633802,39.26330974414807
New Jersey,2022-04-25,"Title 13, Chapter 41",state board of professional planners,law and public safety,,"Security, Justice, and Corrections",17700002750,84,4222,64,2,0,1,17,25.0,8.63,17.791411042944784,37.86963074604371
New Jersey,2022-04-25,"Title 13, Chapter 42",board of psychological examiners,law and public safety,,"Security, Justice, and Corrections",17700002751,504,26211,429,10,2,6,57,25.0,9.57,21.2807881773399,39.17069935691318
New Jersey,2022-04-25,"Title 13, Chapter 42A",certified psychoanalysts advisory committee rules,law and public safety,,"Security, Justice, and Corrections",17700002752,124,7280,112,1,1,1,9,24.0,8.67,19.310344827586206,43.03604127307077
New Jersey,2022-04-25,"Title 13, Chapter 43",state board of court reporting,law and public safety,,"Security, Justice, and Corrections",17700002753,164,7952,142,4,1,2,15,23.0,8.58,11.077844311377245,39.41524042379788
New Jersey,2022-04-25,"Title 13, Chapter 44",state board of veterinary medical examiners,law and public safety,,"Security, Justice, and Corrections",17700002754,154,10265,139,5,0,0,10,24.0,9.16,19.570405727923628,37.17892684928696
New Jersey,2022-04-25,"Title 13, Chapter 44B",per diem compensation for members of professional and occupational licensing boards,law and public safety,,"Security, Justice, and Corrections",17700002755,10,398,8,0,0,0,2,18.0,6.66,9.523809523809524,32.71671388101983
New Jersey,2022-04-25,"Title 13, Chapter 44C",audiology and speech language pathology advisory committee,law and public safety,,"Security, Justice, and Corrections",17700002756,174,11374,152,4,0,1,17,21.0,9.31,13.572854291417164,38.767672944071165
New Jersey,2022-04-25,"Title 13, Chapter 44D",public movers and warehousemen,law and public safety,,"Security, Justice, and Corrections",17700002757,255,14381,185,18,1,0,51,23.0,8.76,22.0,30.2454092632518
New Jersey,2022-04-25,"Title 13, Chapter 44E",state board of chiropractic examiners,law and public safety,,"Security, Justice, and Corrections",17700002758,401,22063,343,10,4,0,44,23.0,9.49,19.1129883843717,40.603167808219176
New Jersey,2022-04-25,"Title 13, Chapter 44F",state board of respiratory care,law and public safety,,"Security, Justice, and Corrections",17700002759,177,10774,158,3,0,0,16,23.0,8.95,18.24175824175824,38.37794579732915
New Jersey,2022-04-25,"Title 13, Chapter 44G",state board of social work examiners,law and public safety,,"Security, Justice, and Corrections",17700002760,344,17445,293,7,1,2,41,23.0,9.27,20.24793388429752,37.828027408889696
New Jersey,2022-04-25,"Title 13, Chapter 44H",orthotics and prosthetics board of examiners,law and public safety,,"Security, Justice, and Corrections",17700002761,209,11227,180,3,0,3,23,23.0,9.02,16.274089935760173,39.72697869101979
New Jersey,2022-04-25,"Title 13, Chapter 44J",cemeteries,law and public safety,,"Security, Justice, and Corrections",17700002762,316,17169,272,11,2,8,23,24.0,8.9,21.86115214180207,33.203178136400176
New Jersey,2022-04-25,"Title 13, Chapter 44K",occupational therapy advisory council,law and public safety,,"Security, Justice, and Corrections",17700002763,350,20608,319,3,1,0,27,27.0,8.86,20.498614958448755,41.099087619144704
New Jersey,2022-04-25,"Title 13, Chapter 44L",state board of polysomnography,law and public safety,,"Security, Justice, and Corrections",17700002764,131,9101,109,1,0,0,21,26.0,8.47,11.343283582089551,42.18260355029586
New Jersey,2022-04-25,"Title 13, Chapter 44M",elevator escalator and moving walkway mechanics licensing board rules,law and public safety,,"Security, Justice, and Corrections",17700002765,91,5759,79,1,0,0,11,25.0,8.49,18.2648401826484,37.10246433203632
New Jersey,2022-04-25,"Title 13, Chapter 45",administrative hearings in the division of consumer affairs,law and public safety,,"Security, Justice, and Corrections",17700002766,63,2954,58,1,0,0,4,26.0,8.32,32.11009174311927,33.76150779267851
New Jersey,2022-04-25,"Title 13, Chapter 45A",administrative rules of the division of consumer affairs,law and public safety,,"Security, Justice, and Corrections",17700002767,1643,103629,1369,73,6,15,180,26.0,10.63,24.20594262295082,34.17706561268043
New Jersey,2022-04-25,"Title 13, Chapter 45B",personnel services,law and public safety,,"Security, Justice, and Corrections",17700002768,390,18208,297,11,1,1,80,29.0,9.07,22.937293729372936,34.04468724708059
New Jersey,2022-04-25,"Title 13, Chapter 45C",uniform regulations,law and public safety,,"Security, Justice, and Corrections",17700002769,29,2724,27,0,0,0,2,31.0,8.08,26.744186046511626,36.80923076923077
New Jersey,2022-04-25,"Title 13, Chapter 45D",telemarketing do not call,law and public safety,,"Security, Justice, and Corrections",17700002770,45,4031,39,1,0,1,4,28.0,8.28,19.402985074626866,38.567368133369776
New Jersey,2022-04-25,"Title 13, Chapter 45E",health care professional reporting responsibility,law and public safety,,"Security, Justice, and Corrections",17700002771,51,3932,36,1,0,0,14,43.0,7.92,28.08988764044944,37.22136797454931
New Jersey,2022-04-25,"Title 13, Chapter 45F",identity theft,law and public safety,,"Security, Justice, and Corrections",17700002772,49,3297,35,3,1,1,9,28.0,8.12,29.464285714285715,33.60267275097784
New Jersey,2022-04-25,"Title 13, Chapter 45G",disposition of consumer complaints,law and public safety,,"Security, Justice, and Corrections",17700002773,12,1157,10,0,0,0,2,42.0,7.18,25.925925925925924,35.93715846994535
New Jersey,2022-04-25,"Title 13, Chapter 45H",controlled dangerous substances,law and public safety,,"Security, Justice, and Corrections",17700002774,379,21258,273,35,6,1,64,27.0,9.34,24.02088772845953,39.35288174976007
New Jersey,2022-04-25,"Title 13, Chapter 45I",bill of rights for customers of certain autobuses,law and public safety,,"Security, Justice, and Corrections",17700002775,20,1694,20,0,0,0,0,29.0,8.31,26.785714285714285,33.942602040816325
New Jersey,2022-04-25,"Title 13, Chapter 45J",limitations on and obligations associated with prescriber acceptance of compensation from pharmaceutical manufacturers,law and public safety,,"Security, Justice, and Corrections",17700002776,24,2335,20,1,1,1,1,25.0,8.36,25.842696629213485,41.39541160593792
New Jersey,2022-04-25,"Title 13, Chapter 46",rules governing boxing extreme wrestling and sparring exhibitions and performances,law and public safety,,"Security, Justice, and Corrections",17700002777,838,29235,671,117,5,24,21,25.0,9.4,29.41696113074205,32.41534137140321
New Jersey,2022-04-25,"Title 13, Chapter 47",rules of legalized games of chance,law and public safety,,"Security, Justice, and Corrections",17700002778,1591,68180,1429,52,11,12,87,25.0,9.41,24.580380455054083,27.758859306150317
New Jersey,2022-04-25,"Title 13, Chapter 47A",bureau of securities,law and public safety,,"Security, Justice, and Corrections",17700002779,497,36739,335,40,8,6,108,28.0,9.51,26.501200960768617,34.588533130414426
New Jersey,2022-04-25,"Title 13, Chapter 47B",scales instruments and devices weights and measures,law and public safety,,"Security, Justice, and Corrections",17700002780,41,2310,35,2,2,1,1,37.0,8.18,28.33333333333333,35.575393154486584
New Jersey,2022-04-25,"Title 13, Chapter 47C",general commodities weights and measures,law and public safety,,"Security, Justice, and Corrections",17700002781,82,3263,66,11,0,0,5,30.0,8.68,25.71428571428571,31.134352635003253
New Jersey,2022-04-25,"Title 13, Chapter 47E",weighmasters weights and measures,law and public safety,,"Security, Justice, and Corrections",17700002782,11,468,9,0,0,0,2,89.0,6.48,,32.045662100456624
New Jersey,2022-04-25,"Title 13, Chapter 47F",fees for the registration inspection and testing of weighing and measuring devices,law and public safety,,"Security, Justice, and Corrections",17700002783,55,2968,51,0,0,0,4,24.0,8.16,16.666666666666664,34.48153618906942
New Jersey,2022-04-25,"Title 13, Chapter 47G",standard containers for farm products weights and measures,law and public safety,,"Security, Justice, and Corrections",17700002784,5,656,5,0,0,0,0,33.0,6.58,0.0,31.798872180451127
New Jersey,2022-04-25,"Title 13, Chapter 47H",engine fuels and automotive lubricants,law and public safety,,"Security, Justice, and Corrections",17700002785,4,194,3,1,0,0,0,25.0,6.37,14.285714285714285,41.76878612716763
New Jersey,2022-04-25,"Title 13, Chapter 47K",commodities in package form weights and measures,law and public safety,,"Security, Justice, and Corrections",17700002786,29,2773,27,1,0,0,1,27.0,8.34,21.052631578947366,35.03995006242197
New Jersey,2022-04-25,"Title 13, Chapter 48",charitable fund raising,law and public safety,,"Security, Justice, and Corrections",17700002787,283,15910,231,6,0,0,46,28.0,8.81,24.448529411764707,37.59066808059385
New Jersey,2022-04-25,"Title 13, Chapter 49",state medical examiner,law and public safety,,"Security, Justice, and Corrections",17700002788,166,7520,149,0,0,1,16,31.0,8.84,36.59574468085106,36.83845940703796
New Jersey,2022-04-25,"Title 13, Chapter 5",rules pertaining to the fair chance in housing act,law and public safety,,"Security, Justice, and Corrections",17700002714,76,5229,62,7,2,3,2,31.0,8.59,33.12883435582822,35.89385474860335
New Jersey,2022-04-25,"Title 13, Chapter 51",chemical breath testing,law and public safety,,"Security, Justice, and Corrections",17700002789,97,6344,78,14,0,0,5,24.0,8.45,10.655737704918032,37.58214607754734
New Jersey,2022-04-25,"Title 13, Chapter 54",firearms and weapons,law and public safety,,"Security, Justice, and Corrections",17700002790,446,21693,330,50,2,7,57,30.0,9.35,23.32859174964438,34.98155105973025
New Jersey,2022-04-25,"Title 13, Chapter 55",private detectives,law and public safety,,"Security, Justice, and Corrections",17700002791,37,1659,31,0,0,2,4,30.0,8.14,22.641509433962263,34.80498721227622
New Jersey,2022-04-25,"Title 13, Chapter 55A",security officers and security officer companies,law and public safety,,"Security, Justice, and Corrections",17700002792,176,7500,141,5,0,1,29,33.0,8.18,14.678899082568808,38.40336490880814
New Jersey,2022-04-25,"Title 13, Chapter 55B",regulation of bounty hunters,law and public safety,,"Security, Justice, and Corrections",17700002793,94,4696,70,2,0,1,21,39.0,8.0,20.869565217391305,35.59285874691219
New Jersey,2022-04-25,"Title 13, Chapter 56",traffic control and parking on state property in trenton,law and public safety,,"Security, Justice, and Corrections",17700002794,31,1377,31,0,0,0,0,31.0,7.48,16.666666666666664,30.974822974036197
New Jersey,2022-04-25,"Title 13, Chapter 57",uniform crime reporting system,law and public safety,,"Security, Justice, and Corrections",17700002795,40,3736,36,0,0,0,4,21.0,7.72,22.02380952380952,35.52427184466019
New Jersey,2022-04-25,"Title 13, Chapter 59",criminal history record background checks,law and public safety,,"Security, Justice, and Corrections",17700002796,72,4822,66,1,0,2,3,29.0,8.13,22.22222222222222,37.875931608943446
New Jersey,2022-04-25,"Title 13, Chapter 60",motor carrier safety regulations,law and public safety,,"Security, Justice, and Corrections",17700002797,21,3706,18,1,1,0,1,18.0,8.59,8.808290155440414,39.69163817221013
New Jersey,2022-04-25,"Title 13, Chapter 61",boat safety course,law and public safety,,"Security, Justice, and Corrections",17700002798,201,8529,164,1,3,1,32,28.0,8.5,18.06020066889632,35.987203149993846
New Jersey,2022-04-25,"Title 13, Chapter 62",motor vehicle race track rules,law and public safety,,"Security, Justice, and Corrections",17700002799,1003,31889,820,73,0,54,56,25.0,9.41,18.63149216817807,32.096428928678606
New Jersey,2022-04-25,"Title 13, Chapter 63",combat auto theft program,law and public safety,,"Security, Justice, and Corrections",17700002800,22,998,22,0,0,0,0,21.0,7.18,8.51063829787234,37.89905362776025
New Jersey,2022-04-25,"Title 13, Chapter 64",personal watercraft operation,law and public safety,,"Security, Justice, and Corrections",17700002801,26,1085,21,2,0,1,2,20.0,7.62,7.547169811320755,36.005
New Jersey,2022-04-25,"Title 13, Chapter 69",general provisions,law and public safety,,"Security, Justice, and Corrections",17700002802,182,11144,130,3,0,33,16,30.0,9.34,21.84873949579832,35.01420723621898
New Jersey,2022-04-25,"Title 13, Chapter 69A",applications,law and public safety,,"Security, Justice, and Corrections",17700002803,438,41611,328,5,2,5,98,26.0,9.5,16.666666666666664,36.40609976343704
New Jersey,2022-04-25,"Title 13, Chapter 69B",hearings,law and public safety,,"Security, Justice, and Corrections",17700002804,104,5040,84,0,0,9,11,26.0,8.44,21.3903743315508,34.81248663673295
New Jersey,2022-04-25,"Title 13, Chapter 69C",casino licensees,law and public safety,,"Security, Justice, and Corrections",17700002805,385,21105,276,6,2,12,89,26.0,9.14,20.38961038961039,35.44260695393149
New Jersey,2022-04-25,"Title 13, Chapter 69D",gaming operation accounting controls and standards,law and public safety,,"Security, Justice, and Corrections",17700002806,1931,81774,1770,7,4,7,143,23.0,9.36,19.34002869440459,32.674976671458474
New Jersey,2022-04-25,"Title 13, Chapter 69E",gaming equipment,law and public safety,,"Security, Justice, and Corrections",17700002807,1630,61636,1461,44,7,2,116,24.0,9.41,20.633663366336634,30.32020885046649
New Jersey,2022-04-25,"Title 13, Chapter 69F",rules of the games,law and public safety,,"Security, Justice, and Corrections",17700002808,6301,225527,5752,73,65,5,406,29.0,8.53,39.51569984034061,24.16352572115952
New Jersey,2022-04-25,"Title 13, Chapter 69G",exclusion of persons,law and public safety,,"Security, Justice, and Corrections",17700002809,137,5882,91,0,1,33,12,28.0,8.3,19.704433497536947,33.395129754710275
New Jersey,2022-04-25,"Title 13, Chapter 69H",junket enterprises not employed by a casino licensee or applicant,law and public safety,,"Security, Justice, and Corrections",17700002810,22,1299,18,0,0,0,4,22.0,7.3,16.666666666666664,35.04905335628227
New Jersey,2022-04-25,"Title 13, Chapter 69I",casino hotel alcoholic beverage control,law and public safety,,"Security, Justice, and Corrections",17700002811,115,7513,99,4,1,2,9,26.0,8.59,28.368794326241137,33.514608327452365
New Jersey,2022-04-25,"Title 13, Chapter 69J",persons doing business with casino licensees,law and public safety,,"Security, Justice, and Corrections",17700002812,116,6410,71,1,1,2,41,25.0,8.36,25.94142259414226,37.12512512512512
New Jersey,2022-04-25,"Title 13, Chapter 69K",equal employment and business opportunity,law and public safety,,"Security, Justice, and Corrections",17700002813,154,10501,125,3,0,7,19,30.0,8.53,15.0,41.17753479125248
New Jersey,2022-04-25,"Title 13, Chapter 69L",taxes,law and public safety,,"Security, Justice, and Corrections",17700002814,120,4790,106,0,1,0,13,38.0,7.93,33.87096774193548,31.80780977312391
New Jersey,2022-04-25,"Title 13, Chapter 69M",casino simulcasting,law and public safety,,"Security, Justice, and Corrections",17700002815,117,5593,104,3,0,2,8,32.0,8.12,25.149700598802397,34.23993954279237
New Jersey,2022-04-25,"Title 13, Chapter 69N",sports pool and online sports pool wagering at casinos and racetracks,law and public safety,,"Security, Justice, and Corrections",17700002816,282,11020,251,0,1,22,8,17.0,8.7,12.111801242236025,32.710176779742
New Jersey,2022-04-25,"Title 13, Chapter 69O",internet and mobile gaming,law and public safety,,"Security, Justice, and Corrections",17700002817,299,12470,258,1,3,14,23,20.0,8.84,18.86178861788618,33.563477537437606
New Jersey,2022-04-25,"Title 13, Chapter 69P",fantasy sports tournaments,law and public safety,,"Security, Justice, and Corrections",17700002818,7,448,7,0,0,0,0,25.0,6.66,0.0,35.0599520383693
New Jersey,2022-04-25,"Title 13, Chapter 69Q",fixed odds wagering,law and public safety,,"Security, Justice, and Corrections",17700002819,326,11385,291,1,0,15,19,19.0,8.85,16.086235489220563,33.56568144499179
New Jersey,2022-04-25,"Title 13, Chapter 70",horse racing,law and public safety,,"Security, Justice, and Corrections",17700002820,1828,79758,1548,164,18,25,73,30.0,9.79,29.77484472049689,31.2245674234263
New Jersey,2022-04-25,"Title 13, Chapter 71",harness racing,law and public safety,,"Security, Justice, and Corrections",17700002821,2015,84192,1701,184,17,31,82,28.0,9.83,30.790472903003103,30.935914552736985
New Jersey,2022-04-25,"Title 13, Chapter 72",casino simulcasting,law and public safety,,"Security, Justice, and Corrections",17700002822,116,5632,103,3,0,2,8,32.0,8.1,25.301204819277107,34.408664666166544
New Jersey,2022-04-25,"Title 13, Chapter 73",workers compensation insurance coverage for horse racing industry employees,law and public safety,,"Security, Justice, and Corrections",17700002823,38,2242,31,1,0,0,6,21.0,7.68,7.216494845360824,34.38546150167384
New Jersey,2022-04-25,"Title 13, Chapter 74",off track wagering and account wagering,law and public safety,,"Security, Justice, and Corrections",17700002824,511,25220,430,29,6,3,43,35.0,8.62,26.41509433962264,34.26415641439874
New Jersey,2022-04-25,"Title 13, Chapter 74A",self exclusion list,law and public safety,,"Security, Justice, and Corrections",17700002825,51,2994,44,0,3,3,1,36.0,7.78,19.230769230769237,35.34800838574424
New Jersey,2022-04-25,"Title 13, Chapter 74B",pilot program authorizing wagering on horse races through electronic wagering terminals located in a limited number of eligible taverns restaurants and similar venues,law and public safety,,"Security, Justice, and Corrections",17700002826,130,6797,114,0,0,0,16,33.0,8.19,17.67676767676768,35.67277527566392
New Jersey,2022-04-25,"Title 13, Chapter 74C",exchange wagering,law and public safety,,"Security, Justice, and Corrections",17700002827,360,19354,303,9,7,2,39,42.0,8.33,36.771300448430495,37.393186200985646
New Jersey,2022-04-25,"Title 13, Chapter 74D",issuance of sports wagering license to racetrack permit holder,law and public safety,,"Security, Justice, and Corrections",17700002828,36,2257,33,2,0,0,1,30.0,7.45,29.166666666666668,32.74544605324615
New Jersey,2022-04-25,"Title 13, Chapter 75",new jersey victims of crime compensation office,law and public safety,,"Security, Justice, and Corrections",17700002829,207,14697,179,10,6,0,12,24.0,9.27,30.83475298126065,33.28041988003427
New Jersey,2022-04-25,"Title 13, Chapter 77",human trafficking survivor s assistance fund,law and public safety,,"Security, Justice, and Corrections",17700002830,53,2579,51,2,0,0,0,24.0,8.15,11.88118811881188,36.55894648829432
New Jersey,2022-04-25,"Title 13, Chapter 78",administration of victim and witness advocacy fund,law and public safety,,"Security, Justice, and Corrections",17700002831,37,2367,33,2,1,0,1,23.0,7.87,3.191489361702128,35.37414030261348
New Jersey,2022-04-25,"Title 13, Chapter 79",safe and secure communities program,law and public safety,,"Security, Justice, and Corrections",17700002832,34,1581,33,1,0,0,0,24.0,7.67,15.873015873015872,39.80474576271187
New Jersey,2022-04-25,"Title 13, Chapter 8",display of official posters of the division on civil rights,law and public safety,,"Security, Justice, and Corrections",17700002715,16,747,16,0,0,0,0,21.0,6.45,12.5,31.61804511278196
New Jersey,2022-04-25,"Title 13, Chapter 80",solid and hazardous waste information awards,law and public safety,,"Security, Justice, and Corrections",17700002833,29,2636,24,2,0,0,3,47.0,7.74,30.18867924528302,38.47790507364975
New Jersey,2022-04-25,"Title 13, Chapter 80A",body armor replacement fund program,law and public safety,,"Security, Justice, and Corrections",17700002834,34,2481,32,1,0,0,1,26.0,8.16,11.827956989247312,37.61860068259386
New Jersey,2022-04-25,"Title 13, Chapter 81",dna database and databank rules,law and public safety,,"Security, Justice, and Corrections",17700002835,140,8159,115,21,0,0,4,28.0,9.34,25.70422535211268,33.610171646535285
New Jersey,2022-04-25,"Title 13, Chapter 82",boating regulations,law and public safety,,"Security, Justice, and Corrections",17700002836,362,14247,300,17,0,24,21,22.0,9.54,20.55016181229773,30.6657612796137
New Jersey,2022-04-25,"Title 13, Chapter 85",motorcycle safety education program,law and public safety,,"Security, Justice, and Corrections",17700002837,239,12878,204,8,0,1,26,26.0,8.97,16.115702479338843,37.030130427604426
New Jersey,2022-04-25,"Title 13, Chapter 86",drunk driving enforcement fund,law and public safety,,"Security, Justice, and Corrections",17700002838,57,2439,48,0,0,0,9,24.0,7.62,22.82608695652174,31.76542649727768
New Jersey,2022-04-25,"Title 13, Chapter 86A",pedestrian safety enforcement and education fund,law and public safety,,"Security, Justice, and Corrections",17700002839,20,1451,19,1,0,0,0,23.0,7.87,16.94915254237288,36.31964152352502
New Jersey,2022-04-25,"Title 13, Chapter 86B",qualifying nonprofit organizations,law and public safety,,"Security, Justice, and Corrections",17700002840,20,1969,11,2,0,0,7,25.0,7.89,17.333333333333336,32.685164835164834
New Jersey,2022-04-25,"Title 13, Chapter 88",office of insurance fraud prosecutor,law and public safety,,"Security, Justice, and Corrections",17700002841,58,3343,48,2,0,0,8,35.0,8.48,34.065934065934066,34.72360348724572
New Jersey,2022-04-25,"Title 13, Chapter 9",advertising relating to real property,law and public safety,,"Security, Justice, and Corrections",17700002716,1,273,1,0,0,0,0,36.0,6.84,0.0,35.67054263565891
New Jersey,2022-04-25,"Title 13, Chapter 90",juvenile justice commission,law and public safety,,"Security, Justice, and Corrections",17700002842,147,9930,126,6,1,0,14,24.0,8.96,9.547738693467336,40.714316102956815
New Jersey,2022-04-25,"Title 13, Chapter 90A",juvenile funds and gifts to the commission,law and public safety,,"Security, Justice, and Corrections",17700002843,91,3471,89,1,0,0,1,22.0,8.25,19.35483870967742,38.5689760882894
New Jersey,2022-04-25,"Title 13, Chapter 91",transfer of juveniles to the department of corrections,law and public safety,,"Security, Justice, and Corrections",17700002844,84,3865,81,3,0,0,0,24.0,8.01,22.875816993464053,37.66276803118908
New Jersey,2022-04-25,"Title 13, Chapter 92",manual of standards for juvenile detention facilities,law and public safety,,"Security, Justice, and Corrections",17700002845,610,19065,561,4,2,7,36,19.0,9.6,15.660184237461616,37.15819740116118
New Jersey,2022-04-25,"Title 13, Chapter 93",manual of standards for juvenile detention commitment programs,law and public safety,,"Security, Justice, and Corrections",17700002846,116,4587,104,1,0,0,11,18.0,8.69,11.344537815126053,40.14258734655336
New Jersey,2022-04-25,"Title 13, Chapter 94",detention of juveniles in municipal and other adult facilities,law and public safety,,"Security, Justice, and Corrections",17700002847,42,2461,37,0,1,0,4,17.0,8.08,21.48148148148148,34.49277899343545
New Jersey,2022-04-25,"Title 13, Chapter 95",secure facilities,law and public safety,,"Security, Justice, and Corrections",17700002848,1205,47453,1083,46,3,20,53,21.0,9.58,22.802197802197803,37.088943598925695
New Jersey,2022-04-25,"Title 13, Chapter 96",juvenile parole and transitional services,law and public safety,,"Security, Justice, and Corrections",17700002849,302,14935,263,14,1,7,17,23.0,8.95,27.287581699346404,35.19297873843328
New Jersey,2022-04-25,"Title 13, Chapter 97",office of investigations,law and public safety,,"Security, Justice, and Corrections",17700002850,119,5818,93,11,1,5,9,22.0,8.63,30.35019455252918,37.50054034582133
New Jersey,2022-04-25,"Title 14, Chapter 1",rules of practice,public utilities,,"Environmental Protection, Public Utilities, and Natural Resources",17700002855,363,22002,283,36,1,2,41,30.0,9.46,32.5,33.368436154949784
New Jersey,2022-04-25,"Title 14, Chapter 10",telecommunications,public utilities,,"Environmental Protection, Public Utilities, and Natural Resources",17700002865,390,21263,321,18,1,1,49,26.0,9.17,23.02798982188295,34.45934756584198
New Jersey,2022-04-25,"Title 14, Chapter 17",rules of practice and procedure of the office of cable television,public utilities,,"Environmental Protection, Public Utilities, and Natural Resources",17700002866,218,13108,162,24,0,2,30,29.0,9.07,28.832951945080094,32.169980443285525
New Jersey,2022-04-25,"Title 14, Chapter 18",regulations of cable television,public utilities,,"Environmental Protection, Public Utilities, and Natural Resources",17700002867,724,31802,589,43,6,3,83,27.0,9.19,26.098418277680143,35.219492763245256
New Jersey,2022-04-25,"Title 14, Chapter 2",underground facilities one call damage prevention system,public utilities,,"Environmental Protection, Public Utilities, and Natural Resources",17700002856,245,12082,218,2,1,0,24,25.0,8.92,25.97402597402597,35.15208721084818
New Jersey,2022-04-25,"Title 14, Chapter 29",energy emergency,public utilities,,"Environmental Protection, Public Utilities, and Natural Resources",17700002868,124,6310,115,2,0,0,7,26.0,8.87,29.184549356223176,34.068831388466094
New Jersey,2022-04-25,"Title 14, Chapter 3",all utilities,public utilities,,"Environmental Protection, Public Utilities, and Natural Resources",17700002857,825,37735,716,14,7,2,86,26.0,9.35,29.6085409252669,34.51981931112366
New Jersey,2022-04-25,"Title 14, Chapter 31",grant and loan programs,public utilities,,"Environmental Protection, Public Utilities, and Natural Resources",17700002869,83,4268,76,0,1,0,6,23.0,8.59,17.12707182320442,39.48028762707662
New Jersey,2022-04-25,"Title 14, Chapter 4",energy competition,public utilities,,"Environmental Protection, Public Utilities, and Natural Resources",17700002858,737,44467,630,6,10,7,84,27.0,9.19,23.60570687418936,35.153922354828055
New Jersey,2022-04-25,"Title 14, Chapter 5",electric service,public utilities,,"Environmental Protection, Public Utilities, and Natural Resources",17700002859,292,13669,241,5,0,0,46,24.0,9.45,21.062271062271066,36.557036124162366
New Jersey,2022-04-25,"Title 14, Chapter 5A",nuclear plant decommissioning cost and trust fund review,public utilities,,"Environmental Protection, Public Utilities, and Natural Resources",17700002860,63,3732,43,5,0,0,15,27.0,8.64,16.417910447761194,36.81650071123755
New Jersey,2022-04-25,"Title 14, Chapter 6",gas service,public utilities,,"Environmental Protection, Public Utilities, and Natural Resources",17700002861,154,6342,136,2,0,1,15,29.0,8.69,30.046948356807512,33.59058823529412
New Jersey,2022-04-25,"Title 14, Chapter 7",natural gas pipelines,public utilities,,"Environmental Protection, Public Utilities, and Natural Resources",17700002862,235,9510,206,0,1,0,28,26.0,9.01,25.142857142857142,36.09515765765766
New Jersey,2022-04-25,"Title 14, Chapter 8",renewable energy and energy efficiency,public utilities,,"Environmental Protection, Public Utilities, and Natural Resources",17700002863,895,47125,676,93,29,2,95,25.0,9.69,17.032967032967033,36.42307260689036
New Jersey,2022-04-25,"Title 14, Chapter 9",water and wastewater,public utilities,,"Environmental Protection, Public Utilities, and Natural Resources",17700002864,295,19843,247,13,0,0,35,27.0,8.99,20.34383954154728,33.90348999036506
New Jersey,2022-04-25,"Title 15A, Chapter 1",department of the public advocate,public advocate,,Administration,17700002879,0,1068,0,0,0,0,0,23.0,7.91,4.3478260869565215,42.10059760956175
New Jersey,2022-04-25,"Title 15A, Chapter 3",office of the ombudsperson for the institutionalized elderly practice and procedure rules,public advocate,,Administration,17700002880,120,7222,107,8,0,0,5,28.0,8.9,30.434782608695656,37.41207687894435
New Jersey,2022-04-25,"Title 15, Chapter 1",disability discrimination grievance procedure,state,,Administration,17700002870,15,1380,11,0,0,3,1,22.0,7.67,26.666666666666668,36.22368421052632
New Jersey,2022-04-25,"Title 15, Chapter 10",elections,state,,Administration,17700002873,216,8842,172,23,1,0,20,23.0,9.07,21.409921671018274,35.87293339631554
New Jersey,2022-04-25,"Title 15, Chapter 21",state library aid and grants,state,,Administration,17700002874,263,15134,193,43,3,0,24,23.0,9.31,11.601307189542483,36.82942097026604
New Jersey,2022-04-25,"Title 15, Chapter 22",library network services,state,,Administration,17700002875,69,3541,68,1,0,0,0,21.0,7.86,9.316770186335404,37.90963316433045
New Jersey,2022-04-25,"Title 15, Chapter 23",new jersey professional librarian certification,state,,Administration,17700002876,36,1625,27,0,2,0,7,24.0,7.55,14.285714285714285,39.64784053156146
New Jersey,2022-04-25,"Title 15, Chapter 24",new jersey library construction bond act rules,state,,Administration,17700002877,99,7221,70,14,5,0,10,23.0,8.99,16.938110749185668,35.95217516565831
New Jersey,2022-04-25,"Title 15, Chapter 27",new jersey cultural trust,state,,Administration,17700002878,68,4656,52,11,0,0,5,24.0,8.36,9.62566844919786,35.71973654326595
New Jersey,2022-04-25,"Title 15, Chapter 3",records retention,state,,Administration,17700002871,876,56558,691,113,15,1,56,20.0,10.12,10.545587696814357,39.0281679389313
New Jersey,2022-04-25,"Title 15, Chapter 4",civil celebrant certification,state,,Administration,17700002872,6,499,5,1,0,0,0,28.0,6.91,11.76470588235294,41.76106194690266
New Jersey,2022-04-25,"Title 16, Chapter 1A",administration organization records management and information requests,transportation,,Transportation,17700002881,48,3765,42,3,1,0,2,21.0,8.64,13.690476190476192,38.77672413793103
New Jersey,2022-04-25,"Title 16, Chapter 1B",disability discrimination grievance procedure,transportation,,Transportation,17700002882,15,1371,11,0,0,3,1,22.0,7.68,25.0,36.85658612626656
New Jersey,2022-04-25,"Title 16, Chapter 20A",county local aid,transportation,,Transportation,17700002885,74,4041,66,3,0,1,4,21.0,8.76,15.0,38.18494055482167
New Jersey,2022-04-25,"Title 16, Chapter 20B",municipal local aid,transportation,,Transportation,17700002886,83,4530,68,8,0,1,6,24.0,8.87,19.2090395480226,40.45712954333644
New Jersey,2022-04-25,"Title 16, Chapter 25",utility accommodation,transportation,,Transportation,17700002887,456,20927,411,7,0,5,33,23.0,9.47,25.89182968929805,38.058152337103394
New Jersey,2022-04-25,"Title 16, Chapter 25A",soil erosion and sediment control standards,transportation,,Transportation,17700002888,1,250,0,1,0,0,0,37.0,6.5,0.0,45.93981481481482
New Jersey,2022-04-25,"Title 16, Chapter 26",motorized bicycles,transportation,,Transportation,17700002889,4,430,3,0,0,1,0,21.0,6.82,21.052631578947366,39.724409448818896
New Jersey,2022-04-25,"Title 16, Chapter 27",traffic regulations and traffic control devices,transportation,,Transportation,17700002890,59,3790,55,0,0,1,3,20.0,8.06,20.76502732240437,37.69490108665367
New Jersey,2022-04-25,"Title 16, Chapter 32",truck access,transportation,,Transportation,17700002891,16,5627,10,4,0,1,1,14.0,8.34,4.603580562659847,29.920223374551256
New Jersey,2022-04-25,"Title 16, Chapter 38",roadside drainage unusual and disaster maintenance,transportation,,Transportation,17700002892,11,1952,9,1,0,1,0,28.0,8.16,55.88235294117647,35.12946190729888
New Jersey,2022-04-25,"Title 16, Chapter 40",charitable solicitation on roadways,transportation,,Transportation,17700002893,48,1903,40,2,0,1,5,20.0,8.25,15.384615384615383,38.0990990990991
New Jersey,2022-04-25,"Title 16, Chapter 41",highway occupancy permits,transportation,,Transportation,17700002894,328,15213,300,2,0,0,26,23.0,9.25,22.08,38.25038792495416
New Jersey,2022-04-25,"Title 16, Chapter 41B",newspaper boxes on state highway right of way,transportation,,Transportation,17700002895,44,2445,41,0,0,3,0,27.0,8.19,50.57471264367817,31.50720949957591
New Jersey,2022-04-25,"Title 16, Chapter 41C",roadside sign control and outdoor advertising,transportation,,Transportation,17700002896,385,16912,349,7,1,9,19,23.0,9.08,27.310924369747895,32.295001878992856
New Jersey,2022-04-25,"Title 16, Chapter 41D",tourist oriented directional signs program,transportation,,Transportation,17700002897,42,5069,23,11,1,0,7,19.0,9.1,28.063241106719367,34.56292763839934
New Jersey,2022-04-25,"Title 16, Chapter 41E",specific service sign logo program,transportation,,Transportation,17700002898,95,6077,76,3,1,1,14,21.0,8.85,31.985294117647054,33.87489154954017
New Jersey,2022-04-25,"Title 16, Chapter 41F",vegetation canopy management,transportation,,Transportation,17700002899,91,4963,81,3,1,1,5,21.0,8.73,14.09090909090909,33.83420593368238
New Jersey,2022-04-25,"Title 16, Chapter 42",sponsorship program,transportation,,Transportation,17700002900,65,3147,62,2,1,0,0,29.0,8.37,20.952380952380956,40.04551451187335
New Jersey,2022-04-25,"Title 16, Chapter 43",junkyards adjacent to the interstate and national highway systems,transportation,,Transportation,17700002901,44,3088,33,4,2,1,4,24.0,8.61,20.0,36.914981145012
New Jersey,2022-04-25,"Title 16, Chapter 44",construction services,transportation,,Transportation,17700002902,179,10658,122,29,4,0,24,25.0,9.27,22.115384615384613,37.0992039800995
New Jersey,2022-04-25,"Title 16, Chapter 44A",contracts for professional services,transportation,,Transportation,17700002903,14,618,13,0,0,0,1,28.0,7.03,23.809523809523807,44.61433447098976
New Jersey,2022-04-25,"Title 16, Chapter 45",contractual claim resolution process and substantial completion,transportation,,Transportation,17700002904,51,3950,24,23,0,0,4,28.0,7.98,32.35294117647059,35.58834339721712
New Jersey,2022-04-25,"Title 16, Chapter 46",drawbridge operations,transportation,,Transportation,17700002905,1,73,1,0,0,0,0,19.0,5.41,0.0,40.37313432835821
New Jersey,2022-04-25,"Title 16, Chapter 47",state highway access management code,transportation,,Transportation,17700002906,1265,96299,993,94,20,10,148,25.0,9.49,19.94428969359332,34.702590862545414
New Jersey,2022-04-25,"Title 16, Chapter 49",transportation of hazardous materials,transportation,,Transportation,17700002907,60,4256,40,9,0,3,8,23.0,9.15,21.022727272727277,37.95570609692548
New Jersey,2022-04-25,"Title 16, Chapter 5",compensation of condemnees for income loss resulting from harvesting of standing crops,transportation,,Transportation,17700002883,8,838,5,3,0,0,0,32.0,7.47,40.0,37.53945666235446
New Jersey,2022-04-25,"Title 16, Chapter 50",smart moves program,transportation,,Transportation,17700002908,81,5754,64,8,0,0,9,25.0,8.6,10.04566210045662,37.39005283293861
New Jersey,2022-04-25,"Title 16, Chapter 51",practices and procedures before the division of inspection services bus unit,transportation,,Transportation,17700002909,246,13487,198,18,1,1,28,28.0,9.24,33.33333333333333,33.32818593043207
New Jersey,2022-04-25,"Title 16, Chapter 52",autobus and trolley,transportation,,Transportation,17700002910,29,902,28,1,0,0,0,34.0,7.42,24.0,34.76190476190476
New Jersey,2022-04-25,"Title 16, Chapter 53",autobuses,transportation,,Transportation,17700002911,1082,30286,1010,1,0,27,44,25.0,8.97,14.960629921259844,34.53856167757371
New Jersey,2022-04-25,"Title 16, Chapter 53A",bus safety compliance oversight enforcement out of service violations and penalties,transportation,,Transportation,17700002912,193,8419,178,7,2,1,5,12.0,8.07,6.598240469208211,31.72792198873781
New Jersey,2022-04-25,"Title 16, Chapter 53B",jurisdictional assignments for railroad overhead bridges,transportation,,Transportation,17700002913,34,2332,30,1,0,0,3,26.0,7.88,26.744186046511626,40.63921747042766
New Jersey,2022-04-25,"Title 16, Chapter 53C",rail freight assistance program,transportation,,Transportation,17700002914,36,3049,33,2,0,0,1,24.0,8.64,16.260162601626014,38.706748886605
New Jersey,2022-04-25,"Title 16, Chapter 53D",zone of rate freedom,transportation,,Transportation,17700002915,7,559,5,0,0,0,2,44.0,6.81,16.666666666666664,32.5175983436853
New Jersey,2022-04-25,"Title 16, Chapter 53E",fixed guideway state safety oversight,transportation,,Transportation,17700002916,63,3098,49,2,2,1,9,25.0,7.96,18.64406779661017,37.25305291723202
New Jersey,2022-04-25,"Title 16, Chapter 54",licensing of aeronautical facilities,transportation,,Transportation,17700002917,277,14623,220,13,3,5,36,21.0,9.28,13.880597014925373,37.80961035184647
New Jersey,2022-04-25,"Title 16, Chapter 55",licensing of aeronautical activities,transportation,,Transportation,17700002918,59,2965,43,8,0,0,8,23.0,8.75,21.6,37.05332856120258
New Jersey,2022-04-25,"Title 16, Chapter 56",airport grant and loan program,transportation,,Transportation,17700002919,54,4733,38,4,1,0,11,25.0,8.79,20.43010752688172,36.60186005314438
New Jersey,2022-04-25,"Title 16, Chapter 59",air meets and exhibitions,transportation,,Transportation,17700002920,18,817,14,2,0,1,1,20.0,7.62,23.07692307692308,37.42894393741852
New Jersey,2022-04-25,"Title 16, Chapter 6",relocation assistance,transportation,,Transportation,17700002884,26,1549,15,5,0,0,6,26.0,8.01,35.714285714285715,36.7859097127223
New Jersey,2022-04-25,"Title 16, Chapter 60",aeronautical investigation and enforcement,transportation,,Transportation,17700002921,24,1830,22,1,0,0,1,27.0,7.99,23.4375,36.87030516431925
New Jersey,2022-04-25,"Title 16, Chapter 62",air safety and zoning,transportation,,Transportation,17700002922,83,5535,61,2,3,12,5,25.0,8.87,16.203703703703702,35.000383729854185
New Jersey,2022-04-25,"Title 16, Chapter 63",i boat nj program,transportation,,Transportation,17700002923,46,3255,32,10,0,0,4,16.0,8.85,7.537688442211055,37.52130727330984
New Jersey,2022-04-25,"Title 16, Chapter 64",rules of the new jersey maritime pilot and docking pilot commission,transportation,,Transportation,17700002924,411,16484,327,12,15,3,54,23.0,9.1,18.4549356223176,33.90832148856441
New Jersey,2022-04-25,"Title 16, Chapter 65",transportation utilities,transportation,,Transportation,17700002925,221,13387,186,13,1,4,17,26.0,9.13,25.203252032520325,34.48821999842408
New Jersey,2022-04-25,"Title 16, Chapter 72",new jersey transit procurement policies and procedures,transportation,,Transportation,17700002926,186,11468,154,9,1,0,22,25.0,9.22,27.3972602739726,34.81441590720795
New Jersey,2022-04-25,"Title 16, Chapter 73",reduced fare transportation program for senior citizens and people with disabilities,transportation,,Transportation,17700002927,12,1794,7,3,0,0,2,31.0,7.86,19.29824561403509,36.56944444444444
New Jersey,2022-04-25,"Title 16, Chapter 76",private carrier capital improvement program,transportation,,Transportation,17700002928,43,2944,36,2,1,0,4,29.0,8.31,16.0,35.74316748423266
New Jersey,2022-04-25,"Title 16, Chapter 77",use or occupancy of nj transit owned property,transportation,,Transportation,17700002929,86,5804,75,1,1,0,9,20.0,8.69,19.272727272727277,33.298814375694704
New Jersey,2022-04-25,"Title 16, Chapter 83",conduct and safety of the public in the use of nj transit equipment and facilities,transportation,,Transportation,17700002930,92,5024,78,8,0,2,4,26.0,8.93,20.634920634920636,36.45527950310559
New Jersey,2022-04-25,"Title 16, Chapter 85",contracting out policies and procedures,transportation,,Transportation,17700002931,41,3106,34,5,0,0,2,26.0,8.26,24.561403508771928,34.86881937436932
New Jersey,2022-04-25,"Title 16, Chapter 86",advertising standards,transportation,,Transportation,17700002932,17,1016,17,0,0,0,0,24.0,7.37,15.0,43.16021505376344
New Jersey,2022-04-25,"Title 16, Chapter 87",proof of payment,transportation,,Transportation,17700002933,17,1357,12,1,0,0,4,30.0,7.66,18.6046511627907,30.74339035769829
New Jersey,2022-04-25,"Title 16, Chapter 89",ferry capital improvement program,transportation,,Transportation,17700002934,37,2295,31,3,1,0,2,24.0,8.28,19.35483870967742,38.683850364963504
New Jersey,2022-04-25,"Title 17, Chapter 1",general administration,treasury general,,Taxes and Public Finance,17700002935,416,29133,276,70,8,3,59,26.0,9.47,26.034958601655934,34.75531837122597
New Jersey,2022-04-25,"Title 17, Chapter 10",judicial retirement system,treasury general,,Taxes and Public Finance,17700002945,101,6440,69,21,1,0,10,25.0,8.56,35.24590163934426,34.535538005923
New Jersey,2022-04-25,"Title 17, Chapter 11",state leasing and space utilization,treasury general,,Taxes and Public Finance,17700002946,130,7421,113,8,0,0,9,24.0,8.74,23.905723905723907,35.93570098811399
New Jersey,2022-04-25,"Title 17, Chapter 12",division of purchase and property procurement bureau contract compliance and audit unit and distribution support services unit,treasury general,,Taxes and Public Finance,17700002947,302,21523,252,17,3,2,28,29.0,9.44,30.428769017980635,36.6522309074137
New Jersey,2022-04-25,"Title 17, Chapter 13",small businesses set aside and veteran owned business registration,treasury general,,Taxes and Public Finance,17700002948,86,6118,73,10,0,0,3,25.0,8.44,18.565400843881857,36.60354622138062
New Jersey,2022-04-25,"Title 17, Chapter 14",disabled veteran owned business registration,treasury general,,Taxes and Public Finance,17700002949,88,5162,77,7,0,0,4,23.0,8.25,22.27488151658768,36.25055566781168
New Jersey,2022-04-25,"Title 17, Chapter 15B",new jersey world war ii memorial,treasury general,,Taxes and Public Finance,17700002950,19,1642,7,2,4,4,2,30.0,8.11,35.84905660377358,32.63683193818416
New Jersey,2022-04-25,"Title 17, Chapter 16",rules of the state investment council,treasury general,,Taxes and Public Finance,17700002951,407,27875,385,7,2,2,11,26.0,8.9,27.54901960784314,35.5937913562975
New Jersey,2022-04-25,"Title 17, Chapter 17",residential housing management board,treasury general,,Taxes and Public Finance,17700002952,55,2071,41,8,0,1,5,25.0,8.01,29.48717948717949,33.62974358974359
New Jersey,2022-04-25,"Title 17, Chapter 18",unclaimed personal property,treasury general,,Taxes and Public Finance,17700002953,91,9044,63,10,2,1,15,27.0,9.25,22.291021671826623,32.540556266728736
New Jersey,2022-04-25,"Title 17, Chapter 19",classification and prequalification of firms,treasury general,,Taxes and Public Finance,17700002954,232,13042,162,38,1,0,31,24.0,9.2,19.31166347992352,37.06775397598182
New Jersey,2022-04-25,"Title 17, Chapter 2",public employees retirement system,treasury general,,Taxes and Public Finance,17700002936,499,31684,380,51,1,2,65,27.0,9.13,28.08888888888889,33.40143332996871
New Jersey,2022-04-25,"Title 17, Chapter 20",rules of the lottery commission,treasury general,,Taxes and Public Finance,17700002955,613,29312,520,39,2,13,39,24.0,9.26,17.36577181208054,34.410905063064995
New Jersey,2022-04-25,"Title 17, Chapter 24",9 1 1 emergency telephone system,treasury general,,Taxes and Public Finance,17700002956,94,6635,80,2,0,0,12,25.0,8.53,23.88663967611336,36.691224454748415
New Jersey,2022-04-25,"Title 17, Chapter 27",equal employment opportunity and affirmative action rules,treasury general,,Taxes and Public Finance,17700002957,211,13584,170,7,1,1,32,31.0,8.67,27.36077481840194,40.90785486753166
New Jersey,2022-04-25,"Title 17, Chapter 28",public employee charitable fund raising campaign,treasury general,,Taxes and Public Finance,17700002958,116,7006,100,6,2,0,8,26.0,8.23,10.588235294117649,39.88112949749507
New Jersey,2022-04-25,"Title 17, Chapter 3",teachers pension and annuity fund,treasury general,,Taxes and Public Finance,17700002937,344,21900,255,37,1,0,51,28.0,9.03,31.28272251308901,33.69590699927343
New Jersey,2022-04-25,"Title 17, Chapter 30",personal use cannabis rules,treasury general,,Taxes and Public Finance,17700002959,970,59734,858,31,13,14,54,20.0,9.52,12.293388429752069,37.87653108595508
New Jersey,2022-04-25,"Title 17, Chapter 30A",medicinal marijuana,treasury general,,Taxes and Public Finance,17700002960,353,18728,319,5,0,7,22,20.0,9.29,12.5,37.95622171945701
New Jersey,2022-04-25,"Title 17, Chapter 33",uniform commercial code filing office procedures,treasury general,,Taxes and Public Finance,17700002961,92,8479,74,7,5,0,6,20.0,8.43,21.852731591448933,31.530455278501428
New Jersey,2022-04-25,"Title 17, Chapter 34",commercial recording publication of bulk access fee schedules,treasury general,,Taxes and Public Finance,17700002962,24,1814,14,9,0,0,1,21.0,7.93,14.814814814814811,34.29367816091954
New Jersey,2022-04-25,"Title 17, Chapter 35",division of revenue and enterprise services,treasury general,,Taxes and Public Finance,17700002963,67,6221,54,10,1,0,2,19.0,8.3,16.831683168316832,33.49635814531889
New Jersey,2022-04-25,"Title 17, Chapter 39",office of the public defender,treasury general,,Taxes and Public Finance,17700002964,2,594,2,0,0,0,0,22.0,7.06,20.0,29.98582995951417
New Jersey,2022-04-25,"Title 17, Chapter 4",police and firemen s retirement system,treasury general,,Taxes and Public Finance,17700002938,372,21429,275,46,1,0,50,26.0,9.35,21.960297766749378,34.93972764367533
New Jersey,2022-04-25,"Title 17, Chapter 40",rules of the governor s council on alcoholism and drug abuse,treasury general,,Taxes and Public Finance,17700002965,76,4204,63,6,0,1,6,21.0,8.44,5.128205128205128,40.61130565282642
New Jersey,2022-04-25,"Title 17, Chapter 41",office of the ombudsperson for the institutionalized elderly practice and procedure rules,treasury general,,Taxes and Public Finance,17700002966,115,7717,103,8,0,0,4,28.0,9.03,27.611940298507463,37.48325487558844
New Jersey,2022-04-25,"Title 17, Chapter 42",offset of state lottery prizes to satisfy overdue child support payments and overpayments in certain public assistance programs,treasury general,,Taxes and Public Finance,17700002967,40,1625,35,1,0,0,4,30.0,7.83,39.21568627450981,30.503050847457622
New Jersey,2022-04-25,"Title 17, Chapter 43",offset of state lottery prizes to satisfy defaulted federal and state student loans,treasury general,,Taxes and Public Finance,17700002968,34,1458,32,2,0,0,0,34.0,7.5,53.65853658536586,31.525461254612548
New Jersey,2022-04-25,"Title 17, Chapter 44",state comptroller,treasury general,,Taxes and Public Finance,17700002969,67,4181,49,0,0,0,18,27.0,8.44,35.57046979865772,39.1239816700611
New Jersey,2022-04-25,"Title 17, Chapter 45",development of small businesses and women and minority businesses,treasury general,,Taxes and Public Finance,17700002970,61,3589,59,1,0,0,1,23.0,8.05,9.803921568627452,39.4467585802288
New Jersey,2022-04-25,"Title 17, Chapter 46",development of minority and women s businesses,treasury general,,Taxes and Public Finance,17700002971,83,5056,67,8,0,0,8,22.0,8.51,18.433179723502302,37.24681463214139
New Jersey,2022-04-25,"Title 17, Chapter 48",centralized non tax debt collection rules,treasury general,,Taxes and Public Finance,17700002972,15,875,10,5,0,0,0,19.0,7.34,26.666666666666668,31.16196319018405
New Jersey,2022-04-25,"Title 17, Chapter 49",public private partnerships rules,treasury general,,Taxes and Public Finance,17700002973,530,32386,460,21,0,0,49,23.0,8.89,16.28252788104089,37.90013892029852
New Jersey,2022-04-25,"Title 17, Chapter 4A",police and firemen s retirement system investment rules,treasury general,,Taxes and Public Finance,17700002939,289,23593,269,6,2,2,10,29.0,8.66,35.56701030927835,36.62975609756098
New Jersey,2022-04-25,"Title 17, Chapter 5",state police retirement system,treasury general,,Taxes and Public Finance,17700002940,165,10465,96,36,1,0,32,28.0,8.99,30.601092896174865,35.461630695443645
New Jersey,2022-04-25,"Title 17, Chapter 50",notary public rules,treasury general,,Taxes and Public Finance,17700002974,103,7299,75,8,6,3,11,22.0,8.75,17.041800643086816,35.58026828212895
New Jersey,2022-04-25,"Title 17, Chapter 6",defined contribution retirement program,treasury general,,Taxes and Public Finance,17700002941,292,23973,218,19,4,2,49,31.0,9.14,42.10526315789473,37.22894876794894
New Jersey,2022-04-25,"Title 17, Chapter 7",alternate benefit program,treasury general,,Taxes and Public Finance,17700002942,534,40811,395,36,11,4,88,31.0,9.36,37.50966744006188,35.67179980750722
New Jersey,2022-04-25,"Title 17, Chapter 8",supplemental annuity collective trust program,treasury general,,Taxes and Public Finance,17700002943,91,4665,76,7,5,0,3,29.0,8.18,25.477707006369428,34.90490107913669
New Jersey,2022-04-25,"Title 17, Chapter 9",state health benefits program,treasury general,,Taxes and Public Finance,17700002944,406,28015,279,67,3,2,55,26.0,9.27,27.72946859903382,35.01322862262209
New Jersey,2022-04-25,"Title 18, Chapter 1",organization of the division of taxation,treasury taxation,,Taxes and Public Finance,17700002975,23,1602,19,1,0,0,3,23.0,7.75,12.12121212121212,34.32993197278912
New Jersey,2022-04-25,"Title 18, Chapter 12",local property tax general,treasury taxation,,Taxes and Public Finance,17700002982,121,7658,98,7,1,0,15,20.0,9.3,16.032608695652172,35.01089081262217
New Jersey,2022-04-25,"Title 18, Chapter 12A",county boards of taxation,treasury taxation,,Taxes and Public Finance,17700002983,283,11544,231,40,0,0,12,25.0,8.95,25.675675675675677,31.99512987012987
New Jersey,2022-04-25,"Title 18, Chapter 14",senior citizens disabled persons surviving spouses civil union partners deduction,treasury taxation,,Taxes and Public Finance,17700002984,95,6596,65,17,3,0,10,36.0,8.41,50.282485875706215,29.91230842155159
New Jersey,2022-04-25,"Title 18, Chapter 15",farmland assessment act,treasury taxation,,Taxes and Public Finance,17700002985,145,17952,52,56,6,0,31,27.0,9.15,24.328593996840443,33.21384697954559
New Jersey,2022-04-25,"Title 18, Chapter 16A",controlling interest transfer tax,treasury taxation,,Taxes and Public Finance,17700002986,11,2402,7,4,0,0,0,25.0,7.77,29.347826086956523,32.87809266756635
New Jersey,2022-04-25,"Title 18, Chapter 17",assessor qualification law,treasury taxation,,Taxes and Public Finance,17700002987,74,4820,37,24,0,0,13,21.0,8.65,14.678899082568808,38.10162067455103
New Jersey,2022-04-25,"Title 18, Chapter 17A",county tax assessor pilot program under pl 2009 c 118,treasury taxation,,Taxes and Public Finance,17700002988,61,3346,51,8,0,0,2,23.0,7.8,13.333333333333334,33.90113821138211
New Jersey,2022-04-25,"Title 18, Chapter 18",motor fuel tax,treasury taxation,,Taxes and Public Finance,17700002989,161,10692,70,53,1,0,37,26.0,9.1,16.957605985037407,29.96641160687668
New Jersey,2022-04-25,"Title 18, Chapter 18A",petroleum gross receipts tax,treasury taxation,,Taxes and Public Finance,17700002990,41,3678,28,9,1,0,3,24.0,8.56,22.0,32.36129401660464
New Jersey,2022-04-25,"Title 18, Chapter 19",motor fuels retail sales,treasury taxation,,Taxes and Public Finance,17700002991,84,5907,38,33,0,2,11,30.0,8.85,21.92513368983957,27.80707208082378
New Jersey,2022-04-25,"Title 18, Chapter 2",general policies and procedures,treasury taxation,,Taxes and Public Finance,17700002976,231,23600,82,67,6,0,76,29.0,9.29,28.06573957016435,32.372995856602415
New Jersey,2022-04-25,"Title 18, Chapter 22",public utility tax water and sewerage,treasury taxation,,Taxes and Public Finance,17700002992,38,3420,27,7,0,0,4,28.0,7.97,15.929203539823009,28.090650663297534
New Jersey,2022-04-25,"Title 18, Chapter 23",railroad property tax,treasury taxation,,Taxes and Public Finance,17700002993,52,6497,33,10,0,1,8,32.0,8.52,22.105263157894736,31.76346217376941
New Jersey,2022-04-25,"Title 18, Chapter 23A",tax maps,treasury taxation,,Taxes and Public Finance,17700002994,164,7091,124,29,0,0,11,20.0,8.74,23.809523809523807,29.30126467931346
New Jersey,2022-04-25,"Title 18, Chapter 24",sales and use tax act,treasury taxation,,Taxes and Public Finance,17700002995,351,56580,122,120,13,1,95,20.0,10.04,20.147058823529413,34.0659561293228
New Jersey,2022-04-25,"Title 18, Chapter 24A",sales and use tax review commission,treasury taxation,,Taxes and Public Finance,17700002996,16,1098,15,1,0,0,0,29.0,7.48,25.0,32.16883116883117
New Jersey,2022-04-25,"Title 18, Chapter 24B",streamlined sales and use tax rules and procedures,treasury taxation,,Taxes and Public Finance,17700002997,54,3335,37,2,0,1,14,27.0,8.15,25.0,33.726765799256505
New Jersey,2022-04-25,"Title 18, Chapter 25",luxury tax,treasury taxation,,Taxes and Public Finance,17700002998,2,1335,2,0,0,0,0,20.0,7.46,12.307692307692308,27.57692307692308
New Jersey,2022-04-25,"Title 18, Chapter 26",transfer inheritance and estate tax,treasury taxation,,Taxes and Public Finance,17700002999,234,39847,49,95,8,1,81,33.0,9.18,39.49652777777778,29.93469030306247
New Jersey,2022-04-25,"Title 18, Chapter 27",250 00 property tax deduction for veterans surviving spouses of veterans surviving spouses of service persons surviving civil union partners of veterans surviving civil union partners of service persons surviving registered domestic partners of veterans and surviving registered domestic partners of service persons,treasury taxation,,Taxes and Public Finance,17700003000,41,5426,19,16,0,0,6,23.0,8.65,17.410714285714285,33.07757767662775
New Jersey,2022-04-25,"Title 18, Chapter 28",real property tax exemption for permanently and totally disabled war veterans or surviving spouses surviving civil union partners or surviving domestic partners of disabled war veterans and surviving spouses surviving civil union partners or surviving domestic partners of servicepersons,treasury taxation,,Taxes and Public Finance,17700003001,35,4951,7,22,0,0,6,21.0,8.49,19.63470319634703,33.64018485915493
New Jersey,2022-04-25,"Title 18, Chapter 29",homestead property rebate,treasury taxation,,Taxes and Public Finance,17700003002,8,464,7,1,0,0,0,21.0,7.13,14.285714285714285,32.908256880733944
New Jersey,2022-04-25,"Title 18, Chapter 3",alcoholic beverage tax act state licensees,treasury taxation,,Taxes and Public Finance,17700002977,146,25705,48,41,3,0,54,29.0,8.49,27.2196261682243,30.90526534859521
New Jersey,2022-04-25,"Title 18, Chapter 31",office of criminal investigation,treasury taxation,,Taxes and Public Finance,17700003003,4,506,3,0,0,0,1,27.0,6.98,5.555555555555555,42.43605870020964
New Jersey,2022-04-25,"Title 18, Chapter 32",conferences and appeals,treasury taxation,,Taxes and Public Finance,17700003004,61,2503,34,5,0,0,22,27.0,7.97,35.16483516483517,32.552251486830926
New Jersey,2022-04-25,"Title 18, Chapter 33",closing agreements and compromises,treasury taxation,,Taxes and Public Finance,17700003005,28,1975,22,3,0,0,3,32.0,7.87,38.333333333333336,33.43060686015831
New Jersey,2022-04-25,"Title 18, Chapter 35",new jersey gross income tax,treasury taxation,,Taxes and Public Finance,17700003006,565,54724,314,141,7,6,97,27.0,9.28,19.052470708099847,33.2207015572323
New Jersey,2022-04-25,"Title 18, Chapter 37",spill compensation and control tax,treasury taxation,,Taxes and Public Finance,17700003007,8,797,7,1,0,0,0,34.0,7.07,39.130434782608695,31.835309617918316
New Jersey,2022-04-25,"Title 18, Chapter 38",litter control fee,treasury taxation,,Taxes and Public Finance,17700003008,11,4341,1,5,0,0,5,25.0,8.37,12.048192771084338,33.6180966469428
New Jersey,2022-04-25,"Title 18, Chapter 39",tax amnesty 2018,treasury taxation,,Taxes and Public Finance,17700003009,9,2017,2,4,0,0,3,26.0,7.54,28.000000000000004,30.02528977871444
New Jersey,2022-04-25,"Title 18, Chapter 40",domestic security fee,treasury taxation,,Taxes and Public Finance,17700003010,22,4313,9,10,0,0,3,26.0,7.86,23.270440251572328,28.54185022026432
New Jersey,2022-04-25,"Title 18, Chapter 41",historic site real property tax exemptions under pl 2007 c 157,treasury taxation,,Taxes and Public Finance,17700003011,49,3171,40,5,0,0,4,33.0,8.06,30.434782608695656,33.821978774392335
New Jersey,2022-04-25,"Title 18, Chapter 5",cigarette tax act rules,treasury taxation,,Taxes and Public Finance,17700002978,198,14106,69,58,3,1,67,26.0,8.94,19.498069498069498,32.963434987103625
New Jersey,2022-04-25,"Title 18, Chapter 6",unfair cigarette sales act rules,treasury taxation,,Taxes and Public Finance,17700002979,56,3964,12,12,6,9,17,31.0,8.32,17.88617886178862,33.89500537056928
New Jersey,2022-04-25,"Title 18, Chapter 7",corporation business tax act,treasury taxation,,Taxes and Public Finance,17700002980,694,78593,388,173,22,2,109,24.0,9.7,21.563517915309447,32.46805291965784
New Jersey,2022-04-25,"Title 18, Chapter 9",uniform transitional utility assessment,treasury taxation,,Taxes and Public Finance,17700002981,2,342,1,1,0,0,0,33.0,6.68,0.0,31.455128205128204
New Jersey,2022-04-25,Title 19,other agencies,other agencies,,Administration,17700003056,582,34876,475,15,0,22,70,23.0,9.57,18.972602739726028,35.7978978138508
New Jersey,2022-04-25,"Title 19, Chapter 10",definitions service construction,other agencies,,Administration,17700003021,53,3916,45,3,0,0,5,24.0,8.51,18.954248366013072,36.046070460704605
New Jersey,2022-04-25,"Title 19, Chapter 11",representation procedures,other agencies,,Administration,17700003022,218,10361,194,17,4,0,3,26.0,8.49,22.448979591836736,36.72023991054184
New Jersey,2022-04-25,"Title 19, Chapter 12",negotiations and impasse procedures mediation fact finding super conciliation grievance arbitration special disciplinary arbitration binding arbitration to review impasses over employee organization access to employees and notice of subcontracting,other agencies,,Administration,17700003023,206,8108,187,4,2,0,13,25.0,8.62,20.588235294117645,36.86596736596736
New Jersey,2022-04-25,"Title 19, Chapter 12A",super conciliation health benefits plan design and pension committees,other agencies,,Administration,17700003024,32,1567,30,1,0,0,1,23.0,7.91,12.307692307692308,39.02113156100887
New Jersey,2022-04-25,"Title 19, Chapter 13",scope of negotiations proceedings,other agencies,,Administration,17700003025,55,2872,52,0,0,0,3,28.0,8.0,17.17171717171717,36.22056142909224
New Jersey,2022-04-25,"Title 19, Chapter 14",unfair practice proceedings,other agencies,,Administration,17700003026,181,7618,173,5,3,0,0,29.0,8.2,34.12698412698413,32.31408585927856
New Jersey,2022-04-25,"Title 19, Chapter 15",subpoenas,other agencies,,Administration,17700003027,9,607,9,0,0,0,0,30.0,6.49,0.0,32.39153439153439
New Jersey,2022-04-25,"Title 19, Chapter 16",negotiations impasse procedures and compulsory interest arbitration of labor disputes in public fire and police departments,other agencies,,Administration,17700003028,256,10450,227,13,0,0,16,22.0,8.88,14.660831509846828,36.03696596303404
New Jersey,2022-04-25,"Title 19, Chapter 17",public employment relations commission appeal board,other agencies,,Administration,17700003029,27,1645,24,0,1,0,2,36.0,7.36,20.930232558139537,35.27642810242941
New Jersey,2022-04-25,"Title 19, Chapter 18",contested transfer determinations,other agencies,,Administration,17700003030,60,2298,60,0,0,0,0,27.0,7.75,19.753086419753085,34.12174721189591
New Jersey,2022-04-25,"Title 19, Chapter 2",atlantic city expressway,other agencies,,Administration,17700003012,194,9730,153,6,2,16,17,27.0,9.39,32.65895953757225,34.18781229632848
New Jersey,2022-04-25,"Title 19, Chapter 20",new jersey sports and exposition authority,other agencies,,Administration,17700003031,23,933,21,1,0,0,1,27.0,7.33,24.24242424242424,41.88095238095238
New Jersey,2022-04-25,"Title 19, Chapter 25",regulations of the election law enforcement commission,other agencies,,Administration,17700003032,1600,96902,1300,101,16,15,168,36.0,9.07,23.346153846153847,37.78038445071412
New Jersey,2022-04-25,"Title 19, Chapter 3",administration,other agencies,,Administration,17700003015,183,9013,167,3,1,3,9,25.0,9.11,21.114369501466275,37.05582668729913
New Jersey,2022-04-25,"Title 19, Chapter 30",administrative rules,other agencies,,Administration,17700003033,167,13350,137,12,0,3,15,28.0,9.38,24.561403508771928,39.14046822742475
New Jersey,2022-04-25,"Title 19, Chapter 31",authority assistance programs,other agencies,,Administration,17700003034,2943,205644,2479,140,11,0,313,27.0,9.71,22.421400992829565,34.70896262473916
New Jersey,2022-04-25,"Title 19, Chapter 31C",fort monmouth economic revitalization authority,other agencies,,Administration,17700003035,1078,67908,904,21,4,10,139,24.0,10.38,19.566813509544787,36.047332370918696
New Jersey,2022-04-25,"Title 19, Chapter 32",school facilities projects section 15 grant procedures,other agencies,,Administration,17700003036,233,10834,200,4,1,0,28,27.0,8.76,19.638242894056848,36.78051161882445
New Jersey,2022-04-25,"Title 19, Chapter 32A",procedures for compliance with alyssa s law,other agencies,,Administration,17700003037,35,2455,29,4,0,0,2,29.0,7.46,23.75,36.14877102199224
New Jersey,2022-04-25,"Title 19, Chapter 33",requests for access to government records,other agencies,,Administration,17700003038,106,4681,88,4,0,0,14,27.0,8.57,29.01234567901235,35.031664046710084
New Jersey,2022-04-25,"Title 19, Chapter 34",preconstruction activities,other agencies,,Administration,17700003039,107,7666,81,2,0,0,24,31.0,8.67,22.5,42.07563368765331
New Jersey,2022-04-25,"Title 19, Chapter 34A",section 13 a delegation agreement,other agencies,,Administration,17700003040,179,8637,152,3,1,0,23,30.0,8.51,24.113475177304963,37.94750335734343
New Jersey,2022-04-25,"Title 19, Chapter 34B",section 13e delegation of school facilities projects,other agencies,,Administration,17700003041,276,14616,238,4,1,1,32,31.0,8.69,23.63238512035011,37.96110754299579
New Jersey,2022-04-25,"Title 19, Chapter 35",disposition of surplus real and personal property of the new jersey schools development authority,other agencies,,Administration,17700003042,183,13158,157,9,0,0,17,29.0,8.42,28.4037558685446,33.19932837610938
New Jersey,2022-04-25,"Title 19, Chapter 36",procurement of design build contracts,other agencies,,Administration,17700003043,127,8948,90,19,0,0,18,27.0,8.77,18.238993710691823,38.35703514673472
New Jersey,2022-04-25,"Title 19, Chapter 37",procedures for undertaking under 55 percent districts school facilities projects,other agencies,,Administration,17700003044,127,7614,94,3,0,0,30,35.0,8.18,28.09523809523809,38.92209059233449
New Jersey,2022-04-25,"Title 19, Chapter 38",procedures for low bid procurement of construction contracts for school facilities projects,other agencies,,Administration,17700003045,100,5830,59,17,3,0,21,26.0,8.53,29.545454545454547,34.93993186300879
New Jersey,2022-04-25,"Title 19, Chapter 38A",procedures for prequalification of contractors and professional services consultants for the new jersey schools construction program,other agencies,,Administration,17700003046,102,6784,53,15,5,0,29,26.0,9.04,21.65354330708661,39.385329619312905
New Jersey,2022-04-25,"Title 19, Chapter 38B",procedures for price and other factors procurement of construction contracts for new school facilities projects,other agencies,,Administration,17700003047,159,8674,118,20,2,0,19,26.0,8.89,19.817073170731707,37.18725775193799
New Jersey,2022-04-25,"Title 19, Chapter 38C",procurement of architects engineers land surveyors and other professional services consultants,other agencies,,Administration,17700003048,135,8132,106,14,0,0,15,25.0,8.73,19.86970684039088,39.08827353094124
New Jersey,2022-04-25,"Title 19, Chapter 38D",procurement of goods and services,other agencies,,Administration,17700003049,109,6286,82,10,0,0,17,25.0,8.61,23.236514522821576,35.58581775307394
New Jersey,2022-04-25,"Title 19, Chapter 39",equal employment opportunity and affirmative action rules,other agencies,,Administration,17700003050,49,4066,40,3,0,0,6,29.0,8.47,22.55639097744361,39.32241153342071
New Jersey,2022-04-25,"Title 19, Chapter 4",district zoning regulations,other agencies,,Administration,17700003016,1541,68984,1354,6,4,12,165,19.0,10.01,13.096940234486704,35.391410074214434
New Jersey,2022-04-25,"Title 19, Chapter 40A",general provisions,other agencies,,Administration,17700003051,173,7854,154,2,0,5,12,28.0,8.92,25.925925925925924,36.48022675124848
New Jersey,2022-04-25,"Title 19, Chapter 41A",applications for key employee license,other agencies,,Administration,17700003052,101,6585,75,2,2,0,22,24.0,8.68,19.318181818181817,36.8158109209454
New Jersey,2022-04-25,"Title 19, Chapter 43A",casino licensees,other agencies,,Administration,17700003053,55,2403,49,0,0,0,6,41.0,7.89,31.57894736842105,34.835592479230435
New Jersey,2022-04-25,"Title 19, Chapter 5",subdivision regulations,other agencies,,Administration,17700003017,284,10048,227,0,0,1,56,22.0,8.95,22.095671981776764,36.42870905587669
New Jersey,2022-04-25,"Title 19, Chapter 6",building code,other agencies,,Administration,17700003018,644,22787,574,2,3,0,65,28.0,9.57,34.49564134495641,31.684712338960978
New Jersey,2022-04-25,"Title 19, Chapter 61",state ethics commission,other agencies,,Administration,17700003054,212,12482,153,33,3,4,19,27.0,9.3,24.37923250564334,36.17750836120401
New Jersey,2022-04-25,"Title 19, Chapter 66",casino reinvestment development authority tourism district land development rules,other agencies,,Administration,17700003055,835,41197,673,30,3,12,117,21.0,10.04,14.475703324808183,35.348958733574115
New Jersey,2022-04-25,"Title 19, Chapter 7",district transportation plan rules,other agencies,,Administration,17700003019,171,6217,160,0,0,0,11,19.0,8.7,7.547169811320755,36.61229314420804
New Jersey,2022-04-25,"Title 19, Chapter 75",south jersey transportation authority rules of operation,other agencies,,Administration,17700003013,211,10743,193,4,1,0,13,23.0,8.72,12.5,35.63590604026846
New Jersey,2022-04-25,"Title 19, Chapter 76",rules of operation for atlantic city international airport,other agencies,,Administration,17700003014,609,21275,544,24,0,18,23,25.0,9.69,22.64600715137068,34.68166275889019
New Jersey,2022-04-25,"Title 19, Chapter 9",new jersey turnpike authority,other agencies,,Administration,17700003020,676,37883,570,33,3,26,44,25.0,10.04,26.841018582243635,34.617063107468226
New Jersey,2022-04-25,"Title 19K, Chapter 40A",general provisions,casino control commission casino reinvestment development authority,,"Industry, Commerce, and Development",17700003057,4,165,4,0,0,0,0,40.0,5.32,,33.82389937106918
New Jersey,2022-04-25,"Title 19K, Chapter 42A",hearings and appeals,casino control commission casino reinvestment development authority,,"Industry, Commerce, and Development",17700003058,69,3936,65,1,0,0,3,26.0,8.11,17.80821917808219,33.55764513491415
New Jersey,2022-04-25,"Title 19K, Chapter 65",casino reinvestment development authority,casino control commission casino reinvestment development authority,,"Industry, Commerce, and Development",17700003059,244,15743,224,7,1,0,12,29.0,9.12,24.66281310211946,35.994026043764265
New Jersey,2022-04-25,"Title 1, Chapter 1",uniform administrative procedure rules,administrative law,,Administration,17700002057,705,35887,573,52,27,8,45,27.0,9.45,37.38244514106583,34.84415243866908
New Jersey,2022-04-25,"Title 1, Chapter 10",family development hearings,administrative law,,Administration,17700002062,52,1811,47,3,1,0,1,18.0,7.5,18.27956989247312,32.717902350813745
New Jersey,2022-04-25,"Title 1, Chapter 10A",department of children and families hearings,administrative law,,Administration,17700002063,23,1128,23,0,0,0,0,43.0,7.35,36.0,34.60731021555764
New Jersey,2022-04-25,"Title 1, Chapter 10B",division of medical assistance and health services applicant recipient hearings,administrative law,,Administration,17700002064,23,811,19,3,1,0,0,23.0,7.35,27.27272727272727,34.53020134228188
New Jersey,2022-04-25,"Title 1, Chapter 11",insurance filing hearings,administrative law,,Administration,17700002065,10,334,10,0,0,0,0,21.0,6.55,20.0,31.429936305732483
New Jersey,2022-04-25,"Title 1, Chapter 12",unemployment benefit state plan temporary disability and state plan family leave insurance cases,administrative law,,Administration,17700002066,109,4340,104,3,0,0,2,27.0,7.97,19.745222929936308,31.11231101511879
New Jersey,2022-04-25,"Title 1, Chapter 12A",private plan temporary disability and private plan family leave insurance cases,administrative law,,Administration,17700002067,35,1478,34,0,0,0,1,31.0,7.62,23.91304347826087,31.812142857142856
New Jersey,2022-04-25,"Title 1, Chapter 13",motor vehicle commission cases,administrative law,,Administration,17700002068,14,597,14,0,0,0,0,24.0,6.71,50.0,33.39619047619048
New Jersey,2022-04-25,"Title 1, Chapter 13A",division of consumer affairs lemon law hearings,administrative law,,Administration,17700002069,40,1126,34,3,1,0,2,24.0,7.41,32.55813953488372,32.883
New Jersey,2022-04-25,"Title 1, Chapter 14",board of public utilities,administrative law,,Administration,17700002070,24,1166,21,0,0,0,3,27.0,7.48,30.0,32.23921200750469
New Jersey,2022-04-25,"Title 1, Chapter 19",casino control commission,administrative law,,Administration,17700002071,37,2101,37,0,0,0,0,23.0,7.87,25.0,33.44796619123085
New Jersey,2022-04-25,"Title 1, Chapter 20",hearings before the public employment relations appeal board,administrative law,,Administration,17700002072,37,1921,34,0,0,0,3,24.0,7.51,17.333333333333336,34.20934158694429
New Jersey,2022-04-25,"Title 1, Chapter 21",trade secret claims,administrative law,,Administration,17700002073,28,1221,24,1,2,0,1,26.0,7.31,33.33333333333333,34.648228176318064
New Jersey,2022-04-25,"Title 1, Chapter 30",rules for agency rulemaking,administrative law,,Administration,17700002074,311,15430,280,10,2,0,19,23.0,8.7,19.25465838509317,33.23432365826944
New Jersey,2022-04-25,"Title 1, Chapter 31",organization of the office of administrative law,administrative law,,Administration,17700002075,50,2893,49,0,0,0,1,21.0,8.25,26.15384615384616,36.3547434477667
New Jersey,2022-04-25,"Title 1, Chapter 4A",civil service commission hearings,administrative law,,Administration,17700002058,15,541,14,0,0,0,1,17.0,7.05,25.0,32.43877551020408
New Jersey,2022-04-25,"Title 1, Chapter 4B",civil service commission law enforcement officer and firefighter cases,administrative law,,Administration,17700002059,29,1451,18,9,0,0,2,29.0,8.11,41.66666666666667,35.90989660265879
New Jersey,2022-04-25,"Title 1, Chapter 6A",special education program,administrative law,,Administration,17700002060,56,2485,52,1,3,0,0,25.0,7.99,31.57894736842105,33.08278867102396
New Jersey,2022-04-25,"Title 1, Chapter 6B",department of education tenure hearings,administrative law,,Administration,17700002061,18,792,17,1,0,0,0,28.0,7.34,40.74074074074074,34.29737206085754
New Jersey,2022-04-25,"Title 2, Chapter 1",administration,agriculture,,"Industry, Commerce, and Development",17700002076,69,5200,62,0,0,3,4,23.0,8.67,15.068493150684931,37.77424680148576
New Jersey,2022-04-25,"Title 2, Chapter 10",laboratory services,agriculture,,"Industry, Commerce, and Development",17700002083,10,1798,8,0,0,0,2,14.0,8.38,5.833333333333333,41.42757306226175
New Jersey,2022-04-25,"Title 2, Chapter 16",certification,agriculture,,"Industry, Commerce, and Development",17700002084,184,8667,171,4,0,1,8,20.0,8.85,11.707317073170731,37.08502586098145
New Jersey,2022-04-25,"Title 2, Chapter 17",importation of plants and plant material,agriculture,,"Industry, Commerce, and Development",17700002085,49,1795,47,2,0,0,0,19.0,7.5,3.333333333333333,34.95850379894798
New Jersey,2022-04-25,"Title 2, Chapter 18",nursery inspection fees,agriculture,,"Industry, Commerce, and Development",17700002086,18,948,18,0,0,0,0,32.0,7.47,21.428571428571427,34.00337457817773
New Jersey,2022-04-25,"Title 2, Chapter 19",sale and distribution of plants and plant material,agriculture,,"Industry, Commerce, and Development",17700002087,3,416,0,3,0,0,0,50.0,6.26,25.0,32.53
New Jersey,2022-04-25,"Title 2, Chapter 2",disease control program,agriculture,,"Industry, Commerce, and Development",17700002077,192,7977,161,23,0,0,8,26.0,9.15,18.27586206896552,36.949618116039126
New Jersey,2022-04-25,"Title 2, Chapter 20",quarantines,agriculture,,"Industry, Commerce, and Development",17700002088,122,7551,101,7,0,7,7,24.0,9.01,17.627118644067796,36.53043842502095
New Jersey,2022-04-25,"Title 2, Chapter 21",seed control,agriculture,,"Industry, Commerce, and Development",17700002089,88,6699,70,5,0,4,9,12.0,9.93,8.317214700193423,38.125429834616014
New Jersey,2022-04-25,"Title 2, Chapter 23",lymantria dispar dispar,agriculture,,"Industry, Commerce, and Development",17700002090,18,1182,13,2,0,0,3,17.0,7.92,10.606060606060606,38.3084714548803
New Jersey,2022-04-25,"Title 2, Chapter 24",diseases of bees and beekeeping activities,agriculture,,"Industry, Commerce, and Development",17700002091,126,6398,100,16,1,0,9,21.0,9.02,22.866894197952217,35.193928334439285
New Jersey,2022-04-25,"Title 2, Chapter 3",livestock and poultry importation,agriculture,,"Industry, Commerce, and Development",17700002078,134,6933,111,13,0,3,7,23.0,8.42,14.642857142857144,34.85947815152468
New Jersey,2022-04-25,"Title 2, Chapter 31",charity racing day fund distribution,agriculture,,"Industry, Commerce, and Development",17700002092,14,660,13,0,0,0,1,27.0,7.0,0.0,36.45800316957211
New Jersey,2022-04-25,"Title 2, Chapter 32",sire stakes program,agriculture,,"Industry, Commerce, and Development",17700002093,102,5722,68,27,2,0,5,26.0,8.48,21.5311004784689,29.44359214218896
New Jersey,2022-04-25,"Title 2, Chapter 32A",new jersey standardbred development fund conditions,agriculture,,"Industry, Commerce, and Development",17700002094,60,3495,36,19,2,0,3,24.0,8.11,24.087591240875916,31.95696280356594
New Jersey,2022-04-25,"Title 2, Chapter 33",agricultural fairs,agriculture,,"Industry, Commerce, and Development",17700002095,14,656,12,1,0,0,1,18.0,7.51,11.11111111111111,40.909385113268605
New Jersey,2022-04-25,"Title 2, Chapter 34",equine advisory board,agriculture,,"Industry, Commerce, and Development",17700002096,39,2089,18,19,0,0,2,19.0,7.85,13.084112149532707,28.40771895101435
New Jersey,2022-04-25,"Title 2, Chapter 35",collection of promotion taxes,agriculture,,"Industry, Commerce, and Development",17700002097,6,396,6,0,0,0,0,28.0,6.18,23.07692307692308,28.226361031518625
New Jersey,2022-04-25,"Title 2, Chapter 35A",new jersey wine promotion account grants program,agriculture,,"Industry, Commerce, and Development",17700002098,27,1666,24,1,1,0,1,25.0,7.99,6.25,37.329040566645205
New Jersey,2022-04-25,"Title 2, Chapter 36",child nutrition programs,agriculture,,"Industry, Commerce, and Development",17700002099,55,3195,39,11,0,0,5,27.0,8.24,7.017543859649122,35.40685296074518
New Jersey,2022-04-25,"Title 2, Chapter 48",general provisions,agriculture,,"Industry, Commerce, and Development",17700002100,16,993,13,3,0,0,0,35.0,7.71,40.74074074074074,33.37662337662338
New Jersey,2022-04-25,"Title 2, Chapter 5",quarantines and embargoes on animals,agriculture,,"Industry, Commerce, and Development",17700002079,47,2424,40,7,0,0,0,24.0,8.24,19.587628865979383,34.58210251954822
New Jersey,2022-04-25,"Title 2, Chapter 50",producers,agriculture,,"Industry, Commerce, and Development",17700002101,79,3400,57,7,0,0,15,27.0,8.49,15.254237288135592,32.88392857142857
New Jersey,2022-04-25,"Title 2, Chapter 52",processors dealers and subdealers,agriculture,,"Industry, Commerce, and Development",17700002102,66,3382,49,6,0,1,10,29.0,8.46,40.0,33.85286859962986
New Jersey,2022-04-25,"Title 2, Chapter 53",stores,agriculture,,"Industry, Commerce, and Development",17700002103,28,1420,22,2,0,1,3,34.0,7.65,39.02439024390244,31.16974169741697
New Jersey,2022-04-25,"Title 2, Chapter 55",school milk purchase regulations,agriculture,,"Industry, Commerce, and Development",17700002104,29,1483,23,2,1,0,3,33.0,7.41,9.30232558139535,30.034508076358296
New Jersey,2022-04-25,"Title 2, Chapter 56",dairy licensing fees and penalties,agriculture,,"Industry, Commerce, and Development",17700002105,21,700,19,0,0,0,2,21.0,6.74,10.344827586206897,24.83623693379791
New Jersey,2022-04-25,"Title 2, Chapter 6",biological products for diagnostic or therapeutic purposes,agriculture,,"Industry, Commerce, and Development",17700002080,8,785,8,0,0,0,0,18.0,7.52,14.285714285714285,37.781893004115226
New Jersey,2022-04-25,"Title 2, Chapter 68",commercial feeding stuffs,agriculture,,"Industry, Commerce, and Development",17700002106,2,574,1,0,0,1,0,15.0,6.91,0.0,43.38627450980392
New Jersey,2022-04-25,"Title 2, Chapter 69",commercial fertilizers and soil conditioners,agriculture,,"Industry, Commerce, and Development",17700002107,51,2470,44,4,0,0,3,24.0,8.59,32.6530612244898,34.52409920449228
New Jersey,2022-04-25,"Title 2, Chapter 70",agricultural liming materials,agriculture,,"Industry, Commerce, and Development",17700002108,9,410,7,1,1,0,0,37.0,6.01,,33.14769230769231
New Jersey,2022-04-25,"Title 2, Chapter 71",grades and standards,agriculture,,"Industry, Commerce, and Development",17700002109,723,25046,594,85,3,12,29,18.0,9.63,8.249807247494218,32.76114486181227
New Jersey,2022-04-25,"Title 2, Chapter 72",bonding requirements of commission merchants dealers brokers and agents,agriculture,,"Industry, Commerce, and Development",17700002110,35,1538,28,3,0,0,4,22.0,7.42,22.058823529411764,33.43564356435643
New Jersey,2022-04-25,"Title 2, Chapter 74",controlled atmosphere storages,agriculture,,"Industry, Commerce, and Development",17700002111,33,1373,28,1,0,0,4,33.0,7.49,50.0,32.93836671802774
New Jersey,2022-04-25,"Title 2, Chapter 76",state agriculture development committee,agriculture,,"Industry, Commerce, and Development",17700002112,1636,89242,1456,69,11,13,87,22.0,9.85,18.580645161290324,36.90226833976834
New Jersey,2022-04-25,"Title 2, Chapter 77",transfer of development rights,agriculture,,"Industry, Commerce, and Development",17700002113,136,7895,117,5,0,0,14,18.0,8.72,20.74074074074074,37.29058758006126
New Jersey,2022-04-25,"Title 2, Chapter 78",new jersey organic certification program,agriculture,,"Industry, Commerce, and Development",17700002114,90,5651,49,33,0,4,4,21.0,8.56,13.2,37.36663964329145
New Jersey,2022-04-25,"Title 2, Chapter 8",humane treatment of domestic livestock,agriculture,,"Industry, Commerce, and Development",17700002081,303,16384,195,94,2,4,8,20.0,9.68,17.10362047440699,35.37491127314964
New Jersey,2022-04-25,"Title 2, Chapter 89",aquaculture development,agriculture,,"Industry, Commerce, and Development",17700002115,73,6380,39,7,0,0,27,18.0,9.4,12.921348314606742,35.53663034367142
New Jersey,2022-04-25,"Title 2, Chapter 9",avian influenza,agriculture,,"Industry, Commerce, and Development",17700002082,137,6151,79,46,2,0,10,23.0,8.54,17.17557251908397,36.92631939684716
New Jersey,2022-04-25,"Title 2, Chapter 90",state soil conservation committee,agriculture,,"Industry, Commerce, and Development",17700002116,306,18068,235,48,1,0,22,21.0,9.52,20.34104750304507,39.21954781795876
New Jersey,2022-04-25,"Title 2, Chapter 91",animal waste management,agriculture,,"Industry, Commerce, and Development",17700002117,172,21471,93,15,4,0,60,21.0,10.03,11.782178217821782,38.695354334507215
New Jersey,2022-04-25,"Title 2, Chapter 92",agricultural development in the highlands,agriculture,,"Industry, Commerce, and Development",17700002118,47,2955,43,4,0,0,0,20.0,8.53,13.286713286713288,38.66618859806382
New Jersey,2022-04-25,"Title 3A, Chapter 1",organization of the department of children and families,children and families,,Social Assistance,17700002155,1,293,1,0,0,0,0,13.0,6.56,0.0,36.58893280632411
New Jersey,2022-04-25,"Title 3A, Chapter 10",child protection investigations,children and families,,Social Assistance,17700002160,146,11059,132,5,1,1,7,22.0,8.65,31.35593220338983,37.44072337575352
New Jersey,2022-04-25,"Title 3A, Chapter 11",service delivery general provisions,children and families,,Social Assistance,17700002161,23,5598,20,0,0,1,2,23.0,8.93,9.82905982905983,35.83705650459921
New Jersey,2022-04-25,"Title 3A, Chapter 12",case management,children and families,,Social Assistance,17700002162,37,2774,36,0,0,0,1,23.0,7.61,21.296296296296298,32.18616401088224
New Jersey,2022-04-25,"Title 3A, Chapter 13",general placement provisions,children and families,,Social Assistance,17700002163,69,5134,61,3,0,0,5,22.0,8.12,16.51376146788991,32.93818797629128
New Jersey,2022-04-25,"Title 3A, Chapter 14",resource care,children and families,,Social Assistance,17700002164,47,2923,45,1,0,0,1,19.0,7.63,12.587412587412588,35.12653516933383
New Jersey,2022-04-25,"Title 3A, Chapter 15",services for children in out of home placement,children and families,,Social Assistance,17700002165,77,3631,75,1,0,0,1,17.0,7.72,17.277486910994764,34.12280178837556
New Jersey,2022-04-25,"Title 3A, Chapter 16",division utilization of family child care providers,children and families,,Social Assistance,17700002166,9,697,9,0,0,0,0,26.0,6.4,16.0,31.15109034267913
New Jersey,2022-04-25,"Title 3A, Chapter 17",removal of children in placement from resource family homes,children and families,,Social Assistance,17700002167,41,2568,41,0,0,0,0,23.0,7.07,36.44859813084112,31.54232365145228
New Jersey,2022-04-25,"Title 3A, Chapter 18",new jersey safe haven infant protection act procedures and requirements,children and families,,Social Assistance,17700002168,34,3227,31,0,0,0,3,25.0,7.79,32.5,32.47511005756857
New Jersey,2022-04-25,"Title 3A, Chapter 19",court actions and procedures,children and families,,Social Assistance,17700002169,0,123,0,0,0,0,0,21.0,5.42,20.0,36.067961165048544
New Jersey,2022-04-25,"Title 3A, Chapter 2",rulemaking procedures,children and families,,Social Assistance,17700002156,12,770,12,0,0,0,0,18.0,6.86,12.5,32.39420289855072
New Jersey,2022-04-25,"Title 3A, Chapter 20",legal guardianship,children and families,,Social Assistance,17700002170,29,2957,26,0,1,0,2,22.0,7.75,27.200000000000003,35.08689248895435
New Jersey,2022-04-25,"Title 3A, Chapter 21",termination of parental rights,children and families,,Social Assistance,17700002171,31,1901,26,2,0,0,3,23.0,7.37,29.87012987012987,35.35224719101124
New Jersey,2022-04-25,"Title 3A, Chapter 22",requirements for cp p adoptions,children and families,,Social Assistance,17700002172,47,3042,47,0,0,0,0,20.0,7.82,8.275862068965518,35.155547752808985
New Jersey,2022-04-25,"Title 3A, Chapter 23",adoptions,children and families,,Social Assistance,17700002173,28,2405,26,1,1,0,0,28.0,7.81,36.90476190476191,32.379533678756474
New Jersey,2022-04-25,"Title 3A, Chapter 24",adoption assistance and child welfare act of 1980 requirements,children and families,,Social Assistance,17700002174,0,316,0,0,0,0,0,29.0,6.52,0.0,31.04123711340206
New Jersey,2022-04-25,"Title 3A, Chapter 26",substance affected infants,children and families,,Social Assistance,17700002175,7,466,6,1,0,0,0,20.0,6.69,47.61904761904761,34.69377990430622
New Jersey,2022-04-25,"Title 3A, Chapter 3",client information,children and families,,Social Assistance,17700002157,86,5080,78,0,0,7,1,24.0,7.9,27.55102040816326,33.8125
New Jersey,2022-04-25,"Title 3A, Chapter 4",department of children and families child fatality and near fatality review board,children and families,,Social Assistance,17700002158,39,2579,39,0,0,0,0,19.0,8.07,12.598425196850393,34.61200164406083
New Jersey,2022-04-25,"Title 3A, Chapter 40",determination of eligibility for functional services from the division of children s system of care,children and families,,Social Assistance,17700002176,24,2440,21,1,0,0,2,22.0,8.13,37.03703703703704,40.28478260869565
New Jersey,2022-04-25,"Title 3A, Chapter 5",dispute resolution,children and families,,Social Assistance,17700002159,88,6834,87,0,0,0,1,23.0,8.28,28.776978417266186,34.30511435832275
New Jersey,2022-04-25,"Title 3A, Chapter 50",manual of requirements for adoption agencies,children and families,,Social Assistance,17700002177,427,24565,395,5,0,5,22,20.0,9.07,20.674740484429066,34.29278545080209
New Jersey,2022-04-25,"Title 3A, Chapter 51",manual of requirements for resource family parents,children and families,,Social Assistance,17700002178,317,15652,305,5,0,3,4,19.0,8.89,18.613607188703465,33.75818181818182
New Jersey,2022-04-25,"Title 3A, Chapter 52",manual of requirements for child care centers,children and families,,Social Assistance,17700002179,873,39339,798,8,2,8,57,20.0,9.52,16.28403630539242,32.513830475574245
New Jersey,2022-04-25,"Title 3A, Chapter 53",manual of standards for children s shelter facilities and shelter homes,children and families,,Social Assistance,17700002180,401,16610,380,1,1,5,14,18.0,8.82,13.66822429906542,33.79357239078838
New Jersey,2022-04-25,"Title 3A, Chapter 54",manual of requirements for family child care registration,children and families,,Social Assistance,17700002181,396,21085,370,7,2,3,14,20.0,9.07,21.730580137659786,36.66379874213836
New Jersey,2022-04-25,"Title 3A, Chapter 55",manual of requirements for residential child care facilities,children and families,,Social Assistance,17700002182,878,44731,844,5,0,4,25,18.0,9.6,20.58194266153188,34.04222868309423
New Jersey,2022-04-25,"Title 3A, Chapter 56",manual of requirements for children s group homes,children and families,,Social Assistance,17700002183,928,48118,894,7,1,3,23,19.0,9.59,20.35953177257525,32.910600847009
New Jersey,2022-04-25,"Title 3A, Chapter 57",standards for shelters for victims of domestic violence,children and families,,Social Assistance,17700002184,44,1813,39,0,0,0,5,20.0,8.07,10.714285714285714,37.88519637462235
New Jersey,2022-04-25,"Title 3A, Chapter 58",children s partial care programs,children and families,,Social Assistance,17700002185,98,3883,89,2,0,0,7,15.0,8.58,11.196911196911197,41.63051771117166
New Jersey,2022-04-25,"Title 3A, Chapter 70",displaced homemaker programs,children and families,,Social Assistance,17700002186,16,711,9,7,0,0,0,16.0,7.39,11.904761904761903,35.97108066971081
New Jersey,2022-04-25,"Title 3A, Chapter 71",address confidentiality program,children and families,,Social Assistance,17700002187,48,3290,44,1,0,1,2,24.0,7.75,20.454545454545457,39.28807517822424
New Jersey,2022-04-25,"Title 3A, Chapter 72",women s micro business program,children and families,,Social Assistance,17700002188,49,2598,39,5,0,0,5,19.0,8.22,9.848484848484848,37.18693877551021
New Jersey,2022-04-25,"Title 3A, Chapter 80",instructional staff,children and families,,Social Assistance,17700002189,37,1755,33,0,0,0,4,25.0,7.92,22.388059701492537,39.610036275695286
New Jersey,2022-04-25,"Title 3, Chapter 1",general provisions,banking,,"Banking, Insurance, and Securities",17700002119,534,29538,427,20,0,2,85,27.0,9.52,32.02614379084967,33.84793022091942
New Jersey,2022-04-25,"Title 3, Chapter 10",mortgages,banking,,"Banking, Insurance, and Securities",17700002128,12,1296,12,0,0,0,0,23.0,7.57,5.555555555555555,34.43146796431468
New Jersey,2022-04-25,"Title 3, Chapter 11",investments,banking,,"Banking, Insurance, and Securities",17700002129,107,7509,86,8,1,3,9,28.0,8.67,24.5136186770428,36.75781702374059
New Jersey,2022-04-25,"Title 3, Chapter 12",registrar and transfer agents,banking,,"Banking, Insurance, and Securities",17700002130,48,2066,42,0,0,0,6,26.0,7.96,6.756756756756757,39.010055865921785
New Jersey,2022-04-25,"Title 3, Chapter 13",bank holding companies,banking,,"Banking, Insurance, and Securities",17700002131,66,4146,48,0,0,0,18,26.0,7.54,18.471337579617835,33.098630831643
New Jersey,2022-04-25,"Title 3, Chapter 14",bank service corporations,banking,,"Banking, Insurance, and Securities",17700002132,20,2201,16,0,0,0,4,38.0,7.26,42.10526315789473,34.36258992805755
New Jersey,2022-04-25,"Title 3, Chapter 15",residential mortgage lenders correspondent mortgage lenders mortgage brokers qualified individual licensees mortgage loan originators,banking,,"Banking, Insurance, and Securities",17700002133,340,18470,293,1,1,2,43,28.0,9.2,23.112480739599384,35.124393169227254
New Jersey,2022-04-25,"Title 3, Chapter 16",pawnbroking law regulations,banking,,"Banking, Insurance, and Securities",17700002134,56,2157,50,0,1,1,4,23.0,8.18,11.11111111111111,32.94039408866995
New Jersey,2022-04-25,"Title 3, Chapter 17",consumer lenders and sales finance companies,banking,,"Banking, Insurance, and Securities",17700002135,233,11394,206,0,1,3,23,29.0,8.98,28.64583333333333,33.45386186409209
New Jersey,2022-04-25,"Title 3, Chapter 18",foreclosure consultants,banking,,"Banking, Insurance, and Securities",17700002136,172,9991,149,0,0,1,22,32.0,8.88,20.588235294117645,36.74430565760471
New Jersey,2022-04-25,"Title 3, Chapter 19",home repair financing act regulations,banking,,"Banking, Insurance, and Securities",17700002137,6,773,5,1,0,0,0,44.0,7.06,43.75,33.18529411764706
New Jersey,2022-04-25,"Title 3, Chapter 2",advertising,banking,,"Banking, Insurance, and Securities",17700002120,16,1417,13,0,0,0,3,29.0,7.87,25.53191489361702,37.50639578630549
New Jersey,2022-04-25,"Title 3, Chapter 20",retail installment sales act of 1960 regulations,banking,,"Banking, Insurance, and Securities",17700002138,1,205,1,0,0,0,0,84.0,5.66,,27.687074829931973
New Jersey,2022-04-25,"Title 3, Chapter 21",credit unions,banking,,"Banking, Insurance, and Securities",17700002139,39,3178,35,0,0,0,4,24.0,7.83,17.599999999999998,33.576094276094274
New Jersey,2022-04-25,"Title 3, Chapter 22",insurance premium finance company act,banking,,"Banking, Insurance, and Securities",17700002140,7,288,6,0,0,1,0,22.0,6.5,25.0,39.60236220472441
New Jersey,2022-04-25,"Title 3, Chapter 23",fees license terms and annual reports for licensees,banking,,"Banking, Insurance, and Securities",17700002141,16,699,14,0,0,0,2,15.0,7.01,2.631578947368421,34.11992263056093
New Jersey,2022-04-25,"Title 3, Chapter 24",check cashing,banking,,"Banking, Insurance, and Securities",17700002142,75,4048,65,1,1,0,8,23.0,8.61,17.058823529411764,32.06375569247254
New Jersey,2022-04-25,"Title 3, Chapter 25",debt adjustment and credit counseling,banking,,"Banking, Insurance, and Securities",17700002143,89,6259,71,1,1,1,15,28.0,8.66,15.492957746478872,33.98024316109422
New Jersey,2022-04-25,"Title 3, Chapter 26",general provisions for state savings and loan associations,banking,,"Banking, Insurance, and Securities",17700002144,13,1687,12,0,0,0,1,20.0,8.02,22.5,35.38783518639634
New Jersey,2022-04-25,"Title 3, Chapter 27",money transmitters,banking,,"Banking, Insurance, and Securities",17700002145,49,3455,41,0,0,0,8,31.0,8.3,15.53398058252427,35.40884156179413
New Jersey,2022-04-25,"Title 3, Chapter 29",audit requirements of state associations,banking,,"Banking, Insurance, and Securities",17700002146,20,827,13,2,0,0,5,21.0,7.36,16.216216216216218,35.24966622162884
New Jersey,2022-04-25,"Title 3, Chapter 3",department organization,banking,,"Banking, Insurance, and Securities",17700002121,44,3178,38,1,0,3,2,24.0,8.44,20.8,37.88247282608695
New Jersey,2022-04-25,"Title 3, Chapter 30",predatory lending,banking,,"Banking, Insurance, and Securities",17700002147,47,4563,38,0,1,0,8,33.0,8.64,32.33082706766917,31.85408424482197
New Jersey,2022-04-25,"Title 3, Chapter 32",conversions of associations,banking,,"Banking, Insurance, and Securities",17700002148,75,4250,70,0,0,0,5,24.0,7.75,11.627906976744184,36.01911618669315
New Jersey,2022-04-25,"Title 3, Chapter 33",proposed interstate acquisition,banking,,"Banking, Insurance, and Securities",17700002149,20,1892,16,1,0,0,3,29.0,6.67,26.984126984126984,36.056635202665184
New Jersey,2022-04-25,"Title 3, Chapter 34",governmental unit deposit protection,banking,,"Banking, Insurance, and Securities",17700002150,78,4446,55,2,0,0,21,25.0,8.27,20.48192771084337,34.6938923897237
New Jersey,2022-04-25,"Title 3, Chapter 35",qualified educational institutions,banking,,"Banking, Insurance, and Securities",17700002151,19,1336,17,0,0,0,2,26.0,7.57,10.416666666666668,39.66886326194399
New Jersey,2022-04-25,"Title 3, Chapter 36",banking development districts,banking,,"Banking, Insurance, and Securities",17700002152,15,988,11,0,0,0,4,25.0,7.13,15.789473684210526,39.84598698481562
New Jersey,2022-04-25,"Title 3, Chapter 37",savings account promotions,banking,,"Banking, Insurance, and Securities",17700002153,11,599,6,2,1,0,2,21.0,6.8,21.428571428571427,38.38743455497382
New Jersey,2022-04-25,"Title 3, Chapter 4",depository institutions,banking,,"Banking, Insurance, and Securities",17700002122,55,4018,42,1,3,3,6,21.0,8.21,21.468926553672315,32.28505056026237
New Jersey,2022-04-25,"Title 3, Chapter 42",pinelands development credit bank,banking,,"Banking, Insurance, and Securities",17700002154,158,7245,144,1,0,0,13,23.0,8.21,20.26143790849673,36.26066350710901
New Jersey,2022-04-25,"Title 3, Chapter 5",dedicated funding assessment,banking,,"Banking, Insurance, and Securities",17700002123,91,4840,88,1,0,0,2,24.0,8.45,13.756613756613756,35.08551015851753
New Jersey,2022-04-25,"Title 3, Chapter 6",general provisions,banking,,"Banking, Insurance, and Securities",17700002124,82,6090,58,14,2,0,8,29.0,8.67,19.21182266009852,33.2815960625769
New Jersey,2022-04-25,"Title 3, Chapter 7",safe and sound methods of banking,banking,,"Banking, Insurance, and Securities",17700002125,107,4938,99,1,0,0,7,21.0,8.74,19.11111111111111,37.77940241576605
New Jersey,2022-04-25,"Title 3, Chapter 8",reserves and reserve depositaries,banking,,"Banking, Insurance, and Securities",17700002126,1,145,1,0,0,0,0,26.0,5.52,20.0,32.413223140495866
New Jersey,2022-04-25,"Title 3, Chapter 9",federal matters,banking,,"Banking, Insurance, and Securities",17700002127,0,176,0,0,0,0,0,56.0,5.71,0.0,41.22560975609756
New Jersey,2022-04-25,"Title 4A, Chapter 1",uniform administrative procedure rules,civil service,,Administration,17700002190,54,4043,37,7,1,3,6,19.0,8.68,16.25615763546798,39.45133210234766
New Jersey,2022-04-25,"Title 4A, Chapter 10",violations and penalties,civil service,,Administration,17700002199,32,2862,28,2,0,1,1,27.0,8.31,16.831683168316832,36.19901997738409
New Jersey,2022-04-25,"Title 4A, Chapter 2",appeals discipline and separations,civil service,,Administration,17700002191,229,11237,182,26,3,0,18,21.0,8.83,29.32038834951457,34.581227783648764
New Jersey,2022-04-25,"Title 4A, Chapter 3",classification services and compensation,civil service,,Administration,17700002192,426,22123,367,36,0,0,23,21.0,8.88,23.68681863230922,34.77486936326689
New Jersey,2022-04-25,"Title 4A, Chapter 4",selection and appointment,civil service,,Administration,17700002193,366,19226,308,26,4,3,25,20.0,8.93,23.47266881028939,37.59184573002755
New Jersey,2022-04-25,"Title 4A, Chapter 5",veterans and disabled veterans preference,civil service,,Administration,17700002194,31,2295,13,16,1,0,1,23.0,8.04,17.17171717171717,32.90279114533205
New Jersey,2022-04-25,"Title 4A, Chapter 6",leaves hours of work and employee development,civil service,,Administration,17700002195,543,26175,483,31,5,2,22,19.0,9.28,17.772692601067888,34.81849134611487
New Jersey,2022-04-25,"Title 4A, Chapter 7",equal employment opportunity and affirmative action,civil service,,Administration,17700002196,88,5655,65,4,1,15,3,25.0,9.04,18.01801801801802,40.6376521897147
New Jersey,2022-04-25,"Title 4A, Chapter 8",layoffs,civil service,,Administration,17700002197,141,5703,128,7,0,0,6,21.0,8.08,22.48062015503876,36.86497028231798
New Jersey,2022-04-25,"Title 4A, Chapter 9",political subdivisions,civil service,,Administration,17700002198,5,209,5,0,0,0,0,34.0,5.74,16.666666666666664,35.6875
New Jersey,2022-04-25,"Title 5A, Chapter 1",department of military and veterans affairs organizational rules,military and veterans affairs,,"Security, Justice, and Corrections",17700002266,6,1270,5,1,0,0,0,18.0,7.63,0.0,35.42881944444444
New Jersey,2022-04-25,"Title 5A, Chapter 10",new jersey vietnam 25th anniversary commemorative medal,military and veterans affairs,,"Security, Justice, and Corrections",17700002275,8,923,7,0,0,0,1,33.0,7.45,25.925925925925924,35.495381062355655
New Jersey,2022-04-25,"Title 5A, Chapter 11",veterans access to state beaches,military and veterans affairs,,"Security, Justice, and Corrections",17700002276,2,230,1,1,0,0,0,21.0,6.36,20.0,34.0
New Jersey,2022-04-25,"Title 5A, Chapter 2",leaves of absence for military duty for and by members of the organized militia,military and veterans affairs,,"Security, Justice, and Corrections",17700002267,8,862,7,0,0,0,1,23.0,7.46,22.857142857142858,32.95085995085995
New Jersey,2022-04-25,"Title 5A, Chapter 3",new jersey distinguished service medal,military and veterans affairs,,"Security, Justice, and Corrections",17700002268,14,1518,10,3,0,0,1,27.0,8.44,20.0,34.52027972027972
New Jersey,2022-04-25,"Title 5A, Chapter 4",brigadier general william c doyle veterans memorial cemetery,military and veterans affairs,,"Security, Justice, and Corrections",17700002269,43,2799,31,9,0,0,3,21.0,8.46,15.503875968992247,34.395497185741085
New Jersey,2022-04-25,"Title 5A, Chapter 5",new jersey veterans memorial homes,military and veterans affairs,,"Security, Justice, and Corrections",17700002270,88,6061,59,7,0,1,21,20.0,8.84,14.965986394557824,35.59735053163674
New Jersey,2022-04-25,"Title 5A, Chapter 6",division of veterans services,military and veterans affairs,,"Security, Justice, and Corrections",17700002271,104,7066,83,12,1,0,8,27.0,9.05,20.48192771084337,33.60864235366228
New Jersey,2022-04-25,"Title 5A, Chapter 7",disability discrimination grievance procedure,military and veterans affairs,,"Security, Justice, and Corrections",17700002272,15,1380,11,0,0,3,1,22.0,7.68,25.0,36.42602633617351
New Jersey,2022-04-25,"Title 5A, Chapter 8",new jersey veterans transitional housing program,military and veterans affairs,,"Security, Justice, and Corrections",17700002273,61,4040,51,3,0,0,7,13.0,9.27,14.527027027027026,38.53511794328121
New Jersey,2022-04-25,"Title 5A, Chapter 9",veterans and disabled veterans preference and designation of veterans status for pension purposes,military and veterans affairs,,"Security, Justice, and Corrections",17700002274,28,3567,15,11,0,0,2,39.0,9.16,10.227272727272728,32.84489670058588
New Jersey,2022-04-25,"Title 5, Chapter 1",standards of conduct,community affairs,,Administration,17700002200,20,794,18,0,0,1,1,34.0,7.61,31.818181818181817,37.66576819407008
New Jersey,2022-04-25,"Title 5, Chapter 10",maintenance of hotels and multiple dwellings,community affairs,,Administration,17700002206,1080,42672,923,15,2,7,133,26.0,10.09,19.937694704049843,34.00438143061094
New Jersey,2022-04-25,"Title 5, Chapter 100",historic preservation grant program,community affairs,,Administration,17700002260,71,7076,41,25,0,0,5,24.0,8.71,13.745704467353953,37.91711309523809
New Jersey,2022-04-25,"Title 5, Chapter 101",garden state historic preservation trust fund grants program,community affairs,,Administration,17700002261,74,7318,46,22,1,0,5,23.0,8.74,10.967741935483872,38.66306850892343
New Jersey,2022-04-25,"Title 5, Chapter 102",historic preservation revolving loan program,community affairs,,Administration,17700002262,38,4360,29,2,1,0,6,20.0,8.72,15.813953488372093,38.40420899854862
New Jersey,2022-04-25,"Title 5, Chapter 103",administration of the main street new jersey program,community affairs,,Administration,17700002263,35,3006,31,1,1,0,2,20.0,8.35,6.293706293706294,42.949182039679776
New Jersey,2022-04-25,"Title 5, Chapter 105",complaint adjudication and open public records act opra information inquiry procedures,community affairs,,Administration,17700002264,98,5921,75,21,0,0,2,24.0,8.61,15.637860082304528,35.476554174067495
New Jersey,2022-04-25,"Title 5, Chapter 10A",proprietary campground facility health and safety standards,community affairs,,Administration,17700002207,189,4675,185,0,0,1,3,24.0,8.86,16.304347826086957,33.705229793977814
New Jersey,2022-04-25,"Title 5, Chapter 11",relocation assistance and eviction,community affairs,,Administration,17700002208,180,9185,145,12,1,0,22,26.0,9.07,28.40579710144928,35.082906976744184
New Jersey,2022-04-25,"Title 5, Chapter 12",ski lifts,community affairs,,Administration,17700002209,130,3926,122,0,0,1,7,20.0,8.57,14.673913043478262,35.63947661469933
New Jersey,2022-04-25,"Title 5, Chapter 120",urban enterprise zone authority,community affairs,,Administration,17700002265,119,7374,91,14,1,0,13,27.0,8.96,16.853932584269664,38.02749679441516
New Jersey,2022-04-25,"Title 5, Chapter 13",limited dividend and nonprofit housing corporations and associations and urban renewal entities,community affairs,,Administration,17700002210,213,11933,198,4,1,1,9,37.0,9.21,30.25477707006369,35.496731456463
New Jersey,2022-04-25,"Title 5, Chapter 14A",carnival amusement rides,community affairs,,Administration,17700002211,1792,47289,1649,9,5,6,123,17.0,9.59,16.433698526633925,34.06193587109583
New Jersey,2022-04-25,"Title 5, Chapter 15",emergency shelters for the homeless,community affairs,,Administration,17700002212,205,7413,164,21,1,0,19,21.0,9.11,23.09941520467836,33.73517221666428
New Jersey,2022-04-25,"Title 5, Chapter 17",lead hazard evaluation and abatement code,community affairs,,Administration,17700002213,571,19569,517,6,0,3,45,20.0,9.59,20.309278350515463,33.666113401509875
New Jersey,2022-04-25,"Title 5, Chapter 18",liquefied petroleum gas,community affairs,,Administration,17700002214,354,16721,305,14,1,0,34,20.0,9.64,14.32129514321295,33.75029073523711
New Jersey,2022-04-25,"Title 5, Chapter 19",continuing care retirement community rules,community affairs,,Administration,17700002215,318,17040,264,8,8,0,38,27.0,9.28,28.02653399668325,34.6325682382134
New Jersey,2022-04-25,"Title 5, Chapter 2",organizational rules,community affairs,,Administration,17700002201,23,867,22,0,0,0,1,24.0,7.3,2.941176470588235,36.519159456118665
New Jersey,2022-04-25,"Title 5, Chapter 21",residential site improvement standards,community affairs,,Administration,17700002216,959,46582,858,27,0,2,72,21.0,10.44,16.932457786116323,36.074752440148416
New Jersey,2022-04-25,"Title 5, Chapter 23",uniform construction code,community affairs,,Administration,17700002217,8526,266292,6939,113,9,29,1436,19.0,10.14,19.128773404661825,35.60567121586559
New Jersey,2022-04-25,"Title 5, Chapter 23A",construction boards of appeals,community affairs,,Administration,17700002218,173,5876,160,0,2,0,11,23.0,8.33,22.177419354838708,31.671830484330485
New Jersey,2022-04-25,"Title 5, Chapter 24",condominium fee simple and cooperative conversion and mobile home park retirement,community affairs,,Administration,17700002219,188,9059,142,19,0,1,26,21.0,9.34,16.121495327102803,33.722503831191794
New Jersey,2022-04-25,"Title 5, Chapter 25",regulations governing new home warranties and builders registration,community affairs,,Administration,17700002220,535,24619,443,17,3,0,72,19.0,9.58,24.380495603517183,36.14610169491525
New Jersey,2022-04-25,"Title 5, Chapter 26",planned real estate development full disclosure act regulations,community affairs,,Administration,17700002221,503,22801,464,4,1,5,29,24.0,9.6,24.065934065934066,34.1303946883069
New Jersey,2022-04-25,"Title 5, Chapter 27",regulations governing rooming and boarding houses,community affairs,,Administration,17700002222,602,20645,536,5,0,2,59,23.0,9.72,19.90686845168801,33.0917623055343
New Jersey,2022-04-25,"Title 5, Chapter 27A",standards for licensure of residential health care facilities not located with and operated by licensed health care facilities,community affairs,,Administration,17700002223,691,29994,638,11,0,5,37,22.0,10.0,17.792792792792792,36.25112987422485
New Jersey,2022-04-25,"Title 5, Chapter 28",new jersey state housing code,community affairs,,Administration,17700002224,251,7555,224,1,0,3,23,25.0,9.06,21.91780821917808,32.798648462281065
New Jersey,2022-04-25,"Title 5, Chapter 29",landlord tenant relations,community affairs,,Administration,17700002225,3,534,1,0,0,0,2,28.0,6.74,27.77777777777778,30.818725099601597
New Jersey,2022-04-25,"Title 5, Chapter 3",government records,community affairs,,Administration,17700002202,55,2247,47,1,0,0,7,27.0,8.07,32.098765432098766,34.02715355805243
New Jersey,2022-04-25,"Title 5, Chapter 30",local finance board,community affairs,,Administration,17700002226,975,44475,818,45,9,1,102,25.0,9.69,20.543093270366,36.33701723971877
New Jersey,2022-04-25,"Title 5, Chapter 31",local authorities,community affairs,,Administration,17700002227,359,20857,298,15,0,0,46,25.0,9.43,19.54022988505747,35.33871942011477
New Jersey,2022-04-25,"Title 5, Chapter 32",licensure of certain local government officers,community affairs,,Administration,17700002228,208,9475,150,10,0,1,47,21.0,8.65,13.986013986013988,36.17090017825312
New Jersey,2022-04-25,"Title 5, Chapter 33",tax collection administration,community affairs,,Administration,17700002229,223,10111,190,14,0,1,18,21.0,9.01,19.279661016949152,33.399287734366816
New Jersey,2022-04-25,"Title 5, Chapter 34",local public and public school contracts laws,community affairs,,Administration,17700002230,544,27984,439,40,7,6,52,25.0,9.42,23.80506091846298,36.17556934251343
New Jersey,2022-04-25,"Title 5, Chapter 35",local government ethics law,community affairs,,Administration,17700002231,59,2856,57,1,0,0,1,21.0,7.64,17.424242424242426,34.72740578119283
New Jersey,2022-04-25,"Title 5, Chapter 37",municipal county and authority employees deferred compensation plans,community affairs,,Administration,17700002232,135,5221,129,1,0,0,5,27.0,8.24,15.760869565217392,37.41714756801319
New Jersey,2022-04-25,"Title 5, Chapter 38",joint insurance funds,community affairs,,Administration,17700002233,15,1149,12,0,0,0,3,27.0,7.11,24.390243902439025,31.961922030825026
New Jersey,2022-04-25,"Title 5, Chapter 4",department contracts,community affairs,,Administration,17700002203,37,2134,36,0,1,0,0,25.0,8.05,29.629629629629623,35.669674185463656
New Jersey,2022-04-25,"Title 5, Chapter 40",housing preference for veterans and surviving spouses,community affairs,,Administration,17700002234,56,3322,43,13,0,0,0,24.0,7.86,9.848484848484848,33.52569043031471
New Jersey,2022-04-25,"Title 5, Chapter 41",homelessness prevention program,community affairs,,Administration,17700002235,53,2221,44,5,1,0,3,25.0,8.31,27.058823529411764,35.18250235183443
New Jersey,2022-04-25,"Title 5, Chapter 42",state rental assistance program,community affairs,,Administration,17700002236,83,6933,59,20,0,0,4,18.0,8.85,13.243243243243244,34.53720397249809
New Jersey,2022-04-25,"Title 5, Chapter 43",neighborhood preservation balanced housing program,community affairs,,Administration,17700002237,214,12779,144,39,2,1,28,22.0,9.62,16.425992779783392,37.140094613660885
New Jersey,2022-04-25,"Title 5, Chapter 44",local housing authority and municipal redevelopment agency training program and executive director review,community affairs,,Administration,17700002238,135,5758,108,15,1,0,11,21.0,8.7,8.42911877394636,41.57315068493151
New Jersey,2022-04-25,"Title 5, Chapter 44A",local housing authority crime reports,community affairs,,Administration,17700002239,27,1200,26,0,0,0,1,25.0,7.95,13.333333333333334,37.16143497757847
New Jersey,2022-04-25,"Title 5, Chapter 46",new jersey individual development account program rules,community affairs,,Administration,17700002240,44,2271,40,2,0,0,2,22.0,8.08,14.000000000000002,37.22761545711593
New Jersey,2022-04-25,"Title 5, Chapter 47",neighborhood revitalization state tax credit,community affairs,,Administration,17700002241,183,9902,170,3,1,0,9,29.0,8.58,21.71253822629969,40.32237335332548
New Jersey,2022-04-25,"Title 5, Chapter 49",home energy assistance handbook,community affairs,,Administration,17700002242,172,8994,99,51,9,0,13,20.0,8.91,16.099773242630384,35.692585684308696
New Jersey,2022-04-25,"Title 5, Chapter 5",disability discrimination grievance procedure,community affairs,,Administration,17700002204,15,1363,11,0,0,3,1,22.0,7.66,23.728813559322035,37.092476489028215
New Jersey,2022-04-25,"Title 5, Chapter 52",volunteer coaches safety orientation and training skills programs,community affairs,,Administration,17700002243,15,609,11,3,0,0,1,14.0,7.1,0.0,44.10951526032316
New Jersey,2022-04-25,"Title 5, Chapter 53",new jersey board of recreation examiners,community affairs,,Administration,17700002244,43,1900,42,0,0,0,1,23.0,7.94,7.59493670886076,41.57853107344633
New Jersey,2022-04-25,"Title 5, Chapter 55",new jersey housing assistance for veterans,community affairs,,Administration,17700002245,20,1442,20,0,0,0,0,22.0,8.26,9.67741935483871,38.41387024608501
New Jersey,2022-04-25,"Title 5, Chapter 62",landscape irrigation contractors,community affairs,,Administration,17700002246,163,9057,138,0,1,0,24,23.0,8.76,17.473118279569892,37.67339832869081
New Jersey,2022-04-25,"Title 5, Chapter 65",rules for mortgage forbearance for sandy impacted homeowners,community affairs,,Administration,17700002247,35,2073,25,2,0,0,8,25.0,7.83,17.5,39.1158320687911
New Jersey,2022-04-25,"Title 5, Chapter 7",urban and rural centers unsafe buildings demolition loan fund,community affairs,,Administration,17700002205,33,1939,29,1,0,0,3,23.0,8.42,15.0,37.882672460619226
New Jersey,2022-04-25,"Title 5, Chapter 70",uniform fire code,community affairs,,Administration,17700002248,2887,81593,2575,31,1,21,259,18.0,9.75,14.916067146282971,34.823252181775835
New Jersey,2022-04-25,"Title 5, Chapter 71",fire code enforcement,community affairs,,Administration,17700002249,436,17168,373,14,1,0,48,20.0,9.25,19.951632406287786,36.6733746130031
New Jersey,2022-04-25,"Title 5, Chapter 72",high level alarms,community affairs,,Administration,17700002250,86,3428,75,0,1,0,10,20.0,8.4,21.604938271604937,35.219993732372295
New Jersey,2022-04-25,"Title 5, Chapter 73",standards for fire service training and certification,community affairs,,Administration,17700002251,857,35678,735,46,3,0,73,19.0,9.15,6.082589285714286,43.49899781613666
New Jersey,2022-04-25,"Title 5, Chapter 74",standard for the certification of fire protection equipment contractors,community affairs,,Administration,17700002252,160,6600,123,6,0,0,31,22.0,8.85,14.0893470790378,39.63652256834075
New Jersey,2022-04-25,"Title 5, Chapter 75",fire service incident management system,community affairs,,Administration,17700002253,124,4668,120,1,1,0,2,19.0,8.7,20.0,38.15660207300586
New Jersey,2022-04-25,"Title 5, Chapter 75A",fire service resource emergency deployment,community affairs,,Administration,17700002254,94,4637,89,0,1,0,4,27.0,7.64,21.084337349397597,36.69150622876557
New Jersey,2022-04-25,"Title 5, Chapter 76",residential disability identification emblems,community affairs,,Administration,17700002255,12,573,12,0,0,0,0,22.0,6.95,28.000000000000004,40.913919413919416
New Jersey,2022-04-25,"Title 5, Chapter 80",new jersey housing and mortgage finance agency,community affairs,,Administration,17700002256,1627,95229,1230,174,29,11,183,26.0,10.18,19.71046770601336,34.583379433958086
New Jersey,2022-04-25,"Title 5, Chapter 85",state planning rules,community affairs,,Administration,17700002257,311,22367,282,6,1,0,22,31.0,8.72,18.116975748930106,39.23871941157056
New Jersey,2022-04-25,"Title 5, Chapter 86",transfer of development rights real estate market analysis report,community affairs,,Administration,17700002258,54,3377,43,0,1,0,10,28.0,7.97,16.23931623931624,36.90946372239748
New Jersey,2022-04-25,"Title 5, Chapter 87",basic course in land use law and planning training program,community affairs,,Administration,17700002259,82,4108,51,13,0,0,18,24.0,8.36,11.320754716981131,37.41463414634146
New Jersey,2022-04-25,"Title 6A, Chapter 1",bylaws for the state board of education,education,,Primary and Secondary Education,17700002277,31,980,31,0,0,0,0,20.0,6.73,4.444444444444445,32.41628440366973
New Jersey,2022-04-25,"Title 6A, Chapter 10",educator effectiveness,education,,Primary and Secondary Education,17700002289,294,11321,260,1,1,0,32,21.0,8.23,15.637065637065636,38.90616167326173
New Jersey,2022-04-25,"Title 6A, Chapter 11",charter schools,education,,Primary and Secondary Education,17700002290,155,9300,134,11,0,0,10,22.0,8.72,16.70886075949367,37.03409352683713
New Jersey,2022-04-25,"Title 6A, Chapter 12",interdistrict public school choice,education,,Primary and Secondary Education,17700002291,54,3069,41,1,6,1,5,28.0,7.27,26.666666666666668,34.5910819218804
New Jersey,2022-04-25,"Title 6A, Chapter 13",programs and practices to support student achievement,education,,Primary and Secondary Education,17700002292,65,3482,59,0,0,0,6,21.0,8.26,11.180124223602483,41.24770079705702
New Jersey,2022-04-25,"Title 6A, Chapter 13A",elements of high quality preschool programs,education,,Primary and Secondary Education,17700002293,242,12673,193,1,0,0,48,24.0,8.66,10.546875,39.24320304107098
New Jersey,2022-04-25,"Title 6A, Chapter 14",special education,education,,Primary and Secondary Education,17700002294,974,46033,857,5,7,2,103,23.0,9.06,26.507276507276504,36.89389574759945
New Jersey,2022-04-25,"Title 6A, Chapter 15",bilingual education,education,,Primary and Secondary Education,17700002295,81,4048,73,2,0,0,6,25.0,7.99,16.129032258064516,38.79740932642487
New Jersey,2022-04-25,"Title 6A, Chapter 16",programs to support student development,education,,Primary and Secondary Education,17700002296,588,35422,555,0,0,1,32,22.0,8.99,10.509138381201044,37.45092343444227
New Jersey,2022-04-25,"Title 6A, Chapter 17",education for homeless children and youths and students in state facilities and educational stability for children in resource family care,education,,Primary and Secondary Education,17700002297,133,7361,124,1,1,0,7,22.0,8.33,23.300970873786408,36.24075161479742
New Jersey,2022-04-25,"Title 6A, Chapter 19",career and technical education programs and standards,education,,Primary and Secondary Education,17700002298,109,8439,92,4,0,3,10,28.0,8.91,11.301369863013695,41.89678553490708
New Jersey,2022-04-25,"Title 6A, Chapter 2",commissioner,education,,Primary and Secondary Education,17700002278,11,1564,10,0,0,0,1,18.0,7.43,2.409638554216868,37.598118279569896
New Jersey,2022-04-25,"Title 6A, Chapter 20",adult education programs,education,,Primary and Secondary Education,17700002299,92,4068,75,3,7,0,7,20.0,8.4,7.894736842105263,34.98290598290598
New Jersey,2022-04-25,"Title 6A, Chapter 21",marie h katzenbach school for the deaf,education,,Primary and Secondary Education,17700002300,13,736,13,0,0,0,0,18.0,6.84,16.216216216216218,33.6
New Jersey,2022-04-25,"Title 6A, Chapter 22",student residency,education,,Primary and Secondary Education,17700002301,137,6886,122,2,1,1,11,26.0,8.35,40.16064257028113,35.16589363017935
New Jersey,2022-04-25,"Title 6A, Chapter 23A",fiscal accountability efficiency and budgeting procedures,education,,Primary and Secondary Education,17700002302,1700,94447,1468,11,5,31,185,23.0,9.58,18.44562200353268,35.886710434919
New Jersey,2022-04-25,"Title 6A, Chapter 25",qualified zone academy bond program,education,,Primary and Secondary Education,17700002303,48,2904,25,20,0,0,3,22.0,7.57,13.223140495867767,37.65591805766313
New Jersey,2022-04-25,"Title 6A, Chapter 26",educational facilities,education,,Primary and Secondary Education,17700002304,1146,51386,982,12,3,0,149,28.0,9.24,28.01120448179272,37.00260934393639
New Jersey,2022-04-25,"Title 6A, Chapter 26A",securing our children s future bond act grants,education,,Primary and Secondary Education,17700002305,114,8800,104,3,0,0,7,20.0,8.65,7.9326923076923075,36.343230694037146
New Jersey,2022-04-25,"Title 6A, Chapter 27",student transportation,education,,Primary and Secondary Education,17700002306,576,21591,524,4,0,0,48,23.0,8.55,20.441988950276244,38.17551257815908
New Jersey,2022-04-25,"Title 6A, Chapter 28",school ethics commission,education,,Primary and Secondary Education,17700002307,214,10183,191,4,0,7,12,25.0,8.71,20.526315789473685,33.77472702215626
New Jersey,2022-04-25,"Title 6A, Chapter 3",controversies and disputes,education,,Primary and Secondary Education,17700002279,290,14198,271,2,4,0,13,26.0,8.94,32.62135922330097,34.54439690760339
New Jersey,2022-04-25,"Title 6A, Chapter 30",evaluation of the performance of school districts,education,,Primary and Secondary Education,17700002308,254,35034,212,1,0,0,41,34.0,10.77,9.911678115799804,37.54840317806512
New Jersey,2022-04-25,"Title 6A, Chapter 31",renaissance schools,education,,Primary and Secondary Education,17700002309,153,7937,139,3,1,1,9,23.0,8.07,15.337423312883436,39.2390438247012
New Jersey,2022-04-25,"Title 6A, Chapter 32",school district operations,education,,Primary and Secondary Education,17700002310,250,11574,237,0,1,0,12,26.0,8.88,20.97902097902098,36.800054555373706
New Jersey,2022-04-25,"Title 6A, Chapter 33",school turnaround and improvement,education,,Primary and Secondary Education,17700002311,47,4559,42,0,0,0,5,21.0,8.15,16.666666666666664,40.19346557759626
New Jersey,2022-04-25,"Title 6A, Chapter 4",appeals,education,,Primary and Secondary Education,17700002280,113,4860,110,1,0,0,2,25.0,8.15,27.717391304347828,32.135336696644
New Jersey,2022-04-25,"Title 6A, Chapter 5",regulatory equivalency and waiver,education,,Primary and Secondary Education,17700002281,14,923,12,1,0,0,1,24.0,7.18,10.81081081081081,39.35542857142857
New Jersey,2022-04-25,"Title 6A, Chapter 6",state board of education rulemaking process,education,,Primary and Secondary Education,17700002282,36,3013,34,2,0,0,0,19.0,7.76,9.655172413793103,33.02743142144639
New Jersey,2022-04-25,"Title 6A, Chapter 7",managing for equality and equity in education,education,,Primary and Secondary Education,17700002283,52,3819,47,0,0,1,4,26.0,8.56,10.56338028169014,43.89057750759879
New Jersey,2022-04-25,"Title 6A, Chapter 8",standards and assessment,education,,Primary and Secondary Education,17700002284,144,9422,131,2,0,0,11,22.0,8.84,7.4074074074074066,40.75504420766266
New Jersey,2022-04-25,"Title 6A, Chapter 9",professional standards,education,,Primary and Secondary Education,17700002285,24,8536,14,5,0,0,5,34.0,8.98,8.16326530612245,46.4049102235251
New Jersey,2022-04-25,"Title 6A, Chapter 9A",new jersey educator preparation programs,education,,Primary and Secondary Education,17700002286,113,5003,101,0,1,0,11,18.0,7.89,10.07751937984496,41.77430019836897
New Jersey,2022-04-25,"Title 6A, Chapter 9B",state board of examiners and certification,education,,Primary and Secondary Education,17700002287,835,45003,708,16,3,1,107,21.0,9.24,11.176183504148366,41.04580810377426
New Jersey,2022-04-25,"Title 6A, Chapter 9C",professional development,education,,Primary and Secondary Education,17700002288,100,4524,94,0,0,0,6,22.0,8.12,11.458333333333332,42.111478507321685
New Jersey,2022-04-25,"Title 7, Chapter 1",department organization,environmental protection,,"Environmental Protection, Public Utilities, and Natural Resources",17700002312,8,1111,5,1,0,0,2,24.0,7.98,13.636363636363637,40.53653846153846
New Jersey,2022-04-25,"Title 7, Chapter 10",safe drinking water act,environmental protection,,"Environmental Protection, Public Utilities, and Natural Resources",17700002339,1237,56006,1083,25,1,23,105,21.0,9.75,16.798418972332016,36.24900501816924
New Jersey,2022-04-25,"Title 7, Chapter 10A",licensing of water supply and waster treatment system operators,environmental protection,,"Environmental Protection, Public Utilities, and Natural Resources",17700002340,193,12462,159,4,1,0,29,28.0,9.57,16.511627906976745,38.75783278518262
New Jersey,2022-04-25,"Title 7, Chapter 11",new jersey water supply authority,environmental protection,,"Environmental Protection, Public Utilities, and Natural Resources",17700002341,384,21993,334,3,0,3,44,36.0,9.15,29.58477508650519,34.525670832122444
New Jersey,2022-04-25,"Title 7, Chapter 12",shellfish growing water classification,environmental protection,,"Environmental Protection, Public Utilities, and Natural Resources",17700002342,325,39298,267,2,0,36,20,30.0,9.24,9.05448717948718,35.736603216930014
New Jersey,2022-04-25,"Title 7, Chapter 13",flood hazard area control act rules,environmental protection,,"Environmental Protection, Public Utilities, and Natural Resources",17700002343,1181,129824,953,41,6,4,177,26.0,9.8,22.24567327986492,35.49268171669561
New Jersey,2022-04-25,"Title 7, Chapter 14",water pollution control act,environmental protection,,"Environmental Protection, Public Utilities, and Natural Resources",17700002344,465,37383,358,10,3,2,92,26.0,9.56,19.615099925980758,35.801686754194456
New Jersey,2022-04-25,"Title 7, Chapter 14A",new jersey pollutant discharge elimination system,environmental protection,,"Environmental Protection, Public Utilities, and Natural Resources",17700002345,3652,217309,2994,76,16,23,543,23.0,10.27,21.55162706902376,37.67452154410094
New Jersey,2022-04-25,"Title 7, Chapter 14B",underground storage tanks,environmental protection,,"Environmental Protection, Public Utilities, and Natural Resources",17700002346,841,51473,699,11,1,0,130,23.0,9.47,14.35969868173258,38.44209813588371
New Jersey,2022-04-25,"Title 7, Chapter 14C",sludge quality assurance,environmental protection,,"Environmental Protection, Public Utilities, and Natural Resources",17700002347,132,10219,94,3,0,0,35,30.0,8.96,18.08510638297873,44.63971315529179
New Jersey,2022-04-25,"Title 7, Chapter 14D",determination of environmental benefit of the reuse of further treated effluent in industrial facilities,environmental protection,,"Environmental Protection, Public Utilities, and Natural Resources",17700002348,33,2903,32,0,0,0,1,25.0,8.01,20.0,36.42437431991295
New Jersey,2022-04-25,"Title 7, Chapter 15",water quality management planning,environmental protection,,"Environmental Protection, Public Utilities, and Natural Resources",17700002349,481,42611,413,12,1,2,53,26.0,9.65,19.35483870967742,39.06894386537737
New Jersey,2022-04-25,"Title 7, Chapter 18",regulations governing the certification of laboratories and environmental measurements,environmental protection,,"Environmental Protection, Public Utilities, and Natural Resources",17700002350,1591,69734,1409,31,4,1,146,22.0,9.92,20.594059405940595,38.2124253509677
New Jersey,2022-04-25,"Title 7, Chapter 19",water supply allocation permits,environmental protection,,"Environmental Protection, Public Utilities, and Natural Resources",17700002351,550,34192,453,19,2,0,76,25.0,9.5,22.18045112781955,36.32930990899899
New Jersey,2022-04-25,"Title 7, Chapter 1A",water supply loan programs,environmental protection,,"Environmental Protection, Public Utilities, and Natural Resources",17700002313,500,22604,448,11,1,0,40,22.0,9.19,14.940239043824702,35.79332393041843
New Jersey,2022-04-25,"Title 7, Chapter 1B",waiver of department rules,environmental protection,,"Environmental Protection, Public Utilities, and Natural Resources",17700002314,15,1596,10,3,0,0,2,22.0,7.68,25.0,35.61305207646671
New Jersey,2022-04-25,"Title 7, Chapter 1D",general practice and procedure,environmental protection,,"Environmental Protection, Public Utilities, and Natural Resources",17700002315,79,5490,72,2,1,0,4,29.0,8.91,33.33333333333333,36.7194770236493
New Jersey,2022-04-25,"Title 7, Chapter 1E",discharges of petroleum and other hazardous substances,environmental protection,,"Environmental Protection, Public Utilities, and Natural Resources",17700002316,607,65051,445,58,1,0,103,30.0,10.45,21.482683982683984,44.241708403991005
New Jersey,2022-04-25,"Title 7, Chapter 1G",worker and community right to know regulations,environmental protection,,"Environmental Protection, Public Utilities, and Natural Resources",17700002317,191,15157,166,0,2,2,21,29.0,9.65,27.10472279260781,40.16463370097144
New Jersey,2022-04-25,"Title 7, Chapter 1H",county environmental health standards of administrative procedure and performance,environmental protection,,"Environmental Protection, Public Utilities, and Natural Resources",17700002318,75,6061,61,6,0,1,7,23.0,9.05,11.904761904761903,40.467614533965246
New Jersey,2022-04-25,"Title 7, Chapter 1I",processing of damage claims pursuant to the sanitary landfill facility closure and contingency fund act,environmental protection,,"Environmental Protection, Public Utilities, and Natural Resources",17700002319,184,11800,150,6,0,0,28,31.0,8.77,34.87738419618528,34.66259212655042
New Jersey,2022-04-25,"Title 7, Chapter 1J",processing of damage claims pursuant to the spill compensation and control act,environmental protection,,"Environmental Protection, Public Utilities, and Natural Resources",17700002320,397,22820,334,4,3,0,56,29.0,9.14,35.01997336884155,34.83135104999071
New Jersey,2022-04-25,"Title 7, Chapter 1K",pollution prevention program rules,environmental protection,,"Environmental Protection, Public Utilities, and Natural Resources",17700002321,362,29209,258,4,1,3,96,30.0,8.8,18.26086956521739,40.34127280885432
New Jersey,2022-04-25,"Title 7, Chapter 1L",payment schedule for permit application fees,environmental protection,,"Environmental Protection, Public Utilities, and Natural Resources",17700002322,17,1966,16,0,0,0,1,21.0,7.51,24.13793103448276,33.77861271676301
New Jersey,2022-04-25,"Title 7, Chapter 2",state park service code,environmental protection,,"Environmental Protection, Public Utilities, and Natural Resources",17700002323,499,23215,445,5,2,30,17,25.0,9.35,20.92760180995475,31.80846990708316
New Jersey,2022-04-25,"Title 7, Chapter 20",dam safety standards,environmental protection,,"Environmental Protection, Public Utilities, and Natural Resources",17700002352,205,10505,127,46,1,1,30,22.0,9.24,18.06167400881057,34.76848424212106
New Jersey,2022-04-25,"Title 7, Chapter 20A",agricultural aquacultural and horticultural water usage certification,environmental protection,,"Environmental Protection, Public Utilities, and Natural Resources",17700002353,254,14323,213,1,1,1,38,30.0,8.83,27.292576419213976,37.81644585892976
New Jersey,2022-04-25,"Title 7, Chapter 22",financial assistance programs for environmental infrastructure facilities,environmental protection,,"Environmental Protection, Public Utilities, and Natural Resources",17700002354,1385,82293,1113,109,5,5,153,23.0,9.76,18.06413651073845,38.97899917542775
New Jersey,2022-04-25,"Title 7, Chapter 24A",dam restoration and inland waters projects loan program,environmental protection,,"Environmental Protection, Public Utilities, and Natural Resources",17700002355,267,10798,230,13,0,0,24,19.0,8.9,14.80804387568556,35.5562776957164
New Jersey,2022-04-25,"Title 7, Chapter 25",division of fish and wildlife rules,environmental protection,,"Environmental Protection, Public Utilities, and Natural Resources",17700002356,3173,202549,2475,385,74,72,167,21.0,10.76,12.557394554191138,32.25809310744358
New Jersey,2022-04-25,"Title 7, Chapter 25A",oysters,environmental protection,,"Environmental Protection, Public Utilities, and Natural Resources",17700002357,210,10283,175,15,0,2,18,26.0,8.51,12.27154046997389,33.31316689112193
New Jersey,2022-04-25,"Title 7, Chapter 26",solid waste,environmental protection,,"Environmental Protection, Public Utilities, and Natural Resources",17700002358,3791,188720,3333,75,7,26,350,24.0,10.26,17.510775862068968,36.7737403182889
New Jersey,2022-04-25,"Title 7, Chapter 26A",recycling rules,environmental protection,,"Environmental Protection, Public Utilities, and Natural Resources",17700002359,1218,84566,1053,25,7,11,122,24.0,9.69,17.748385112273148,35.87267329288757
New Jersey,2022-04-25,"Title 7, Chapter 26B",industrial site recovery act rules,environmental protection,,"Environmental Protection, Public Utilities, and Natural Resources",17700002360,79,11881,60,0,1,0,18,30.0,9.2,29.25531914893617,40.55176122613606
New Jersey,2022-04-25,"Title 7, Chapter 26C",administrative requirements for the remediation of contaminated sites,environmental protection,,"Environmental Protection, Public Utilities, and Natural Resources",17700002361,757,68571,470,15,1,0,271,23.0,9.55,19.165435745937963,37.21493738675903
New Jersey,2022-04-25,"Title 7, Chapter 26D",remediation standards,environmental protection,,"Environmental Protection, Public Utilities, and Natural Resources",17700002362,82,46156,65,5,0,0,12,41.0,9.03,15.141242937853107,38.90959330222707
New Jersey,2022-04-25,"Title 7, Chapter 26E",technical requirements for site remediation,environmental protection,,"Environmental Protection, Public Utilities, and Natural Resources",17700002363,341,32082,260,11,0,2,68,24.0,9.37,23.09505106048704,39.3795806257118
New Jersey,2022-04-25,"Title 7, Chapter 26F",heating oil tank system remediation rules,environmental protection,,"Environmental Protection, Public Utilities, and Natural Resources",17700002364,120,16254,102,1,0,0,17,18.0,8.96,20.151133501259448,35.902871850447035
New Jersey,2022-04-25,"Title 7, Chapter 26G",hazardous waste,environmental protection,,"Environmental Protection, Public Utilities, and Natural Resources",17700002365,517,66760,404,17,2,9,85,21.0,9.48,14.24137931034483,34.69333471330987
New Jersey,2022-04-25,"Title 7, Chapter 26H",solid waste utility regulations,environmental protection,,"Environmental Protection, Public Utilities, and Natural Resources",17700002366,846,46984,724,39,3,2,78,24.0,9.77,20.507399577167018,34.56006951497506
New Jersey,2022-04-25,"Title 7, Chapter 26I",regulations of the new jersey site remediation professional licensing board,environmental protection,,"Environmental Protection, Public Utilities, and Natural Resources",17700002367,250,16970,231,0,4,2,13,19.0,8.69,13.653136531365314,34.69386452148375
New Jersey,2022-04-25,"Title 7, Chapter 27",air pollution control,environmental protection,,"Environmental Protection, Public Utilities, and Natural Resources",17700002368,3555,324845,2949,125,19,17,445,27.0,10.53,23.76115184171009,35.50109701357345
New Jersey,2022-04-25,"Title 7, Chapter 27A",air administrative procedures and penalties,environmental protection,,"Environmental Protection, Public Utilities, and Natural Resources",17700002369,87,32448,60,0,3,5,19,23.0,7.52,6.881143878462913,31.86587270597423
New Jersey,2022-04-25,"Title 7, Chapter 27B",sampling and analytical procedures,environmental protection,,"Environmental Protection, Public Utilities, and Natural Resources",17700002370,386,33356,296,40,1,0,49,19.0,9.9,16.16766467065868,33.74045801526717
New Jersey,2022-04-25,"Title 7, Chapter 27C",co 2 budget trading program,environmental protection,,"Environmental Protection, Public Utilities, and Natural Resources",17700002371,380,41636,282,29,3,0,66,28.0,9.04,19.49640287769784,35.6099518459069
New Jersey,2022-04-25,"Title 7, Chapter 27D",global warming solutions fund rules,environmental protection,,"Environmental Protection, Public Utilities, and Natural Resources",17700002372,71,5628,65,2,0,0,4,23.0,8.8,12.554112554112551,37.79478889311525
New Jersey,2022-04-25,"Title 7, Chapter 28",radiation protection programs,environmental protection,,"Environmental Protection, Public Utilities, and Natural Resources",17700002373,2295,136962,2001,53,18,5,218,23.0,10.06,18.2073320470093,37.26854382560588
New Jersey,2022-04-25,"Title 7, Chapter 29",noise control,environmental protection,,"Environmental Protection, Public Utilities, and Natural Resources",17700002374,77,6818,67,8,0,0,2,22.0,9.09,27.4247491638796,36.318059299191376
New Jersey,2022-04-25,"Title 7, Chapter 3",forestry,environmental protection,,"Environmental Protection, Public Utilities, and Natural Resources",17700002324,191,15529,172,1,2,0,16,20.0,9.22,16.830294530154276,32.587430378876434
New Jersey,2022-04-25,"Title 7, Chapter 30",pesticide control code,environmental protection,,"Environmental Protection, Public Utilities, and Natural Resources",17700002375,1687,101085,1346,25,4,18,294,25.0,9.79,29.000770613922427,36.02072423751944
New Jersey,2022-04-25,"Title 7, Chapter 31",toxic catastrophe prevention act program,environmental protection,,"Environmental Protection, Public Utilities, and Natural Resources",17700002376,613,69145,466,7,2,0,138,19.0,9.07,8.594229588704728,34.67356192551714
New Jersey,2022-04-25,"Title 7, Chapter 35",real property taxation of recreation and conservation lands owned by nonprofit organizations,environmental protection,,"Environmental Protection, Public Utilities, and Natural Resources",17700002377,38,2521,25,10,0,0,3,31.0,8.1,19.230769230769237,36.68210526315789
New Jersey,2022-04-25,"Title 7, Chapter 36",green acres program,environmental protection,,"Environmental Protection, Public Utilities, and Natural Resources",17700002378,1467,92110,1098,97,4,1,267,31.0,9.36,24.065096952908583,35.37887983753721
New Jersey,2022-04-25,"Title 7, Chapter 38",highlands water protection and planning act rules,environmental protection,,"Environmental Protection, Public Utilities, and Natural Resources",17700002379,812,60973,662,22,1,8,119,25.0,9.83,23.614775725593667,36.33952852628963
New Jersey,2022-04-25,"Title 7, Chapter 3A",board of tree experts,environmental protection,,"Environmental Protection, Public Utilities, and Natural Resources",17700002325,309,19842,246,15,9,0,39,24.0,8.81,16.710182767624023,34.15632781206019
New Jersey,2022-04-25,"Title 7, Chapter 4",the new jersey register of historic places rules,environmental protection,,"Environmental Protection, Public Utilities, and Natural Resources",17700002326,380,51574,358,6,2,0,14,27.0,9.9,19.220501868659905,38.67512659632417
New Jersey,2022-04-25,"Title 7, Chapter 45",rules for the review zone of the delaware and raritan canal state park,environmental protection,,"Environmental Protection, Public Utilities, and Natural Resources",17700002380,278,17340,226,15,0,7,30,22.0,9.42,21.102150537634408,36.29139725352546
New Jersey,2022-04-25,"Title 7, Chapter 5",conserve wildlife matching grants program,environmental protection,,"Environmental Protection, Public Utilities, and Natural Resources",17700002327,45,1610,40,1,0,0,4,20.0,7.67,12.0,36.9366576819407
New Jersey,2022-04-25,"Title 7, Chapter 50",pinelands comprehensive management plan,environmental protection,,"Environmental Protection, Public Utilities, and Natural Resources",17700002381,1750,114492,1498,64,15,11,162,25.0,9.98,24.47405329593268,37.54701934316202
New Jersey,2022-04-25,"Title 7, Chapter 5A",natural areas and the natural areas system,environmental protection,,"Environmental Protection, Public Utilities, and Natural Resources",17700002328,77,7458,64,2,5,3,3,17.0,8.8,8.755760368663594,41.04960762331839
New Jersey,2022-04-25,"Title 7, Chapter 5C",endangered plant species program,environmental protection,,"Environmental Protection, Public Utilities, and Natural Resources",17700002329,5,2899,5,0,0,0,0,40.0,9.72,11.940298507462686,48.64157060518732
New Jersey,2022-04-25,"Title 7, Chapter 5D",state trails system,environmental protection,,"Environmental Protection, Public Utilities, and Natural Resources",17700002330,52,4807,47,3,0,1,1,20.0,8.69,10.91703056768559,38.86893098192903
New Jersey,2022-04-25,"Title 7, Chapter 7",coastal zone management rules,environmental protection,,"Environmental Protection, Public Utilities, and Natural Resources",17700002331,2999,250097,2077,302,23,114,483,24.0,10.6,18.133252696300776,36.54385739713836
New Jersey,2022-04-25,"Title 7, Chapter 70",highlands open space partnership funding program and highlands development credit purchase program,environmental protection,,"Environmental Protection, Public Utilities, and Natural Resources",17700002382,73,5030,62,6,0,0,5,20.0,8.53,13.360323886639677,39.72450052576236
New Jersey,2022-04-25,"Title 7, Chapter 7A",freshwater wetlands protection act rules,environmental protection,,"Environmental Protection, Public Utilities, and Natural Resources",17700002332,1503,105526,1193,60,5,5,240,23.0,9.62,20.5989110707804,36.50196634907764
New Jersey,2022-04-25,"Title 7, Chapter 8",stormwater management,environmental protection,,"Environmental Protection, Public Utilities, and Natural Resources",17700002333,162,14538,147,4,0,0,11,23.0,9.32,13.735343383584588,41.31499166287706
New Jersey,2022-04-25,"Title 7, Chapter 9A",standards for individual subsurface sewage disposal systems,environmental protection,,"Environmental Protection, Public Utilities, and Natural Resources",17700002334,1441,75596,1161,83,4,17,176,22.0,10.29,20.98540145985401,34.42855732758013
New Jersey,2022-04-25,"Title 7, Chapter 9B",surface water quality standards,environmental protection,,"Environmental Protection, Public Utilities, and Natural Resources",17700002335,136,31361,116,7,0,2,11,39.0,9.59,35.37859007832898,37.49271415434675
New Jersey,2022-04-25,"Title 7, Chapter 9C",ground water quality standards,environmental protection,,"Environmental Protection, Public Utilities, and Natural Resources",17700002336,110,9607,101,4,0,1,4,24.0,9.08,19.680851063829788,38.24575710822129
New Jersey,2022-04-25,"Title 7, Chapter 9D",well construction and maintenance sealing of abandoned wells,environmental protection,,"Environmental Protection, Public Utilities, and Natural Resources",17700002337,585,30078,503,23,4,2,53,23.0,9.49,16.038492381716118,34.516898967285336
New Jersey,2022-04-25,"Title 7, Chapter 9E",private well testing act rules,environmental protection,,"Environmental Protection, Public Utilities, and Natural Resources",17700002338,72,4578,58,2,0,0,12,23.0,8.58,18.848167539267017,36.33588850174216
New Jersey,2022-04-25,"Title 7, Chapter A",appendix a environmental protection,environmental protection,,"Environmental Protection, Public Utilities, and Natural Resources",17700002383,44,2887,34,1,1,0,8,23.0,8.72,21.311475409836063,35.75
New Jersey,2022-04-25,"Title 8, Chapter 111",food and drugs,health,,Health Services,17700002453,980,53430,855,43,1,7,74,22.0,10.15,17.387543252595155,39.28853180371665
New Jersey,2022-04-25,"Title 8, Chapter 121",licensure standards for mental health programs,health,,Health Services,17700002454,63,3751,55,2,1,0,5,16.0,8.16,14.691943127962084,34.95824634655532
New Jersey,2022-04-25,"Title 8, Chapter 13",shellfish,health,,Health Services,17700002391,249,8570,220,8,1,4,16,22.0,9.19,12.56544502617801,37.301555693839454
New Jersey,2022-04-25,"Title 8, Chapter 131",special treatment units,health,,Health Services,17700002455,84,4454,77,0,0,4,3,27.0,8.68,25.625,37.04579792256846
New Jersey,2022-04-25,"Title 8, Chapter 133",interim assistance procedures manual,health,,Health Services,17700002456,191,13995,156,27,2,0,6,25.0,9.33,26.36363636363636,38.24528161133905
New Jersey,2022-04-25,"Title 8, Chapter 17",early intervention system,health,,Health Services,17700002392,374,31371,334,15,2,1,22,27.0,10.25,15.594713656387665,36.04899479825672
New Jersey,2022-04-25,"Title 8, Chapter 18",newborn biochemical screening program,health,,Health Services,17700002393,43,3536,36,0,0,0,7,18.0,8.5,11.518324607329845,40.19038759689923
New Jersey,2022-04-25,"Title 8, Chapter 19",newborn hearing screening program,health,,Health Services,17700002394,76,7470,62,7,0,0,7,27.0,9.45,19.696969696969692,38.45576596947428
New Jersey,2022-04-25,"Title 8, Chapter 2",birth certificates,health,,Health Services,17700002384,32,2468,30,1,0,0,1,26.0,7.96,25.274725274725277,32.83711958851264
New Jersey,2022-04-25,"Title 8, Chapter 20",birth defects registry,health,,Health Services,17700002395,63,5495,55,2,0,0,6,49.0,9.67,61.46788990825688,41.44784207470486
New Jersey,2022-04-25,"Title 8, Chapter 21",food and drugs,health,,Health Services,17700002396,1020,41612,922,29,2,7,60,22.0,10.07,17.68893756845564,36.065794164078014
New Jersey,2022-04-25,"Title 8, Chapter 23",importation of dogs reporting of rabies in animals control of avian chlamydiosis in pet birds sales and distribution of turtles and turtle eggs and transportation by animal control officers,health,,Health Services,17700002397,22,951,20,2,0,0,0,37.0,7.42,52.0,34.76940133037694
New Jersey,2022-04-25,"Title 8, Chapter 23A",animal facility operation animal control officer and animal cruelty investigator certification pilot spaying and neutering clinic fees and rabies inoculation,health,,Health Services,17700002398,222,8418,204,6,0,2,10,22.0,9.39,18.4,35.993512164691204
New Jersey,2022-04-25,"Title 8, Chapter 24",sanitation in retail food establishments food and beverage vending machines and cottage food operations,health,,Health Services,17700002399,662,37049,596,5,29,4,28,22.0,10.03,22.429906542056077,35.2755584682015
New Jersey,2022-04-25,"Title 8, Chapter 25",new jersey youth camp safety standards,health,,Health Services,17700002400,361,15089,339,3,1,2,16,21.0,9.59,11.92528735632184,33.44227907306357
New Jersey,2022-04-25,"Title 8, Chapter 26",public recreational bathing,health,,Health Services,17700002401,758,26098,711,6,1,15,25,18.0,9.66,13.352685050798256,34.37796505652621
New Jersey,2022-04-25,"Title 8, Chapter 27",body art and ear piercing facility standards,health,,Health Services,17700002402,394,11458,383,2,0,5,4,18.0,9.41,8.346456692913385,36.564232433925774
New Jersey,2022-04-25,"Title 8, Chapter 28",tanning facilities,health,,Health Services,17700002403,144,7203,130,1,1,0,12,24.0,9.5,13.898305084745765,38.08645662236823
New Jersey,2022-04-25,"Title 8, Chapter 2A",death records,health,,Health Services,17700002385,74,4485,61,3,0,0,10,46.0,8.4,32.25806451612903,36.39555555555555
New Jersey,2022-04-25,"Title 8, Chapter 2B",certificate of domestic partnership,health,,Health Services,17700002386,43,2703,42,1,0,0,0,29.0,8.02,19.78021978021978,35.790050920485704
New Jersey,2022-04-25,"Title 8, Chapter 30",rules implementing the health care professional responsibility and reporting enhancement act,health,,Health Services,17700002404,28,3654,22,0,0,0,6,28.0,9.14,9.448818897637794,32.05949177877429
New Jersey,2022-04-25,"Title 8, Chapter 31A",ambulatory care facility assessment,health,,Health Services,17700002405,39,1998,38,0,0,0,1,27.0,7.9,14.492753623188406,35.187639198218264
New Jersey,2022-04-25,"Title 8, Chapter 31B",hospital financial reporting,health,,Health Services,17700002406,234,27049,119,78,2,4,31,21.0,9.86,13.355048859934854,39.04997256408247
New Jersey,2022-04-25,"Title 8, Chapter 33",certificate of need application and review process,health,,Health Services,17700002407,468,34069,368,42,8,2,48,29.0,10.67,17.70293609671848,37.79864856487509
New Jersey,2022-04-25,"Title 8, Chapter 33C",certificate of need and healthcare facility licensure regionalized perinatal services and maternal and child health consortia,health,,Health Services,17700002408,220,11935,198,2,0,0,20,25.0,8.93,12.995594713656388,38.30693512304251
New Jersey,2022-04-25,"Title 8, Chapter 33E",certificate of need cardiac diagnostic facilities and cardiac surgery centers,health,,Health Services,17700002409,336,18249,284,26,0,1,25,25.0,9.13,11.832611832611832,41.35239852398524
New Jersey,2022-04-25,"Title 8, Chapter 33F",certificate of need long term acute care hospitals,health,,Health Services,17700002410,28,1592,28,0,0,0,0,25.0,7.77,11.864406779661016,35.21902210314802
New Jersey,2022-04-25,"Title 8, Chapter 33H",certificate of need policy manual for long term care services,health,,Health Services,17700002411,205,11186,191,1,0,0,13,27.0,8.79,16.25,37.42254837804992
New Jersey,2022-04-25,"Title 8, Chapter 33Q",transplantation services,health,,Health Services,17700002412,47,1842,44,2,0,0,1,24.0,8.27,9.210526315789473,41.408267270668176
New Jersey,2022-04-25,"Title 8, Chapter 34",rules for licensing nursing home administrators and rules regulating the nursing home administrators licensing board,health,,Health Services,17700002413,162,9454,134,2,0,1,25,25.0,9.14,14.325068870523417,36.94614945807188
New Jersey,2022-04-25,"Title 8, Chapter 35",rules implementing the autumn joy stillbirth research and dignity act,health,,Health Services,17700002414,58,3159,43,4,0,0,11,18.0,8.2,14.545454545454543,35.67931623931624
New Jersey,2022-04-25,"Title 8, Chapter 36",standards for licensure of assisted living residences comprehensive personal care homes and assisted living programs,health,,Health Services,17700002415,892,35017,823,6,1,2,60,22.0,9.56,18.163672654690615,37.88643600084907
New Jersey,2022-04-25,"Title 8, Chapter 37",licensing standards for dementia care homes,health,,Health Services,17700002416,287,11652,261,6,1,0,19,20.0,9.52,15.257352941176473,34.29259865430078
New Jersey,2022-04-25,"Title 8, Chapter 39",standards for licensure of long term care facilities,health,,Health Services,17700002417,978,46222,900,22,3,2,51,22.0,10.15,16.615853658536587,37.80252216028512
New Jersey,2022-04-25,"Title 8, Chapter 40",mobility assistance vehicle and basic life support ambulance services,health,,Health Services,17700002418,677,25636,613,5,4,4,51,21.0,10.05,17.247238742565845,34.54337240013206
New Jersey,2022-04-25,"Title 8, Chapter 40A",emergency medical technicians basics training and certification,health,,Health Services,17700002419,387,15758,333,13,0,0,41,20.0,9.22,8.201058201058201,38.15098262794285
New Jersey,2022-04-25,"Title 8, Chapter 41",advanced life support services mobile intensive care programs specialty care transport services and air medical services,health,,Health Services,17700002420,1083,48549,990,7,3,5,78,19.0,10.03,19.509202453987733,36.21565594059406
New Jersey,2022-04-25,"Title 8, Chapter 41A",emergency medical technicians paramedic training and certification,health,,Health Services,17700002421,334,15224,292,10,0,0,32,20.0,9.44,9.400544959128066,39.49396260263576
New Jersey,2022-04-25,"Title 8, Chapter 42",licensing standards for home health agencies,health,,Health Services,17700002422,258,15603,222,15,3,0,18,21.0,9.89,14.509246088193455,38.59062224333311
New Jersey,2022-04-25,"Title 8, Chapter 43",standards for licensure of residential health care facilities located with and operated by licensed health care facilities,health,,Health Services,17700002423,636,21832,592,7,0,4,33,22.0,9.65,19.358288770053477,36.65495608531995
New Jersey,2022-04-25,"Title 8, Chapter 43A",manual of standards for licensing of ambulatory care facilities,health,,Health Services,17700002424,1285,47804,1211,15,5,3,51,20.0,9.99,16.496220542463316,40.01731766178048
New Jersey,2022-04-25,"Title 8, Chapter 43D",standards for licensure of pediatric community transitional homes,health,,Health Services,17700002425,467,19581,429,10,2,0,26,23.0,9.95,12.669126691266912,37.77359725175855
New Jersey,2022-04-25,"Title 8, Chapter 43E",general licensure procedures and standards applicable to all licensed facilities,health,,Health Services,17700002426,461,30143,386,12,3,1,59,24.0,9.86,20.44517724649629,37.178521027377926
New Jersey,2022-04-25,"Title 8, Chapter 43F",standards for licensure of adult day health services facilities,health,,Health Services,17700002427,529,20762,503,4,3,3,16,21.0,9.45,17.83840503672613,40.15204708290685
New Jersey,2022-04-25,"Title 8, Chapter 43G",hospital licensing standards,health,,Health Services,17700002428,2437,96395,2326,26,3,0,82,20.0,10.17,11.706783369803064,39.79893341020467
New Jersey,2022-04-25,"Title 8, Chapter 43I",criminal background investigations nurse aides personal care assistants and assisted living administrators,health,,Health Services,17700002429,215,11475,163,19,0,0,33,22.0,8.36,28.45360824742268,39.476401736832166
New Jersey,2022-04-25,"Title 8, Chapter 43J",standards for licensure of pediatric medical day care facilities,health,,Health Services,17700002430,532,22566,506,0,0,2,24,18.0,9.38,12.919896640826872,37.183705463182896
New Jersey,2022-04-25,"Title 8, Chapter 44",chapter iv of the state sanitary code,health,,Health Services,17700002431,212,10740,181,13,2,0,16,22.0,9.25,16.274089935760173,40.23036187113857
New Jersey,2022-04-25,"Title 8, Chapter 45",clinical laboratory services,health,,Health Services,17700002432,15,797,13,0,0,0,2,28.0,7.03,12.5,41.16140350877193
New Jersey,2022-04-25,"Title 8, Chapter 50",standards for indoor environment certification and for licensure of indoor environmental consultants,health,,Health Services,17700002433,125,9760,81,31,0,0,13,24.0,9.98,12.11340206185567,39.23983078424992
New Jersey,2022-04-25,"Title 8, Chapter 51",childhood elevated blood lead levels,health,,Health Services,17700002434,179,16969,142,13,0,2,22,24.0,10.24,18.1294964028777,33.28723603064848
New Jersey,2022-04-25,"Title 8, Chapter 51A",screening of children for elevated blood lead levels,health,,Health Services,17700002435,24,1951,24,0,0,0,0,28.0,7.61,36.36363636363637,33.17550574084199
New Jersey,2022-04-25,"Title 8, Chapter 52",public health practice standards of performance for local boards of health in new jersey,health,,Health Services,17700002436,285,18916,265,3,0,0,17,19.0,9.17,4.731182795698925,41.621644580360176
New Jersey,2022-04-25,"Title 8, Chapter 53",registration standards for telemedicine and telehealth organizations,health,,Health Services,17700002437,34,2130,25,7,0,0,2,17.0,7.56,17.796610169491526,41.63733468972533
New Jersey,2022-04-25,"Title 8, Chapter 56",health care facility infection reporting,health,,Health Services,17700002438,34,2350,26,0,0,0,8,21.0,7.82,6.666666666666667,37.602125693160815
New Jersey,2022-04-25,"Title 8, Chapter 57",communicable diseases,health,,Health Services,17700002439,664,44740,557,13,2,4,88,25.0,9.95,17.465956187092953,38.851899518566185
New Jersey,2022-04-25,"Title 8, Chapter 57A",cancer registry,health,,Health Services,17700002440,59,4693,57,0,0,0,2,30.0,8.47,17.449664429530202,37.92595108695652
New Jersey,2022-04-25,"Title 8, Chapter 57B",hepatitis inoculation fund,health,,Health Services,17700002441,57,1761,56,0,0,0,1,18.0,7.71,6.382978723404255,40.23379769836463
New Jersey,2022-04-25,"Title 8, Chapter 58",reportable occupational and environmental diseases injuries and poisonings,health,,Health Services,17700002442,12,2012,5,6,0,0,1,19.0,8.42,9.803921568627452,38.18083378451543
New Jersey,2022-04-25,"Title 8, Chapter 59",worker and community right to know act rules,health,,Health Services,17700002443,481,80024,420,13,1,5,42,57.0,9.67,17.238749046529367,49.47779505788837
New Jersey,2022-04-25,"Title 8, Chapter 6",smoke free air,health,,Health Services,17700002387,137,17914,80,18,0,27,12,24.0,8.76,14.70160116448326,32.2002439768222
New Jersey,2022-04-25,"Title 8, Chapter 60",asbestos licenses and permits,health,,Health Services,17700002444,316,14552,277,7,4,0,28,18.0,9.07,11.066666666666666,37.69982172039816
New Jersey,2022-04-25,"Title 8, Chapter 61",attendance and participation at school by persons with hiv infection aids drug distribution program hiv aids counseling and testing of pregnant women for hiv and disclosure of children s hiv aids status,health,,Health Services,17700002445,70,3881,59,3,0,0,8,27.0,8.49,20.8955223880597,34.968793151063245
New Jersey,2022-04-25,"Title 8, Chapter 62",standards for lead certification,health,,Health Services,17700002446,219,8641,183,3,0,0,33,17.0,8.69,6.570841889117044,39.823477934741845
New Jersey,2022-04-25,"Title 8, Chapter 63",sterile syringe access program demonstration project rules,health,,Health Services,17700002447,15,2232,11,0,0,0,4,17.0,8.59,8.264462809917356,38.50891089108911
New Jersey,2022-04-25,"Title 8, Chapter 7",licensure of persons for public health positions,health,,Health Services,17700002388,129,5337,115,1,0,0,13,22.0,8.51,9.482758620689657,38.74545817528449
New Jersey,2022-04-25,"Title 8, Chapter 70",chief state medical examiner rules,health,,Health Services,17700002448,166,7602,149,0,0,1,16,28.0,8.82,33.33333333333333,36.40520547945206
New Jersey,2022-04-25,"Title 8, Chapter 8",collection processing storage and distribution of blood,health,,Health Services,17700002389,626,19763,587,4,0,0,35,20.0,9.25,14.389989572471324,38.24476650563607
New Jersey,2022-04-25,"Title 8, Chapter 85",long term care services,health,,Health Services,17700002449,938,49670,825,41,4,2,66,24.0,10.39,19.62432031636184,37.09010581897928
New Jersey,2022-04-25,"Title 8, Chapter 9",preparation handling transportation burial and disinterment of dead human bodies,health,,Health Services,17700002390,29,1900,20,2,0,0,7,32.0,8.68,41.07142857142857,32.790402647545505
New Jersey,2022-04-25,"Title 8, Chapter 94",administration and operation of the new jersey commission on spinal cord research the new jersey spinal cord research fund and the new jersey spinal cord injury registry,health,,Health Services,17700002450,124,6002,107,4,0,0,13,22.0,8.99,15.953307392996107,36.54830148619958
New Jersey,2022-04-25,"Title 8, Chapter 95",new jersey health care facilities financing authority,health,,Health Services,17700002451,18,633,11,1,0,0,6,29.0,6.95,25.0,39.735915492957744
New Jersey,2022-04-25,"Title 8, Chapter 96",hospital financial transparency,health,,Health Services,17700002452,10,1430,10,0,0,0,0,28.0,7.64,12.76595744680851,37.53965785381026
New Jersey,2022-04-25,"Title 9A, Chapter 1",licensure rules,higher education,,College and University,17700002457,267,15549,237,3,1,0,26,24.0,9.12,17.49598715890851,39.96862036665328
New Jersey,2022-04-25,"Title 9A, Chapter 10",student loan and college savings programs,higher education,,College and University,17700002464,332,27491,216,55,1,0,60,28.0,9.39,23.3402489626556,37.06373894480024
New Jersey,2022-04-25,"Title 9A, Chapter 11",educational opportunity fund administrative procedures and policies,higher education,,College and University,17700002465,312,17392,285,16,3,1,7,25.0,8.96,13.893129770992363,39.54716061418474
New Jersey,2022-04-25,"Title 9A, Chapter 12",rules and procedures for implementation of the higher education capital improvement fund act,higher education,,College and University,17700002466,42,2757,37,3,0,1,1,25.0,8.33,19.444444444444446,40.41252371916509
New Jersey,2022-04-25,"Title 9A, Chapter 13",rules implementing the higher education technology infrastructure fund act,higher education,,College and University,17700002467,26,2025,24,0,2,0,0,23.0,8.23,14.942528735632186,44.42275574112735
New Jersey,2022-04-25,"Title 9A, Chapter 14",rules and procedures for implementation of the higher education equipment leasing fund act,higher education,,College and University,17700002468,41,2192,36,2,0,0,3,24.0,8.13,20.454545454545457,39.26886341929322
New Jersey,2022-04-25,"Title 9A, Chapter 15",rules and procedures for implementation of the higher education facilities trust fund act,higher education,,College and University,17700002469,29,1974,24,3,0,0,2,23.0,8.13,15.66265060240964,38.739500265816055
New Jersey,2022-04-25,"Title 9A, Chapter 16",primary care practitioner loan redemption program,higher education,,College and University,17700002470,43,3050,32,8,0,0,3,31.0,8.3,21.649484536082475,37.622184300341296
New Jersey,2022-04-25,"Title 9A, Chapter 17",minority academic career program,higher education,,College and University,17700002471,32,2612,29,3,0,0,0,25.0,7.99,17.525773195876287,38.97280334728033
New Jersey,2022-04-25,"Title 9A, Chapter 18",rules and procedures for implementation of the building our future bond act,higher education,,College and University,17700002472,39,2235,33,2,2,0,2,25.0,8.13,18.6046511627907,37.005722460658085
New Jersey,2022-04-25,"Title 9A, Chapter 19",rules and procedures for implementation of the securing our children s future bond act,higher education,,College and University,17700002473,40,3207,33,3,2,0,2,23.0,8.55,15.671641791044776,37.292353328938695
New Jersey,2022-04-25,"Title 9A, Chapter 2",financial assessment and risk monitoring of independent and proprietary institutions of higher education,higher education,,College and University,17700002458,25,1446,24,0,0,0,1,19.0,7.22,19.718309859154928,38.14985163204748
New Jersey,2022-04-25,"Title 9A, Chapter 3",institutional codes of ethics,higher education,,College and University,17700002459,7,621,7,0,0,0,0,33.0,7.04,0.0,39.27068965517241
New Jersey,2022-04-25,"Title 9A, Chapter 4",community college chargeback,higher education,,College and University,17700002460,21,1063,17,0,0,0,4,36.0,6.9,25.0,33.05029013539652
New Jersey,2022-04-25,"Title 9A, Chapter 5",residency requirements for tuition purposes at public colleges and universities,higher education,,College and University,17700002461,19,1173,14,3,0,0,2,27.0,7.38,26.82926829268293,34.35103510351035
New Jersey,2022-04-25,"Title 9A, Chapter 7",community college personnel regulations,higher education,,College and University,17700002462,51,2549,50,1,0,0,0,30.0,8.12,25.925925925925924,38.772893772893774
New Jersey,2022-04-25,"Title 9A, Chapter 9",grant and scholarship programs,higher education,,College and University,17700002463,294,17614,227,47,5,0,15,31.0,8.94,21.15027829313544,35.99871386575208
New Jersey,2023-05-17,"Title 10A, Chapter 1",administration organization and management,corrections,,"Security, Justice, and Corrections",17700003595,196,13935,156,12,0,16,12,22.0,9.4,18.078175895765472,38.75036162923487
New Jersey,2023-05-17,"Title 10A, Chapter 10",interjurisdictional agreements and statutes,corrections,,"Security, Justice, and Corrections",17700003604,208,10309,189,13,3,0,3,23.0,8.73,22.5,37.56692347200822
New Jersey,2023-05-17,"Title 10A, Chapter 12",inmate groups,corrections,,"Security, Justice, and Corrections",17700003605,50,1937,47,1,0,1,1,18.0,7.56,15.384615384615383,41.40055710306407
New Jersey,2023-05-17,"Title 10A, Chapter 13",inmate jobs and wages,corrections,,"Security, Justice, and Corrections",17700003606,53,2361,46,2,0,0,5,22.0,7.56,23.0,37.93721770551039
New Jersey,2023-05-17,"Title 10A, Chapter 14",inmate hygiene and grooming use of tobacco products inmate identification photographs housekeeping and sanitation clothing bedding and laundry,corrections,,"Security, Justice, and Corrections",17700003607,108,3527,99,1,0,0,8,22.0,8.35,25.657894736842103,37.838768668089
New Jersey,2023-05-17,"Title 10A, Chapter 15",tenure teachers and other certified professional educators,corrections,,"Security, Justice, and Corrections",17700003608,35,1609,33,0,0,0,2,24.0,7.86,31.25,40.22523117569353
New Jersey,2023-05-17,"Title 10A, Chapter 16",health services,corrections,,"Security, Justice, and Corrections",17700003609,423,17400,385,8,1,7,22,20.0,9.2,16.251482799525505,38.97510094212652
New Jersey,2023-05-17,"Title 10A, Chapter 17",social services,corrections,,"Security, Justice, and Corrections",17700003610,252,11793,234,9,0,2,7,19.0,8.75,14.383561643835616,40.86062528318985
New Jersey,2023-05-17,"Title 10A, Chapter 18",mail visits and telephone,corrections,,"Security, Justice, and Corrections",17700003611,452,16660,406,21,2,9,14,21.0,8.88,21.032258064516128,37.31918701265499
New Jersey,2023-05-17,"Title 10A, Chapter 19",news media and public information dissemination,corrections,,"Security, Justice, and Corrections",17700003612,33,1849,30,0,0,2,1,26.0,7.68,24.24242424242424,42.82788296041308
New Jersey,2023-05-17,"Title 10A, Chapter 2",fiscal management,corrections,,"Security, Justice, and Corrections",17700003596,119,5032,111,5,0,1,2,21.0,8.61,17.77777777777778,39.04104558219918
New Jersey,2023-05-17,"Title 10A, Chapter 20",residential community programs,corrections,,"Security, Justice, and Corrections",17700003613,185,8275,160,4,1,8,12,21.0,8.54,20.435967302452315,40.57477853048463
New Jersey,2023-05-17,"Title 10A, Chapter 21",reports,corrections,,"Security, Justice, and Corrections",17700003614,55,3553,51,1,0,2,1,24.0,8.33,30.0,38.294768310911806
New Jersey,2023-05-17,"Title 10A, Chapter 22",records,corrections,,"Security, Justice, and Corrections",17700003615,53,3103,53,0,0,0,0,21.0,8.47,23.18840579710145,38.92931754874652
New Jersey,2023-05-17,"Title 10A, Chapter 24",substance use disorder treatment programs,corrections,,"Security, Justice, and Corrections",17700003616,57,3940,50,1,0,6,0,18.0,8.25,9.852216748768472,41.07882037533512
New Jersey,2023-05-17,"Title 10A, Chapter 3",security and control,corrections,,"Security, Justice, and Corrections",17700003597,440,17855,384,24,1,12,19,22.0,9.25,27.82719186785261,36.30114902098722
New Jersey,2023-05-17,"Title 10A, Chapter 31",adult county correctional facilities,corrections,,"Security, Justice, and Corrections",17700003617,937,39131,875,21,2,9,30,19.0,9.74,19.425935417734493,37.82790077063421
New Jersey,2023-05-17,"Title 10A, Chapter 34",new jersey municipal detention facilities,corrections,,"Security, Justice, and Corrections",17700003618,162,6915,148,2,0,2,10,20.0,8.83,18.31831831831832,36.04129972669298
New Jersey,2023-05-17,"Title 10A, Chapter 35",special treatment units,corrections,,"Security, Justice, and Corrections",17700003619,84,4454,77,0,0,4,3,27.0,8.68,25.625,37.04579792256846
New Jersey,2023-05-17,"Title 10A, Chapter 4",inmate discipline,corrections,,"Security, Justice, and Corrections",17700003598,329,15471,255,3,3,59,9,20.0,9.22,20.158102766798415,37.68138129891528
New Jersey,2023-05-17,"Title 10A, Chapter 5",close custody units,corrections,,"Security, Justice, and Corrections",17700003599,373,15938,353,7,2,5,6,16.0,8.74,17.869034406215317,35.1516042606025
New Jersey,2023-05-17,"Title 10A, Chapter 6",inmate access to courts,corrections,,"Security, Justice, and Corrections",17700003600,101,4341,90,5,1,0,5,21.0,8.28,13.0,38.11961839530333
New Jersey,2023-05-17,"Title 10A, Chapter 7",inmate abuse reporting and investigation,corrections,,"Security, Justice, and Corrections",17700003601,21,971,18,1,0,0,2,27.0,7.1,20.588235294117645,36.700221238938056
New Jersey,2023-05-17,"Title 10A, Chapter 71",parole,corrections,,"Security, Justice, and Corrections",17700003620,1367,61074,1257,15,9,4,82,24.0,9.01,26.720977596741346,33.656680782837526
New Jersey,2023-05-17,"Title 10A, Chapter 72",division of parole,corrections,,"Security, Justice, and Corrections",17700003621,770,34447,696,18,4,8,44,25.0,9.05,26.71641791044776,35.429169193450576
New Jersey,2023-05-17,"Title 10A, Chapter 8",inmate orientation and handbook,corrections,,"Security, Justice, and Corrections",17700003602,24,1076,23,0,0,0,1,10.0,7.47,14.85148514851485,43.83030303030303
New Jersey,2023-05-17,"Title 10A, Chapter 9",classification process,corrections,,"Security, Justice, and Corrections",17700003603,406,23822,343,18,2,27,16,15.0,9.26,12.286689419795222,36.08445458354672
New Jersey,2023-05-17,"Title 10, Chapter 1",rules of practice petition for rulemaking,human services,,Social Assistance,17700003481,28,1918,28,0,0,0,0,21.0,7.49,6.8181818181818175,35.67440543601359
New Jersey,2023-05-17,"Title 10, Chapter 109",ruling number 11,human services,,Social Assistance,17700003571,56,3013,46,5,0,1,4,25.0,8.5,14.782608695652174,36.95320808224034
New Jersey,2023-05-17,"Title 10, Chapter 110",child support program,human services,,Social Assistance,17700003572,546,29381,475,9,3,1,58,24.0,9.39,25.994919559695173,34.746716899892355
New Jersey,2023-05-17,"Title 10, Chapter 123",social services programs for individuals and families,human services,,Social Assistance,17700003573,48,4743,43,0,1,1,3,29.0,8.69,14.556962025316457,36.99118644067797
New Jersey,2023-05-17,"Title 10, Chapter 139",division of disability services organizational rules,human services,,Social Assistance,17700003574,0,471,0,0,0,0,0,16.0,7.33,7.4074074074074066,44.11111111111112
New Jersey,2023-05-17,"Title 10, Chapter 140",personal assistance services program,human services,,Social Assistance,17700003575,311,13236,273,20,2,0,16,23.0,9.02,16.117216117216117,38.05566728340439
New Jersey,2023-05-17,"Title 10, Chapter 141",traumatic brain injury fund,human services,,Social Assistance,17700003576,144,6694,123,13,0,0,8,17.0,9.04,12.894736842105264,39.430411171450736
New Jersey,2023-05-17,"Title 10, Chapter 142",personal preference program,human services,,Social Assistance,17700003577,203,11507,147,24,5,1,26,21.0,8.97,14.007782101167315,38.11605900361815
New Jersey,2023-05-17,"Title 10, Chapter 15",child care services,human services,,Social Assistance,17700003486,387,23780,316,15,1,0,55,24.0,9.12,17.71058315334773,32.4839465033548
New Jersey,2023-05-17,"Title 10, Chapter 150",organization of the division of the deaf and hard of hearing,human services,,Social Assistance,17700003578,1,708,1,0,0,0,0,21.0,7.39,6.0606060606060606,37.08805970149254
New Jersey,2023-05-17,"Title 10, Chapter 155",catastrophic illness in children relief fund program,human services,,Social Assistance,17700003579,61,4058,52,3,1,0,5,20.0,8.58,13.294797687861273,37.192896174863385
New Jersey,2023-05-17,"Title 10, Chapter 161B",standards for licensure of outpatient substance use disorder treatment facilities,human services,,Social Assistance,17700003580,991,59142,873,46,1,2,69,24.0,9.78,17.616161616161616,39.44215088909811
New Jersey,2023-05-17,"Title 10, Chapter 162",intoxicated driving program,human services,,Social Assistance,17700003581,247,13137,207,19,0,1,20,25.0,8.81,18.725099601593627,37.76902329382918
New Jersey,2023-05-17,"Title 10, Chapter 163",medical necessity review tool for substance use disorders,human services,,Social Assistance,17700003582,1,499,1,0,0,0,0,20.0,7.13,4.3478260869565215,37.68103448275862
New Jersey,2023-05-17,"Title 10, Chapter 164",adult day health services,human services,,Social Assistance,17700003583,129,12933,103,10,0,0,16,21.0,8.51,17.94871794871795,36.74928798112133
New Jersey,2023-05-17,"Title 10, Chapter 164A",adult day services program for persons with alzheimer s disease or related disorders,human services,,Social Assistance,17700003584,68,3395,63,2,0,0,3,24.0,8.69,10.218978102189782,36.88720856962823
New Jersey,2023-05-17,"Title 10, Chapter 164B",statewide respite care program,human services,,Social Assistance,17700003585,63,4170,58,0,1,1,3,23.0,8.59,13.714285714285715,36.71439568899153
New Jersey,2023-05-17,"Title 10, Chapter 165",planning and service areas and area agencies on aging,human services,,Social Assistance,17700003586,37,2749,34,0,1,0,2,22.0,7.72,14.166666666666666,31.40293890177881
New Jersey,2023-05-17,"Title 10, Chapter 166",pediatric medical day care services,human services,,Social Assistance,17700003587,99,9000,84,8,0,0,7,21.0,8.42,8.791208791208792,36.5237120847376
New Jersey,2023-05-17,"Title 10, Chapter 167",pharmaceutical assistance to the aged and disabled eligibility manual,human services,,Social Assistance,17700003588,155,10118,115,23,0,0,17,20.0,9.31,21.721311475409838,37.00733445096396
New Jersey,2023-05-17,"Title 10, Chapter 167A",provision of pharmaceutical services under the pharmaceutical assistance to the aged and disabled program,human services,,Social Assistance,17700003589,151,9198,118,11,1,1,20,19.0,9.19,15.869565217391305,37.44113194363573
New Jersey,2023-05-17,"Title 10, Chapter 167B",senior gold prescription program manual,human services,,Social Assistance,17700003590,111,8177,79,21,0,0,11,22.0,9.13,23.978201634877383,36.83217503217503
New Jersey,2023-05-17,"Title 10, Chapter 167C",provision of pharmaceutical services under the senior gold program,human services,,Social Assistance,17700003591,169,9013,130,16,1,1,21,19.0,9.05,13.626373626373626,38.26806722689076
New Jersey,2023-05-17,"Title 10, Chapter 167D",lifeline credit program tenants lifeline assistance program manual,human services,,Social Assistance,17700003592,114,6778,86,20,0,0,8,20.0,8.96,20.923076923076923,36.52914798206278
New Jersey,2023-05-17,"Title 10, Chapter 167E",hearing aid assistance to the aged and disabled,human services,,Social Assistance,17700003593,63,3654,49,8,0,0,6,18.0,8.78,16.923076923076923,34.835030549898164
New Jersey,2023-05-17,"Title 10, Chapter 195",standards for out of state programs serving children,human services,,Social Assistance,17700003594,41,1815,35,0,0,3,3,23.0,7.26,25.333333333333336,35.938515081206496
New Jersey,2023-05-17,"Title 10, Chapter 2",county human services advisory councils the state human services advisory council and commissioner s executive advisory committee,human services,,Social Assistance,17700003482,64,3402,54,3,0,0,7,21.0,8.41,7.142857142857142,40.76110260336907
New Jersey,2023-05-17,"Title 10, Chapter 3",contract administration,human services,,Social Assistance,17700003483,151,11853,120,10,1,1,19,26.0,9.28,19.02834008097166,38.29400301178138
New Jersey,2023-05-17,"Title 10, Chapter 30",division of mental health and addiction services organizational rules,human services,,Social Assistance,17700003487,1,811,0,0,0,0,1,22.0,7.59,14.705882352941178,44.66923076923077
New Jersey,2023-05-17,"Title 10, Chapter 31",screening and screening outreach program,human services,,Social Assistance,17700003488,327,21944,293,16,1,0,17,21.0,9.06,15.745568300312826,40.25964071856288
New Jersey,2023-05-17,"Title 10, Chapter 32",advance directives for mental health care,human services,,Social Assistance,17700003489,30,5192,24,0,0,0,6,28.0,7.89,25.806451612903224,32.42217741935484
New Jersey,2023-05-17,"Title 10, Chapter 35",county psychiatric facilities,human services,,Social Assistance,17700003490,59,3207,51,6,1,0,1,25.0,8.34,25.6,40.35487044932765
New Jersey,2023-05-17,"Title 10, Chapter 36",patient supervision at state psychiatric hospitals,human services,,Social Assistance,17700003491,111,5728,104,4,0,0,3,21.0,8.86,21.40221402214022,39.34355716878403
New Jersey,2023-05-17,"Title 10, Chapter 37",community mental health services act,human services,,Social Assistance,17700003492,620,25861,532,44,2,1,41,18.0,9.67,11.8895966029724,38.55210993554664
New Jersey,2023-05-17,"Title 10, Chapter 37A",licensed community residences for adults with mental illnesses,human services,,Social Assistance,17700003493,534,20476,444,49,4,5,32,22.0,9.54,19.273127753303964,36.70179163214581
New Jersey,2023-05-17,"Title 10, Chapter 37B",community support services for adults with serious mental illnesses,human services,,Social Assistance,17700003494,183,9589,165,5,1,0,12,23.0,9.18,17.317073170731707,42.55968344691141
New Jersey,2023-05-17,"Title 10, Chapter 37D",management and governing body standards,human services,,Social Assistance,17700003495,105,2694,102,0,0,0,3,14.0,8.15,4.972375690607735,40.72631150874339
New Jersey,2023-05-17,"Title 10, Chapter 37E",outpatient service standards,human services,,Social Assistance,17700003496,58,2159,57,0,0,0,1,17.0,8.15,13.008130081300814,42.00193143408981
New Jersey,2023-05-17,"Title 10, Chapter 37F",partial care services standards,human services,,Social Assistance,17700003497,179,9190,161,10,1,1,6,21.0,9.3,14.519906323185012,41.79647309895541
New Jersey,2023-05-17,"Title 10, Chapter 37G",short term care facility standards,human services,,Social Assistance,17700003498,169,7531,159,7,0,0,3,25.0,9.04,22.02797202797203,38.32411121870245
New Jersey,2023-05-17,"Title 10, Chapter 37I",family support services,human services,,Social Assistance,17700003499,153,6348,150,1,0,0,2,19.0,8.66,13.271604938271606,37.05551916148051
New Jersey,2023-05-17,"Title 10, Chapter 37J",programs of assertive community treatment,human services,,Social Assistance,17700003500,183,9724,170,4,2,0,7,19.0,9.2,11.40529531568228,39.459450796025216
New Jersey,2023-05-17,"Title 10, Chapter 4",disability discrimination grievance procedure,human services,,Social Assistance,17700003484,15,1378,11,0,0,3,1,22.0,7.66,26.666666666666668,36.42480620155039
New Jersey,2023-05-17,"Title 10, Chapter 40",division of developmental disabilities organizational rules,human services,,Social Assistance,17700003501,0,342,0,0,0,0,0,17.0,6.7,0.0,46.271028037383175
New Jersey,2023-05-17,"Title 10, Chapter 41",records confidentiality and access to client division and provider records,human services,,Social Assistance,17700003502,70,3877,56,7,1,1,5,21.0,8.45,24.0,38.95014982293653
New Jersey,2023-05-17,"Title 10, Chapter 41A",human rights committees,human services,,Social Assistance,17700003503,94,3535,90,1,0,1,2,22.0,8.15,14.102564102564102,38.66059894304169
New Jersey,2023-05-17,"Title 10, Chapter 42",mechanical restraints and safeguarding equipment,human services,,Social Assistance,17700003504,146,5433,116,13,0,5,12,19.0,8.76,18.613138686131386,40.584067407123705
New Jersey,2023-05-17,"Title 10, Chapter 42A",life threatening emergencies,human services,,Social Assistance,17700003505,43,2229,38,1,0,0,4,23.0,8.07,21.73913043478261,36.40143884892086
New Jersey,2023-05-17,"Title 10, Chapter 42B",moderate security unit,human services,,Social Assistance,17700003506,45,2302,42,1,1,0,1,24.0,7.82,32.967032967032964,34.47875742348104
New Jersey,2023-05-17,"Title 10, Chapter 43",guardianship need appointment continuity,human services,,Social Assistance,17700003507,89,5274,83,1,1,0,4,25.0,8.49,28.078817733990142,38.48684210526316
New Jersey,2023-05-17,"Title 10, Chapter 44A",standards for community residences for individuals with developmental disabilities,human services,,Social Assistance,17700003508,474,16979,417,5,1,9,42,17.0,9.59,14.285714285714285,37.46573982125124
New Jersey,2023-05-17,"Title 10, Chapter 44B",manual of standards for community care residences,human services,,Social Assistance,17700003509,477,16224,423,4,4,18,28,19.0,9.62,15.669856459330145,35.68328539469479
New Jersey,2023-05-17,"Title 10, Chapter 44C",standards for community residences for persons with head injuries,human services,,Social Assistance,17700003510,631,23355,560,8,1,11,51,17.0,9.65,14.586466165413531,35.40738907389074
New Jersey,2023-05-17,"Title 10, Chapter 44D",central registry of offenders against individuals with developmental disabilities,human services,,Social Assistance,17700003511,130,8221,126,1,0,2,1,26.0,8.82,19.5364238410596,40.06441795587117
New Jersey,2023-05-17,"Title 10, Chapter 45",guardianship services,human services,,Social Assistance,17700003512,52,4983,50,1,0,0,1,20.0,8.85,23.1404958677686,38.21900739176346
New Jersey,2023-05-17,"Title 10, Chapter 46",determination of eligibility,human services,,Social Assistance,17700003513,64,4027,43,13,0,0,8,20.0,8.46,29.230769230769237,38.08328926493918
New Jersey,2023-05-17,"Title 10, Chapter 46A",family support service system,human services,,Social Assistance,17700003514,60,3088,56,4,0,0,0,18.0,8.41,7.142857142857142,39.14639247124433
New Jersey,2023-05-17,"Title 10, Chapter 46B",placement,human services,,Social Assistance,17700003515,113,4908,102,1,0,0,10,19.0,8.16,32.52032520325203,34.944954128440365
New Jersey,2023-05-17,"Title 10, Chapter 46C",community care program waiting list procedures,human services,,Social Assistance,17700003516,62,4355,54,5,0,0,3,25.0,8.12,29.069767441860467,35.26597500589484
New Jersey,2023-05-17,"Title 10, Chapter 46D",contribution to care and maintenance requirements,human services,,Social Assistance,17700003517,185,7022,161,2,1,0,21,22.0,8.72,25.732899022801305,34.88041053101294
New Jersey,2023-05-17,"Title 10, Chapter 47",standards for private licensed facilities for persons with developmental disabilities,human services,,Social Assistance,17700003518,616,19279,591,4,0,6,15,15.0,9.64,11.621856027753688,38.201274795318426
New Jersey,2023-05-17,"Title 10, Chapter 48",appeal procedure,human services,,Social Assistance,17700003519,116,4334,105,6,0,0,5,15.0,8.04,14.285714285714285,36.909540286702914
New Jersey,2023-05-17,"Title 10, Chapter 48A",background checks,human services,,Social Assistance,17700003520,65,3479,63,0,1,0,1,21.0,7.84,19.553072625698324,38.37605042016807
New Jersey,2023-05-17,"Title 10, Chapter 48B",decision making for the terminally ill,human services,,Social Assistance,17700003521,57,5143,51,2,2,0,2,26.0,8.57,27.17948717948718,39.314234016887816
New Jersey,2023-05-17,"Title 10, Chapter 49",administration manual,human services,,Social Assistance,17700003522,743,68351,607,47,12,5,72,20.0,9.83,18.577981651376145,35.772109432833
New Jersey,2023-05-17,"Title 10, Chapter 49A",nursing facility patient care ratio requirements,human services,,Social Assistance,17700003523,104,4827,31,56,1,0,16,23.0,8.49,26.794258373205743,34.22094535993062
New Jersey,2023-05-17,"Title 10, Chapter 50",transportation services manual,human services,,Social Assistance,17700003524,112,7186,95,4,0,0,13,21.0,8.83,19.230769230769237,40.06532293658967
New Jersey,2023-05-17,"Title 10, Chapter 51",pharmaceutical services manual,human services,,Social Assistance,17700003525,335,21866,259,36,4,0,36,19.0,9.3,17.391304347826086,39.20711327649208
New Jersey,2023-05-17,"Title 10, Chapter 52",hospital services manual,human services,,Social Assistance,17700003526,1562,93528,1433,55,7,3,64,23.0,10.46,17.27391874180865,37.37758439574082
New Jersey,2023-05-17,"Title 10, Chapter 52A",psychiatric adult acute partial hospital and partial hospital services,human services,,Social Assistance,17700003527,205,10035,183,5,1,0,16,24.0,9.24,15.012106537530268,43.05903790087464
New Jersey,2023-05-17,"Title 10, Chapter 52B",the county option hospital fee pilot program,human services,,Social Assistance,17700003528,52,3560,29,17,0,0,6,24.0,8.05,10.48951048951049,35.97737421851742
New Jersey,2023-05-17,"Title 10, Chapter 53",home and community based services provided in assisted living residences comprehensive personal care homes and assisted living programs,human services,,Social Assistance,17700003529,40,1754,8,31,0,0,1,24.0,7.71,21.73913043478261,38.226835138387486
New Jersey,2023-05-17,"Title 10, Chapter 53A",hospice services manual,human services,,Social Assistance,17700003530,225,21506,161,40,3,0,21,22.0,8.79,16.926503340757236,38.91000295072293
New Jersey,2023-05-17,"Title 10, Chapter 54",physician services,human services,,Social Assistance,17700003531,840,100261,657,98,5,2,78,32.0,9.61,20.08106116433309,38.29007537462448
New Jersey,2023-05-17,"Title 10, Chapter 55",prosthetic and orthotic services,human services,,Social Assistance,17700003532,66,18460,53,7,0,0,6,50.0,9.89,13.649851632047476,42.54515482578059
New Jersey,2023-05-17,"Title 10, Chapter 56",manual for dental services,human services,,Social Assistance,17700003533,373,25454,314,26,1,1,31,20.0,9.95,20.081632653061224,40.23331112591605
New Jersey,2023-05-17,"Title 10, Chapter 57",podiatry services,human services,,Social Assistance,17700003534,76,13266,55,10,1,0,10,31.0,9.06,21.40921409214092,37.501612903225805
New Jersey,2023-05-17,"Title 10, Chapter 58",nurse midwifery services,human services,,Social Assistance,17700003535,163,12524,138,9,0,1,15,18.0,9.25,17.936507936507937,37.94168691426588
New Jersey,2023-05-17,"Title 10, Chapter 58A",advanced practice nurse services,human services,,Social Assistance,17700003536,248,25328,211,13,3,0,21,27.0,9.88,18.06674338319908,40.1768347859218
New Jersey,2023-05-17,"Title 10, Chapter 59",medical supplier manual,human services,,Social Assistance,17700003537,76,17926,65,4,0,0,7,19.0,10.15,10.501193317422434,36.73621008181578
New Jersey,2023-05-17,"Title 10, Chapter 60",home care services,human services,,Social Assistance,17700003538,427,22789,356,27,4,0,40,20.0,9.22,17.382999044890163,36.92033255675849
New Jersey,2023-05-17,"Title 10, Chapter 61",independent clinical laboratories,human services,,Social Assistance,17700003539,59,9430,29,26,2,0,2,26.0,8.82,12.32876712328767,37.125081574940175
New Jersey,2023-05-17,"Title 10, Chapter 62",vision care services manual,human services,,Social Assistance,17700003540,136,8601,112,11,1,0,12,18.0,9.14,22.377622377622377,38.28820269200317
New Jersey,2023-05-17,"Title 10, Chapter 64",hearing aid services,human services,,Social Assistance,17700003541,73,5114,63,0,1,0,9,18.0,8.81,17.490494296577946,35.37178405735976
New Jersey,2023-05-17,"Title 10, Chapter 66",independent clinic services,human services,,Social Assistance,17700003542,738,68347,500,153,9,1,75,20.0,9.83,12.72264631043257,36.33632922550426
New Jersey,2023-05-17,"Title 10, Chapter 67",psychological services,human services,,Social Assistance,17700003543,46,4932,30,9,1,0,6,21.0,8.61,14.09090909090909,39.64853647881171
New Jersey,2023-05-17,"Title 10, Chapter 68",chiropractic services,human services,,Social Assistance,17700003544,41,3350,39,0,0,0,2,21.0,8.46,21.83098591549296,39.35199485199485
New Jersey,2023-05-17,"Title 10, Chapter 69",afdc related medicaid,human services,,Social Assistance,17700003545,1043,57851,919,56,5,4,59,22.0,9.72,27.31331168831169,34.41885456768049
New Jersey,2023-05-17,"Title 10, Chapter 7",role of the county adjuster,human services,,Social Assistance,17700003485,175,10431,158,5,0,0,12,23.0,8.97,24.01847575057737,34.924418604651166
New Jersey,2023-05-17,"Title 10, Chapter 70",medically needy program,human services,,Social Assistance,17700003546,236,16323,193,24,2,0,17,21.0,9.28,21.55525238744884,33.99612202688728
New Jersey,2023-05-17,"Title 10, Chapter 71",medicaid only,human services,,Social Assistance,17700003547,747,41800,679,32,6,0,30,22.0,9.71,25.68511552928533,34.774062688974
New Jersey,2023-05-17,"Title 10, Chapter 72",new jersey care special medicaid programs manual,human services,,Social Assistance,17700003548,341,18758,268,47,3,0,23,21.0,9.13,18.42723004694836,36.280939681098566
New Jersey,2023-05-17,"Title 10, Chapter 73",case management services,human services,,Social Assistance,17700003549,230,16175,221,1,0,0,8,24.0,8.82,19.025157232704405,36.34469574233685
New Jersey,2023-05-17,"Title 10, Chapter 74",managed health care services for medicaid nj familycare beneficiaries,human services,,Social Assistance,17700003550,269,16678,235,4,1,1,28,22.0,9.33,16.853932584269664,38.12998234106963
New Jersey,2023-05-17,"Title 10, Chapter 75",psychiatric residential treatment facility services for individuals under age 21,human services,,Social Assistance,17700003551,224,9988,204,8,1,0,11,23.0,8.98,17.577197149643705,35.8060593353601
New Jersey,2023-05-17,"Title 10, Chapter 76",programs of assertive community treatment pact services,human services,,Social Assistance,17700003552,72,3788,67,1,0,0,4,20.0,8.45,14.204545454545457,37.6393076493579
New Jersey,2023-05-17,"Title 10, Chapter 77",rehabilitative services for children,human services,,Social Assistance,17700003553,426,23953,379,10,4,0,33,24.0,9.03,17.591623036649214,39.54768058171624
New Jersey,2023-05-17,"Title 10, Chapter 77A",adult mental health rehabilitation services provided in by community residence programs,human services,,Social Assistance,17700003554,77,4014,70,0,0,0,7,18.0,8.61,17.050691244239633,37.80859477985764
New Jersey,2023-05-17,"Title 10, Chapter 78",nj familycare,human services,,Social Assistance,17700003555,367,19488,349,0,0,1,17,23.0,9.19,20.84367245657568,36.32448878899183
New Jersey,2023-05-17,"Title 10, Chapter 79",nj familycare children s program,human services,,Social Assistance,17700003556,324,19612,256,34,3,0,31,23.0,9.15,21.39364303178484,36.4263407279776
New Jersey,2023-05-17,"Title 10, Chapter 79A",accountable care organization demonstration project,human services,,Social Assistance,17700003557,161,9301,86,72,0,0,3,23.0,8.89,10.459183673469388,40.22276296869816
New Jersey,2023-05-17,"Title 10, Chapter 79B",community support services for adults with mental illness,human services,,Social Assistance,17700003558,53,1612,42,7,2,0,2,18.0,7.73,9.876543209876544,34.81427627230668
New Jersey,2023-05-17,"Title 10, Chapter 80",division of family development organizational rules,human services,,Social Assistance,17700003559,0,597,0,0,0,0,0,24.0,7.32,4.166666666666666,44.71327433628319
New Jersey,2023-05-17,"Title 10, Chapter 84",program administration,human services,,Social Assistance,17700003560,88,5973,79,1,3,0,5,26.0,9.06,24.774774774774773,37.84676007005254
New Jersey,2023-05-17,"Title 10, Chapter 87",new jersey supplemental nutrition assistance program nj snap manual,human services,,Social Assistance,17700003561,2168,97553,1882,112,14,5,155,22.0,9.66,32.61853705027401,35.088722925943536
New Jersey,2023-05-17,"Title 10, Chapter 88",families first program,human services,,Social Assistance,17700003562,143,6827,124,13,0,1,5,23.0,8.62,16.43835616438356,32.332672361195854
New Jersey,2023-05-17,"Title 10, Chapter 90",work first new jersey program,human services,,Social Assistance,17700003563,2390,129959,2018,125,14,3,230,25.0,9.9,28.891556622649063,35.16804150286782
New Jersey,2023-05-17,"Title 10, Chapter 91",organization and general policy provisions of the commission for the blind and visually impaired,human services,,Social Assistance,17700003564,160,11218,148,1,1,0,10,20.0,9.41,12.854442344045369,38.53993801859442
New Jersey,2023-05-17,"Title 10, Chapter 92",educational services of the commission for the blind and visually impaired,human services,,Social Assistance,17700003565,42,4203,38,4,0,0,0,21.0,8.41,8.994708994708994,38.796559461480925
New Jersey,2023-05-17,"Title 10, Chapter 94",prevention services program of the commission for the blind and visually impaired,human services,,Social Assistance,17700003566,148,7736,135,7,1,1,4,19.0,9.15,13.367609254498714,37.27424472341013
New Jersey,2023-05-17,"Title 10, Chapter 95",vocational rehabilitation services program of the commission for the blind and visually impaired,human services,,Social Assistance,17700003567,288,16247,249,23,5,0,11,20.0,8.97,14.709677419354838,39.56534479390506
New Jersey,2023-05-17,"Title 10, Chapter 97",the business enterprise program of the new jersey commission for the blind and visually impaired,human services,,Social Assistance,17700003568,131,7119,103,12,1,1,14,22.0,8.92,19.29260450160772,36.76534403328875
New Jersey,2023-05-17,"Title 10, Chapter 99",rehabilitation facilities set aside act rules,human services,,Social Assistance,17700003570,96,4640,93,1,0,1,1,26.0,8.66,19.07514450867052,36.90261228230981
New Jersey,2023-05-17,"Title 11, Chapter 1",administration,insurance,,"Banking, Insurance, and Securities",17700003622,1158,67732,987,28,5,8,130,26.0,9.83,21.108490566037734,35.693885925318014
New Jersey,2023-05-17,"Title 11, Chapter 10",dental services,insurance,,"Banking, Insurance, and Securities",17700003629,138,6769,116,8,4,0,10,26.0,8.84,17.131474103585656,34.75367762128325
New Jersey,2023-05-17,"Title 11, Chapter 12",legal insurance,insurance,,"Banking, Insurance, and Securities",17700003630,7,769,6,0,0,0,1,27.0,7.65,7.142857142857142,38.0124826629681
New Jersey,2023-05-17,"Title 11, Chapter 13",commercial lines insurance,insurance,,"Banking, Insurance, and Securities",17700003631,98,6597,82,6,0,1,9,22.0,8.38,16.896551724137932,37.13677861102054
New Jersey,2023-05-17,"Title 11, Chapter 15",group self insurance,insurance,,"Banking, Insurance, and Securities",17700003632,1775,84805,1484,55,16,8,212,30.0,9.06,20.091004550227517,35.0690161344496
New Jersey,2023-05-17,"Title 11, Chapter 16",fraud prevention and detection,insurance,,"Banking, Insurance, and Securities",17700003633,161,20658,143,6,1,2,9,25.0,9.16,14.68298109010011,34.81174420987907
New Jersey,2023-05-17,"Title 11, Chapter 17",producer licensing,insurance,,"Banking, Insurance, and Securities",17700003634,408,20674,352,7,2,1,46,24.0,9.27,19.520958083832333,38.73871443839381
New Jersey,2023-05-17,"Title 11, Chapter 17A",insurance producer standards of conduct marketing,insurance,,"Banking, Insurance, and Securities",17700003635,121,7156,92,3,4,6,16,31.0,8.8,26.991150442477878,38.14443788728239
New Jersey,2023-05-17,"Title 11, Chapter 17B",insurance producer standards of conduct commissions and fees,insurance,,"Banking, Insurance, and Securities",17700003636,34,2622,31,0,0,0,3,25.0,7.78,23.76237623762376,34.435303514377
New Jersey,2023-05-17,"Title 11, Chapter 17C",insurance producer standards of conduct management of funds,insurance,,"Banking, Insurance, and Securities",17700003637,73,2637,59,0,0,0,14,23.0,7.94,29.82456140350877,35.21511395441824
New Jersey,2023-05-17,"Title 11, Chapter 17D",insurance producer standards of conduct administrative procedures and penalties,insurance,,"Banking, Insurance, and Securities",17700003638,45,2773,34,2,0,0,9,24.0,8.19,22.727272727272727,36.01307189542484
New Jersey,2023-05-17,"Title 11, Chapter 17E",persons employed in the business of insurance,insurance,,"Banking, Insurance, and Securities",17700003639,57,12528,36,7,0,11,3,20.0,8.47,20.93457943925234,37.665560991790365
New Jersey,2023-05-17,"Title 11, Chapter 19",financial examinations monitoring system,insurance,,"Banking, Insurance, and Securities",17700003640,87,5010,78,2,0,0,7,21.0,8.57,12.237762237762238,33.142857142857146
New Jersey,2023-05-17,"Title 11, Chapter 2",insurance group,insurance,,"Banking, Insurance, and Securities",17700003623,2008,119792,1681,58,13,13,243,29.0,10.03,29.673968415690272,35.477179487179484
New Jersey,2023-05-17,"Title 11, Chapter 20",individual health coverage program,insurance,,"Banking, Insurance, and Securities",17700003641,2209,271361,977,774,19,2,437,24.0,9.35,27.437769043608466,34.32250889000809
New Jersey,2023-05-17,"Title 11, Chapter 21",small employer health benefits program,insurance,,"Banking, Insurance, and Securities",17700003642,4321,519790,1604,1748,72,4,893,27.0,10.3,34.28868120456905,34.4711854255447
New Jersey,2023-05-17,"Title 11, Chapter 22",health benefit plans,insurance,,"Banking, Insurance, and Securities",17700003643,487,36410,386,24,4,3,70,25.0,9.48,19.32075471698113,36.23685812867871
New Jersey,2023-05-17,"Title 11, Chapter 23",third party administrators,insurance,,"Banking, Insurance, and Securities",17700003644,111,6972,98,0,0,0,13,30.0,8.65,26.00896860986547,36.88697087961573
New Jersey,2023-05-17,"Title 11, Chapter 24",health maintenance organizations,insurance,,"Banking, Insurance, and Securities",17700003645,860,38976,745,27,1,1,86,28.0,9.46,26.44194756554307,35.79305370314924
New Jersey,2023-05-17,"Title 11, Chapter 24A",health care quality act application to insurance companies health service corporations hospital service corporations and medical service corporations,insurance,,"Banking, Insurance, and Securities",17700003646,404,19832,338,20,1,0,45,28.0,8.88,32.477341389728096,35.47923407415266
New Jersey,2023-05-17,"Title 11, Chapter 24B",organized delivery systems,insurance,,"Banking, Insurance, and Securities",17700003647,389,22585,335,14,4,4,32,28.0,8.83,27.656850192061466,35.61717901496907
New Jersey,2023-05-17,"Title 11, Chapter 24C",managed care plans,insurance,,"Banking, Insurance, and Securities",17700003648,245,27810,213,10,1,2,19,29.0,8.7,20.07952286282306,37.1770752449621
New Jersey,2023-05-17,"Title 11, Chapter 25",office of the insurance claims ombudsman,insurance,,"Banking, Insurance, and Securities",17700003649,43,3086,40,1,0,0,2,27.0,8.23,23.809523809523807,36.20439006836992
New Jersey,2023-05-17,"Title 11, Chapter 27",medical malpractice liability insurance,insurance,,"Banking, Insurance, and Securities",17700003650,223,11883,192,2,0,4,25,26.0,9.1,19.23990498812352,35.79403694896653
New Jersey,2023-05-17,"Title 11, Chapter 28",captive insurance,insurance,,"Banking, Insurance, and Securities",17700003651,96,4966,88,1,0,0,7,23.0,8.52,16.417910447761194,37.41648776298841
New Jersey,2023-05-17,"Title 11, Chapter 3",automobile insurance,insurance,,"Banking, Insurance, and Securities",17700003624,1963,107835,1679,69,8,7,200,23.0,10.0,22.062134173795588,35.43639841780665
New Jersey,2023-05-17,"Title 11, Chapter 4",actuarial services,insurance,,"Banking, Insurance, and Securities",17700003625,3456,217144,2853,148,73,47,335,25.0,10.08,25.270970782280862,35.13925686748868
New Jersey,2023-05-17,"Title 11, Chapter 5",real estate commission,insurance,,"Banking, Insurance, and Securities",17700003626,1309,70669,1069,88,9,15,128,27.0,9.92,19.65272296764009,35.791957136302415
New Jersey,2023-05-17,"Title 11, Chapter 6",new jersey workers compensation managed care organizations,insurance,,"Banking, Insurance, and Securities",17700003627,94,5451,85,2,0,0,7,24.0,8.76,19.004524886877828,38.74462729912875
New Jersey,2023-05-17,"Title 11, Chapter 7",insurance of municipal bonds asset backed securities and consumer debt obligations,insurance,,"Banking, Insurance, and Securities",17700003628,58,4183,47,0,1,1,9,38.0,8.43,40.95238095238095,34.87909887359199
New Jersey,2023-05-17,"Title 12A, Chapter 1",disability discrimination grievance procedure,commerce,,"Industry, Commerce, and Development",17700003705,15,1391,11,0,0,3,1,22.0,7.68,26.666666666666668,36.64873174481168
New Jersey,2023-05-17,"Title 12, Chapter 10",public works contractor and qualifying services contractor reporting requirements under the diane b allen equal pay act pl 2018 c 9 section 5,labor and workforce development,,Labor and Workforce Development,17700003659,42,3895,32,3,2,0,5,19.0,8.75,12.953367875647666,38.38752469658481
New Jersey,2023-05-17,"Title 12, Chapter 100",safety and health standards for public employees,labor and workforce development,,Labor and Workforce Development,17700003691,226,11707,209,3,0,2,12,19.0,9.55,11.591695501730104,38.97856135401975
New Jersey,2023-05-17,"Title 12, Chapter 102",seasonal farm workers,labor and workforce development,,Labor and Workforce Development,17700003692,31,1127,25,0,0,1,5,22.0,7.4,32.0,33.525763358778626
New Jersey,2023-05-17,"Title 12, Chapter 105",arbitration,labor and workforce development,,Labor and Workforce Development,17700003693,65,2758,59,0,2,0,4,26.0,7.87,43.26923076923077,31.755675259715275
New Jersey,2023-05-17,"Title 12, Chapter 106",elections,labor and workforce development,,Labor and Workforce Development,17700003694,24,897,23,1,0,0,0,31.0,7.27,50.0,33.1953216374269
New Jersey,2023-05-17,"Title 12, Chapter 110",occupational safety and health procedural standards for public employees,labor and workforce development,,Labor and Workforce Development,17700003695,230,11613,218,3,1,2,6,25.0,9.01,28.893905191873586,36.54246476328153
New Jersey,2023-05-17,"Title 12, Chapter 112",occupational safety and health review commission rules of procedure,labor and workforce development,,Labor and Workforce Development,17700003696,98,3801,92,0,0,0,6,24.0,8.18,21.85430463576159,33.53292581272576
New Jersey,2023-05-17,"Title 12, Chapter 120",asbestos licenses and permits,labor and workforce development,,Labor and Workforce Development,17700003697,321,14746,282,7,4,0,28,18.0,9.07,11.198945981554678,37.723012613669695
New Jersey,2023-05-17,"Title 12, Chapter 121",licensing of crane operators,labor and workforce development,,Labor and Workforce Development,17700003698,118,5992,106,3,0,0,9,21.0,8.91,11.851851851851851,35.415016204537274
New Jersey,2023-05-17,"Title 12, Chapter 15",scope,labor and workforce development,,Labor and Workforce Development,17700003660,85,6289,74,3,1,0,7,31.0,8.92,25.64102564102564,39.10614428719365
New Jersey,2023-05-17,"Title 12, Chapter 16",contributions records and reports,labor and workforce development,,Labor and Workforce Development,17700003661,357,22199,281,33,4,0,39,30.0,9.25,27.42616033755274,35.626400459638035
New Jersey,2023-05-17,"Title 12, Chapter 17",unemployment benefit payments,labor and workforce development,,Labor and Workforce Development,17700003662,444,26419,371,14,8,1,50,30.0,9.29,36.79245283018868,35.22065165309056
New Jersey,2023-05-17,"Title 12, Chapter 18",temporary disability benefits,labor and workforce development,,Labor and Workforce Development,17700003663,344,17380,303,5,1,0,35,33.0,8.59,34.93761140819964,32.95730061349693
New Jersey,2023-05-17,"Title 12, Chapter 185",pits and quarries,labor and workforce development,,Labor and Workforce Development,17700003699,597,15205,564,7,0,4,22,24.0,9.55,34.32343234323432,31.138242445293503
New Jersey,2023-05-17,"Title 12, Chapter 19",definitions used by employment security agency and special employment relationships,labor and workforce development,,Labor and Workforce Development,17700003664,9,2103,4,5,0,0,0,23.0,8.23,23.07692307692308,34.06393606393606
New Jersey,2023-05-17,"Title 12, Chapter 190",explosives,labor and workforce development,,Labor and Workforce Development,17700003700,802,26351,756,4,0,7,35,21.0,9.62,22.483766233766232,33.859383936596124
New Jersey,2023-05-17,"Title 12, Chapter 194",model rocketry,labor and workforce development,,Labor and Workforce Development,17700003701,24,1213,21,1,0,0,2,24.0,7.85,31.25,34.733333333333334
New Jersey,2023-05-17,"Title 12, Chapter 196",safe dispensing of retail gasoline,labor and workforce development,,Labor and Workforce Development,17700003702,41,2062,37,1,0,1,2,19.0,8.39,16.19047619047619,35.37064809855383
New Jersey,2023-05-17,"Title 12, Chapter 2",notification,labor and workforce development,,Labor and Workforce Development,17700003652,104,8102,28,64,0,0,12,24.0,7.15,12.140575079872203,33.832372970141435
New Jersey,2023-05-17,"Title 12, Chapter 20",board of review,labor and workforce development,,Labor and Workforce Development,17700003665,38,1780,36,0,0,0,2,30.0,7.57,31.57894736842105,29.49706572769953
New Jersey,2023-05-17,"Title 12, Chapter 21",family leave insurance benefits,labor and workforce development,,Labor and Workforce Development,17700003666,286,15978,238,6,2,0,40,35.0,8.52,35.13513513513514,31.717177672955973
New Jersey,2023-05-17,"Title 12, Chapter 210",apparel industry registration,labor and workforce development,,Labor and Workforce Development,17700003703,51,2898,45,4,0,0,2,22.0,8.18,22.83464566929134,36.49523460410557
New Jersey,2023-05-17,"Title 12, Chapter 23",workforce development partnership program,labor and workforce development,,Labor and Workforce Development,17700003667,199,17287,146,26,1,0,26,26.0,9.24,17.896389324960754,39.98361561119293
New Jersey,2023-05-17,"Title 12, Chapter 235",rules of the division of workers compensation,labor and workforce development,,Labor and Workforce Development,17700003704,600,30782,530,20,4,7,39,27.0,9.77,29.676258992805757,35.07460349874073
New Jersey,2023-05-17,"Title 12, Chapter 3",contracts,labor and workforce development,,Labor and Workforce Development,17700003653,23,1455,21,0,0,2,0,31.0,7.94,23.91304347826087,34.97134670487106
New Jersey,2023-05-17,"Title 12, Chapter 35",work first new jersey and food stamp employment and training program,labor and workforce development,,Labor and Workforce Development,17700003668,22,1235,22,0,0,0,0,19.0,7.38,16.129032258064516,34.63001745200698
New Jersey,2023-05-17,"Title 12, Chapter 4",suspension and revocation of employer license for non compliance with state wage benefit and tax laws,labor and workforce development,,Labor and Workforce Development,17700003654,31,2492,20,0,0,0,11,19.0,7.61,14.166666666666666,32.86158563293912
New Jersey,2023-05-17,"Title 12, Chapter 41",private career schools,labor and workforce development,,Labor and Workforce Development,17700003669,112,6440,95,0,0,6,11,22.0,8.72,17.95774647887324,37.14226289517471
New Jersey,2023-05-17,"Title 12, Chapter 42",workforce investment act rules,labor and workforce development,,Labor and Workforce Development,17700003670,109,6955,88,6,0,2,13,22.0,8.28,18.27242524916944,35.88319800124922
New Jersey,2023-05-17,"Title 12, Chapter 45",division of vocational rehabilitation services,labor and workforce development,,Labor and Workforce Development,17700003671,123,10880,106,9,3,2,3,24.0,9.21,23.93736017897092,42.97659247889486
New Jersey,2023-05-17,"Title 12, Chapter 5",audits,labor and workforce development,,Labor and Workforce Development,17700003655,6,586,5,0,0,0,1,28.0,7.0,36.84210526315789,39.799283154121866
New Jersey,2023-05-17,"Title 12, Chapter 51",vocational rehabilitation services,labor and workforce development,,Labor and Workforce Development,17700003672,219,15984,152,42,0,0,25,23.0,9.61,10.3397341211226,42.62290322580645
New Jersey,2023-05-17,"Title 12, Chapter 55",wage payments,labor and workforce development,,Labor and Workforce Development,17700003673,88,5093,79,3,0,0,6,25.0,8.6,28.061224489795915,33.25436772046589
New Jersey,2023-05-17,"Title 12, Chapter 56",wage and hour,labor and workforce development,,Labor and Workforce Development,17700003674,223,14329,167,21,2,1,32,27.0,9.1,26.434426229508198,31.2820317266626
New Jersey,2023-05-17,"Title 12, Chapter 57",wage orders for minors,labor and workforce development,,Labor and Workforce Development,17700003675,79,3798,68,0,0,0,11,33.0,7.8,32.407407407407405,30.13065755764304
New Jersey,2023-05-17,"Title 12, Chapter 58",child labor,labor and workforce development,,Labor and Workforce Development,17700003676,105,5896,95,5,1,3,1,21.0,9.15,22.2972972972973,35.7201699298116
New Jersey,2023-05-17,"Title 12, Chapter 59",industrial home work law,labor and workforce development,,Labor and Workforce Development,17700003677,24,1276,3,18,2,0,1,22.0,7.43,20.0,31.725042301184438
New Jersey,2023-05-17,"Title 12, Chapter 6",confidentiality,labor and workforce development,,Labor and Workforce Development,17700003656,18,811,17,0,0,1,0,32.0,6.9,50.0,36.40078843626807
New Jersey,2023-05-17,"Title 12, Chapter 60",prevailing wages for public works,labor and workforce development,,Labor and Workforce Development,17700003678,85,5680,78,2,0,1,4,24.0,8.81,25.76419213973799,35.167229729729726
New Jersey,2023-05-17,"Title 12, Chapter 61",wage collection,labor and workforce development,,Labor and Workforce Development,17700003679,16,830,15,0,0,0,1,19.0,7.43,21.428571428571427,34.45632333767927
New Jersey,2023-05-17,"Title 12, Chapter 62",public works contractor registration,labor and workforce development,,Labor and Workforce Development,17700003680,68,3992,52,3,1,0,12,29.0,8.55,27.480916030534356,38.52253934382502
New Jersey,2023-05-17,"Title 12, Chapter 63",notification concerning health benefits plans,labor and workforce development,,Labor and Workforce Development,17700003681,22,1354,22,0,0,0,0,25.0,7.71,33.9622641509434,34.58307210031348
New Jersey,2023-05-17,"Title 12, Chapter 64",prevailing wages for building services,labor and workforce development,,Labor and Workforce Development,17700003682,60,3744,50,4,0,0,6,27.0,8.51,26.31578947368421,35.30502257336343
New Jersey,2023-05-17,"Title 12, Chapter 65",construction industry independent contractor act rules,labor and workforce development,,Labor and Workforce Development,17700003683,26,2038,23,0,0,0,3,26.0,7.43,25.71428571428571,31.78528934559221
New Jersey,2023-05-17,"Title 12, Chapter 66",prevailing wages and safety training for construction work on public utilities,labor and workforce development,,Labor and Workforce Development,17700003684,48,2517,38,4,0,0,6,26.0,8.25,29.47368421052631,35.50146997060059
New Jersey,2023-05-17,"Title 12, Chapter 67",prohibited discrimination against unemployed individuals,labor and workforce development,,Labor and Workforce Development,17700003685,10,711,9,1,0,0,0,22.0,7.0,25.806451612903224,38.04141104294479
New Jersey,2023-05-17,"Title 12, Chapter 68",the opportunity to compete act rules,labor and workforce development,,Labor and Workforce Development,17700003686,30,2296,23,1,0,0,6,33.0,8.19,45.588235294117645,38.903342366757
New Jersey,2023-05-17,"Title 12, Chapter 69",earned sick leave rules,labor and workforce development,,Labor and Workforce Development,17700003687,154,8967,119,8,1,4,22,26.0,8.55,37.99392097264438,30.59100516674495
New Jersey,2023-05-17,"Title 12, Chapter 7",disability discrimination grievance procedure,labor and workforce development,,Labor and Workforce Development,17700003657,15,1374,11,0,0,3,1,22.0,7.67,26.666666666666668,36.339035769828925
New Jersey,2023-05-17,"Title 12, Chapter 70",prohibited covid 19 related employment discrimination,labor and workforce development,,Labor and Workforce Development,17700003688,11,933,10,0,0,1,0,28.0,7.58,32.25806451612903,36.73394495412844
New Jersey,2023-05-17,"Title 12, Chapter 71",new jersey call center jobs act rules,labor and workforce development,,Labor and Workforce Development,17700003689,37,2260,32,2,0,0,3,25.0,8.11,21.176470588235293,32.653187440532825
New Jersey,2023-05-17,"Title 12, Chapter 8",listing of persons prohibited from contracting with any public body due to a violation of state wage benefit or tax laws,labor and workforce development,,Labor and Workforce Development,17700003658,20,1239,10,0,0,10,0,23.0,7.41,19.607843137254903,31.22758620689655
New Jersey,2023-05-17,"Title 12, Chapter 90",boilers pressure vessels and refrigeration,labor and workforce development,,Labor and Workforce Development,17700003690,440,18422,393,5,3,0,39,22.0,9.31,21.1734693877551,35.958220548428855
New Jersey,2023-05-17,"Title 13, Chapter 1",police training commission,law and public safety,,"Security, Justice, and Corrections",17700003706,163,11003,104,42,1,0,16,24.0,8.63,13.397129186602871,38.82899558395189
New Jersey,2023-05-17,"Title 13, Chapter 10",multiple dwelling reports,law and public safety,,"Security, Justice, and Corrections",17700003717,23,1301,22,0,0,0,1,23.0,7.63,18.51851851851852,32.37552039966695
New Jersey,2023-05-17,"Title 13, Chapter 100",classification assignment process for juveniles,law and public safety,,"Security, Justice, and Corrections",17700003847,49,2292,47,0,0,1,1,20.0,8.18,18.51851851851852,40.59972170686456
New Jersey,2023-05-17,"Title 13, Chapter 101",juvenile discipline,law and public safety,,"Security, Justice, and Corrections",17700003848,223,9590,197,2,0,14,10,22.0,9.26,20.91346153846154,38.85224158719719
New Jersey,2023-05-17,"Title 13, Chapter 103",community programs,law and public safety,,"Security, Justice, and Corrections",17700003849,725,28723,643,25,1,13,43,21.0,9.41,22.13911742707554,37.91630607640815
New Jersey,2023-05-17,"Title 13, Chapter 11",employment advertising,law and public safety,,"Security, Justice, and Corrections",17700003718,12,1497,12,0,0,0,0,47.0,8.03,45.16129032258064,40.57311977715877
New Jersey,2023-05-17,"Title 13, Chapter 13",regulations pertaining to discrimination on the basis of disability,law and public safety,,"Security, Justice, and Corrections",17700003719,61,6573,42,8,1,3,7,33.0,9.05,27.604166666666668,39.16081272641361
New Jersey,2023-05-17,"Title 13, Chapter 14",rules pertaining to the family leave act,law and public safety,,"Security, Justice, and Corrections",17700003720,71,7449,46,13,7,1,4,35.0,8.31,41.14832535885167,31.672594430658947
New Jersey,2023-05-17,"Title 13, Chapter 15",housing for older persons,law and public safety,,"Security, Justice, and Corrections",17700003721,10,2104,6,3,0,0,1,28.0,7.36,28.000000000000004,31.68401874023946
New Jersey,2023-05-17,"Title 13, Chapter 18",executive and administrative service,law and public safety,,"Security, Justice, and Corrections",17700003722,677,36854,560,41,4,10,62,24.0,9.55,21.108884435537743,36.1705015253899
New Jersey,2023-05-17,"Title 13, Chapter 19",compliance and safety,law and public safety,,"Security, Justice, and Corrections",17700003723,193,12590,165,4,1,1,22,24.0,9.05,21.906693711967545,36.302378454004895
New Jersey,2023-05-17,"Title 13, Chapter 1A",law enforcement officers training and equipment fund,law and public safety,,"Security, Justice, and Corrections",17700003707,47,3022,43,2,0,1,1,22.0,7.65,19.230769230769237,36.446333687566415
New Jersey,2023-05-17,"Title 13, Chapter 1C",disability discrimination grievance procedure,law and public safety,,"Security, Justice, and Corrections",17700003708,15,1381,11,0,0,3,1,22.0,7.72,25.42372881355932,36.34416086620263
New Jersey,2023-05-17,"Title 13, Chapter 1D",petitions for rules,law and public safety,,"Security, Justice, and Corrections",17700003709,10,528,8,2,0,0,0,28.0,6.69,5.555555555555555,31.95257731958763
New Jersey,2023-05-17,"Title 13, Chapter 1E",department of law and public safety,law and public safety,,"Security, Justice, and Corrections",17700003710,69,4989,56,0,0,0,13,28.0,8.83,28.235294117647054,36.60752575152407
New Jersey,2023-05-17,"Title 13, Chapter 2",division of alcoholic beverage control,law and public safety,,"Security, Justice, and Corrections",17700003711,1111,57172,877,97,12,37,88,31.0,9.63,30.55235903337169,34.59129715295799
New Jersey,2023-05-17,"Title 13, Chapter 20",enforcement service,law and public safety,,"Security, Justice, and Corrections",17700003724,3510,159343,3210,88,3,15,194,25.0,9.98,19.29502171734046,34.27278698633351
New Jersey,2023-05-17,"Title 13, Chapter 21",licensing service,law and public safety,,"Security, Justice, and Corrections",17700003725,1372,78068,959,199,11,17,186,26.0,9.83,24.70796460176991,34.62339468302658
New Jersey,2023-05-17,"Title 13, Chapter 23",driving schools,law and public safety,,"Security, Justice, and Corrections",17700003726,284,12188,228,29,2,7,18,29.0,8.73,20.603015075376884,35.838435224980266
New Jersey,2023-05-17,"Title 13, Chapter 24",equipment for emergency vehicles and other specified vehicles,law and public safety,,"Security, Justice, and Corrections",17700003727,208,10059,181,4,0,6,17,27.0,8.11,20.72829131652661,33.780871032373724
New Jersey,2023-05-17,"Title 13, Chapter 25",motorized bicycles,law and public safety,,"Security, Justice, and Corrections",17700003728,78,4421,58,10,2,1,7,32.0,8.27,29.545454545454547,36.532040265160816
New Jersey,2023-05-17,"Title 13, Chapter 27",new jersey state board of architects,law and public safety,,"Security, Justice, and Corrections",17700003729,482,24579,424,5,3,1,49,29.0,9.26,20.484848484848484,38.73003181153813
New Jersey,2023-05-17,"Title 13, Chapter 28",board of cosmetology and hairstyling,law and public safety,,"Security, Justice, and Corrections",17700003730,452,20422,385,21,1,12,33,24.0,9.36,13.382899628252789,35.857624759049045
New Jersey,2023-05-17,"Title 13, Chapter 29",new jersey state board of accountancy,law and public safety,,"Security, Justice, and Corrections",17700003731,358,16650,309,6,0,3,40,24.0,9.12,16.1631419939577,38.81215079314109
New Jersey,2023-05-17,"Title 13, Chapter 3",office of amusement games control,law and public safety,,"Security, Justice, and Corrections",17700003712,197,8902,175,5,1,2,14,29.0,8.86,26.262626262626267,33.92208103572285
New Jersey,2023-05-17,"Title 13, Chapter 30",new jersey board of dentistry,law and public safety,,"Security, Justice, and Corrections",17700003732,750,40311,674,11,3,1,61,23.0,9.75,15.964391691394658,38.457551967867296
New Jersey,2023-05-17,"Title 13, Chapter 31",board of examiners of electrical contractors,law and public safety,,"Security, Justice, and Corrections",17700003733,282,15256,235,6,0,1,40,26.0,8.85,19.82300884955752,37.70043435617206
New Jersey,2023-05-17,"Title 13, Chapter 31A",fire alarm burglar alarm and locksmith licensees and businesses,law and public safety,,"Security, Justice, and Corrections",17700003734,331,19130,285,4,1,3,38,27.0,9.03,20.02967359050445,36.64842362344583
New Jersey,2023-05-17,"Title 13, Chapter 32",state board of examiners of master plumbers,law and public safety,,"Security, Justice, and Corrections",17700003735,245,13635,204,1,0,0,40,24.0,8.97,15.03623188405797,37.1026792750197
New Jersey,2023-05-17,"Title 13, Chapter 32A",state board of examiners of heating ventilating air conditioning and refrigeration contractors rules,law and public safety,,"Security, Justice, and Corrections",17700003736,283,16787,238,2,0,0,43,25.0,8.94,15.36050156739812,37.34023032143761
New Jersey,2023-05-17,"Title 13, Chapter 33",state board of ophthalmic dispensers and ophthalmic technicians,law and public safety,,"Security, Justice, and Corrections",17700003737,237,12450,196,14,2,0,25,22.0,9.2,18.198529411764707,37.55807994533652
New Jersey,2023-05-17,"Title 13, Chapter 34",board of marriage and family therapy examiners,law and public safety,,"Security, Justice, and Corrections",17700003738,952,50139,811,18,4,4,115,26.0,9.42,18.315217391304348,40.46473840203477
New Jersey,2023-05-17,"Title 13, Chapter 34C",alcohol and drug counselor committee,law and public safety,,"Security, Justice, and Corrections",17700003739,322,20686,262,5,4,3,48,27.0,9.31,18.844566712517192,40.25731172933863
New Jersey,2023-05-17,"Title 13, Chapter 34D",art therapists advisory committee,law and public safety,,"Security, Justice, and Corrections",17700003740,369,18129,311,6,1,1,50,24.0,9.06,15.937940761636108,37.92134897018496
New Jersey,2023-05-17,"Title 13, Chapter 35",board of medical examiners,law and public safety,,"Security, Justice, and Corrections",17700003741,2404,137984,2106,62,8,14,214,24.0,10.15,20.75266871720644,39.2133859105276
New Jersey,2023-05-17,"Title 13, Chapter 36",state board of mortuary science,law and public safety,,"Security, Justice, and Corrections",17700003742,633,30401,524,7,5,4,93,26.0,9.45,24.821428571428573,35.38673820043481
New Jersey,2023-05-17,"Title 13, Chapter 37",new jersey board of nursing,law and public safety,,"Security, Justice, and Corrections",17700003743,571,32621,498,6,2,0,65,22.0,9.44,14.850798056904926,38.02593235323008
New Jersey,2023-05-17,"Title 13, Chapter 37A",new jersey board of massage and bodywork therapy rules,law and public safety,,"Security, Justice, and Corrections",17700003744,161,9536,142,1,0,2,16,24.0,9.12,18.134715025906736,35.285745831953186
New Jersey,2023-05-17,"Title 13, Chapter 38",new jersey state board of optometrists,law and public safety,,"Security, Justice, and Corrections",17700003745,329,15600,288,9,1,1,30,25.0,9.45,21.38157894736842,38.87447414845976
New Jersey,2023-05-17,"Title 13, Chapter 39",state board of pharmacy,law and public safety,,"Security, Justice, and Corrections",17700003746,1377,59593,1241,22,6,14,94,24.0,9.65,20.18699532511687,39.51218514301978
New Jersey,2023-05-17,"Title 13, Chapter 39A",state board of physical therapy,law and public safety,,"Security, Justice, and Corrections",17700003747,324,19607,285,5,1,0,33,27.0,8.97,22.56699576868829,39.59117379921996
New Jersey,2023-05-17,"Title 13, Chapter 4",rules of practice and procedure,law and public safety,,"Security, Justice, and Corrections",17700003713,203,10925,186,4,1,1,11,28.0,8.66,31.550802139037437,35.252394636015325
New Jersey,2023-05-17,"Title 13, Chapter 40",state board of professional engineers and land surveyors,law and public safety,,"Security, Justice, and Corrections",17700003748,709,37251,537,36,4,6,126,21.0,9.62,16.61756040070713,37.67378823798235
New Jersey,2023-05-17,"Title 13, Chapter 40A",state board of real estate appraisers,law and public safety,,"Security, Justice, and Corrections",17700003749,304,19413,254,0,1,5,44,26.0,9.14,15.168539325842698,39.31477353053124
New Jersey,2023-05-17,"Title 13, Chapter 41",state board of professional planners,law and public safety,,"Security, Justice, and Corrections",17700003750,84,4222,64,2,0,1,17,25.0,8.63,17.791411042944784,37.86963074604371
New Jersey,2023-05-17,"Title 13, Chapter 42",board of psychological examiners,law and public safety,,"Security, Justice, and Corrections",17700003751,506,26327,429,10,2,6,59,25.0,9.57,21.19140625,39.16229842743388
New Jersey,2023-05-17,"Title 13, Chapter 42A",certified psychoanalysts advisory committee rules,law and public safety,,"Security, Justice, and Corrections",17700003752,124,7280,112,1,1,1,9,24.0,8.67,19.310344827586206,43.03604127307077
New Jersey,2023-05-17,"Title 13, Chapter 43",state board of court reporting,law and public safety,,"Security, Justice, and Corrections",17700003753,169,8468,142,6,1,2,18,22.0,8.49,12.96829971181556,40.99936305732484
New Jersey,2023-05-17,"Title 13, Chapter 44",state board of veterinary medical examiners,law and public safety,,"Security, Justice, and Corrections",17700003754,154,10265,139,5,0,0,10,24.0,9.16,19.570405727923628,37.17892684928696
New Jersey,2023-05-17,"Title 13, Chapter 44B",per diem compensation for members of professional and occupational licensing boards,law and public safety,,"Security, Justice, and Corrections",17700003755,10,398,8,0,0,0,2,18.0,6.66,9.523809523809524,32.71671388101983
New Jersey,2023-05-17,"Title 13, Chapter 44C",audiology and speech language pathology advisory committee,law and public safety,,"Security, Justice, and Corrections",17700003756,174,11374,152,4,0,1,17,21.0,9.31,13.572854291417164,38.767672944071165
New Jersey,2023-05-17,"Title 13, Chapter 44D",public movers and warehousemen,law and public safety,,"Security, Justice, and Corrections",17700003757,276,16869,186,27,2,0,61,22.0,8.6,23.92550143266476,29.85427672955975
New Jersey,2023-05-17,"Title 13, Chapter 44E",state board of chiropractic examiners,law and public safety,,"Security, Justice, and Corrections",17700003758,401,22063,343,10,4,0,44,23.0,9.49,19.1129883843717,40.603167808219176
New Jersey,2023-05-17,"Title 13, Chapter 44F",state board of respiratory care,law and public safety,,"Security, Justice, and Corrections",17700003759,177,10873,158,3,0,0,16,22.0,8.98,17.92656587473002,38.51750632172729
New Jersey,2023-05-17,"Title 13, Chapter 44G",state board of social work examiners,law and public safety,,"Security, Justice, and Corrections",17700003760,349,17697,295,7,1,2,44,23.0,9.27,20.435967302452315,37.86955222096013
New Jersey,2023-05-17,"Title 13, Chapter 44H",orthotics and prosthetics board of examiners,law and public safety,,"Security, Justice, and Corrections",17700003761,209,11227,180,3,0,3,23,23.0,9.02,16.274089935760173,39.72697869101979
New Jersey,2023-05-17,"Title 13, Chapter 44J",cemeteries,law and public safety,,"Security, Justice, and Corrections",17700003762,318,17404,272,11,2,10,23,24.0,8.88,21.897810218978105,33.297871042518146
New Jersey,2023-05-17,"Title 13, Chapter 44K",occupational therapy advisory council,law and public safety,,"Security, Justice, and Corrections",17700003763,350,20608,319,3,1,0,27,27.0,8.86,20.498614958448755,41.099087619144704
New Jersey,2023-05-17,"Title 13, Chapter 44L",state board of polysomnography,law and public safety,,"Security, Justice, and Corrections",17700003764,166,11229,139,4,0,0,23,26.0,8.73,14.423076923076922,41.89051164566629
New Jersey,2023-05-17,"Title 13, Chapter 44M",elevator escalator and moving walkway mechanics licensing board rules,law and public safety,,"Security, Justice, and Corrections",17700003765,91,5759,79,1,0,0,11,25.0,8.49,18.2648401826484,37.10246433203632
New Jersey,2023-05-17,"Title 13, Chapter 45",administrative hearings in the division of consumer affairs,law and public safety,,"Security, Justice, and Corrections",17700003766,63,2954,58,1,0,0,4,26.0,8.32,32.11009174311927,33.76150779267851
New Jersey,2023-05-17,"Title 13, Chapter 45A",administrative rules of the division of consumer affairs,law and public safety,,"Security, Justice, and Corrections",17700003767,1661,106589,1381,76,6,15,183,26.0,10.5,23.96486825595985,33.98349648407669
New Jersey,2023-05-17,"Title 13, Chapter 45B",personnel services,law and public safety,,"Security, Justice, and Corrections",17700003768,390,18208,297,11,1,1,80,29.0,9.07,22.937293729372936,34.04468724708059
New Jersey,2023-05-17,"Title 13, Chapter 45C",uniform regulations,law and public safety,,"Security, Justice, and Corrections",17700003769,42,3365,34,0,0,6,2,29.0,8.24,23.214285714285715,36.634123518402994
New Jersey,2023-05-17,"Title 13, Chapter 45D",telemarketing do not call,law and public safety,,"Security, Justice, and Corrections",17700003770,45,4031,39,1,0,1,4,28.0,8.28,19.402985074626866,38.567368133369776
New Jersey,2023-05-17,"Title 13, Chapter 45E",health care professional reporting responsibility,law and public safety,,"Security, Justice, and Corrections",17700003771,51,4303,36,1,0,0,14,40.0,7.63,28.57142857142857,37.49249757986447
New Jersey,2023-05-17,"Title 13, Chapter 45F",identity theft,law and public safety,,"Security, Justice, and Corrections",17700003772,49,3297,35,3,1,1,9,28.0,8.12,29.464285714285715,33.60267275097784
New Jersey,2023-05-17,"Title 13, Chapter 45G",disposition of consumer complaints,law and public safety,,"Security, Justice, and Corrections",17700003773,12,1157,10,0,0,0,2,42.0,7.18,25.925925925925924,35.93715846994535
New Jersey,2023-05-17,"Title 13, Chapter 45H",controlled dangerous substances,law and public safety,,"Security, Justice, and Corrections",17700003774,379,21258,273,35,6,1,64,27.0,9.34,24.02088772845953,39.35288174976007
New Jersey,2023-05-17,"Title 13, Chapter 45I",bill of rights for customers of certain autobuses,law and public safety,,"Security, Justice, and Corrections",17700003775,20,1694,20,0,0,0,0,29.0,8.31,26.785714285714285,33.942602040816325
New Jersey,2023-05-17,"Title 13, Chapter 45J",limitations on and obligations associated with prescriber acceptance of compensation from pharmaceutical manufacturers,law and public safety,,"Security, Justice, and Corrections",17700003776,24,2335,20,1,1,1,1,25.0,8.36,25.842696629213485,41.39541160593792
New Jersey,2023-05-17,"Title 13, Chapter 46",rules governing boxing extreme wrestling and sparring exhibitions and performances,law and public safety,,"Security, Justice, and Corrections",17700003777,838,29235,671,117,5,24,21,25.0,9.4,29.41696113074205,32.41534137140321
New Jersey,2023-05-17,"Title 13, Chapter 47",rules of legalized games of chance,law and public safety,,"Security, Justice, and Corrections",17700003778,1595,68779,1434,51,11,12,87,25.0,9.41,24.4988864142539,27.690103165695483
New Jersey,2023-05-17,"Title 13, Chapter 47A",bureau of securities,law and public safety,,"Security, Justice, and Corrections",17700003779,504,38965,335,45,8,6,110,29.0,9.44,25.471698113207548,34.471804200429965
New Jersey,2023-05-17,"Title 13, Chapter 47B",scales instruments and devices weights and measures,law and public safety,,"Security, Justice, and Corrections",17700003780,41,2310,35,2,2,1,1,37.0,8.18,28.33333333333333,35.575393154486584
New Jersey,2023-05-17,"Title 13, Chapter 47C",general commodities weights and measures,law and public safety,,"Security, Justice, and Corrections",17700003781,82,3263,66,11,0,0,5,30.0,8.68,25.71428571428571,31.134352635003253
New Jersey,2023-05-17,"Title 13, Chapter 47E",weighmasters weights and measures,law and public safety,,"Security, Justice, and Corrections",17700003782,11,468,9,0,0,0,2,89.0,6.48,,32.045662100456624
New Jersey,2023-05-17,"Title 13, Chapter 47F",fees for the registration inspection and testing of weighing and measuring devices,law and public safety,,"Security, Justice, and Corrections",17700003783,55,2968,51,0,0,0,4,24.0,8.16,16.666666666666664,34.48153618906942
New Jersey,2023-05-17,"Title 13, Chapter 47G",standard containers for farm products weights and measures,law and public safety,,"Security, Justice, and Corrections",17700003784,5,656,5,0,0,0,0,33.0,6.58,0.0,31.798872180451127
New Jersey,2023-05-17,"Title 13, Chapter 47H",engine fuels and automotive lubricants,law and public safety,,"Security, Justice, and Corrections",17700003785,4,194,3,1,0,0,0,25.0,6.37,14.285714285714285,41.76878612716763
New Jersey,2023-05-17,"Title 13, Chapter 47K",commodities in package form weights and measures,law and public safety,,"Security, Justice, and Corrections",17700003786,29,2773,27,1,0,0,1,27.0,8.34,21.052631578947366,35.03995006242197
New Jersey,2023-05-17,"Title 13, Chapter 48",charitable fund raising,law and public safety,,"Security, Justice, and Corrections",17700003787,277,15627,229,6,0,0,42,29.0,8.8,25.28301886792453,37.58536256323777
New Jersey,2023-05-17,"Title 13, Chapter 5",rules pertaining to the fair chance in housing act,law and public safety,,"Security, Justice, and Corrections",17700003714,76,5229,62,7,2,3,2,31.0,8.59,33.12883435582822,35.89385474860335
New Jersey,2023-05-17,"Title 13, Chapter 51",chemical breath testing,law and public safety,,"Security, Justice, and Corrections",17700003788,97,6693,78,14,0,0,5,24.0,8.19,10.26615969581749,37.3258791396381
New Jersey,2023-05-17,"Title 13, Chapter 54",firearms and weapons,law and public safety,,"Security, Justice, and Corrections",17700003789,446,21693,330,50,2,7,57,30.0,9.35,23.32859174964438,34.98155105973025
New Jersey,2023-05-17,"Title 13, Chapter 55",private detectives,law and public safety,,"Security, Justice, and Corrections",17700003790,37,1659,31,0,0,2,4,30.0,8.14,22.641509433962263,34.80498721227622
New Jersey,2023-05-17,"Title 13, Chapter 55A",security officers and security officer companies,law and public safety,,"Security, Justice, and Corrections",17700003791,176,7500,141,5,0,1,29,33.0,8.18,14.678899082568808,38.40336490880814
New Jersey,2023-05-17,"Title 13, Chapter 55B",regulation of bounty hunters,law and public safety,,"Security, Justice, and Corrections",17700003792,94,4696,70,2,0,1,21,39.0,8.0,20.869565217391305,35.59285874691219
New Jersey,2023-05-17,"Title 13, Chapter 56",traffic control and parking on state property in trenton,law and public safety,,"Security, Justice, and Corrections",17700003793,31,1377,31,0,0,0,0,31.0,7.48,16.666666666666664,30.974822974036197
New Jersey,2023-05-17,"Title 13, Chapter 57",uniform crime reporting system,law and public safety,,"Security, Justice, and Corrections",17700003794,20,3087,19,0,0,0,1,15.0,7.66,14.814814814814811,35.22995407983045
New Jersey,2023-05-17,"Title 13, Chapter 59",criminal history record background checks,law and public safety,,"Security, Justice, and Corrections",17700003795,72,4822,66,1,0,2,3,29.0,8.13,22.22222222222222,37.875931608943446
New Jersey,2023-05-17,"Title 13, Chapter 60",motor carrier safety regulations,law and public safety,,"Security, Justice, and Corrections",17700003796,21,3706,18,1,1,0,1,18.0,8.59,8.808290155440414,39.69163817221013
New Jersey,2023-05-17,"Title 13, Chapter 61",boat safety course,law and public safety,,"Security, Justice, and Corrections",17700003797,201,8529,164,1,3,1,32,28.0,8.5,18.06020066889632,35.987203149993846
New Jersey,2023-05-17,"Title 13, Chapter 62",motor vehicle race track rules,law and public safety,,"Security, Justice, and Corrections",17700003798,1034,33126,831,81,0,55,67,25.0,9.43,18.54199683042789,32.19356082513977
New Jersey,2023-05-17,"Title 13, Chapter 64",personal watercraft operation,law and public safety,,"Security, Justice, and Corrections",17700003799,26,1085,21,2,0,1,2,20.0,7.62,7.547169811320755,36.005
New Jersey,2023-05-17,"Title 13, Chapter 69",general provisions,law and public safety,,"Security, Justice, and Corrections",17700003800,182,11192,130,3,0,33,16,30.0,9.35,21.787709497206706,35.040369741558195
New Jersey,2023-05-17,"Title 13, Chapter 69A",applications,law and public safety,,"Security, Justice, and Corrections",17700003801,443,41779,333,5,2,5,98,26.0,9.5,16.67731629392971,36.38943902747879
New Jersey,2023-05-17,"Title 13, Chapter 69B",hearings,law and public safety,,"Security, Justice, and Corrections",17700003802,104,5040,84,0,0,9,11,26.0,8.44,21.3903743315508,34.81248663673295
New Jersey,2023-05-17,"Title 13, Chapter 69C",casino licensees,law and public safety,,"Security, Justice, and Corrections",17700003803,385,21105,276,6,2,12,89,26.0,9.14,20.38961038961039,35.44260695393149
New Jersey,2023-05-17,"Title 13, Chapter 69D",gaming operation accounting controls and standards,law and public safety,,"Security, Justice, and Corrections",17700003804,1931,81774,1770,7,4,7,143,23.0,9.36,19.34002869440459,32.674976671458474
New Jersey,2023-05-17,"Title 13, Chapter 69E",gaming equipment,law and public safety,,"Security, Justice, and Corrections",17700003805,1630,61636,1461,44,7,2,116,24.0,9.41,20.633663366336634,30.32020885046649
New Jersey,2023-05-17,"Title 13, Chapter 69F",rules of the games,law and public safety,,"Security, Justice, and Corrections",17700003806,6301,225527,5752,73,65,5,406,29.0,8.53,39.51569984034061,24.16352572115952
New Jersey,2023-05-17,"Title 13, Chapter 69G",exclusion of persons,law and public safety,,"Security, Justice, and Corrections",17700003807,137,5882,91,0,1,33,12,28.0,8.3,19.704433497536947,33.395129754710275
New Jersey,2023-05-17,"Title 13, Chapter 69H",junket enterprises not employed by a casino licensee or applicant,law and public safety,,"Security, Justice, and Corrections",17700003808,22,1299,18,0,0,0,4,22.0,7.3,16.666666666666664,35.04905335628227
New Jersey,2023-05-17,"Title 13, Chapter 69I",casino hotel alcoholic beverage control,law and public safety,,"Security, Justice, and Corrections",17700003809,115,7513,99,4,1,2,9,26.0,8.59,28.368794326241137,33.514608327452365
New Jersey,2023-05-17,"Title 13, Chapter 69J",persons doing business with casino licensees,law and public safety,,"Security, Justice, and Corrections",17700003810,116,6410,71,1,1,2,41,25.0,8.36,25.94142259414226,37.12512512512512
New Jersey,2023-05-17,"Title 13, Chapter 69K",equal employment and business opportunity,law and public safety,,"Security, Justice, and Corrections",17700003811,154,10501,125,3,0,7,19,30.0,8.53,15.0,41.17753479125248
New Jersey,2023-05-17,"Title 13, Chapter 69L",taxes,law and public safety,,"Security, Justice, and Corrections",17700003812,120,4790,106,0,1,0,13,38.0,7.93,33.87096774193548,31.80780977312391
New Jersey,2023-05-17,"Title 13, Chapter 69M",casino simulcasting,law and public safety,,"Security, Justice, and Corrections",17700003813,117,5593,104,3,0,2,8,32.0,8.12,25.149700598802397,34.23993954279237
New Jersey,2023-05-17,"Title 13, Chapter 69N",sports pool and online sports pool wagering at casinos and racetracks,law and public safety,,"Security, Justice, and Corrections",17700003814,282,11020,251,0,1,22,8,17.0,8.7,12.111801242236025,32.710176779742
New Jersey,2023-05-17,"Title 13, Chapter 69O",internet and mobile gaming,law and public safety,,"Security, Justice, and Corrections",17700003815,299,12470,258,1,3,14,23,20.0,8.84,18.86178861788618,33.563477537437606
New Jersey,2023-05-17,"Title 13, Chapter 69Q",fixed odds wagering,law and public safety,,"Security, Justice, and Corrections",17700003816,326,11385,291,1,0,15,19,19.0,8.85,16.086235489220563,33.56568144499179
New Jersey,2023-05-17,"Title 13, Chapter 70",horse racing,law and public safety,,"Security, Justice, and Corrections",17700003817,1825,79706,1546,163,18,25,73,30.0,9.79,29.86003110419907,31.21973810284254
New Jersey,2023-05-17,"Title 13, Chapter 71",harness racing,law and public safety,,"Security, Justice, and Corrections",17700003818,2008,84095,1694,184,17,31,82,28.0,9.83,30.862487010737787,30.926448727717887
New Jersey,2023-05-17,"Title 13, Chapter 72",casino simulcasting,law and public safety,,"Security, Justice, and Corrections",17700003819,116,5632,103,3,0,2,8,32.0,8.1,25.301204819277107,34.408664666166544
New Jersey,2023-05-17,"Title 13, Chapter 73",workers compensation insurance coverage for horse racing industry employees,law and public safety,,"Security, Justice, and Corrections",17700003820,38,2242,31,1,0,0,6,21.0,7.68,7.216494845360824,34.38546150167384
New Jersey,2023-05-17,"Title 13, Chapter 74",off track wagering and account wagering,law and public safety,,"Security, Justice, and Corrections",17700003821,511,25220,430,29,6,3,43,35.0,8.62,26.41509433962264,34.26415641439874
New Jersey,2023-05-17,"Title 13, Chapter 74A",self exclusion list,law and public safety,,"Security, Justice, and Corrections",17700003822,51,3186,44,0,3,3,1,35.0,7.77,20.23809523809524,35.56759410801964
New Jersey,2023-05-17,"Title 13, Chapter 74C",exchange wagering,law and public safety,,"Security, Justice, and Corrections",17700003823,360,19354,303,9,7,2,39,42.0,8.33,36.771300448430495,37.393186200985646
New Jersey,2023-05-17,"Title 13, Chapter 74D",issuance of sports wagering license to racetrack permit holder,law and public safety,,"Security, Justice, and Corrections",17700003824,36,2257,33,2,0,0,1,30.0,7.45,29.166666666666668,32.74544605324615
New Jersey,2023-05-17,"Title 13, Chapter 75",new jersey victims of crime compensation office,law and public safety,,"Security, Justice, and Corrections",17700003825,207,14697,179,10,6,0,12,24.0,9.27,30.83475298126065,33.28041988003427
New Jersey,2023-05-17,"Title 13, Chapter 77",human trafficking survivor s assistance fund,law and public safety,,"Security, Justice, and Corrections",17700003826,53,2577,51,2,0,0,0,24.0,8.14,12.0,36.62677824267782
New Jersey,2023-05-17,"Title 13, Chapter 78",administration of victim and witness advocacy fund,law and public safety,,"Security, Justice, and Corrections",17700003827,37,2367,33,2,1,0,1,23.0,7.87,3.191489361702128,35.37414030261348
New Jersey,2023-05-17,"Title 13, Chapter 79",safe and secure communities program,law and public safety,,"Security, Justice, and Corrections",17700003828,34,1581,33,1,0,0,0,24.0,7.67,15.873015873015872,39.80474576271187
New Jersey,2023-05-17,"Title 13, Chapter 8",display of official posters of the division on civil rights,law and public safety,,"Security, Justice, and Corrections",17700003715,41,2177,39,0,0,0,2,24.0,7.42,25.882352941176475,32.140609636184855
New Jersey,2023-05-17,"Title 13, Chapter 80",solid and hazardous waste information awards,law and public safety,,"Security, Justice, and Corrections",17700003829,29,2636,24,2,0,0,3,47.0,7.74,30.18867924528302,38.47790507364975
New Jersey,2023-05-17,"Title 13, Chapter 80A",body armor replacement fund program,law and public safety,,"Security, Justice, and Corrections",17700003830,34,2481,32,1,0,0,1,26.0,8.16,11.827956989247312,37.61860068259386
New Jersey,2023-05-17,"Title 13, Chapter 81",dna database and databank rules,law and public safety,,"Security, Justice, and Corrections",17700003831,161,10378,117,38,0,0,6,29.0,8.75,25.885558583106267,32.66380686352753
New Jersey,2023-05-17,"Title 13, Chapter 82",boating regulations,law and public safety,,"Security, Justice, and Corrections",17700003832,362,14247,300,17,0,24,21,22.0,9.54,20.55016181229773,30.6657612796137
New Jersey,2023-05-17,"Title 13, Chapter 85",motorcycle safety education program,law and public safety,,"Security, Justice, and Corrections",17700003833,240,13485,204,8,0,1,27,28.0,8.89,14.656771799628942,36.97839383588848
New Jersey,2023-05-17,"Title 13, Chapter 86",drunk driving enforcement fund,law and public safety,,"Security, Justice, and Corrections",17700003834,57,2439,48,0,0,0,9,24.0,7.62,22.82608695652174,31.76542649727768
New Jersey,2023-05-17,"Title 13, Chapter 86A",pedestrian safety enforcement and education fund,law and public safety,,"Security, Justice, and Corrections",17700003835,20,1451,19,1,0,0,0,23.0,7.87,16.94915254237288,36.31964152352502
New Jersey,2023-05-17,"Title 13, Chapter 86B",qualifying nonprofit organizations,law and public safety,,"Security, Justice, and Corrections",17700003836,20,1969,11,2,0,0,7,25.0,7.89,17.333333333333336,32.685164835164834
New Jersey,2023-05-17,"Title 13, Chapter 88",office of insurance fraud prosecutor,law and public safety,,"Security, Justice, and Corrections",17700003837,60,3522,48,2,0,0,10,34.0,8.34,37.634408602150536,34.53235653235653
New Jersey,2023-05-17,"Title 13, Chapter 9",advertising relating to real property,law and public safety,,"Security, Justice, and Corrections",17700003716,1,273,1,0,0,0,0,36.0,6.84,0.0,35.67054263565891
New Jersey,2023-05-17,"Title 13, Chapter 90",juvenile justice commission,law and public safety,,"Security, Justice, and Corrections",17700003838,147,9930,126,6,1,0,14,24.0,8.96,9.547738693467336,40.714316102956815
New Jersey,2023-05-17,"Title 13, Chapter 90A",juvenile funds and gifts to the commission,law and public safety,,"Security, Justice, and Corrections",17700003839,91,3471,89,1,0,0,1,22.0,8.25,19.35483870967742,38.5689760882894
New Jersey,2023-05-17,"Title 13, Chapter 91",transfer of juveniles to the department of corrections,law and public safety,,"Security, Justice, and Corrections",17700003840,84,3865,81,3,0,0,0,24.0,8.01,22.875816993464053,37.66276803118908
New Jersey,2023-05-17,"Title 13, Chapter 92",manual of standards for juvenile detention facilities,law and public safety,,"Security, Justice, and Corrections",17700003841,612,19340,561,6,2,7,36,19.0,9.57,15.955284552845528,37.28964312997926
New Jersey,2023-05-17,"Title 13, Chapter 93",manual of standards for juvenile detention commitment programs,law and public safety,,"Security, Justice, and Corrections",17700003842,116,4587,104,1,0,0,11,18.0,8.69,11.344537815126053,40.14258734655336
New Jersey,2023-05-17,"Title 13, Chapter 94",detention of juveniles in municipal and other adult facilities,law and public safety,,"Security, Justice, and Corrections",17700003843,42,2461,37,0,1,0,4,17.0,8.08,21.48148148148148,34.49277899343545
New Jersey,2023-05-17,"Title 13, Chapter 95",secure facilities,law and public safety,,"Security, Justice, and Corrections",17700003844,1205,47453,1083,46,3,20,53,21.0,9.58,22.802197802197803,37.088943598925695
New Jersey,2023-05-17,"Title 13, Chapter 96",juvenile parole and transitional services,law and public safety,,"Security, Justice, and Corrections",17700003845,302,14935,263,14,1,7,17,23.0,8.95,27.287581699346404,35.19297873843328
New Jersey,2023-05-17,"Title 13, Chapter 97",office of investigations,law and public safety,,"Security, Justice, and Corrections",17700003846,119,5818,93,11,1,5,9,22.0,8.63,30.35019455252918,37.50054034582133
New Jersey,2023-05-17,"Title 14, Chapter 1",rules of practice,public utilities,,"Environmental Protection, Public Utilities, and Natural Resources",17700003850,362,21940,282,37,1,2,40,29.0,9.46,32.083333333333336,33.400556328233655
New Jersey,2023-05-17,"Title 14, Chapter 10",telecommunications,public utilities,,"Environmental Protection, Public Utilities, and Natural Resources",17700003860,385,21879,310,22,1,1,51,25.0,9.13,23.844282238442823,34.16357308584687
New Jersey,2023-05-17,"Title 14, Chapter 17",rules of practice and procedure of the office of cable television,public utilities,,"Environmental Protection, Public Utilities, and Natural Resources",17700003861,218,13108,162,24,0,2,30,29.0,9.07,28.832951945080094,32.169980443285525
New Jersey,2023-05-17,"Title 14, Chapter 18",regulations of cable television,public utilities,,"Environmental Protection, Public Utilities, and Natural Resources",17700003862,724,31830,589,43,6,3,83,27.0,9.18,26.098418277680143,35.21984145411125
New Jersey,2023-05-17,"Title 14, Chapter 2",underground facilities one call damage prevention system,public utilities,,"Environmental Protection, Public Utilities, and Natural Resources",17700003851,254,12994,224,3,1,0,26,24.0,9.02,23.900573613766728,33.984771155745804
New Jersey,2023-05-17,"Title 14, Chapter 29",energy emergency,public utilities,,"Environmental Protection, Public Utilities, and Natural Resources",17700003863,124,6310,115,2,0,0,7,26.0,8.87,29.184549356223176,34.068831388466094
New Jersey,2023-05-17,"Title 14, Chapter 3",all utilities,public utilities,,"Environmental Protection, Public Utilities, and Natural Resources",17700003852,804,37571,704,7,7,2,84,25.0,9.35,28.791055206149547,34.474315019975634
New Jersey,2023-05-17,"Title 14, Chapter 4",energy competition,public utilities,,"Environmental Protection, Public Utilities, and Natural Resources",17700003853,750,45456,641,7,10,7,85,28.0,9.15,23.20754716981132,35.21760487051173
New Jersey,2023-05-17,"Title 14, Chapter 5",electric service,public utilities,,"Environmental Protection, Public Utilities, and Natural Resources",17700003854,298,14429,247,5,0,0,46,24.0,9.51,20.790378006872853,36.502407002188185
New Jersey,2023-05-17,"Title 14, Chapter 5A",nuclear plant decommissioning cost and trust fund review,public utilities,,"Environmental Protection, Public Utilities, and Natural Resources",17700003855,63,3732,43,5,0,0,15,27.0,8.64,16.417910447761194,36.81650071123755
New Jersey,2023-05-17,"Title 14, Chapter 6",gas service,public utilities,,"Environmental Protection, Public Utilities, and Natural Resources",17700003856,154,6342,136,2,0,1,15,29.0,8.69,30.046948356807512,33.59058823529412
New Jersey,2023-05-17,"Title 14, Chapter 7",natural gas pipelines,public utilities,,"Environmental Protection, Public Utilities, and Natural Resources",17700003857,235,9510,206,0,1,0,28,26.0,9.01,25.142857142857142,36.09515765765766
New Jersey,2023-05-17,"Title 14, Chapter 8",renewable energy and energy efficiency,public utilities,,"Environmental Protection, Public Utilities, and Natural Resources",17700003858,990,53024,757,103,29,2,99,25.0,9.73,17.1990171990172,36.25517131537558
New Jersey,2023-05-17,"Title 14, Chapter 9",water and wastewater,public utilities,,"Environmental Protection, Public Utilities, and Natural Resources",17700003859,295,19843,247,13,0,0,35,27.0,8.99,20.34383954154728,33.90348999036506
New Jersey,2023-05-17,"Title 15, Chapter 1",disability discrimination grievance procedure,state,,Administration,17700003864,15,1380,11,0,0,3,1,22.0,7.67,26.666666666666668,36.22368421052632
New Jersey,2023-05-17,"Title 15, Chapter 10",elections,state,,Administration,17700003866,298,12371,200,68,1,1,28,22.0,9.24,18.703703703703702,35.040370058873
New Jersey,2023-05-17,"Title 15, Chapter 21",state library aid and grants,state,,Administration,17700003867,263,15134,193,43,3,0,24,23.0,9.31,11.601307189542483,36.82942097026604
New Jersey,2023-05-17,"Title 15, Chapter 22",library network services,state,,Administration,17700003868,69,3541,68,1,0,0,0,21.0,7.86,9.316770186335404,37.90963316433045
New Jersey,2023-05-17,"Title 15, Chapter 23",new jersey professional librarian certification,state,,Administration,17700003869,34,1558,25,0,2,0,7,25.0,7.53,15.254237288135592,39.34257975034674
New Jersey,2023-05-17,"Title 15, Chapter 24",new jersey library construction bond act rules,state,,Administration,17700003870,99,7221,70,14,5,0,10,23.0,8.99,16.938110749185668,35.95217516565831
New Jersey,2023-05-17,"Title 15, Chapter 27",new jersey cultural trust,state,,Administration,17700003871,68,4656,52,11,0,0,5,24.0,8.36,9.62566844919786,35.71973654326595
New Jersey,2023-05-17,"Title 15, Chapter 3",records retention,state,,Administration,17700003865,876,56558,691,113,15,1,56,20.0,10.12,10.545587696814357,39.0281679389313
New Jersey,2023-05-17,"Title 16, Chapter 1A",administration organization records management and information requests,transportation,,Transportation,17700003872,48,3765,42,3,1,0,2,21.0,8.64,13.690476190476192,38.77672413793103
New Jersey,2023-05-17,"Title 16, Chapter 1B",disability discrimination grievance procedure,transportation,,Transportation,17700003873,15,1371,11,0,0,3,1,22.0,7.68,25.0,36.85658612626656
New Jersey,2023-05-17,"Title 16, Chapter 20A",county local aid,transportation,,Transportation,17700003876,74,4041,66,3,0,1,4,21.0,8.76,15.0,38.18494055482167
New Jersey,2023-05-17,"Title 16, Chapter 20B",municipal local aid,transportation,,Transportation,17700003877,83,4530,68,8,0,1,6,24.0,8.87,19.2090395480226,40.45712954333644
New Jersey,2023-05-17,"Title 16, Chapter 25",utility accommodation,transportation,,Transportation,17700003878,456,20927,411,7,0,5,33,23.0,9.47,25.89182968929805,38.058152337103394
New Jersey,2023-05-17,"Title 16, Chapter 25A",soil erosion and sediment control standards,transportation,,Transportation,17700003879,1,250,0,1,0,0,0,37.0,6.5,0.0,45.93981481481482
New Jersey,2023-05-17,"Title 16, Chapter 26",motorized bicycles,transportation,,Transportation,17700003880,4,430,3,0,0,1,0,21.0,6.82,21.052631578947366,39.724409448818896
New Jersey,2023-05-17,"Title 16, Chapter 27",traffic regulations and traffic control devices,transportation,,Transportation,17700003881,59,3790,55,0,0,1,3,20.0,8.06,20.76502732240437,37.69490108665367
New Jersey,2023-05-17,"Title 16, Chapter 32",truck access,transportation,,Transportation,17700003882,15,8754,9,4,0,1,1,21.0,8.23,2.674591381872214,27.870542635658914
New Jersey,2023-05-17,"Title 16, Chapter 38",roadside drainage unusual and disaster maintenance,transportation,,Transportation,17700003883,11,1952,9,1,0,1,0,28.0,8.16,55.88235294117647,35.12946190729888
New Jersey,2023-05-17,"Title 16, Chapter 40",charitable solicitation on roadways,transportation,,Transportation,17700003884,48,1903,40,2,0,1,5,20.0,8.25,15.384615384615383,38.0990990990991
New Jersey,2023-05-17,"Title 16, Chapter 41",highway occupancy permits,transportation,,Transportation,17700003885,328,15234,300,2,0,0,26,23.0,9.25,22.00956937799043,38.23694043003172
New Jersey,2023-05-17,"Title 16, Chapter 41B",newspaper boxes on state highway right of way,transportation,,Transportation,17700003886,44,2445,41,0,0,3,0,27.0,8.19,50.57471264367817,31.50720949957591
New Jersey,2023-05-17,"Title 16, Chapter 41C",roadside sign control and outdoor advertising,transportation,,Transportation,17700003887,385,17066,349,7,1,9,19,23.0,9.05,27.310924369747895,32.383381196154325
New Jersey,2023-05-17,"Title 16, Chapter 41D",tourist oriented directional signs program,transportation,,Transportation,17700003888,42,5181,23,11,1,0,7,19.0,9.02,27.95275590551181,34.62187115305704
New Jersey,2023-05-17,"Title 16, Chapter 41E",specific service sign logo program,transportation,,Transportation,17700003889,95,6077,76,3,1,1,14,21.0,8.85,31.985294117647054,33.87489154954017
New Jersey,2023-05-17,"Title 16, Chapter 41F",vegetation canopy management,transportation,,Transportation,17700003890,91,5365,81,3,1,1,5,20.0,8.48,14.096916299559473,33.56036400404449
New Jersey,2023-05-17,"Title 16, Chapter 42",sponsorship program,transportation,,Transportation,17700003891,65,3146,62,2,1,0,0,29.0,8.37,20.952380952380956,40.05212801055757
New Jersey,2023-05-17,"Title 16, Chapter 43",junkyards adjacent to the interstate and national highway systems,transportation,,Transportation,17700003892,44,3088,33,4,2,1,4,24.0,8.61,20.0,36.914981145012
New Jersey,2023-05-17,"Title 16, Chapter 44",construction services,transportation,,Transportation,17700003893,179,10658,122,29,4,0,24,25.0,9.27,22.115384615384613,37.0992039800995
New Jersey,2023-05-17,"Title 16, Chapter 44A",contracts for professional services,transportation,,Transportation,17700003894,14,618,13,0,0,0,1,28.0,7.03,23.809523809523807,44.61433447098976
New Jersey,2023-05-17,"Title 16, Chapter 46",drawbridge operations,transportation,,Transportation,17700003895,1,73,1,0,0,0,0,19.0,5.41,0.0,40.37313432835821
New Jersey,2023-05-17,"Title 16, Chapter 47",state highway access management code,transportation,,Transportation,17700003896,1265,107108,993,94,20,10,148,22.0,9.69,19.955530850472485,34.73056438570074
New Jersey,2023-05-17,"Title 16, Chapter 49",transportation of hazardous materials,transportation,,Transportation,17700003897,60,4256,40,9,0,3,8,23.0,9.15,21.022727272727277,37.95570609692548
New Jersey,2023-05-17,"Title 16, Chapter 5",compensation of condemnees for income loss resulting from harvesting of standing crops,transportation,,Transportation,17700003874,8,838,5,3,0,0,0,32.0,7.47,40.0,37.53945666235446
New Jersey,2023-05-17,"Title 16, Chapter 51",practices and procedures before the division of inspection services bus unit,transportation,,Transportation,17700003898,246,13487,198,18,1,1,28,28.0,9.24,33.33333333333333,33.32818593043207
New Jersey,2023-05-17,"Title 16, Chapter 52",autobus and trolley,transportation,,Transportation,17700003899,29,902,28,1,0,0,0,34.0,7.42,24.0,34.76190476190476
New Jersey,2023-05-17,"Title 16, Chapter 53",autobuses,transportation,,Transportation,17700003900,1083,30753,1010,2,0,27,44,26.0,8.88,14.576271186440678,34.477113530758025
New Jersey,2023-05-17,"Title 16, Chapter 53A",bus safety compliance oversight enforcement out of service violations and penalties,transportation,,Transportation,17700003901,193,8419,178,7,2,1,5,12.0,8.07,6.598240469208211,31.72792198873781
New Jersey,2023-05-17,"Title 16, Chapter 53B",jurisdictional assignments for railroad overhead bridges,transportation,,Transportation,17700003902,34,2332,30,1,0,0,3,26.0,7.88,26.744186046511626,40.63921747042766
New Jersey,2023-05-17,"Title 16, Chapter 53C",rail freight assistance program,transportation,,Transportation,17700003903,36,3049,33,2,0,0,1,24.0,8.64,16.260162601626014,38.706748886605
New Jersey,2023-05-17,"Title 16, Chapter 53D",zone of rate freedom,transportation,,Transportation,17700003904,7,559,5,0,0,0,2,44.0,6.81,16.666666666666664,32.28630705394191
New Jersey,2023-05-17,"Title 16, Chapter 53E",fixed guideway state safety oversight,transportation,,Transportation,17700003905,63,3098,49,2,2,1,9,25.0,7.96,18.64406779661017,37.25305291723202
New Jersey,2023-05-17,"Title 16, Chapter 54",licensing of aeronautical facilities,transportation,,Transportation,17700003906,278,14845,220,14,3,5,36,21.0,9.26,13.737075332348596,37.81584413723945
New Jersey,2023-05-17,"Title 16, Chapter 55",licensing of aeronautical activities,transportation,,Transportation,17700003907,59,2965,43,8,0,0,8,23.0,8.75,21.6,37.05332856120258
New Jersey,2023-05-17,"Title 16, Chapter 56",airport grant and loan program,transportation,,Transportation,17700003908,54,4733,38,4,1,0,11,25.0,8.79,20.43010752688172,36.60186005314438
New Jersey,2023-05-17,"Title 16, Chapter 59",air meets and exhibitions,transportation,,Transportation,17700003909,18,817,14,2,0,1,1,20.0,7.62,23.07692307692308,37.42894393741852
New Jersey,2023-05-17,"Title 16, Chapter 6",relocation assistance,transportation,,Transportation,17700003875,26,1549,15,5,0,0,6,26.0,8.01,35.714285714285715,36.7859097127223
New Jersey,2023-05-17,"Title 16, Chapter 60",aeronautical investigation and enforcement,transportation,,Transportation,17700003910,24,1830,22,1,0,0,1,27.0,7.99,23.4375,36.87030516431925
New Jersey,2023-05-17,"Title 16, Chapter 62",air safety and zoning,transportation,,Transportation,17700003911,83,5914,61,2,3,12,5,24.0,8.65,15.859030837004406,34.64475574712644
New Jersey,2023-05-17,"Title 16, Chapter 63",i boat nj program,transportation,,Transportation,17700003912,46,3255,32,10,0,0,4,16.0,8.85,7.537688442211055,37.52130727330984
New Jersey,2023-05-17,"Title 16, Chapter 64",rules of the new jersey maritime pilot and docking pilot commission,transportation,,Transportation,17700003913,411,16484,327,12,15,3,54,23.0,9.1,18.4549356223176,33.90832148856441
New Jersey,2023-05-17,"Title 16, Chapter 65",transportation utilities,transportation,,Transportation,17700003914,221,13387,186,13,1,4,17,26.0,9.13,25.203252032520325,34.48821999842408
New Jersey,2023-05-17,"Title 16, Chapter 72",new jersey transit procurement policies and procedures,transportation,,Transportation,17700003915,186,11468,154,9,1,0,22,25.0,9.22,27.3972602739726,34.81441590720795
New Jersey,2023-05-17,"Title 16, Chapter 76",private carrier capital improvement program,transportation,,Transportation,17700003916,43,2944,36,2,1,0,4,29.0,8.31,16.0,35.74316748423266
New Jersey,2023-05-17,"Title 16, Chapter 83",conduct and safety of the public in the use of nj transit equipment and facilities,transportation,,Transportation,17700003917,92,5024,78,8,0,2,4,26.0,8.93,20.634920634920636,36.45527950310559
New Jersey,2023-05-17,"Title 16, Chapter 85",contracting out policies and procedures,transportation,,Transportation,17700003918,41,3106,34,5,0,0,2,26.0,8.26,24.561403508771928,34.86881937436932
New Jersey,2023-05-17,"Title 16, Chapter 86",advertising standards,transportation,,Transportation,17700003919,17,1016,17,0,0,0,0,24.0,7.37,15.0,43.16021505376344
New Jersey,2023-05-17,"Title 16, Chapter 87",proof of payment,transportation,,Transportation,17700003920,17,1357,12,1,0,0,4,30.0,7.66,18.6046511627907,30.74339035769829
New Jersey,2023-05-17,"Title 16, Chapter 89",ferry capital improvement program,transportation,,Transportation,17700003921,39,2368,31,3,1,0,4,24.0,8.28,18.75,38.02913907284768
New Jersey,2023-05-17,"Title 17, Chapter 1",general administration,treasury general,,Taxes and Public Finance,17700003922,416,29133,276,70,8,3,59,26.0,9.47,26.034958601655934,34.75531837122597
New Jersey,2023-05-17,"Title 17, Chapter 10",judicial retirement system,treasury general,,Taxes and Public Finance,17700003932,101,6440,69,21,1,0,10,25.0,8.56,35.24590163934426,34.535538005923
New Jersey,2023-05-17,"Title 17, Chapter 11",state leasing and space utilization,treasury general,,Taxes and Public Finance,17700003933,130,7421,113,8,0,0,9,24.0,8.74,23.905723905723907,35.93570098811399
New Jersey,2023-05-17,"Title 17, Chapter 12",division of purchase and property procurement bureau contract compliance and audit unit and distribution support services unit,treasury general,,Taxes and Public Finance,17700003934,310,21871,259,18,3,2,28,28.0,9.45,30.135135135135133,36.48599607411308
New Jersey,2023-05-17,"Title 17, Chapter 13",small businesses set aside and veteran owned business registration,treasury general,,Taxes and Public Finance,17700003935,86,6118,73,10,0,0,3,25.0,8.44,18.565400843881857,36.60354622138062
New Jersey,2023-05-17,"Title 17, Chapter 14",disabled veteran owned business registration,treasury general,,Taxes and Public Finance,17700003936,88,5162,77,7,0,0,4,23.0,8.25,22.27488151658768,36.25055566781168
New Jersey,2023-05-17,"Title 17, Chapter 15B",new jersey world war ii memorial,treasury general,,Taxes and Public Finance,17700003937,19,1642,7,2,4,4,2,30.0,8.11,35.84905660377358,32.63683193818416
New Jersey,2023-05-17,"Title 17, Chapter 16",rules of the state investment council,treasury general,,Taxes and Public Finance,17700003938,407,27875,385,7,2,2,11,26.0,8.9,27.54901960784314,35.5937913562975
New Jersey,2023-05-17,"Title 17, Chapter 17",residential housing management board,treasury general,,Taxes and Public Finance,17700003939,55,2071,41,8,0,1,5,25.0,8.01,29.48717948717949,33.62974358974359
New Jersey,2023-05-17,"Title 17, Chapter 18",unclaimed personal property,treasury general,,Taxes and Public Finance,17700003940,91,9579,63,10,2,1,15,27.0,9.01,21.364985163204743,32.47745270567532
New Jersey,2023-05-17,"Title 17, Chapter 19",classification and prequalification of firms,treasury general,,Taxes and Public Finance,17700003941,232,13042,162,38,1,0,31,24.0,9.2,19.31166347992352,37.06775397598182
New Jersey,2023-05-17,"Title 17, Chapter 2",public employees retirement system,treasury general,,Taxes and Public Finance,17700003923,557,34811,405,66,1,2,83,26.0,9.21,27.45253164556962,33.65551440203251
New Jersey,2023-05-17,"Title 17, Chapter 20",rules of the lottery commission,treasury general,,Taxes and Public Finance,17700003942,613,29312,520,39,2,13,39,24.0,9.26,17.36577181208054,34.410905063064995
New Jersey,2023-05-17,"Title 17, Chapter 24",9 1 1 emergency telephone system,treasury general,,Taxes and Public Finance,17700003943,94,6635,80,2,0,0,12,25.0,8.53,23.88663967611336,36.691224454748415
New Jersey,2023-05-17,"Title 17, Chapter 27",equal employment opportunity and affirmative action rules,treasury general,,Taxes and Public Finance,17700003944,211,13584,170,7,1,1,32,31.0,8.67,27.36077481840194,40.90785486753166
New Jersey,2023-05-17,"Title 17, Chapter 28",public employee charitable fund raising campaign,treasury general,,Taxes and Public Finance,17700003945,116,7006,100,6,2,0,8,26.0,8.23,10.588235294117649,39.88112949749507
New Jersey,2023-05-17,"Title 17, Chapter 3",teachers pension and annuity fund,treasury general,,Taxes and Public Finance,17700003924,384,23863,264,54,1,1,64,28.0,9.09,31.510107015457788,34.003105314524
New Jersey,2023-05-17,"Title 17, Chapter 30",personal use cannabis rules,treasury general,,Taxes and Public Finance,17700003946,1054,66018,935,32,9,15,63,20.0,9.53,12.746344564526382,38.048084535716015
New Jersey,2023-05-17,"Title 17, Chapter 30A",medicinal marijuana,treasury general,,Taxes and Public Finance,17700003947,355,18851,321,5,0,7,22,20.0,9.3,12.387387387387388,38.00230427696285
New Jersey,2023-05-17,"Title 17, Chapter 33",uniform commercial code filing office procedures,treasury general,,Taxes and Public Finance,17700003948,92,8479,74,7,5,0,6,20.0,8.43,21.852731591448933,31.530455278501428
New Jersey,2023-05-17,"Title 17, Chapter 34",commercial recording publication of bulk access fee schedules,treasury general,,Taxes and Public Finance,17700003949,24,1814,14,9,0,0,1,21.0,7.93,14.814814814814811,34.29367816091954
New Jersey,2023-05-17,"Title 17, Chapter 35",division of revenue and enterprise services,treasury general,,Taxes and Public Finance,17700003950,67,6221,54,10,1,0,2,19.0,8.3,16.831683168316832,33.49635814531889
New Jersey,2023-05-17,"Title 17, Chapter 39",office of the public defender,treasury general,,Taxes and Public Finance,17700003951,2,594,2,0,0,0,0,22.0,7.06,20.0,29.98582995951417
New Jersey,2023-05-17,"Title 17, Chapter 4",police and firemen s retirement system,treasury general,,Taxes and Public Finance,17700003925,372,21429,275,46,1,0,50,26.0,9.35,21.960297766749378,34.93972764367533
New Jersey,2023-05-17,"Title 17, Chapter 40",rules of the governor s council on alcoholism and drug abuse,treasury general,,Taxes and Public Finance,17700003952,76,4204,63,6,0,1,6,21.0,8.44,5.128205128205128,40.61130565282642
New Jersey,2023-05-17,"Title 17, Chapter 41",office of the ombudsperson for the institutionalized elderly practice and procedure rules,treasury general,,Taxes and Public Finance,17700003953,115,7717,103,8,0,0,4,28.0,9.03,27.611940298507463,37.48325487558844
New Jersey,2023-05-17,"Title 17, Chapter 43",offset of state lottery prizes to satisfy defaulted federal and state student loans,treasury general,,Taxes and Public Finance,17700003954,34,1458,32,2,0,0,0,34.0,7.5,53.65853658536586,31.525461254612548
New Jersey,2023-05-17,"Title 17, Chapter 44",state comptroller,treasury general,,Taxes and Public Finance,17700003955,67,4181,49,0,0,0,18,27.0,8.44,35.57046979865772,39.1239816700611
New Jersey,2023-05-17,"Title 17, Chapter 46",development of minority and women s businesses,treasury general,,Taxes and Public Finance,17700003956,83,5056,67,8,0,0,8,22.0,8.51,18.433179723502302,37.24681463214139
New Jersey,2023-05-17,"Title 17, Chapter 47",business certification for lesbian gay bisexual transgender queer questioning lgbtq businesses,treasury general,,Taxes and Public Finance,17700003957,82,4209,67,7,0,0,8,22.0,8.36,21.311475409836063,38.93447852760736
New Jersey,2023-05-17,"Title 17, Chapter 49",public private partnerships rules,treasury general,,Taxes and Public Finance,17700003958,530,32386,460,21,0,0,49,23.0,8.89,16.28252788104089,37.90013892029852
New Jersey,2023-05-17,"Title 17, Chapter 4A",police and firemen s retirement system investment rules,treasury general,,Taxes and Public Finance,17700003926,289,23593,269,6,2,2,10,29.0,8.66,35.56701030927835,36.62975609756098
New Jersey,2023-05-17,"Title 17, Chapter 5",state police retirement system,treasury general,,Taxes and Public Finance,17700003927,165,10465,96,36,1,0,32,28.0,8.99,30.601092896174865,35.461630695443645
New Jersey,2023-05-17,"Title 17, Chapter 50",notary public rules,treasury general,,Taxes and Public Finance,17700003959,103,7299,75,8,6,3,11,22.0,8.75,17.041800643086816,35.58026828212895
New Jersey,2023-05-17,"Title 17, Chapter 6",defined contribution retirement program,treasury general,,Taxes and Public Finance,17700003928,292,23973,218,19,4,2,49,31.0,9.14,42.10526315789473,37.22894876794894
New Jersey,2023-05-17,"Title 17, Chapter 7",alternate benefit program,treasury general,,Taxes and Public Finance,17700003929,534,40811,395,36,11,4,88,31.0,9.36,37.50966744006188,35.67179980750722
New Jersey,2023-05-17,"Title 17, Chapter 8",supplemental annuity collective trust program,treasury general,,Taxes and Public Finance,17700003930,91,4665,76,7,5,0,3,29.0,8.18,25.477707006369428,34.90490107913669
New Jersey,2023-05-17,"Title 17, Chapter 9",state health benefits program,treasury general,,Taxes and Public Finance,17700003931,406,28015,279,67,3,2,55,26.0,9.27,27.72946859903382,35.01322862262209
New Jersey,2023-05-17,"Title 18, Chapter 1",organization of the division of taxation,treasury taxation,,Taxes and Public Finance,17700003960,23,1602,19,1,0,0,3,23.0,7.75,12.12121212121212,34.32993197278912
New Jersey,2023-05-17,"Title 18, Chapter 12",local property tax general,treasury taxation,,Taxes and Public Finance,17700003967,121,7658,98,7,1,0,15,20.0,9.3,16.032608695652172,35.01089081262217
New Jersey,2023-05-17,"Title 18, Chapter 12A",county boards of taxation,treasury taxation,,Taxes and Public Finance,17700003968,283,11544,231,40,0,0,12,25.0,8.95,25.675675675675677,31.99512987012987
New Jersey,2023-05-17,"Title 18, Chapter 14",senior citizens disabled persons surviving spouses civil union partners deduction,treasury taxation,,Taxes and Public Finance,17700003969,95,6596,65,17,3,0,10,36.0,8.41,50.282485875706215,29.91230842155159
New Jersey,2023-05-17,"Title 18, Chapter 15",farmland assessment act,treasury taxation,,Taxes and Public Finance,17700003970,145,17952,52,56,6,0,31,27.0,9.15,24.328593996840443,33.21384697954559
New Jersey,2023-05-17,"Title 18, Chapter 16A",controlling interest transfer tax,treasury taxation,,Taxes and Public Finance,17700003971,11,2402,7,4,0,0,0,25.0,7.77,29.347826086956523,32.87809266756635
New Jersey,2023-05-17,"Title 18, Chapter 17",assessor qualification law,treasury taxation,,Taxes and Public Finance,17700003972,74,4820,37,24,0,0,13,21.0,8.65,14.678899082568808,38.10162067455103
New Jersey,2023-05-17,"Title 18, Chapter 17A",county tax assessor pilot program under pl 2009 c 118,treasury taxation,,Taxes and Public Finance,17700003973,61,3346,51,8,0,0,2,23.0,7.8,13.333333333333334,33.90113821138211
New Jersey,2023-05-17,"Title 18, Chapter 18",motor fuel tax,treasury taxation,,Taxes and Public Finance,17700003974,161,10690,70,53,1,0,37,26.0,9.1,16.957605985037407,29.97216976443693
New Jersey,2023-05-17,"Title 18, Chapter 18A",petroleum gross receipts tax,treasury taxation,,Taxes and Public Finance,17700003975,41,3678,28,9,1,0,3,24.0,8.56,22.0,32.36129401660464
New Jersey,2023-05-17,"Title 18, Chapter 19",motor fuels retail sales,treasury taxation,,Taxes and Public Finance,17700003976,84,5907,38,33,0,2,11,30.0,8.85,21.92513368983957,27.80707208082378
New Jersey,2023-05-17,"Title 18, Chapter 2",general policies and procedures,treasury taxation,,Taxes and Public Finance,17700003961,231,23600,82,67,6,0,76,29.0,9.29,28.06573957016435,32.372995856602415
New Jersey,2023-05-17,"Title 18, Chapter 22",public utility tax water and sewerage,treasury taxation,,Taxes and Public Finance,17700003977,38,3420,27,7,0,0,4,28.0,7.97,15.929203539823009,28.090650663297534
New Jersey,2023-05-17,"Title 18, Chapter 23",railroad property tax,treasury taxation,,Taxes and Public Finance,17700003978,61,7084,41,10,0,1,9,36.0,8.55,19.282511210762333,31.569202566452795
New Jersey,2023-05-17,"Title 18, Chapter 23A",tax maps,treasury taxation,,Taxes and Public Finance,17700003979,164,7091,124,29,0,0,11,20.0,8.74,23.809523809523807,29.30126467931346
New Jersey,2023-05-17,"Title 18, Chapter 24",sales and use tax act,treasury taxation,,Taxes and Public Finance,17700003980,351,56580,122,120,13,1,95,20.0,10.04,20.147058823529413,34.0659561293228
New Jersey,2023-05-17,"Title 18, Chapter 24A",sales and use tax review commission,treasury taxation,,Taxes and Public Finance,17700003981,16,1098,15,1,0,0,0,29.0,7.48,25.0,32.16883116883117
New Jersey,2023-05-17,"Title 18, Chapter 24B",streamlined sales and use tax rules and procedures,treasury taxation,,Taxes and Public Finance,17700003982,54,3335,37,2,0,1,14,27.0,8.15,25.0,33.726765799256505
New Jersey,2023-05-17,"Title 18, Chapter 25",luxury tax,treasury taxation,,Taxes and Public Finance,17700003983,2,1335,2,0,0,0,0,20.0,7.46,12.307692307692308,27.57692307692308
New Jersey,2023-05-17,"Title 18, Chapter 26",transfer inheritance and estate tax,treasury taxation,,Taxes and Public Finance,17700003984,234,39847,49,95,8,1,81,33.0,9.18,39.49652777777778,29.93469030306247
New Jersey,2023-05-17,"Title 18, Chapter 27",250 00 property tax deduction for veterans surviving spouses of veterans surviving spouses of service persons surviving civil union partners of veterans surviving civil union partners of service persons surviving registered domestic partners of veterans and surviving registered domestic partners of service persons,treasury taxation,,Taxes and Public Finance,17700003985,41,5426,19,16,0,0,6,23.0,8.65,17.410714285714285,33.07757767662775
New Jersey,2023-05-17,"Title 18, Chapter 28",real property tax exemption for permanently and totally disabled war veterans or surviving spouses surviving civil union partners or surviving domestic partners of disabled war veterans and surviving spouses surviving civil union partners or surviving domestic partners of servicepersons,treasury taxation,,Taxes and Public Finance,17700003986,35,4951,7,22,0,0,6,21.0,8.49,19.63470319634703,33.64018485915493
New Jersey,2023-05-17,"Title 18, Chapter 3",alcoholic beverage tax act state licensees,treasury taxation,,Taxes and Public Finance,17700003962,146,25705,48,41,3,0,54,29.0,8.49,27.2196261682243,30.90526534859521
New Jersey,2023-05-17,"Title 18, Chapter 31",office of criminal investigation,treasury taxation,,Taxes and Public Finance,17700003987,4,506,3,0,0,0,1,27.0,6.98,5.555555555555555,42.43605870020964
New Jersey,2023-05-17,"Title 18, Chapter 32",conferences and appeals,treasury taxation,,Taxes and Public Finance,17700003988,61,2503,34,5,0,0,22,27.0,7.97,35.16483516483517,32.552251486830926
New Jersey,2023-05-17,"Title 18, Chapter 33",closing agreements and compromises,treasury taxation,,Taxes and Public Finance,17700003989,28,1975,22,3,0,0,3,32.0,7.87,38.333333333333336,33.43060686015831
New Jersey,2023-05-17,"Title 18, Chapter 34",director s tax credit purchase program,treasury taxation,,Taxes and Public Finance,17700003990,53,2965,39,6,0,0,8,17.0,8.0,15.384615384615383,32.35765325310267
New Jersey,2023-05-17,"Title 18, Chapter 35",new jersey gross income tax,treasury taxation,,Taxes and Public Finance,17700003991,565,54724,314,141,7,6,97,27.0,9.28,19.052470708099847,33.2207015572323
New Jersey,2023-05-17,"Title 18, Chapter 37",spill compensation and control tax,treasury taxation,,Taxes and Public Finance,17700003992,8,797,7,1,0,0,0,34.0,7.07,39.130434782608695,31.835309617918316
New Jersey,2023-05-17,"Title 18, Chapter 38",litter control fee,treasury taxation,,Taxes and Public Finance,17700003993,11,4341,1,5,0,0,5,25.0,8.37,12.048192771084338,33.6180966469428
New Jersey,2023-05-17,"Title 18, Chapter 40",domestic security fee,treasury taxation,,Taxes and Public Finance,17700003994,22,4313,9,10,0,0,3,26.0,7.86,23.270440251572328,28.54185022026432
New Jersey,2023-05-17,"Title 18, Chapter 41",historic site real property tax exemptions under pl 2007 c 157,treasury taxation,,Taxes and Public Finance,17700003995,49,3171,40,5,0,0,4,33.0,8.06,30.434782608695656,33.821978774392335
New Jersey,2023-05-17,"Title 18, Chapter 5",cigarette tax act rules,treasury taxation,,Taxes and Public Finance,17700003963,198,14106,69,58,3,1,67,26.0,8.94,19.498069498069498,32.963434987103625
New Jersey,2023-05-17,"Title 18, Chapter 6",unfair cigarette sales act rules,treasury taxation,,Taxes and Public Finance,17700003964,56,3964,12,12,6,9,17,31.0,8.32,17.88617886178862,33.89500537056928
New Jersey,2023-05-17,"Title 18, Chapter 7",corporation business tax act,treasury taxation,,Taxes and Public Finance,17700003965,1141,113768,709,231,26,4,171,24.0,9.53,21.20749782040105,32.110465668128406
New Jersey,2023-05-17,"Title 18, Chapter 9",uniform transitional utility assessment,treasury taxation,,Taxes and Public Finance,17700003966,2,354,1,1,0,0,0,30.0,6.66,0.0,30.577639751552795
New Jersey,2023-05-17,"Title 19, Chapter 10",definitions service construction,other agencies,,Administration,17700004005,53,3916,45,3,0,0,5,24.0,8.51,18.954248366013072,36.046070460704605
New Jersey,2023-05-17,"Title 19, Chapter 11",representation procedures,other agencies,,Administration,17700004006,218,10361,194,17,4,0,3,26.0,8.49,22.448979591836736,36.72023991054184
New Jersey,2023-05-17,"Title 19, Chapter 12",negotiations and impasse procedures mediation fact finding super conciliation grievance arbitration special disciplinary arbitration binding arbitration to review impasses over employee organization access to employees and notice of subcontracting,other agencies,,Administration,17700004007,206,8108,187,4,2,0,13,25.0,8.62,20.588235294117645,36.86596736596736
New Jersey,2023-05-17,"Title 19, Chapter 13",scope of negotiations proceedings,other agencies,,Administration,17700004008,55,2872,52,0,0,0,3,28.0,8.0,17.17171717171717,36.22056142909224
New Jersey,2023-05-17,"Title 19, Chapter 14",unfair practice proceedings,other agencies,,Administration,17700004009,181,7618,173,5,3,0,0,29.0,8.2,34.12698412698413,32.31408585927856
New Jersey,2023-05-17,"Title 19, Chapter 15",subpoenas,other agencies,,Administration,17700004010,9,607,9,0,0,0,0,30.0,6.49,0.0,32.39153439153439
New Jersey,2023-05-17,"Title 19, Chapter 16",negotiations impasse procedures and compulsory interest arbitration of labor disputes in public fire and police departments,other agencies,,Administration,17700004011,256,10450,227,13,0,0,16,22.0,8.88,14.660831509846828,36.03696596303404
New Jersey,2023-05-17,"Title 19, Chapter 17",public employment relations commission appeal board,other agencies,,Administration,17700004012,27,1645,24,0,1,0,2,36.0,7.36,20.930232558139537,35.27642810242941
New Jersey,2023-05-17,"Title 19, Chapter 18",contested transfer determinations,other agencies,,Administration,17700004013,60,2298,60,0,0,0,0,27.0,7.75,19.753086419753085,34.12174721189591
New Jersey,2023-05-17,"Title 19, Chapter 19",payroll deduction determinations representation fees,other agencies,,Administration,17700004014,38,2157,30,4,1,0,3,27.0,7.7,18.421052631578945,35.6190241498275
New Jersey,2023-05-17,"Title 19, Chapter 2",atlantic city expressway,other agencies,,Administration,17700003996,194,9730,153,6,2,16,17,27.0,9.39,32.65895953757225,34.18781229632848
New Jersey,2023-05-17,"Title 19, Chapter 20",new jersey sports and exposition authority,other agencies,,Administration,17700004015,23,933,21,1,0,0,1,27.0,7.33,24.24242424242424,41.88095238095238
New Jersey,2023-05-17,"Title 19, Chapter 25",regulations of the election law enforcement commission,other agencies,,Administration,17700004016,1600,96902,1300,101,16,15,168,36.0,9.07,23.346153846153847,37.78038445071412
New Jersey,2023-05-17,"Title 19, Chapter 3",administration,other agencies,,Administration,17700003999,183,9013,167,3,1,3,9,25.0,9.11,21.114369501466275,37.05582668729913
New Jersey,2023-05-17,"Title 19, Chapter 30",administrative rules,other agencies,,Administration,17700004017,167,13350,137,12,0,3,15,28.0,9.38,24.561403508771928,39.14046822742475
New Jersey,2023-05-17,"Title 19, Chapter 31",authority assistance programs,other agencies,,Administration,17700004018,3643,250576,3086,158,12,0,387,27.0,9.71,22.38372093023256,35.15021031564307
New Jersey,2023-05-17,"Title 19, Chapter 31C",fort monmouth economic revitalization authority,other agencies,,Administration,17700004019,1078,67908,904,21,4,10,139,24.0,10.38,19.566813509544787,36.047332370918696
New Jersey,2023-05-17,"Title 19, Chapter 32",school facilities projects section 15 grant procedures,other agencies,,Administration,17700004020,234,10888,201,4,1,0,28,25.0,8.73,18.203883495145632,36.43402642829382
New Jersey,2023-05-17,"Title 19, Chapter 32A",procedures for compliance with alyssa s law,other agencies,,Administration,17700004021,35,2455,29,4,0,0,2,29.0,7.46,23.75,36.14877102199224
New Jersey,2023-05-17,"Title 19, Chapter 33",requests for access to government records,other agencies,,Administration,17700004022,106,4681,88,4,0,0,14,27.0,8.57,29.01234567901235,35.031664046710084
New Jersey,2023-05-17,"Title 19, Chapter 34",preconstruction activities,other agencies,,Administration,17700004023,107,7666,81,2,0,0,24,31.0,8.67,22.5,42.07563368765331
New Jersey,2023-05-17,"Title 19, Chapter 34A",section 13 a delegation agreement,other agencies,,Administration,17700004024,179,8637,152,3,1,0,23,30.0,8.51,24.113475177304963,37.94750335734343
New Jersey,2023-05-17,"Title 19, Chapter 34B",section 13e delegation of school facilities projects,other agencies,,Administration,17700004025,276,14616,238,4,1,1,32,31.0,8.69,23.63238512035011,37.96110754299579
New Jersey,2023-05-17,"Title 19, Chapter 35",disposition of surplus real and personal property of the new jersey schools development authority,other agencies,,Administration,17700004026,183,13158,157,9,0,0,17,29.0,8.42,28.4037558685446,33.19932837610938
New Jersey,2023-05-17,"Title 19, Chapter 36",procurement of design build contracts,other agencies,,Administration,17700004027,127,8948,90,19,0,0,18,27.0,8.77,18.238993710691823,38.35703514673472
New Jersey,2023-05-17,"Title 19, Chapter 38",procedures for low bid procurement of construction contracts for school facilities projects,other agencies,,Administration,17700004028,100,5830,59,17,3,0,21,26.0,8.53,29.545454545454547,34.93993186300879
New Jersey,2023-05-17,"Title 19, Chapter 38A",procedures for prequalification of contractors and professional services consultants for the new jersey schools construction program,other agencies,,Administration,17700004029,102,6784,53,15,5,0,29,26.0,9.04,21.65354330708661,39.385329619312905
New Jersey,2023-05-17,"Title 19, Chapter 38B",procedures for price and other factors procurement of construction contracts for new school facilities projects,other agencies,,Administration,17700004030,159,8674,118,20,2,0,19,26.0,8.89,19.817073170731707,37.18725775193799
New Jersey,2023-05-17,"Title 19, Chapter 38C",procurement of architects engineers land surveyors and other professional services consultants,other agencies,,Administration,17700004031,135,8132,106,14,0,0,15,25.0,8.73,19.86970684039088,39.08827353094124
New Jersey,2023-05-17,"Title 19, Chapter 38D",procurement of goods and services,other agencies,,Administration,17700004032,109,6286,82,10,0,0,17,25.0,8.61,23.236514522821576,35.58581775307394
New Jersey,2023-05-17,"Title 19, Chapter 39",equal employment opportunity and affirmative action rules,other agencies,,Administration,17700004033,54,5091,44,3,0,0,7,28.0,8.53,21.142857142857142,38.79833506763788
New Jersey,2023-05-17,"Title 19, Chapter 4",district zoning regulations,other agencies,,Administration,17700004000,1541,68984,1354,6,4,12,165,19.0,10.01,13.096940234486704,35.391410074214434
New Jersey,2023-05-17,"Title 19, Chapter 40A",general provisions,other agencies,,Administration,17700004034,173,8058,154,2,0,5,12,28.0,8.88,26.545454545454543,36.514168973243706
New Jersey,2023-05-17,"Title 19, Chapter 41A",applications for key employee license,other agencies,,Administration,17700004035,101,6585,75,2,2,0,22,24.0,8.68,19.318181818181817,36.8158109209454
New Jersey,2023-05-17,"Title 19, Chapter 43A",casino licensees,other agencies,,Administration,17700004036,55,2403,49,0,0,0,6,41.0,7.89,31.57894736842105,34.835592479230435
New Jersey,2023-05-17,"Title 19, Chapter 5",subdivision regulations,other agencies,,Administration,17700004001,284,10048,227,0,0,1,56,22.0,8.95,22.095671981776764,36.42870905587669
New Jersey,2023-05-17,"Title 19, Chapter 6",building code,other agencies,,Administration,17700004002,644,22787,574,2,3,0,65,28.0,9.57,34.49564134495641,31.684712338960978
New Jersey,2023-05-17,"Title 19, Chapter 61",state ethics commission,other agencies,,Administration,17700004037,214,12830,153,34,4,4,19,27.0,9.25,24.008810572687224,36.40471353108492
New Jersey,2023-05-17,"Title 19, Chapter 66",casino reinvestment development authority tourism district land development rules,other agencies,,Administration,17700004038,835,41204,673,30,3,12,117,21.0,10.04,14.475703324808183,35.34810223838549
New Jersey,2023-05-17,"Title 19, Chapter 7",district transportation plan rules,other agencies,,Administration,17700004003,171,6217,160,0,0,0,11,19.0,8.7,7.547169811320755,36.61229314420804
New Jersey,2023-05-17,"Title 19, Chapter 75",south jersey transportation authority rules of operation,other agencies,,Administration,17700003997,211,10743,193,4,1,0,13,23.0,8.72,12.5,35.63590604026846
New Jersey,2023-05-17,"Title 19, Chapter 76",rules of operation for atlantic city international airport,other agencies,,Administration,17700003998,609,21275,544,24,0,18,23,25.0,9.69,22.64600715137068,34.68166275889019
New Jersey,2023-05-17,"Title 19, Chapter 9",new jersey turnpike authority,other agencies,,Administration,17700004004,679,38275,573,33,3,26,44,26.0,9.99,26.630800268997984,34.89722442940516
New Jersey,2023-05-17,"Title 19K, Chapter 40A",general provisions,casino control commission casino reinvestment development authority,,"Industry, Commerce, and Development",17700004040,4,165,4,0,0,0,0,40.0,5.32,,33.82389937106918
New Jersey,2023-05-17,"Title 19K, Chapter 42A",hearings and appeals,casino control commission casino reinvestment development authority,,"Industry, Commerce, and Development",17700004041,69,3936,65,1,0,0,3,26.0,8.11,17.80821917808219,33.55764513491415
New Jersey,2023-05-17,"Title 19K, Chapter 65",casino reinvestment development authority,casino control commission casino reinvestment development authority,,"Industry, Commerce, and Development",17700004043,244,15743,224,7,1,0,12,29.0,9.12,24.66281310211946,35.994026043764265
New Jersey,2023-05-17,"Title 1, Chapter 1",uniform administrative procedure rules,administrative law,,Administration,17700003060,705,35887,573,52,27,8,45,27.0,9.45,37.38244514106583,34.84415243866908
New Jersey,2023-05-17,"Title 1, Chapter 10",family development hearings,administrative law,,Administration,17700003064,52,1811,47,3,1,0,1,18.0,7.5,18.27956989247312,32.717902350813745
New Jersey,2023-05-17,"Title 1, Chapter 10A",department of children and families hearings,administrative law,,Administration,17700003065,23,1140,23,0,0,0,0,42.0,7.32,36.0,34.66357738646895
New Jersey,2023-05-17,"Title 1, Chapter 10B",division of medical assistance and health services applicant recipient hearings,administrative law,,Administration,17700003066,23,811,19,3,1,0,0,23.0,7.35,27.27272727272727,34.53020134228188
New Jersey,2023-05-17,"Title 1, Chapter 11",insurance filing hearings,administrative law,,Administration,17700003067,10,334,10,0,0,0,0,21.0,6.55,20.0,31.429936305732483
New Jersey,2023-05-17,"Title 1, Chapter 12",unemployment benefit state plan temporary disability and state plan family leave insurance cases,administrative law,,Administration,17700003068,109,4340,104,3,0,0,2,27.0,7.97,19.745222929936308,31.11231101511879
New Jersey,2023-05-17,"Title 1, Chapter 12A",private plan temporary disability and private plan family leave insurance cases,administrative law,,Administration,17700003069,35,1478,34,0,0,0,1,31.0,7.62,23.91304347826087,31.812142857142856
New Jersey,2023-05-17,"Title 1, Chapter 13",motor vehicle commission cases,administrative law,,Administration,17700003070,14,597,14,0,0,0,0,24.0,6.71,50.0,33.39619047619048
New Jersey,2023-05-17,"Title 1, Chapter 13A",division of consumer affairs lemon law hearings,administrative law,,Administration,17700003071,40,1126,34,3,1,0,2,24.0,7.41,32.55813953488372,32.883
New Jersey,2023-05-17,"Title 1, Chapter 14",board of public utilities,administrative law,,Administration,17700003072,24,1166,21,0,0,0,3,27.0,7.48,30.0,32.23921200750469
New Jersey,2023-05-17,"Title 1, Chapter 19",casino control commission,administrative law,,Administration,17700003073,37,2101,37,0,0,0,0,23.0,7.87,25.0,33.44796619123085
New Jersey,2023-05-17,"Title 1, Chapter 20",hearings before the public employment relations appeal board,administrative law,,Administration,17700003074,37,1921,34,0,0,0,3,24.0,7.51,17.333333333333336,34.20934158694429
New Jersey,2023-05-17,"Title 1, Chapter 21",trade secret claims,administrative law,,Administration,17700003075,28,1221,24,1,2,0,1,26.0,7.31,33.33333333333333,34.648228176318064
New Jersey,2023-05-17,"Title 1, Chapter 30",rules for agency rulemaking,administrative law,,Administration,17700003076,311,15430,280,10,2,0,19,23.0,8.7,19.25465838509317,33.23432365826944
New Jersey,2023-05-17,"Title 1, Chapter 31",organization of the office of administrative law,administrative law,,Administration,17700003077,50,2893,49,0,0,0,1,21.0,8.25,26.15384615384616,36.3547434477667
New Jersey,2023-05-17,"Title 1, Chapter 4A",civil service commission hearings,administrative law,,Administration,17700003061,15,541,14,0,0,0,1,17.0,7.05,25.0,32.43877551020408
New Jersey,2023-05-17,"Title 1, Chapter 4B",civil service commission law enforcement officer and firefighter cases,administrative law,,Administration,17700003062,36,1853,18,16,0,0,2,29.0,7.69,38.70967741935484,35.808115942028984
New Jersey,2023-05-17,"Title 1, Chapter 6A",special education program,administrative law,,Administration,17700003063,56,2485,52,1,3,0,0,25.0,7.99,31.57894736842105,33.08278867102396
New Jersey,2023-05-17,"Title 2, Chapter 1",administration,agriculture,,"Industry, Commerce, and Development",17700003078,69,5212,62,0,0,3,4,22.0,8.66,15.068493150684931,37.77624536846439
New Jersey,2023-05-17,"Title 2, Chapter 10",laboratory services,agriculture,,"Industry, Commerce, and Development",17700003086,10,1798,8,0,0,0,2,14.0,8.38,5.833333333333333,41.42757306226175
New Jersey,2023-05-17,"Title 2, Chapter 16",certification,agriculture,,"Industry, Commerce, and Development",17700003087,184,8667,171,4,0,1,8,20.0,8.85,11.707317073170731,37.08502586098145
New Jersey,2023-05-17,"Title 2, Chapter 17",importation of plants and plant material,agriculture,,"Industry, Commerce, and Development",17700003088,49,1795,47,2,0,0,0,19.0,7.5,3.333333333333333,34.95850379894798
New Jersey,2023-05-17,"Title 2, Chapter 18",nursery inspection fees,agriculture,,"Industry, Commerce, and Development",17700003089,19,972,19,0,0,0,0,32.0,7.45,20.689655172413797,34.32821075740944
New Jersey,2023-05-17,"Title 2, Chapter 19",sale and distribution of plants and plant material,agriculture,,"Industry, Commerce, and Development",17700003090,3,416,0,3,0,0,0,50.0,6.26,25.0,32.53
New Jersey,2023-05-17,"Title 2, Chapter 2",disease control program,agriculture,,"Industry, Commerce, and Development",17700003079,192,7977,161,23,0,0,8,26.0,9.15,18.27586206896552,36.949618116039126
New Jersey,2023-05-17,"Title 2, Chapter 20",quarantines,agriculture,,"Industry, Commerce, and Development",17700003091,122,7523,101,7,0,7,7,26.0,9.0,18.43971631205673,36.4953127186232
New Jersey,2023-05-17,"Title 2, Chapter 21",seed control,agriculture,,"Industry, Commerce, and Development",17700003092,88,6699,70,5,0,4,9,12.0,9.93,8.317214700193423,38.125429834616014
New Jersey,2023-05-17,"Title 2, Chapter 23",lymantria dispar dispar,agriculture,,"Industry, Commerce, and Development",17700003093,18,1190,13,2,0,0,3,17.0,7.91,10.44776119402985,38.45246800731262
New Jersey,2023-05-17,"Title 2, Chapter 24",diseases of bees and beekeeping activities,agriculture,,"Industry, Commerce, and Development",17700003094,126,6398,100,16,1,0,9,21.0,9.02,22.866894197952217,35.193928334439285
New Jersey,2023-05-17,"Title 2, Chapter 25",new jersey hemp program rules,agriculture,,"Industry, Commerce, and Development",17700003095,157,8775,110,29,3,3,12,22.0,9.08,14.540816326530612,35.07735600526883
New Jersey,2023-05-17,"Title 2, Chapter 3",livestock and poultry importation,agriculture,,"Industry, Commerce, and Development",17700003080,134,6933,111,13,0,3,7,23.0,8.42,14.642857142857144,34.85947815152468
New Jersey,2023-05-17,"Title 2, Chapter 31",charity racing day fund distribution,agriculture,,"Industry, Commerce, and Development",17700003096,14,660,13,0,0,0,1,27.0,7.0,0.0,36.45800316957211
New Jersey,2023-05-17,"Title 2, Chapter 32",sire stakes program,agriculture,,"Industry, Commerce, and Development",17700003097,102,5527,67,28,2,0,5,25.0,8.43,19.81132075471698,30.266202360224412
New Jersey,2023-05-17,"Title 2, Chapter 32A",new jersey standardbred development fund conditions,agriculture,,"Industry, Commerce, and Development",17700003098,60,3521,36,19,2,0,3,24.0,8.12,23.57142857142857,31.780353874313604
New Jersey,2023-05-17,"Title 2, Chapter 33",agricultural fairs,agriculture,,"Industry, Commerce, and Development",17700003099,14,761,12,1,0,0,1,21.0,7.01,10.869565217391305,40.45062586926287
New Jersey,2023-05-17,"Title 2, Chapter 34",equine advisory board,agriculture,,"Industry, Commerce, and Development",17700003100,39,2089,18,19,0,0,2,19.0,7.85,13.084112149532707,28.40771895101435
New Jersey,2023-05-17,"Title 2, Chapter 35A",new jersey wine promotion account grants program,agriculture,,"Industry, Commerce, and Development",17700003101,27,1666,24,1,1,0,1,25.0,7.99,6.25,37.329040566645205
New Jersey,2023-05-17,"Title 2, Chapter 36",child nutrition programs,agriculture,,"Industry, Commerce, and Development",17700003102,55,3195,39,11,0,0,5,27.0,8.24,7.017543859649122,35.40685296074518
New Jersey,2023-05-17,"Title 2, Chapter 48",general provisions,agriculture,,"Industry, Commerce, and Development",17700003103,16,993,13,3,0,0,0,35.0,7.71,40.74074074074074,33.37662337662338
New Jersey,2023-05-17,"Title 2, Chapter 5",quarantines and embargoes on animals,agriculture,,"Industry, Commerce, and Development",17700003082,47,2424,40,7,0,0,0,24.0,8.24,19.587628865979383,34.58210251954822
New Jersey,2023-05-17,"Title 2, Chapter 50",producers,agriculture,,"Industry, Commerce, and Development",17700003104,79,3520,57,7,0,0,15,24.0,8.44,13.66906474820144,31.92437749769444
New Jersey,2023-05-17,"Title 2, Chapter 52",processors dealers and subdealers,agriculture,,"Industry, Commerce, and Development",17700003105,66,3382,49,6,0,1,10,29.0,8.46,40.0,33.85286859962986
New Jersey,2023-05-17,"Title 2, Chapter 53",stores,agriculture,,"Industry, Commerce, and Development",17700003106,28,1420,22,2,0,1,3,34.0,7.65,39.02439024390244,31.16974169741697
New Jersey,2023-05-17,"Title 2, Chapter 55",school milk purchase regulations,agriculture,,"Industry, Commerce, and Development",17700003107,29,1483,23,2,1,0,3,33.0,7.41,9.30232558139535,30.034508076358296
New Jersey,2023-05-17,"Title 2, Chapter 56",dairy licensing fees and penalties,agriculture,,"Industry, Commerce, and Development",17700003108,21,700,19,0,0,0,2,21.0,6.74,10.344827586206897,24.83623693379791
New Jersey,2023-05-17,"Title 2, Chapter 6",biological products for diagnostic or therapeutic purposes,agriculture,,"Industry, Commerce, and Development",17700003083,8,785,8,0,0,0,0,18.0,7.52,14.285714285714285,37.781893004115226
New Jersey,2023-05-17,"Title 2, Chapter 68",commercial feeding stuffs,agriculture,,"Industry, Commerce, and Development",17700003109,2,574,1,0,0,1,0,15.0,6.91,0.0,43.38627450980392
New Jersey,2023-05-17,"Title 2, Chapter 69",commercial fertilizers and soil conditioners,agriculture,,"Industry, Commerce, and Development",17700003110,51,2470,44,4,0,0,3,24.0,8.59,32.6530612244898,34.52409920449228
New Jersey,2023-05-17,"Title 2, Chapter 70",agricultural liming materials,agriculture,,"Industry, Commerce, and Development",17700003111,9,410,7,1,1,0,0,37.0,6.01,,33.14769230769231
New Jersey,2023-05-17,"Title 2, Chapter 71",grades and standards,agriculture,,"Industry, Commerce, and Development",17700003112,723,25046,594,85,3,12,29,18.0,9.63,8.249807247494218,32.76114486181227
New Jersey,2023-05-17,"Title 2, Chapter 72",bonding requirements of commission merchants dealers brokers and agents,agriculture,,"Industry, Commerce, and Development",17700003113,35,1538,28,3,0,0,4,22.0,7.42,22.058823529411764,33.43564356435643
New Jersey,2023-05-17,"Title 2, Chapter 74",controlled atmosphere storages,agriculture,,"Industry, Commerce, and Development",17700003114,33,1373,28,1,0,0,4,33.0,7.49,50.0,32.93836671802774
New Jersey,2023-05-17,"Title 2, Chapter 76",state agriculture development committee,agriculture,,"Industry, Commerce, and Development",17700003115,1636,89445,1456,69,11,13,87,22.0,9.84,18.571060098013927,36.93535531100248
New Jersey,2023-05-17,"Title 2, Chapter 77",transfer of development rights,agriculture,,"Industry, Commerce, and Development",17700003116,137,8160,117,6,0,0,14,18.0,8.56,20.96385542168675,37.21107824684055
New Jersey,2023-05-17,"Title 2, Chapter 78",new jersey organic certification program,agriculture,,"Industry, Commerce, and Development",17700003117,90,5651,49,33,0,4,4,21.0,8.56,13.2,37.36663964329145
New Jersey,2023-05-17,"Title 2, Chapter 8",humane treatment of domestic livestock,agriculture,,"Industry, Commerce, and Development",17700003084,303,16384,195,94,2,4,8,20.0,9.68,17.10362047440699,35.37491127314964
New Jersey,2023-05-17,"Title 2, Chapter 89",aquaculture development,agriculture,,"Industry, Commerce, and Development",17700003118,85,9238,39,11,0,0,35,20.0,8.72,12.454212454212454,35.473696381084515
New Jersey,2023-05-17,"Title 2, Chapter 9",avian influenza,agriculture,,"Industry, Commerce, and Development",17700003085,137,6151,79,46,2,0,10,23.0,8.54,17.17557251908397,36.92631939684716
New Jersey,2023-05-17,"Title 2, Chapter 90",state soil conservation committee,agriculture,,"Industry, Commerce, and Development",17700003119,306,18068,235,48,1,0,22,21.0,9.52,20.34104750304507,39.21954781795876
New Jersey,2023-05-17,"Title 2, Chapter 91",animal waste management,agriculture,,"Industry, Commerce, and Development",17700003120,237,36614,93,26,8,0,110,20.0,9.27,11.874272409778811,39.444652227308254
New Jersey,2023-05-17,"Title 2, Chapter 92",agricultural development in the highlands,agriculture,,"Industry, Commerce, and Development",17700003121,47,2955,43,4,0,0,0,20.0,8.53,13.286713286713288,38.66618859806382
New Jersey,2023-05-17,"Title 3A, Chapter 1",organization of the department of children and families,children and families,,Social Assistance,17700003156,1,293,1,0,0,0,0,13.0,6.56,0.0,36.58893280632411
New Jersey,2023-05-17,"Title 3A, Chapter 10",child protection investigations,children and families,,Social Assistance,17700003161,146,11059,132,5,1,1,7,22.0,8.65,31.35593220338983,37.44072337575352
New Jersey,2023-05-17,"Title 3A, Chapter 11",service delivery general provisions,children and families,,Social Assistance,17700003162,23,5598,20,0,0,1,2,23.0,8.93,9.82905982905983,35.83705650459921
New Jersey,2023-05-17,"Title 3A, Chapter 12",case management,children and families,,Social Assistance,17700003163,37,2774,36,0,0,0,1,23.0,7.61,21.296296296296298,32.18616401088224
New Jersey,2023-05-17,"Title 3A, Chapter 13",general placement provisions,children and families,,Social Assistance,17700003164,69,5134,61,3,0,0,5,22.0,8.12,16.51376146788991,32.93818797629128
New Jersey,2023-05-17,"Title 3A, Chapter 14",resource care,children and families,,Social Assistance,17700003165,47,2923,45,1,0,0,1,19.0,7.63,12.587412587412588,35.12653516933383
New Jersey,2023-05-17,"Title 3A, Chapter 15",services for children in out of home placement,children and families,,Social Assistance,17700003166,77,3631,75,1,0,0,1,17.0,7.72,17.277486910994764,34.12280178837556
New Jersey,2023-05-17,"Title 3A, Chapter 16",division utilization of family child care providers,children and families,,Social Assistance,17700003167,9,697,9,0,0,0,0,26.0,6.4,16.0,31.15109034267913
New Jersey,2023-05-17,"Title 3A, Chapter 17",removal of children in placement from resource family homes,children and families,,Social Assistance,17700003168,41,2568,41,0,0,0,0,23.0,7.07,36.44859813084112,31.54232365145228
New Jersey,2023-05-17,"Title 3A, Chapter 18",new jersey safe haven infant protection act procedures and requirements,children and families,,Social Assistance,17700003169,34,3227,31,0,0,0,3,25.0,7.79,32.5,32.47511005756857
New Jersey,2023-05-17,"Title 3A, Chapter 19",court actions and procedures,children and families,,Social Assistance,17700003170,0,123,0,0,0,0,0,21.0,5.42,20.0,36.067961165048544
New Jersey,2023-05-17,"Title 3A, Chapter 2",rulemaking procedures,children and families,,Social Assistance,17700003157,12,770,12,0,0,0,0,18.0,6.86,12.5,32.39420289855072
New Jersey,2023-05-17,"Title 3A, Chapter 20",legal guardianship,children and families,,Social Assistance,17700003171,29,2957,26,0,1,0,2,22.0,7.75,27.200000000000003,35.08689248895435
New Jersey,2023-05-17,"Title 3A, Chapter 21",termination of parental rights,children and families,,Social Assistance,17700003172,31,1901,26,2,0,0,3,23.0,7.37,29.87012987012987,35.35224719101124
New Jersey,2023-05-17,"Title 3A, Chapter 22",requirements for cp p adoptions,children and families,,Social Assistance,17700003173,47,3042,47,0,0,0,0,20.0,7.82,8.275862068965518,35.155547752808985
New Jersey,2023-05-17,"Title 3A, Chapter 23",adoptions,children and families,,Social Assistance,17700003174,28,2405,26,1,1,0,0,28.0,7.81,36.90476190476191,32.379533678756474
New Jersey,2023-05-17,"Title 3A, Chapter 24",adoption assistance and child welfare act of 1980 requirements,children and families,,Social Assistance,17700003175,0,316,0,0,0,0,0,29.0,6.52,0.0,31.04123711340206
New Jersey,2023-05-17,"Title 3A, Chapter 26",substance affected infants,children and families,,Social Assistance,17700003176,7,466,6,1,0,0,0,20.0,6.69,47.61904761904761,34.69377990430622
New Jersey,2023-05-17,"Title 3A, Chapter 3",client information,children and families,,Social Assistance,17700003158,86,5080,78,0,0,7,1,24.0,7.9,27.55102040816326,33.8125
New Jersey,2023-05-17,"Title 3A, Chapter 4",department of children and families child fatality and near fatality review board,children and families,,Social Assistance,17700003159,39,2579,39,0,0,0,0,19.0,8.07,12.598425196850393,34.61200164406083
New Jersey,2023-05-17,"Title 3A, Chapter 40",determination of eligibility for functional services from the division of children s system of care,children and families,,Social Assistance,17700003177,24,2440,21,1,0,0,2,22.0,8.13,37.03703703703704,40.28478260869565
New Jersey,2023-05-17,"Title 3A, Chapter 5",dispute resolution,children and families,,Social Assistance,17700003160,88,6834,87,0,0,0,1,23.0,8.28,28.776978417266186,34.30511435832275
New Jersey,2023-05-17,"Title 3A, Chapter 50",manual of requirements for adoption agencies,children and families,,Social Assistance,17700003178,427,24565,395,5,0,5,22,20.0,9.07,20.674740484429066,34.29278545080209
New Jersey,2023-05-17,"Title 3A, Chapter 51",manual of requirements for resource family parents,children and families,,Social Assistance,17700003179,317,15652,305,5,0,3,4,19.0,8.89,18.613607188703465,33.75818181818182
New Jersey,2023-05-17,"Title 3A, Chapter 52",manual of requirements for child care centers,children and families,,Social Assistance,17700003180,873,39339,798,8,2,8,57,20.0,9.52,16.28403630539242,32.513830475574245
New Jersey,2023-05-17,"Title 3A, Chapter 53",manual of standards for children s shelter facilities and shelter homes,children and families,,Social Assistance,17700003181,401,16610,380,1,1,5,14,18.0,8.82,13.66822429906542,33.79357239078838
New Jersey,2023-05-17,"Title 3A, Chapter 54",manual of requirements for family child care registration,children and families,,Social Assistance,17700003182,396,21085,370,7,2,3,14,20.0,9.07,21.730580137659786,36.66379874213836
New Jersey,2023-05-17,"Title 3A, Chapter 55",manual of requirements for residential child care facilities,children and families,,Social Assistance,17700003183,878,44731,844,5,0,4,25,18.0,9.6,20.58194266153188,34.04222868309423
New Jersey,2023-05-17,"Title 3A, Chapter 56",manual of requirements for children s group homes,children and families,,Social Assistance,17700003184,928,48118,894,7,1,3,23,19.0,9.59,20.35953177257525,32.910600847009
New Jersey,2023-05-17,"Title 3A, Chapter 57",standards for shelters for victims of domestic violence,children and families,,Social Assistance,17700003185,44,1813,39,0,0,0,5,20.0,8.07,10.714285714285714,37.88519637462235
New Jersey,2023-05-17,"Title 3A, Chapter 58",children s partial care programs,children and families,,Social Assistance,17700003186,98,3883,89,2,0,0,7,15.0,8.58,11.196911196911197,41.63051771117166
New Jersey,2023-05-17,"Title 3A, Chapter 70",displaced homemaker programs,children and families,,Social Assistance,17700003187,16,711,9,7,0,0,0,16.0,7.39,11.904761904761903,35.97108066971081
New Jersey,2023-05-17,"Title 3A, Chapter 71",address confidentiality program,children and families,,Social Assistance,17700003188,48,3290,44,1,0,1,2,24.0,7.75,20.454545454545457,39.28807517822424
New Jersey,2023-05-17,"Title 3A, Chapter 80",instructional staff,children and families,,Social Assistance,17700003189,37,1755,33,0,0,0,4,25.0,7.92,22.388059701492537,39.610036275695286
New Jersey,2023-05-17,"Title 3, Chapter 1",general provisions,banking,,"Banking, Insurance, and Securities",17700003122,539,30457,427,21,0,2,89,27.0,9.51,31.748878923766817,33.753885561978606
New Jersey,2023-05-17,"Title 3, Chapter 10",mortgages,banking,,"Banking, Insurance, and Securities",17700003130,12,1296,12,0,0,0,0,23.0,7.57,5.555555555555555,34.43146796431468
New Jersey,2023-05-17,"Title 3, Chapter 11",investments,banking,,"Banking, Insurance, and Securities",17700003131,107,7509,86,8,1,3,9,28.0,8.67,24.5136186770428,36.75781702374059
New Jersey,2023-05-17,"Title 3, Chapter 12",registrar and transfer agents,banking,,"Banking, Insurance, and Securities",17700003132,48,2066,42,0,0,0,6,26.0,7.96,6.756756756756757,39.010055865921785
New Jersey,2023-05-17,"Title 3, Chapter 13",bank holding companies,banking,,"Banking, Insurance, and Securities",17700003133,66,4146,48,0,0,0,18,26.0,7.54,18.471337579617835,33.098630831643
New Jersey,2023-05-17,"Title 3, Chapter 14",bank service corporations,banking,,"Banking, Insurance, and Securities",17700003134,20,2201,16,0,0,0,4,38.0,7.26,42.10526315789473,34.36258992805755
New Jersey,2023-05-17,"Title 3, Chapter 15",residential mortgage lenders correspondent mortgage lenders mortgage brokers qualified individual licensees mortgage loan originators,banking,,"Banking, Insurance, and Securities",17700003135,340,18470,293,1,1,2,43,28.0,9.2,23.112480739599384,35.124393169227254
New Jersey,2023-05-17,"Title 3, Chapter 16",pawnbroking law regulations,banking,,"Banking, Insurance, and Securities",17700003136,56,2157,50,0,1,1,4,23.0,8.18,11.11111111111111,32.94039408866995
New Jersey,2023-05-17,"Title 3, Chapter 17",consumer lenders and sales finance companies,banking,,"Banking, Insurance, and Securities",17700003137,233,11394,206,0,1,3,23,29.0,8.98,28.64583333333333,33.45386186409209
New Jersey,2023-05-17,"Title 3, Chapter 18",foreclosure consultants,banking,,"Banking, Insurance, and Securities",17700003138,172,9991,149,0,0,1,22,32.0,8.88,20.588235294117645,36.74430565760471
New Jersey,2023-05-17,"Title 3, Chapter 19",home repair financing act regulations,banking,,"Banking, Insurance, and Securities",17700003139,6,773,5,1,0,0,0,44.0,7.06,43.75,33.18529411764706
New Jersey,2023-05-17,"Title 3, Chapter 2",advertising,banking,,"Banking, Insurance, and Securities",17700003123,16,1417,13,0,0,0,3,29.0,7.87,25.53191489361702,37.50639578630549
New Jersey,2023-05-17,"Title 3, Chapter 21",credit unions,banking,,"Banking, Insurance, and Securities",17700003140,39,3178,35,0,0,0,4,24.0,7.83,17.599999999999998,33.576094276094274
New Jersey,2023-05-17,"Title 3, Chapter 22",insurance premium finance company act,banking,,"Banking, Insurance, and Securities",17700003141,7,288,6,0,0,1,0,22.0,6.5,25.0,39.60236220472441
New Jersey,2023-05-17,"Title 3, Chapter 23",fees license terms and annual reports for licensees,banking,,"Banking, Insurance, and Securities",17700003142,16,699,14,0,0,0,2,15.0,7.01,2.631578947368421,34.11992263056093
New Jersey,2023-05-17,"Title 3, Chapter 24",check cashing,banking,,"Banking, Insurance, and Securities",17700003143,75,4048,65,1,1,0,8,23.0,8.61,17.058823529411764,32.06375569247254
New Jersey,2023-05-17,"Title 3, Chapter 25",debt adjustment and credit counseling,banking,,"Banking, Insurance, and Securities",17700003144,89,6259,71,1,1,1,15,28.0,8.66,15.492957746478872,33.98024316109422
New Jersey,2023-05-17,"Title 3, Chapter 26",general provisions for state savings and loan associations,banking,,"Banking, Insurance, and Securities",17700003145,13,1687,12,0,0,0,1,20.0,8.02,22.5,35.38783518639634
New Jersey,2023-05-17,"Title 3, Chapter 27",money transmitters,banking,,"Banking, Insurance, and Securities",17700003146,49,3812,41,0,0,0,8,30.0,8.44,15.84158415841584,34.88885486834048
New Jersey,2023-05-17,"Title 3, Chapter 29",audit requirements of state associations,banking,,"Banking, Insurance, and Securities",17700003147,20,827,13,2,0,0,5,21.0,7.36,16.216216216216218,35.24966622162884
New Jersey,2023-05-17,"Title 3, Chapter 3",department organization,banking,,"Banking, Insurance, and Securities",17700003124,44,3178,38,1,0,3,2,24.0,8.44,20.8,37.88247282608695
New Jersey,2023-05-17,"Title 3, Chapter 30",predatory lending,banking,,"Banking, Insurance, and Securities",17700003148,47,4563,38,0,1,0,8,33.0,8.64,32.33082706766917,31.85408424482197
New Jersey,2023-05-17,"Title 3, Chapter 32",conversions of associations,banking,,"Banking, Insurance, and Securities",17700003149,75,4262,70,0,0,0,5,24.0,7.76,11.560693641618498,35.960614317562545
New Jersey,2023-05-17,"Title 3, Chapter 33",proposed interstate acquisition,banking,,"Banking, Insurance, and Securities",17700003150,20,1892,16,1,0,0,3,29.0,6.67,26.984126984126984,36.056635202665184
New Jersey,2023-05-17,"Title 3, Chapter 34",governmental unit deposit protection,banking,,"Banking, Insurance, and Securities",17700003151,78,4446,55,2,0,0,21,25.0,8.27,20.48192771084337,34.6938923897237
New Jersey,2023-05-17,"Title 3, Chapter 35",qualified educational institutions,banking,,"Banking, Insurance, and Securities",17700003152,19,1336,17,0,0,0,2,26.0,7.57,10.416666666666668,39.66886326194399
New Jersey,2023-05-17,"Title 3, Chapter 36",banking development districts,banking,,"Banking, Insurance, and Securities",17700003153,15,988,11,0,0,0,4,25.0,7.13,15.789473684210526,39.84598698481562
New Jersey,2023-05-17,"Title 3, Chapter 37",savings account promotions,banking,,"Banking, Insurance, and Securities",17700003154,11,599,6,2,1,0,2,21.0,6.8,21.428571428571427,38.38743455497382
New Jersey,2023-05-17,"Title 3, Chapter 4",depository institutions,banking,,"Banking, Insurance, and Securities",17700003125,55,3997,42,1,3,3,6,22.0,8.19,22.22222222222222,32.48998628257888
New Jersey,2023-05-17,"Title 3, Chapter 42",pinelands development credit bank,banking,,"Banking, Insurance, and Securities",17700003155,158,7245,144,1,0,0,13,23.0,8.21,20.26143790849673,36.26066350710901
New Jersey,2023-05-17,"Title 3, Chapter 5",dedicated funding assessment,banking,,"Banking, Insurance, and Securities",17700003126,91,4840,88,1,0,0,2,24.0,8.45,13.756613756613756,35.08551015851753
New Jersey,2023-05-17,"Title 3, Chapter 6",general provisions,banking,,"Banking, Insurance, and Securities",17700003127,82,6090,58,14,2,0,8,29.0,8.67,19.21182266009852,33.2815960625769
New Jersey,2023-05-17,"Title 3, Chapter 7",safe and sound methods of banking,banking,,"Banking, Insurance, and Securities",17700003128,107,4938,99,1,0,0,7,21.0,8.74,19.11111111111111,37.77940241576605
New Jersey,2023-05-17,"Title 3, Chapter 8",reserves and reserve depositaries,banking,,"Banking, Insurance, and Securities",17700003129,1,145,1,0,0,0,0,26.0,5.52,20.0,32.413223140495866
New Jersey,2023-05-17,"Title 4A, Chapter 1",uniform administrative procedure rules,civil service,,Administration,17700003190,54,4043,37,7,1,3,6,19.0,8.68,16.25615763546798,39.45133210234766
New Jersey,2023-05-17,"Title 4A, Chapter 10",violations and penalties,civil service,,Administration,17700003199,32,2862,28,2,0,1,1,27.0,8.31,16.831683168316832,36.19901997738409
New Jersey,2023-05-17,"Title 4A, Chapter 2",appeals discipline and separations,civil service,,Administration,17700003191,229,11247,182,26,3,0,18,21.0,8.83,29.32038834951457,34.5873884249928
New Jersey,2023-05-17,"Title 4A, Chapter 3",classification services and compensation,civil service,,Administration,17700003192,427,22621,368,36,0,0,23,21.0,8.87,23.758519961051608,34.64932726928179
New Jersey,2023-05-17,"Title 4A, Chapter 4",selection and appointment,civil service,,Administration,17700003193,366,19226,308,26,4,3,25,20.0,8.93,23.47266881028939,37.59184573002755
New Jersey,2023-05-17,"Title 4A, Chapter 5",veterans and disabled veterans preference,civil service,,Administration,17700003194,31,2348,13,16,1,0,1,23.0,8.07,17.0,32.85197368421053
New Jersey,2023-05-17,"Title 4A, Chapter 6",leaves hours of work and employee development,civil service,,Administration,17700003195,549,27057,483,34,5,2,25,19.0,9.22,18.38733986435569,34.86013164080865
New Jersey,2023-05-17,"Title 4A, Chapter 7",equal employment opportunity and affirmative action,civil service,,Administration,17700003196,88,5655,65,4,1,15,3,25.0,9.04,18.01801801801802,40.6376521897147
New Jersey,2023-05-17,"Title 4A, Chapter 8",layoffs,civil service,,Administration,17700003197,141,5703,128,7,0,0,6,21.0,8.08,22.48062015503876,36.86497028231798
New Jersey,2023-05-17,"Title 4A, Chapter 9",political subdivisions,civil service,,Administration,17700003198,5,209,5,0,0,0,0,34.0,5.74,16.666666666666664,35.6875
New Jersey,2023-05-17,"Title 5A, Chapter 1",department of military and veterans affairs organizational rules,military and veterans affairs,,"Security, Justice, and Corrections",17700003267,6,1270,5,1,0,0,0,18.0,7.63,0.0,35.42881944444444
New Jersey,2023-05-17,"Title 5A, Chapter 10",new jersey vietnam 25th anniversary commemorative medal,military and veterans affairs,,"Security, Justice, and Corrections",17700003276,8,923,7,0,0,0,1,33.0,7.45,25.925925925925924,35.495381062355655
New Jersey,2023-05-17,"Title 5A, Chapter 11",veterans access to state beaches,military and veterans affairs,,"Security, Justice, and Corrections",17700003277,2,230,1,1,0,0,0,21.0,6.36,20.0,34.0
New Jersey,2023-05-17,"Title 5A, Chapter 2",leaves of absence for military duty for and by members of the organized militia,military and veterans affairs,,"Security, Justice, and Corrections",17700003268,8,862,7,0,0,0,1,23.0,7.46,22.857142857142858,32.95085995085995
New Jersey,2023-05-17,"Title 5A, Chapter 3",new jersey distinguished service medal,military and veterans affairs,,"Security, Justice, and Corrections",17700003269,14,2208,10,3,0,0,1,32.0,7.53,16.470588235294116,33.930221366698746
New Jersey,2023-05-17,"Title 5A, Chapter 4",brigadier general william c doyle veterans memorial cemetery,military and veterans affairs,,"Security, Justice, and Corrections",17700003270,43,2799,31,9,0,0,3,21.0,8.46,15.503875968992247,34.395497185741085
New Jersey,2023-05-17,"Title 5A, Chapter 5",new jersey veterans memorial homes,military and veterans affairs,,"Security, Justice, and Corrections",17700003271,88,6061,59,7,0,1,21,20.0,8.84,14.965986394557824,35.59735053163674
New Jersey,2023-05-17,"Title 5A, Chapter 6",division of veterans services,military and veterans affairs,,"Security, Justice, and Corrections",17700003272,107,7568,83,14,2,0,8,26.0,8.82,20.930232558139537,34.09654877353109
New Jersey,2023-05-17,"Title 5A, Chapter 7",disability discrimination grievance procedure,military and veterans affairs,,"Security, Justice, and Corrections",17700003273,15,1380,11,0,0,3,1,22.0,7.68,25.0,36.42602633617351
New Jersey,2023-05-17,"Title 5A, Chapter 8",new jersey veterans transitional housing program,military and veterans affairs,,"Security, Justice, and Corrections",17700003274,67,5420,53,5,0,0,9,18.0,8.51,13.901345291479824,38.90462944565865
New Jersey,2023-05-17,"Title 5A, Chapter 9",veterans and disabled veterans preference and designation of veterans status for pension purposes,military and veterans affairs,,"Security, Justice, and Corrections",17700003275,38,4688,15,20,0,0,3,38.0,8.22,10.434782608695652,31.712711069418383
New Jersey,2023-05-17,"Title 5, Chapter 1",standards of conduct,community affairs,,Administration,17700003200,20,794,18,0,0,1,1,34.0,7.61,31.818181818181817,37.66576819407008
New Jersey,2023-05-17,"Title 5, Chapter 10",maintenance of hotels and multiple dwellings,community affairs,,Administration,17700003206,1089,43488,923,21,3,7,135,26.0,10.1,20.51282051282051,33.886027370809295
New Jersey,2023-05-17,"Title 5, Chapter 100",historic preservation grant program,community affairs,,Administration,17700003261,71,7076,41,25,0,0,5,24.0,8.71,13.745704467353953,37.91711309523809
New Jersey,2023-05-17,"Title 5, Chapter 101",garden state historic preservation trust fund grants program,community affairs,,Administration,17700003262,74,7318,46,22,1,0,5,23.0,8.74,10.967741935483872,38.66306850892343
New Jersey,2023-05-17,"Title 5, Chapter 102",historic preservation revolving loan program,community affairs,,Administration,17700003263,38,4360,29,2,1,0,6,20.0,8.72,15.813953488372093,38.40420899854862
New Jersey,2023-05-17,"Title 5, Chapter 103",administration of the main street new jersey program,community affairs,,Administration,17700003264,35,3006,31,1,1,0,2,20.0,8.35,6.293706293706294,42.949182039679776
New Jersey,2023-05-17,"Title 5, Chapter 105",complaint adjudication and open public records act opra information inquiry procedures,community affairs,,Administration,17700003265,137,7605,110,23,0,0,4,22.0,8.76,16.049382716049383,35.03002754820937
New Jersey,2023-05-17,"Title 5, Chapter 10A",proprietary campground facility health and safety standards,community affairs,,Administration,17700003207,189,4675,185,0,0,1,3,24.0,8.86,16.304347826086957,33.705229793977814
New Jersey,2023-05-17,"Title 5, Chapter 11",relocation assistance and eviction,community affairs,,Administration,17700003208,180,9185,145,12,1,0,22,26.0,9.07,28.40579710144928,35.082906976744184
New Jersey,2023-05-17,"Title 5, Chapter 12",ski lifts,community affairs,,Administration,17700003209,130,3926,122,0,0,1,7,20.0,8.57,14.673913043478262,35.63947661469933
New Jersey,2023-05-17,"Title 5, Chapter 120",urban enterprise zone authority,community affairs,,Administration,17700003266,119,7374,91,14,1,0,13,27.0,8.96,16.853932584269664,38.02749679441516
New Jersey,2023-05-17,"Title 5, Chapter 13",limited dividend and nonprofit housing corporations and associations and urban renewal entities,community affairs,,Administration,17700003210,305,18045,285,4,1,2,13,33.0,8.97,30.32967032967033,35.62290261200484
New Jersey,2023-05-17,"Title 5, Chapter 14A",carnival amusement rides,community affairs,,Administration,17700003211,1792,47289,1649,9,5,6,123,17.0,9.59,16.433698526633925,34.06193587109583
New Jersey,2023-05-17,"Title 5, Chapter 15",emergency shelters for the homeless,community affairs,,Administration,17700003212,208,7564,166,21,1,0,20,21.0,9.1,22.79202279202279,33.56202638226214
New Jersey,2023-05-17,"Title 5, Chapter 17",lead hazard evaluation and abatement code,community affairs,,Administration,17700003213,571,19572,517,6,0,3,45,19.0,9.59,20.24665981500514,33.64678800856531
New Jersey,2023-05-17,"Title 5, Chapter 18",liquefied petroleum gas,community affairs,,Administration,17700003214,371,19771,313,18,2,0,38,19.0,9.32,14.240170031880975,33.64838815072969
New Jersey,2023-05-17,"Title 5, Chapter 19",continuing care retirement community rules,community affairs,,Administration,17700003215,318,17040,264,8,8,0,38,27.0,9.28,28.02653399668325,34.6325682382134
New Jersey,2023-05-17,"Title 5, Chapter 2",organizational rules,community affairs,,Administration,17700003201,23,867,22,0,0,0,1,24.0,7.3,2.941176470588235,36.519159456118665
New Jersey,2023-05-17,"Title 5, Chapter 21",residential site improvement standards,community affairs,,Administration,17700003216,1069,54693,959,30,0,2,78,20.0,10.36,16.734033953112366,36.57158623457409
New Jersey,2023-05-17,"Title 5, Chapter 23",uniform construction code,community affairs,,Administration,17700003217,8628,269470,7037,116,9,29,1437,19.0,10.14,18.917087130054973,35.62314687219261
New Jersey,2023-05-17,"Title 5, Chapter 23A",construction boards of appeals,community affairs,,Administration,17700003218,173,5876,160,0,2,0,11,23.0,8.33,22.177419354838708,31.671830484330485
New Jersey,2023-05-17,"Title 5, Chapter 24",condominium fee simple and cooperative conversion and mobile home park retirement,community affairs,,Administration,17700003219,188,9059,142,19,0,1,26,21.0,9.34,16.121495327102803,33.722503831191794
New Jersey,2023-05-17,"Title 5, Chapter 25",regulations governing new home warranties and builders registration,community affairs,,Administration,17700003220,535,24619,443,17,3,0,72,19.0,9.58,24.380495603517183,36.14610169491525
New Jersey,2023-05-17,"Title 5, Chapter 26",planned real estate development full disclosure act regulations,community affairs,,Administration,17700003221,505,23639,465,4,1,5,30,24.0,9.43,24.647122692725297,34.444567775163165
New Jersey,2023-05-17,"Title 5, Chapter 27",regulations governing rooming and boarding houses,community affairs,,Administration,17700003222,602,20645,536,5,0,2,59,23.0,9.72,19.90686845168801,33.0917623055343
New Jersey,2023-05-17,"Title 5, Chapter 27A",standards for licensure of residential health care facilities not located with and operated by licensed health care facilities,community affairs,,Administration,17700003223,696,34545,640,13,0,6,37,24.0,9.68,17.035670356703566,35.98920492449512
New Jersey,2023-05-17,"Title 5, Chapter 28",new jersey state housing code,community affairs,,Administration,17700003224,251,7555,224,1,0,3,23,25.0,9.06,21.91780821917808,32.798648462281065
New Jersey,2023-05-17,"Title 5, Chapter 28A",lead based paint inspections in rental dwellings,community affairs,,Administration,17700003225,77,3725,70,1,0,0,6,20.0,7.89,16.666666666666664,34.371087080250426
New Jersey,2023-05-17,"Title 5, Chapter 29",landlord tenant relations,community affairs,,Administration,17700003226,3,534,1,0,0,0,2,28.0,6.74,27.77777777777778,30.818725099601597
New Jersey,2023-05-17,"Title 5, Chapter 3",government records,community affairs,,Administration,17700003202,55,2247,47,1,0,0,7,27.0,8.07,32.098765432098766,34.02715355805243
New Jersey,2023-05-17,"Title 5, Chapter 30",local finance board,community affairs,,Administration,17700003227,975,44891,818,45,9,1,102,25.0,9.65,20.574443141852285,36.4698246032693
New Jersey,2023-05-17,"Title 5, Chapter 31",local authorities,community affairs,,Administration,17700003228,388,23399,321,17,0,0,50,24.0,9.4,20.095693779904305,34.92694616142614
New Jersey,2023-05-17,"Title 5, Chapter 32",licensure of certain local government officers,community affairs,,Administration,17700003229,217,10100,152,12,3,1,49,22.0,8.65,14.93212669683258,36.25396825396825
New Jersey,2023-05-17,"Title 5, Chapter 33",tax collection administration,community affairs,,Administration,17700003230,223,10118,190,14,0,1,18,21.0,9.01,19.23890063424947,33.39062172911869
New Jersey,2023-05-17,"Title 5, Chapter 34",local public and public school contracts laws,community affairs,,Administration,17700003231,720,39985,568,60,8,7,77,25.0,9.54,22.980132450331126,36.70849624854697
New Jersey,2023-05-17,"Title 5, Chapter 35",local government ethics law,community affairs,,Administration,17700003232,59,2856,57,1,0,0,1,21.0,7.64,17.424242424242426,34.72740578119283
New Jersey,2023-05-17,"Title 5, Chapter 37",municipal county and authority employees deferred compensation plans,community affairs,,Administration,17700003233,135,5221,129,1,0,0,5,27.0,8.24,15.760869565217392,37.41714756801319
New Jersey,2023-05-17,"Title 5, Chapter 38",joint insurance funds,community affairs,,Administration,17700003234,15,1149,12,0,0,0,3,27.0,7.11,24.390243902439025,31.961922030825026
New Jersey,2023-05-17,"Title 5, Chapter 4",department contracts,community affairs,,Administration,17700003203,37,2134,36,0,1,0,0,25.0,8.05,29.629629629629623,35.669674185463656
New Jersey,2023-05-17,"Title 5, Chapter 40",housing preference for veterans and surviving spouses,community affairs,,Administration,17700003235,56,3322,43,13,0,0,0,24.0,7.86,9.848484848484848,33.52569043031471
New Jersey,2023-05-17,"Title 5, Chapter 41",homelessness prevention program,community affairs,,Administration,17700003236,53,2221,44,5,1,0,3,25.0,8.31,27.058823529411764,35.18250235183443
New Jersey,2023-05-17,"Title 5, Chapter 42",state rental assistance program,community affairs,,Administration,17700003237,83,6933,59,20,0,0,4,18.0,8.85,13.243243243243244,34.53720397249809
New Jersey,2023-05-17,"Title 5, Chapter 43",neighborhood preservation balanced housing program,community affairs,,Administration,17700003238,214,12884,144,39,2,1,28,22.0,9.59,16.425992779783392,37.18857989139378
New Jersey,2023-05-17,"Title 5, Chapter 44",local housing authority and municipal redevelopment agency training program and executive director review,community affairs,,Administration,17700003239,135,5758,108,15,1,0,11,21.0,8.7,8.42911877394636,41.57315068493151
New Jersey,2023-05-17,"Title 5, Chapter 44A",local housing authority crime reports,community affairs,,Administration,17700003240,27,1207,26,0,0,0,1,25.0,7.93,13.043478260869565,37.12032085561497
New Jersey,2023-05-17,"Title 5, Chapter 46",new jersey individual development account program rules,community affairs,,Administration,17700003241,44,2271,40,2,0,0,2,22.0,8.08,14.000000000000002,37.22761545711593
New Jersey,2023-05-17,"Title 5, Chapter 47",neighborhood revitalization state tax credit,community affairs,,Administration,17700003242,183,9902,170,3,1,0,9,29.0,8.58,21.71253822629969,40.32237335332548
New Jersey,2023-05-17,"Title 5, Chapter 49",home energy assistance handbook,community affairs,,Administration,17700003243,172,8994,99,51,9,0,13,20.0,8.91,16.099773242630384,35.692585684308696
New Jersey,2023-05-17,"Title 5, Chapter 5",disability discrimination grievance procedure,community affairs,,Administration,17700003204,15,1363,11,0,0,3,1,22.0,7.66,23.728813559322035,37.092476489028215
New Jersey,2023-05-17,"Title 5, Chapter 52",volunteer coaches safety orientation and training skills programs,community affairs,,Administration,17700003244,15,609,11,3,0,0,1,14.0,7.1,0.0,44.10951526032316
New Jersey,2023-05-17,"Title 5, Chapter 53",new jersey board of recreation examiners,community affairs,,Administration,17700003245,43,1900,42,0,0,0,1,23.0,7.94,7.59493670886076,41.57853107344633
New Jersey,2023-05-17,"Title 5, Chapter 55",new jersey housing assistance for veterans,community affairs,,Administration,17700003246,20,1442,20,0,0,0,0,22.0,8.26,9.67741935483871,38.41387024608501
New Jersey,2023-05-17,"Title 5, Chapter 62",landscape irrigation contractors,community affairs,,Administration,17700003247,161,8646,136,0,1,0,24,24.0,8.69,19.00584795321637,37.36607034197396
New Jersey,2023-05-17,"Title 5, Chapter 65",rules for mortgage forbearance for sandy impacted homeowners,community affairs,,Administration,17700003248,35,2073,25,2,0,0,8,25.0,7.83,17.5,39.1158320687911
New Jersey,2023-05-17,"Title 5, Chapter 7",urban and rural centers unsafe buildings demolition loan fund,community affairs,,Administration,17700003205,33,1939,29,1,0,0,3,23.0,8.42,15.0,37.882672460619226
New Jersey,2023-05-17,"Title 5, Chapter 70",uniform fire code,community affairs,,Administration,17700003249,2887,81593,2575,31,1,21,259,18.0,9.75,14.916067146282971,34.823252181775835
New Jersey,2023-05-17,"Title 5, Chapter 71",fire code enforcement,community affairs,,Administration,17700003250,436,17168,373,14,1,0,48,20.0,9.25,19.951632406287786,36.6733746130031
New Jersey,2023-05-17,"Title 5, Chapter 72",high level alarms,community affairs,,Administration,17700003251,86,3428,75,0,1,0,10,20.0,8.4,21.604938271604937,35.219993732372295
New Jersey,2023-05-17,"Title 5, Chapter 73",standards for fire service training and certification,community affairs,,Administration,17700003252,857,36341,735,46,3,0,73,20.0,9.08,6.169527896995708,43.52664217487142
New Jersey,2023-05-17,"Title 5, Chapter 74",standard for the certification of fire protection equipment contractors,community affairs,,Administration,17700003253,160,6600,123,6,0,0,31,22.0,8.85,14.0893470790378,39.63652256834075
New Jersey,2023-05-17,"Title 5, Chapter 75",fire service incident management system,community affairs,,Administration,17700003254,124,4668,120,1,1,0,2,19.0,8.7,20.0,38.15660207300586
New Jersey,2023-05-17,"Title 5, Chapter 75A",fire service resource emergency deployment,community affairs,,Administration,17700003255,94,4637,89,0,1,0,4,27.0,7.64,21.084337349397597,36.69150622876557
New Jersey,2023-05-17,"Title 5, Chapter 76",residential disability identification emblems,community affairs,,Administration,17700003256,12,573,12,0,0,0,0,22.0,6.95,28.000000000000004,40.913919413919416
New Jersey,2023-05-17,"Title 5, Chapter 80",new jersey housing and mortgage finance agency,community affairs,,Administration,17700003257,1745,106698,1321,180,29,11,204,26.0,10.09,19.223156853043047,34.28282907972072
New Jersey,2023-05-17,"Title 5, Chapter 85",state planning rules,community affairs,,Administration,17700003258,311,22411,282,6,1,0,22,31.0,8.72,18.039772727272727,39.24504496021844
New Jersey,2023-05-17,"Title 5, Chapter 86",transfer of development rights real estate market analysis report,community affairs,,Administration,17700003259,54,3377,43,0,1,0,10,28.0,7.97,16.23931623931624,36.90946372239748
New Jersey,2023-05-17,"Title 5, Chapter 87",basic course in land use law and planning training program,community affairs,,Administration,17700003260,82,4108,51,13,0,0,18,24.0,8.36,11.320754716981131,37.41463414634146
New Jersey,2023-05-17,"Title 6A, Chapter 1",bylaws for the state board of education,education,,Primary and Secondary Education,17700003278,31,980,31,0,0,0,0,20.0,6.73,4.444444444444445,32.41628440366973
New Jersey,2023-05-17,"Title 6A, Chapter 10",educator effectiveness,education,,Primary and Secondary Education,17700003290,294,11321,260,1,1,0,32,21.0,8.23,15.637065637065636,38.90616167326173
New Jersey,2023-05-17,"Title 6A, Chapter 11",charter schools,education,,Primary and Secondary Education,17700003291,155,9512,134,11,0,0,10,22.0,8.61,16.70886075949367,37.32988531594333
New Jersey,2023-05-17,"Title 6A, Chapter 12",interdistrict public school choice,education,,Primary and Secondary Education,17700003292,54,3069,41,1,6,1,5,28.0,7.27,26.666666666666668,34.5910819218804
New Jersey,2023-05-17,"Title 6A, Chapter 13",programs and practices to support student achievement,education,,Primary and Secondary Education,17700003293,65,3482,59,0,0,0,6,21.0,8.26,11.180124223602483,41.24770079705702
New Jersey,2023-05-17,"Title 6A, Chapter 13A",elements of high quality preschool programs,education,,Primary and Secondary Education,17700003294,229,13472,206,0,0,0,23,22.0,8.66,9.717314487632509,39.38155136268344
New Jersey,2023-05-17,"Title 6A, Chapter 14",special education,education,,Primary and Secondary Education,17700003295,1030,51299,906,6,7,2,109,21.0,8.98,28.36633663366336,36.88803847334493
New Jersey,2023-05-17,"Title 6A, Chapter 15",bilingual education,education,,Primary and Secondary Education,17700003296,81,4201,73,2,0,0,6,25.0,8.08,15.432098765432098,38.64355200798204
New Jersey,2023-05-17,"Title 6A, Chapter 16",programs to support student development,education,,Primary and Secondary Education,17700003297,588,35422,555,0,0,1,32,22.0,8.99,10.509138381201044,37.45092343444227
New Jersey,2023-05-17,"Title 6A, Chapter 17",education for homeless children and youths and students in state facilities and educational stability for children in resource family care,education,,Primary and Secondary Education,17700003298,133,7361,124,1,1,0,7,22.0,8.33,23.300970873786408,36.24075161479742
New Jersey,2023-05-17,"Title 6A, Chapter 19",career and technical education programs and standards,education,,Primary and Secondary Education,17700003299,109,8439,92,4,0,3,10,28.0,8.91,11.301369863013695,41.89678553490708
New Jersey,2023-05-17,"Title 6A, Chapter 2",commissioner,education,,Primary and Secondary Education,17700003279,11,1694,10,0,0,0,1,17.0,7.19,2.380952380952381,36.5414603960396
New Jersey,2023-05-17,"Title 6A, Chapter 20",adult education programs,education,,Primary and Secondary Education,17700003300,92,4068,75,3,7,0,7,20.0,8.4,7.894736842105263,34.98290598290598
New Jersey,2023-05-17,"Title 6A, Chapter 21",marie h katzenbach school for the deaf,education,,Primary and Secondary Education,17700003301,13,736,13,0,0,0,0,18.0,6.84,16.216216216216218,33.6
New Jersey,2023-05-17,"Title 6A, Chapter 22",student residency,education,,Primary and Secondary Education,17700003302,137,6886,122,2,1,1,11,26.0,8.35,40.16064257028113,35.16589363017935
New Jersey,2023-05-17,"Title 6A, Chapter 23A",fiscal accountability efficiency and budgeting procedures,education,,Primary and Secondary Education,17700003303,1700,94447,1468,11,5,31,185,23.0,9.58,18.44562200353268,35.886710434919
New Jersey,2023-05-17,"Title 6A, Chapter 25",qualified zone academy bond program,education,,Primary and Secondary Education,17700003304,48,2904,25,20,0,0,3,22.0,7.57,13.223140495867767,37.65591805766313
New Jersey,2023-05-17,"Title 6A, Chapter 26",educational facilities,education,,Primary and Secondary Education,17700003305,1146,51386,982,12,3,0,149,28.0,9.24,28.01120448179272,37.00260934393639
New Jersey,2023-05-17,"Title 6A, Chapter 26A",securing our children s future bond act grants,education,,Primary and Secondary Education,17700003306,114,8800,104,3,0,0,7,20.0,8.65,7.9326923076923075,36.343230694037146
New Jersey,2023-05-17,"Title 6A, Chapter 27",student transportation,education,,Primary and Secondary Education,17700003307,576,21591,524,4,0,0,48,23.0,8.55,20.441988950276244,38.17551257815908
New Jersey,2023-05-17,"Title 6A, Chapter 28",school ethics commission,education,,Primary and Secondary Education,17700003308,255,13556,228,8,0,2,17,21.0,8.68,22.61306532663317,33.94730642374745
New Jersey,2023-05-17,"Title 6A, Chapter 3",controversies and disputes,education,,Primary and Secondary Education,17700003280,290,14198,271,2,4,0,13,26.0,8.94,32.62135922330097,34.54439690760339
New Jersey,2023-05-17,"Title 6A, Chapter 30",evaluation of the performance of school districts,education,,Primary and Secondary Education,17700003309,257,47759,212,1,0,0,44,22.0,9.17,9.668508287292818,36.39964643217926
New Jersey,2023-05-17,"Title 6A, Chapter 31",renaissance schools,education,,Primary and Secondary Education,17700003310,153,7937,139,3,1,1,9,23.0,8.07,15.337423312883436,39.2390438247012
New Jersey,2023-05-17,"Title 6A, Chapter 32",school district operations,education,,Primary and Secondary Education,17700003311,259,14303,245,0,1,0,13,23.0,8.87,17.17687074829932,36.848921394799056
New Jersey,2023-05-17,"Title 6A, Chapter 33",school turnaround and improvement,education,,Primary and Secondary Education,17700003312,47,4559,42,0,0,0,5,21.0,8.15,16.666666666666664,40.19346557759626
New Jersey,2023-05-17,"Title 6A, Chapter 4",appeals,education,,Primary and Secondary Education,17700003281,113,4860,110,1,0,0,2,25.0,8.15,27.717391304347828,32.135336696644
New Jersey,2023-05-17,"Title 6A, Chapter 5",regulatory equivalency and waiver,education,,Primary and Secondary Education,17700003282,14,923,12,1,0,0,1,24.0,7.18,10.81081081081081,39.35542857142857
New Jersey,2023-05-17,"Title 6A, Chapter 6",state board of education rulemaking process,education,,Primary and Secondary Education,17700003283,36,3274,34,2,0,0,0,19.0,7.72,8.80503144654088,33.12683883622099
New Jersey,2023-05-17,"Title 6A, Chapter 7",managing for equality and equity in education,education,,Primary and Secondary Education,17700003284,52,3819,47,0,0,1,4,26.0,8.56,10.56338028169014,43.89057750759879
New Jersey,2023-05-17,"Title 6A, Chapter 8",standards and assessment,education,,Primary and Secondary Education,17700003285,187,11461,170,4,0,0,13,22.0,8.87,7.6923076923076925,39.285527909794055
New Jersey,2023-05-17,"Title 6A, Chapter 9",professional standards,education,,Primary and Secondary Education,17700003286,22,8973,15,3,0,0,4,32.0,8.96,8.518518518518519,45.44634344843623
New Jersey,2023-05-17,"Title 6A, Chapter 9A",new jersey educator preparation programs,education,,Primary and Secondary Education,17700003287,100,4882,91,0,0,0,9,16.0,7.87,5.734767025089606,42.85597826086956
New Jersey,2023-05-17,"Title 6A, Chapter 9B",state board of examiners and certification,education,,Primary and Secondary Education,17700003288,916,50011,793,8,4,1,110,19.0,9.17,9.072416598860862,40.48021079802108
New Jersey,2023-05-17,"Title 6A, Chapter 9C",professional development,education,,Primary and Secondary Education,17700003289,104,5274,98,0,0,0,6,21.0,8.16,12.97071129707113,43.03162134944612
New Jersey,2023-05-17,"Title 7, Chapter 1",department organization,environmental protection,,"Environmental Protection, Public Utilities, and Natural Resources",17700003313,8,1111,5,1,0,0,2,24.0,7.98,13.636363636363637,40.53653846153846
New Jersey,2023-05-17,"Title 7, Chapter 10",safe drinking water act,environmental protection,,"Environmental Protection, Public Utilities, and Natural Resources",17700003342,1237,56344,1083,25,1,23,105,21.0,9.73,16.447368421052634,36.32432018969672
New Jersey,2023-05-17,"Title 7, Chapter 10A",licensing of water supply and waster treatment system operators,environmental protection,,"Environmental Protection, Public Utilities, and Natural Resources",17700003343,193,12469,159,4,1,0,29,28.0,9.57,16.511627906976745,38.76141868512111
New Jersey,2023-05-17,"Title 7, Chapter 11",new jersey water supply authority,environmental protection,,"Environmental Protection, Public Utilities, and Natural Resources",17700003344,384,21989,334,3,0,3,44,36.0,9.15,29.411764705882355,34.52715206123141
New Jersey,2023-05-17,"Title 7, Chapter 12",shellfish growing water classification,environmental protection,,"Environmental Protection, Public Utilities, and Natural Resources",17700003345,325,39307,267,2,0,36,20,30.0,9.24,9.047237790232186,35.73776164274774
New Jersey,2023-05-17,"Title 7, Chapter 13",flood hazard area control act rules,environmental protection,,"Environmental Protection, Public Utilities, and Natural Resources",17700003346,1184,141817,956,41,6,4,177,24.0,9.59,22.08307242746817,35.56921424302713
New Jersey,2023-05-17,"Title 7, Chapter 14",water pollution control act,environmental protection,,"Environmental Protection, Public Utilities, and Natural Resources",17700003347,591,43822,463,12,3,2,111,24.0,9.26,20.574787720444156,35.55650663377055
New Jersey,2023-05-17,"Title 7, Chapter 14A",new jersey pollutant discharge elimination system,environmental protection,,"Environmental Protection, Public Utilities, and Natural Resources",17700003348,3683,230547,2994,88,19,27,555,23.0,10.18,21.29520964472421,37.96547933976676
New Jersey,2023-05-17,"Title 7, Chapter 14B",underground storage tanks,environmental protection,,"Environmental Protection, Public Utilities, and Natural Resources",17700003349,841,51476,699,11,1,0,130,23.0,9.47,14.35969868173258,38.446228710462286
New Jersey,2023-05-17,"Title 7, Chapter 14C",sludge quality assurance,environmental protection,,"Environmental Protection, Public Utilities, and Natural Resources",17700003350,134,13206,94,3,0,0,37,26.0,8.34,16.943521594684384,50.29156524499947
New Jersey,2023-05-17,"Title 7, Chapter 14D",determination of environmental benefit of the reuse of further treated effluent in industrial facilities,environmental protection,,"Environmental Protection, Public Utilities, and Natural Resources",17700003351,33,2909,32,0,0,0,1,25.0,8.01,20.0,36.49058653149891
New Jersey,2023-05-17,"Title 7, Chapter 15",water quality management planning,environmental protection,,"Environmental Protection, Public Utilities, and Natural Resources",17700003352,481,42611,413,12,1,2,53,26.0,9.65,19.35483870967742,39.06894386537737
New Jersey,2023-05-17,"Title 7, Chapter 18",regulations governing the certification of laboratories and environmental measurements,environmental protection,,"Environmental Protection, Public Utilities, and Natural Resources",17700003353,1591,69745,1409,31,4,1,146,22.0,9.92,20.594059405940595,38.21472785819239
New Jersey,2023-05-17,"Title 7, Chapter 19",water supply allocation permits,environmental protection,,"Environmental Protection, Public Utilities, and Natural Resources",17700003354,550,34240,453,19,2,0,76,24.0,9.51,22.147147147147148,36.33212358380408
New Jersey,2023-05-17,"Title 7, Chapter 1A",water supply loan programs,environmental protection,,"Environmental Protection, Public Utilities, and Natural Resources",17700003314,500,22617,448,11,1,0,40,22.0,9.2,14.940239043824702,35.797697368421055
New Jersey,2023-05-17,"Title 7, Chapter 1B",waiver of department rules,environmental protection,,"Environmental Protection, Public Utilities, and Natural Resources",17700003315,15,1596,10,3,0,0,2,22.0,7.68,25.0,35.61305207646671
New Jersey,2023-05-17,"Title 7, Chapter 1C",environmental justice,environmental protection,,"Environmental Protection, Public Utilities, and Natural Resources",17700003316,208,14421,158,7,0,0,43,22.0,8.76,15.789473684210526,38.63426995602594
New Jersey,2023-05-17,"Title 7, Chapter 1D",general practice and procedure,environmental protection,,"Environmental Protection, Public Utilities, and Natural Resources",17700003317,79,5500,72,2,1,0,4,29.0,8.91,33.15217391304348,36.78581016299137
New Jersey,2023-05-17,"Title 7, Chapter 1E",discharges of petroleum and other hazardous substances,environmental protection,,"Environmental Protection, Public Utilities, and Natural Resources",17700003318,607,65055,445,58,1,0,103,30.0,10.45,21.50595882990249,44.24516955835962
New Jersey,2023-05-17,"Title 7, Chapter 1F",underground storage caverns,environmental protection,,"Environmental Protection, Public Utilities, and Natural Resources",17700003319,541,30862,365,92,1,0,83,22.0,9.54,18.12080536912752,37.15301687258291
New Jersey,2023-05-17,"Title 7, Chapter 1G",worker and community right to know regulations,environmental protection,,"Environmental Protection, Public Utilities, and Natural Resources",17700003320,191,16144,166,0,2,2,21,30.0,9.44,26.02739726027397,41.26404255319149
New Jersey,2023-05-17,"Title 7, Chapter 1H",county environmental health standards of administrative procedure and performance,environmental protection,,"Environmental Protection, Public Utilities, and Natural Resources",17700003321,75,6061,61,6,0,1,7,23.0,9.05,11.904761904761903,40.467614533965246
New Jersey,2023-05-17,"Title 7, Chapter 1I",processing of damage claims pursuant to the sanitary landfill facility closure and contingency fund act,environmental protection,,"Environmental Protection, Public Utilities, and Natural Resources",17700003322,184,11826,150,6,0,0,28,31.0,8.78,34.87738419618528,34.684432480933154
New Jersey,2023-05-17,"Title 7, Chapter 1J",processing of damage claims pursuant to the spill compensation and control act,environmental protection,,"Environmental Protection, Public Utilities, and Natural Resources",17700003323,397,22820,334,4,3,0,56,29.0,9.14,35.01997336884155,34.83135104999071
New Jersey,2023-05-17,"Title 7, Chapter 1K",pollution prevention program rules,environmental protection,,"Environmental Protection, Public Utilities, and Natural Resources",17700003324,362,29268,258,4,1,3,96,30.0,8.79,18.16216216216216,40.32594499794769
New Jersey,2023-05-17,"Title 7, Chapter 1L",payment schedule for permit application fees,environmental protection,,"Environmental Protection, Public Utilities, and Natural Resources",17700003325,17,1966,16,0,0,0,1,21.0,7.51,24.13793103448276,33.77861271676301
New Jersey,2023-05-17,"Title 7, Chapter 2",state park service code,environmental protection,,"Environmental Protection, Public Utilities, and Natural Resources",17700003326,499,23215,445,5,2,30,17,25.0,9.35,20.92760180995475,31.80846990708316
New Jersey,2023-05-17,"Title 7, Chapter 20",dam safety standards,environmental protection,,"Environmental Protection, Public Utilities, and Natural Resources",17700003355,205,10506,127,46,1,1,30,22.0,9.24,18.06167400881057,34.81476295259052
New Jersey,2023-05-17,"Title 7, Chapter 20A",agricultural aquacultural and horticultural water usage certification,environmental protection,,"Environmental Protection, Public Utilities, and Natural Resources",17700003356,254,14345,213,1,1,1,38,30.0,8.83,27.292576419213976,37.83944411590775
New Jersey,2023-05-17,"Title 7, Chapter 22",financial assistance programs for environmental infrastructure facilities,environmental protection,,"Environmental Protection, Public Utilities, and Natural Resources",17700003357,1385,82309,1113,109,5,5,153,23.0,9.76,18.06413651073845,38.978242947314186
New Jersey,2023-05-17,"Title 7, Chapter 24A",dam restoration and inland waters projects loan program,environmental protection,,"Environmental Protection, Public Utilities, and Natural Resources",17700003358,267,10799,230,13,0,0,24,19.0,8.9,14.80804387568556,35.57920645859998
New Jersey,2023-05-17,"Title 7, Chapter 25",division of fish and wildlife rules,environmental protection,,"Environmental Protection, Public Utilities, and Natural Resources",17700003359,3175,202881,2477,385,74,72,167,21.0,10.76,12.582710779082175,32.24837402708178
New Jersey,2023-05-17,"Title 7, Chapter 25A",oysters,environmental protection,,"Environmental Protection, Public Utilities, and Natural Resources",17700003360,210,10292,175,15,0,2,18,26.0,8.51,12.239583333333332,33.320496894409935
New Jersey,2023-05-17,"Title 7, Chapter 26",solid waste,environmental protection,,"Environmental Protection, Public Utilities, and Natural Resources",17700003361,3793,189131,3332,79,7,26,349,24.0,10.26,17.458400429414922,36.77436755952381
New Jersey,2023-05-17,"Title 7, Chapter 26A",recycling rules,environmental protection,,"Environmental Protection, Public Utilities, and Natural Resources",17700003362,1218,84759,1053,25,7,11,122,25.0,9.67,17.73747310175223,35.89537054922413
New Jersey,2023-05-17,"Title 7, Chapter 26B",industrial site recovery act rules,environmental protection,,"Environmental Protection, Public Utilities, and Natural Resources",17700003363,79,14395,60,0,1,0,18,26.0,8.55,38.23529411764706,41.57016378928729
New Jersey,2023-05-17,"Title 7, Chapter 26C",administrative requirements for the remediation of contaminated sites,environmental protection,,"Environmental Protection, Public Utilities, and Natural Resources",17700003364,796,75378,498,16,1,0,281,23.0,9.39,19.62648556876061,37.128868969918486
New Jersey,2023-05-17,"Title 7, Chapter 26D",remediation standards,environmental protection,,"Environmental Protection, Public Utilities, and Natural Resources",17700003365,84,60291,65,5,0,0,14,31.0,9.25,15.509761388286334,41.00334448160535
New Jersey,2023-05-17,"Title 7, Chapter 26E",technical requirements for site remediation,environmental protection,,"Environmental Protection, Public Utilities, and Natural Resources",17700003366,441,36836,345,15,0,2,79,23.0,9.22,22.80334728033473,39.3812510890399
New Jersey,2023-05-17,"Title 7, Chapter 26F",heating oil tank system remediation rules,environmental protection,,"Environmental Protection, Public Utilities, and Natural Resources",17700003367,120,16254,102,1,0,0,17,18.0,8.96,20.151133501259448,35.902871850447035
New Jersey,2023-05-17,"Title 7, Chapter 26G",hazardous waste,environmental protection,,"Environmental Protection, Public Utilities, and Natural Resources",17700003368,517,66763,404,17,2,9,85,21.0,9.48,14.24137931034483,34.69606388850559
New Jersey,2023-05-17,"Title 7, Chapter 26H",solid waste utility regulations,environmental protection,,"Environmental Protection, Public Utilities, and Natural Resources",17700003369,984,53951,830,54,5,2,93,25.0,9.55,19.973130317957903,34.84629411764706
New Jersey,2023-05-17,"Title 7, Chapter 26I",regulations of the new jersey site remediation professional licensing board,environmental protection,,"Environmental Protection, Public Utilities, and Natural Resources",17700003370,250,16970,231,0,4,2,13,19.0,8.69,13.653136531365314,34.69386452148375
New Jersey,2023-05-17,"Title 7, Chapter 27",air pollution control,environmental protection,,"Environmental Protection, Public Utilities, and Natural Resources",17700003371,3646,338952,3013,130,19,17,467,27.0,10.51,23.49953441124185,35.6754433083096
New Jersey,2023-05-17,"Title 7, Chapter 27A",air administrative procedures and penalties,environmental protection,,"Environmental Protection, Public Utilities, and Natural Resources",17700003372,70,16682,59,0,1,1,9,21.0,9.17,6.956521739130435,32.03983665305442
New Jersey,2023-05-17,"Title 7, Chapter 27B",sampling and analytical procedures,environmental protection,,"Environmental Protection, Public Utilities, and Natural Resources",17700003373,387,34933,296,40,1,0,50,19.0,9.74,15.454545454545451,33.52685721325613
New Jersey,2023-05-17,"Title 7, Chapter 27C",co 2 budget trading program,environmental protection,,"Environmental Protection, Public Utilities, and Natural Resources",17700003374,380,41633,282,29,3,0,66,28.0,9.04,19.49640287769784,35.61511539170022
New Jersey,2023-05-17,"Title 7, Chapter 27D",global warming solutions fund rules,environmental protection,,"Environmental Protection, Public Utilities, and Natural Resources",17700003375,71,5628,65,2,0,0,4,23.0,8.8,12.554112554112551,37.79478889311525
New Jersey,2023-05-17,"Title 7, Chapter 27E",greenhouse gas monitoring and reporting,environmental protection,,"Environmental Protection, Public Utilities, and Natural Resources",17700003376,50,4721,42,3,0,0,5,20.0,8.9,13.18181818181818,39.21367134449977
New Jersey,2023-05-17,"Title 7, Chapter 27F",control and prohibition of carbon dioxide emissions,environmental protection,,"Environmental Protection, Public Utilities, and Natural Resources",17700003377,87,6268,66,7,0,0,14,23.0,8.83,14.117647058823527,35.219166234215535
New Jersey,2023-05-17,"Title 7, Chapter 28",radiation protection programs,environmental protection,,"Environmental Protection, Public Utilities, and Natural Resources",17700003378,2434,144942,2136,54,16,5,223,22.0,10.03,18.318613019299967,37.12932643134315
New Jersey,2023-05-17,"Title 7, Chapter 29",noise control,environmental protection,,"Environmental Protection, Public Utilities, and Natural Resources",17700003379,77,6818,67,8,0,0,2,22.0,9.09,27.4247491638796,36.318059299191376
New Jersey,2023-05-17,"Title 7, Chapter 3",forestry,environmental protection,,"Environmental Protection, Public Utilities, and Natural Resources",17700003327,191,15532,172,1,2,0,16,20.0,9.22,16.830294530154276,32.60246098851997
New Jersey,2023-05-17,"Title 7, Chapter 30",pesticide control code,environmental protection,,"Environmental Protection, Public Utilities, and Natural Resources",17700003380,1687,101097,1346,25,4,18,294,25.0,9.79,29.000770613922427,36.02442404112632
New Jersey,2023-05-17,"Title 7, Chapter 31",toxic catastrophe prevention act program,environmental protection,,"Environmental Protection, Public Utilities, and Natural Resources",17700003381,613,69157,466,7,2,0,138,19.0,9.07,8.594229588704728,34.67856891825402
New Jersey,2023-05-17,"Title 7, Chapter 35",real property taxation of recreation and conservation lands owned by nonprofit organizations,environmental protection,,"Environmental Protection, Public Utilities, and Natural Resources",17700003382,38,2521,25,10,0,0,3,31.0,8.1,19.230769230769237,36.68210526315789
New Jersey,2023-05-17,"Title 7, Chapter 36",green acres program,environmental protection,,"Environmental Protection, Public Utilities, and Natural Resources",17700003383,1467,92135,1098,97,4,1,267,31.0,9.37,24.048442906574397,35.37923078697829
New Jersey,2023-05-17,"Title 7, Chapter 38",highlands water protection and planning act rules,environmental protection,,"Environmental Protection, Public Utilities, and Natural Resources",17700003384,812,60969,662,22,1,8,119,25.0,9.83,23.63556338028169,36.34650002662927
New Jersey,2023-05-17,"Title 7, Chapter 3A",board of tree experts,environmental protection,,"Environmental Protection, Public Utilities, and Natural Resources",17700003328,309,19842,246,15,9,0,39,24.0,8.81,16.710182767624023,34.15632781206019
New Jersey,2023-05-17,"Title 7, Chapter 4",the new jersey register of historic places rules,environmental protection,,"Environmental Protection, Public Utilities, and Natural Resources",17700003329,380,51569,358,6,2,0,14,27.0,9.9,19.220501868659905,38.675678947580806
New Jersey,2023-05-17,"Title 7, Chapter 45",rules for the review zone of the delaware and raritan canal state park,environmental protection,,"Environmental Protection, Public Utilities, and Natural Resources",17700003385,278,17337,226,15,0,7,30,22.0,9.43,21.159029649595688,36.2442118226601
New Jersey,2023-05-17,"Title 7, Chapter 5",conserve wildlife matching grants program,environmental protection,,"Environmental Protection, Public Utilities, and Natural Resources",17700003330,42,1567,38,0,0,0,4,19.0,7.69,11.842105263157894,36.95426195426195
New Jersey,2023-05-17,"Title 7, Chapter 50",pinelands comprehensive management plan,environmental protection,,"Environmental Protection, Public Utilities, and Natural Resources",17700003386,1754,114948,1498,66,16,11,163,25.0,9.97,24.47650069799907,37.54439770123577
New Jersey,2023-05-17,"Title 7, Chapter 5A",natural areas and the natural areas system,environmental protection,,"Environmental Protection, Public Utilities, and Natural Resources",17700003331,77,7458,64,2,5,3,3,17.0,8.8,8.755760368663594,41.04960762331839
New Jersey,2023-05-17,"Title 7, Chapter 5C",endangered plant species program,environmental protection,,"Environmental Protection, Public Utilities, and Natural Resources",17700003332,5,2899,5,0,0,0,0,40.0,9.72,11.940298507462686,48.64157060518732
New Jersey,2023-05-17,"Title 7, Chapter 5D",state trails system,environmental protection,,"Environmental Protection, Public Utilities, and Natural Resources",17700003333,52,4807,47,3,0,1,1,20.0,8.69,10.91703056768559,38.86893098192903
New Jersey,2023-05-17,"Title 7, Chapter 7",coastal zone management rules,environmental protection,,"Environmental Protection, Public Utilities, and Natural Resources",17700003334,2999,250090,2077,302,23,114,483,24.0,10.6,18.14056670364021,36.54741539764923
New Jersey,2023-05-17,"Title 7, Chapter 70",highlands open space partnership funding program and highlands development credit purchase program,environmental protection,,"Environmental Protection, Public Utilities, and Natural Resources",17700003387,73,5048,62,6,0,0,5,20.0,8.53,13.360323886639677,39.65388644458412
New Jersey,2023-05-17,"Title 7, Chapter 7A",freshwater wetlands protection act rules,environmental protection,,"Environmental Protection, Public Utilities, and Natural Resources",17700003335,1503,105734,1193,60,5,5,240,22.0,9.6,20.59423905647539,36.54639613213845
New Jersey,2023-05-17,"Title 7, Chapter 8",stormwater management,environmental protection,,"Environmental Protection, Public Utilities, and Natural Resources",17700003336,162,14642,147,4,0,0,11,23.0,9.31,13.68948247078464,41.35345930889106
New Jersey,2023-05-17,"Title 7, Chapter 9A",standards for individual subsurface sewage disposal systems,environmental protection,,"Environmental Protection, Public Utilities, and Natural Resources",17700003337,1485,86223,1168,101,6,17,193,23.0,9.96,19.037765131919297,34.33942662082272
New Jersey,2023-05-17,"Title 7, Chapter 9B",surface water quality standards,environmental protection,,"Environmental Protection, Public Utilities, and Natural Resources",17700003338,136,31361,116,7,0,2,11,39.0,9.59,35.37859007832898,37.49271415434675
New Jersey,2023-05-17,"Title 7, Chapter 9C",ground water quality standards,environmental protection,,"Environmental Protection, Public Utilities, and Natural Resources",17700003339,111,10351,102,4,0,1,4,24.0,8.78,19.03553299492385,37.906714505381856
New Jersey,2023-05-17,"Title 7, Chapter 9D",well construction and maintenance sealing of abandoned wells,environmental protection,,"Environmental Protection, Public Utilities, and Natural Resources",17700003340,591,31225,507,25,4,2,53,22.0,9.43,15.910898965791567,34.580681617517214
New Jersey,2023-05-17,"Title 7, Chapter 9E",private well testing act rules,environmental protection,,"Environmental Protection, Public Utilities, and Natural Resources",17700003341,72,4578,58,2,0,0,12,23.0,8.58,18.848167539267017,36.33588850174216
New Jersey,2023-05-17,"Title 7, Chapter A",appendix a environmental protection,environmental protection,,"Environmental Protection, Public Utilities, and Natural Resources",17700003388,44,2887,34,1,1,0,8,23.0,8.72,21.311475409836063,35.75
New Jersey,2023-05-17,"Title 8, Chapter 111",food and drugs,health,,Health Services,17700003461,1016,62411,868,58,1,7,82,23.0,9.8,16.50943396226415,39.37601345668629
New Jersey,2023-05-17,"Title 8, Chapter 121",licensure standards for mental health programs,health,,Health Services,17700003462,63,3751,55,2,1,0,5,16.0,8.16,14.691943127962084,34.95824634655532
New Jersey,2023-05-17,"Title 8, Chapter 13",shellfish,health,,Health Services,17700003396,249,8570,220,8,1,4,16,22.0,9.19,12.56544502617801,37.301555693839454
New Jersey,2023-05-17,"Title 8, Chapter 131",special treatment units,health,,Health Services,17700003463,84,4454,77,0,0,4,3,27.0,8.68,25.625,37.04579792256846
New Jersey,2023-05-17,"Title 8, Chapter 133",interim assistance procedures manual,health,,Health Services,17700003464,219,18853,166,40,3,0,10,25.0,8.63,27.800269905533064,38.57886295763743
New Jersey,2023-05-17,"Title 8, Chapter 134",pre placement program,health,,Health Services,17700003465,32,2901,23,9,0,0,0,21.0,7.73,27.77777777777778,38.084691708008506
New Jersey,2023-05-17,"Title 8, Chapter 17",early intervention system,health,,Health Services,17700003397,396,36320,339,24,2,1,30,24.0,9.89,16.314935064935064,35.73362525086663
New Jersey,2023-05-17,"Title 8, Chapter 18",newborn biochemical screening program,health,,Health Services,17700003398,43,3536,36,0,0,0,7,18.0,8.5,11.518324607329845,40.19038759689923
New Jersey,2023-05-17,"Title 8, Chapter 19",newborn hearing screening program,health,,Health Services,17700003399,85,10255,62,12,0,0,11,23.0,8.61,21.55688622754491,38.57145788447728
New Jersey,2023-05-17,"Title 8, Chapter 2",birth certificates,health,,Health Services,17700003389,32,2468,30,1,0,0,1,26.0,7.96,25.274725274725277,32.83711958851264
New Jersey,2023-05-17,"Title 8, Chapter 20",birth defects registry,health,,Health Services,17700003400,63,5495,55,2,0,0,6,49.0,9.67,61.46788990825688,41.44784207470486
New Jersey,2023-05-17,"Title 8, Chapter 21",food and drugs,health,,Health Services,17700003401,1020,41612,922,29,2,7,60,22.0,10.07,17.68893756845564,36.065794164078014
New Jersey,2023-05-17,"Title 8, Chapter 23",importation of dogs reporting of rabies in animals control of avian chlamydiosis in pet birds sales and distribution of turtles and turtle eggs and transportation by animal control officers,health,,Health Services,17700003402,22,951,20,2,0,0,0,37.0,7.42,52.0,34.76940133037694
New Jersey,2023-05-17,"Title 8, Chapter 23A",animal facility operation animal control officer and animal cruelty investigator certification pilot spaying and neutering clinic fees and rabies inoculation,health,,Health Services,17700003403,222,8418,204,6,0,2,10,22.0,9.39,18.4,35.993512164691204
New Jersey,2023-05-17,"Title 8, Chapter 24",sanitation in retail food establishments food and beverage vending machines and cottage food operations,health,,Health Services,17700003404,666,38210,596,7,29,5,29,22.0,9.93,22.405372405372407,35.262877491304586
New Jersey,2023-05-17,"Title 8, Chapter 25",new jersey youth camp safety standards,health,,Health Services,17700003405,363,16904,339,3,1,2,18,19.0,9.13,11.475409836065571,33.85289445256402
New Jersey,2023-05-17,"Title 8, Chapter 26",public recreational bathing,health,,Health Services,17700003406,760,28003,711,6,1,15,27,17.0,9.34,12.941176470588236,34.553862768542444
New Jersey,2023-05-17,"Title 8, Chapter 27",body art and ear piercing facility standards,health,,Health Services,17700003407,366,16435,347,3,0,8,8,20.0,9.63,8.875,37.76096181046676
New Jersey,2023-05-17,"Title 8, Chapter 28",tanning facilities,health,,Health Services,17700003408,144,7203,130,1,1,0,12,24.0,9.5,13.898305084745765,38.08645662236823
New Jersey,2023-05-17,"Title 8, Chapter 2A",death records,health,,Health Services,17700003390,74,4494,61,3,0,0,10,46.0,8.39,32.25806451612903,36.415499533146594
New Jersey,2023-05-17,"Title 8, Chapter 2B",certificate of domestic partnership,health,,Health Services,17700003391,43,2703,42,1,0,0,0,29.0,8.02,19.78021978021978,35.790050920485704
New Jersey,2023-05-17,"Title 8, Chapter 30",rules implementing the health care professional responsibility and reporting enhancement act,health,,Health Services,17700003409,34,5911,26,0,0,0,8,18.0,7.11,9.72972972972973,32.280923584387025
New Jersey,2023-05-17,"Title 8, Chapter 31A",ambulatory care facility assessment,health,,Health Services,17700003410,31,1882,30,0,0,0,1,24.0,7.93,11.11111111111111,35.07364114552893
New Jersey,2023-05-17,"Title 8, Chapter 31B",hospital financial reporting,health,,Health Services,17700003411,234,27049,119,78,2,4,31,21.0,9.86,13.355048859934854,39.04997256408247
New Jersey,2023-05-17,"Title 8, Chapter 33",certificate of need application and review process,health,,Health Services,17700003412,514,43295,372,76,11,2,53,26.0,9.45,15.733522324592489,37.18601521786999
New Jersey,2023-05-17,"Title 8, Chapter 33C",certificate of need and healthcare facility licensure regionalized perinatal services and maternal and child health consortia,health,,Health Services,17700003413,220,11935,198,2,0,0,20,25.0,8.93,12.995594713656388,38.30693512304251
New Jersey,2023-05-17,"Title 8, Chapter 33E",certificate of need cardiac diagnostic facilities and cardiac surgery centers,health,,Health Services,17700003414,336,18249,284,26,0,1,25,25.0,9.13,11.832611832611832,41.35239852398524
New Jersey,2023-05-17,"Title 8, Chapter 33F",certificate of need long term acute care hospitals,health,,Health Services,17700003415,28,1590,28,0,0,0,0,25.0,7.77,11.864406779661016,35.39919624916276
New Jersey,2023-05-17,"Title 8, Chapter 33H",certificate of need policy manual for long term care services,health,,Health Services,17700003416,205,11186,191,1,0,0,13,27.0,8.79,16.25,37.42254837804992
New Jersey,2023-05-17,"Title 8, Chapter 33Q",transplantation services,health,,Health Services,17700003417,47,1842,44,2,0,0,1,24.0,8.27,9.210526315789473,41.408267270668176
New Jersey,2023-05-17,"Title 8, Chapter 34",rules for licensing nursing home administrators and rules regulating the nursing home administrators licensing board,health,,Health Services,17700003418,164,10264,134,4,0,1,25,24.0,8.69,13.612565445026178,36.38848090642048
New Jersey,2023-05-17,"Title 8, Chapter 35",rules implementing the autumn joy stillbirth research and dignity act,health,,Health Services,17700003419,58,3159,43,4,0,0,11,18.0,8.2,14.545454545454543,35.67931623931624
New Jersey,2023-05-17,"Title 8, Chapter 36",standards for licensure of assisted living residences comprehensive personal care homes and assisted living programs,health,,Health Services,17700003420,892,35017,823,6,1,2,60,22.0,9.56,18.163672654690615,37.88643600084907
New Jersey,2023-05-17,"Title 8, Chapter 37",licensing standards for dementia care homes,health,,Health Services,17700003421,292,12139,264,7,2,0,19,20.0,9.4,15.52346570397112,34.40055851295924
New Jersey,2023-05-17,"Title 8, Chapter 39",standards for licensure of long term care facilities,health,,Health Services,17700003422,990,52111,901,27,4,2,56,22.0,9.84,16.89189189189189,37.68171338429802
New Jersey,2023-05-17,"Title 8, Chapter 40",mobility assistance vehicle and basic life support ambulance services,health,,Health Services,17700003423,677,26616,613,5,4,4,51,20.0,9.82,17.040731504571905,34.25299097738384
New Jersey,2023-05-17,"Title 8, Chapter 40A",emergency medical technicians basics training and certification,health,,Health Services,17700003424,387,15758,333,13,0,0,41,20.0,9.22,8.201058201058201,38.15098262794285
New Jersey,2023-05-17,"Title 8, Chapter 41",advanced life support services mobile intensive care programs specialty care transport services and air medical services,health,,Health Services,17700003425,1083,49402,990,7,3,5,78,19.0,9.96,19.67611336032389,36.15771061037353
New Jersey,2023-05-17,"Title 8, Chapter 41A",emergency medical technicians paramedic training and certification,health,,Health Services,17700003426,334,15224,292,10,0,0,32,20.0,9.44,9.400544959128066,39.49396260263576
New Jersey,2023-05-17,"Title 8, Chapter 42",licensing standards for home health agencies,health,,Health Services,17700003427,281,18253,227,26,5,0,23,20.0,9.46,14.866581956797967,38.80659505659506
New Jersey,2023-05-17,"Title 8, Chapter 43",standards for licensure of residential health care facilities located with and operated by licensed health care facilities,health,,Health Services,17700003428,636,21853,592,7,0,4,33,22.0,9.65,19.29637526652452,36.63968567709589
New Jersey,2023-05-17,"Title 8, Chapter 43A",manual of standards for licensing of ambulatory care facilities,health,,Health Services,17700003429,1286,48740,1211,16,5,3,51,21.0,9.88,15.950128976784178,39.884725086664616
New Jersey,2023-05-17,"Title 8, Chapter 43B",standards for licensure of adult family care caregivers and sponsor agencies,health,,Health Services,17700003430,309,17423,287,6,0,0,16,21.0,8.98,16.1547212741752,34.81668183196846
New Jersey,2023-05-17,"Title 8, Chapter 43D",standards for licensure of pediatric community transitional homes,health,,Health Services,17700003431,484,21547,432,17,4,0,31,22.0,9.58,12.674418604651164,37.38766933649758
New Jersey,2023-05-17,"Title 8, Chapter 43E",general licensure procedures and standards applicable to all licensed facilities,health,,Health Services,17700003432,466,33199,386,16,3,1,60,24.0,9.42,20.588235294117645,37.35292235836079
New Jersey,2023-05-17,"Title 8, Chapter 43F",standards for licensure of adult day health services facilities,health,,Health Services,17700003433,529,20762,503,4,3,3,16,21.0,9.45,17.83840503672613,40.15204708290685
New Jersey,2023-05-17,"Title 8, Chapter 43G",hospital licensing standards,health,,Health Services,17700003434,2438,101229,2326,27,3,0,82,20.0,10.01,11.772151898734178,39.53241519372957
New Jersey,2023-05-17,"Title 8, Chapter 43I",criminal background investigations nurse aides personal care assistants and assisted living administrators,health,,Health Services,17700003435,215,11475,163,19,0,0,33,22.0,8.36,28.45360824742268,39.476401736832166
New Jersey,2023-05-17,"Title 8, Chapter 43J",standards for licensure of pediatric medical day care facilities,health,,Health Services,17700003436,532,22566,506,0,0,2,24,18.0,9.38,12.919896640826872,37.183705463182896
New Jersey,2023-05-17,"Title 8, Chapter 44",chapter iv of the state sanitary code,health,,Health Services,17700003437,212,10740,181,13,2,0,16,22.0,9.25,16.274089935760173,40.23036187113857
New Jersey,2023-05-17,"Title 8, Chapter 45",clinical laboratory services,health,,Health Services,17700003438,15,797,13,0,0,0,2,28.0,7.03,12.5,41.16140350877193
New Jersey,2023-05-17,"Title 8, Chapter 50",standards for indoor environment certification and for licensure of indoor environmental consultants,health,,Health Services,17700003439,165,14062,82,62,0,0,21,23.0,9.18,11.67883211678832,40.19982065461067
New Jersey,2023-05-17,"Title 8, Chapter 51",childhood elevated blood lead levels,health,,Health Services,17700003440,202,23501,151,24,0,2,25,23.0,9.0,16.614420062695924,32.692718141870685
New Jersey,2023-05-17,"Title 8, Chapter 51A",screening of children for elevated blood lead levels,health,,Health Services,17700003441,24,1951,24,0,0,0,0,28.0,7.61,36.36363636363637,33.17550574084199
New Jersey,2023-05-17,"Title 8, Chapter 52",public health practice standards of performance for local boards of health in new jersey,health,,Health Services,17700003442,340,23574,312,3,0,0,25,18.0,8.83,5.048715677590788,41.48607217147509
New Jersey,2023-05-17,"Title 8, Chapter 53",registration standards for telemedicine and telehealth organizations,health,,Health Services,17700003443,34,2130,25,7,0,0,2,17.0,7.56,17.796610169491526,41.63733468972533
New Jersey,2023-05-17,"Title 8, Chapter 56",health care facility infection reporting,health,,Health Services,17700003444,34,2350,26,0,0,0,8,21.0,7.82,6.666666666666667,37.602125693160815
New Jersey,2023-05-17,"Title 8, Chapter 57",communicable diseases,health,,Health Services,17700003445,675,49831,560,17,3,4,91,25.0,9.63,17.872117400419288,39.16361387722029
New Jersey,2023-05-17,"Title 8, Chapter 57A",cancer registry,health,,Health Services,17700003446,59,4693,57,0,0,0,2,30.0,8.47,17.449664429530202,37.92595108695652
New Jersey,2023-05-17,"Title 8, Chapter 57B",hepatitis inoculation fund,health,,Health Services,17700003447,57,1761,56,0,0,0,1,18.0,7.71,6.382978723404255,40.23379769836463
New Jersey,2023-05-17,"Title 8, Chapter 58",reportable occupational and environmental diseases injuries and poisonings,health,,Health Services,17700003448,18,2495,5,12,0,0,1,16.0,8.12,9.649122807017545,37.361941915908105
New Jersey,2023-05-17,"Title 8, Chapter 59",worker and community right to know act rules,health,,Health Services,17700003449,481,80024,420,13,1,5,42,57.0,9.67,17.238749046529367,49.47779505788837
New Jersey,2023-05-17,"Title 8, Chapter 6",smoke free air,health,,Health Services,17700003392,201,29129,113,36,0,40,12,28.0,8.31,14.000000000000002,31.73081264108352
New Jersey,2023-05-17,"Title 8, Chapter 60",asbestos licenses and permits,health,,Health Services,17700003450,321,14697,282,7,4,0,28,18.0,9.06,11.213720316622693,37.7001029563171
New Jersey,2023-05-17,"Title 8, Chapter 61",attendance and participation at school by persons with hiv infection aids drug distribution program hiv aids counseling and testing of pregnant women for hiv and disclosure of children s hiv aids status,health,,Health Services,17700003451,70,3881,59,3,0,0,8,27.0,8.49,20.8955223880597,34.968793151063245
New Jersey,2023-05-17,"Title 8, Chapter 62",standards for lead certification,health,,Health Services,17700003452,219,8641,183,3,0,0,33,17.0,8.69,6.570841889117044,39.823477934741845
New Jersey,2023-05-17,"Title 8, Chapter 63",sterile syringe access program demonstration project rules,health,,Health Services,17700003453,21,3432,13,0,0,0,8,16.0,7.64,9.72972972972973,38.11624203821656
New Jersey,2023-05-17,"Title 8, Chapter 65",hiv infection reporting,health,,Health Services,17700003454,26,4952,20,0,0,0,6,20.0,8.68,6.465517241379311,37.74379257306087
New Jersey,2023-05-17,"Title 8, Chapter 67",expedited partner therapy,health,,Health Services,17700003455,8,775,8,0,0,0,0,20.0,7.05,5.714285714285714,38.070503597122304
New Jersey,2023-05-17,"Title 8, Chapter 7",licensure of persons for public health positions,health,,Health Services,17700003393,129,5337,115,1,0,0,13,22.0,8.51,9.482758620689657,38.74545817528449
New Jersey,2023-05-17,"Title 8, Chapter 70",chief state medical examiner rules,health,,Health Services,17700003456,166,7602,149,0,0,1,16,28.0,8.82,33.33333333333333,36.40520547945206
New Jersey,2023-05-17,"Title 8, Chapter 8",collection processing storage and distribution of blood,health,,Health Services,17700003394,629,20290,587,7,0,0,35,20.0,9.17,14.475025484199795,38.17093078009732
New Jersey,2023-05-17,"Title 8, Chapter 85",long term care services,health,,Health Services,17700003457,947,53695,825,45,5,2,70,24.0,10.19,19.30625285257873,36.96932745706437
New Jersey,2023-05-17,"Title 8, Chapter 9",preparation handling transportation burial and disinterment of dead human bodies,health,,Health Services,17700003395,92,9580,22,22,0,0,48,34.0,7.76,32.17665615141956,31.18102158580893
New Jersey,2023-05-17,"Title 8, Chapter 94",administration and operation of the new jersey commission on spinal cord research the new jersey spinal cord research fund and the new jersey spinal cord injury registry,health,,Health Services,17700003458,124,6002,107,4,0,0,13,22.0,8.99,15.953307392996107,36.54830148619958
New Jersey,2023-05-17,"Title 8, Chapter 95",new jersey health care facilities financing authority,health,,Health Services,17700003459,18,633,11,1,0,0,6,29.0,6.95,25.0,39.735915492957744
New Jersey,2023-05-17,"Title 8, Chapter 96",hospital financial transparency,health,,Health Services,17700003460,10,1430,10,0,0,0,0,28.0,7.64,12.76595744680851,37.53965785381026
New Jersey,2023-05-17,"Title 9A, Chapter 1",licensure rules,higher education,,College and University,17700003466,267,15549,237,3,1,0,26,24.0,9.12,17.49598715890851,39.96862036665328
New Jersey,2023-05-17,"Title 9A, Chapter 10",student loan and college savings programs,higher education,,College and University,17700003472,376,31383,244,64,1,0,67,27.0,9.39,22.005323868677905,37.25147780783489
New Jersey,2023-05-17,"Title 9A, Chapter 11",educational opportunity fund administrative procedures and policies,higher education,,College and University,17700003473,312,17392,285,16,3,1,7,25.0,8.97,13.893129770992363,39.54697782110651
New Jersey,2023-05-17,"Title 9A, Chapter 12",rules and procedures for implementation of the higher education capital improvement fund act,higher education,,College and University,17700003474,42,2757,37,3,0,1,1,25.0,8.33,19.444444444444446,40.41252371916509
New Jersey,2023-05-17,"Title 9A, Chapter 13",rules implementing the higher education technology infrastructure fund act,higher education,,College and University,17700003475,31,2340,26,2,2,0,1,22.0,8.29,16.831683168316832,41.5119208277103
New Jersey,2023-05-17,"Title 9A, Chapter 14",rules and procedures for implementation of the higher education equipment leasing fund act,higher education,,College and University,17700003476,41,2192,36,2,0,0,3,24.0,8.13,20.454545454545457,39.26886341929322
New Jersey,2023-05-17,"Title 9A, Chapter 15",rules and procedures for implementation of the higher education facilities trust fund act,higher education,,College and University,17700003477,29,1974,24,3,0,0,2,23.0,8.13,15.66265060240964,38.739500265816055
New Jersey,2023-05-17,"Title 9A, Chapter 16",primary care practitioner loan redemption program,higher education,,College and University,17700003478,48,3359,33,10,0,0,5,29.0,8.34,23.214285714285715,37.32060831781502
New Jersey,2023-05-17,"Title 9A, Chapter 18",rules and procedures for implementation of the building our future bond act,higher education,,College and University,17700003479,39,2235,33,2,2,0,2,25.0,8.13,18.6046511627907,37.005722460658085
New Jersey,2023-05-17,"Title 9A, Chapter 19",rules and procedures for implementation of the securing our children s future bond act,higher education,,College and University,17700003480,40,3207,33,3,2,0,2,23.0,8.55,15.671641791044776,37.292353328938695
New Jersey,2023-05-17,"Title 9A, Chapter 2",financial assessment and risk monitoring of independent and proprietary institutions of higher education,higher education,,College and University,17700003467,25,1446,24,0,0,0,1,19.0,7.22,19.718309859154928,38.14985163204748
New Jersey,2023-05-17,"Title 9A, Chapter 3",institutional codes of ethics,higher education,,College and University,17700003468,7,621,7,0,0,0,0,33.0,7.04,0.0,39.27068965517241
New Jersey,2023-05-17,"Title 9A, Chapter 4",community college chargeback,higher education,,College and University,17700003469,21,1063,17,0,0,0,4,36.0,6.9,25.0,33.05029013539652
New Jersey,2023-05-17,"Title 9A, Chapter 5",residency requirements for tuition purposes at public colleges and universities,higher education,,College and University,17700003470,19,1177,14,3,0,0,2,25.0,7.37,24.444444444444443,34.2627802690583
New Jersey,2023-05-17,"Title 9A, Chapter 9",grant and scholarship programs,higher education,,College and University,17700003471,296,18043,227,47,5,1,16,30.0,8.98,20.603907637655418,36.013447286636385
