jurisdiction_name,date_collected,document_reference,document_name,agency_name,parent_agency_name,cluster_name,document_id,restrictions,words,shall,must,may_not,prohibited,required,sentence_length,shannon_entropy,conditionals_per_100_sentences,long_word_score_sq
Arizona,2020-05-04,"Title 10, Chapter 1",department of law attorney general s office,law,,"Security, Justice, and Corrections",4500000133,29,2002,28,0,0,0,1,13.0,7.98,5.161290322580645,33.834429824561404
Arizona,2020-05-04,"Title 10, Chapter 2",attorney general fair housing,law,,"Security, Justice, and Corrections",4500000134,77,9812,56,2,1,13,5,18.0,9.2,10.902255639097744,37.98365478914678
Arizona,2020-05-04,"Title 10, Chapter 3",department of law civil rights division,law,,"Security, Justice, and Corrections",4500000135,137,9197,118,3,0,2,14,16.0,8.7,13.14878892733564,36.53362466618111
Arizona,2020-05-04,"Title 10, Chapter 4",arizona criminal justice commission,law,,"Security, Justice, and Corrections",4500000136,155,15878,127,2,0,0,26,13.0,9.12,7.909604519774012,35.51646922854666
Arizona,2020-05-04,"Title 11, Chapter 1",state mine inspector,mines,,"Environmental Protection, Public Utilities, and Natural Resources",4500000137,1198,48653,1048,94,0,26,30,11.0,9.79,11.78595619778731,35.75732573257326
Arizona,2020-05-04,"Title 11, Chapter 2",state mine inspector mined land reclamation,mines,,"Environmental Protection, Public Utilities, and Natural Resources",4500000138,157,8963,143,0,3,0,11,15.0,8.62,12.106135986733,36.76910729719719
Arizona,2020-05-04,"Title 11, Chapter 3",state mine inspector aggregate mined land reclamation,mines,,"Environmental Protection, Public Utilities, and Natural Resources",4500000139,166,13199,134,1,0,0,31,14.0,8.9,9.46808510638298,37.401288463168605
Arizona,2020-05-04,"Title 12, Chapter 14",arizona power authority,natural resources,,"Environmental Protection, Public Utilities, and Natural Resources",4500000144,166,11901,146,7,0,0,13,12.0,8.7,7.684630738522954,35.454876064695185
Arizona,2020-05-04,"Title 12, Chapter 15",department of water resources,natural resources,,"Environmental Protection, Public Utilities, and Natural Resources",4500000145,1049,86229,923,6,6,3,111,16.0,9.67,13.089005235602096,34.8825999870776
Arizona,2020-05-04,"Title 12, Chapter 17",arizona navigable stream adjudication commission,natural resources,,"Environmental Protection, Public Utilities, and Natural Resources",4500000146,25,1659,24,0,0,0,1,9.0,7.62,7.017543859649122,34.33774373259053
Arizona,2020-05-04,"Title 12, Chapter 4",game and fish commission,natural resources,,"Environmental Protection, Public Utilities, and Natural Resources",4500000140,1541,152466,1263,15,6,38,219,14.0,10.11,10.385321100917432,33.42163686959174
Arizona,2020-05-04,"Title 12, Chapter 5",state land department,natural resources,,"Environmental Protection, Public Utilities, and Natural Resources",4500000141,642,55262,545,27,3,6,61,11.0,9.42,7.25031341412453,33.61309954462272
Arizona,2020-05-04,"Title 12, Chapter 7",oil and gas conservation commission,natural resources,,"Environmental Protection, Public Utilities, and Natural Resources",4500000142,419,18211,353,1,1,5,59,13.0,9.04,8.045977011494253,35.38236244908515
Arizona,2020-05-04,"Title 12, Chapter 8",arizona state parks board,natural resources,,"Environmental Protection, Public Utilities, and Natural Resources",4500000143,119,14016,93,5,0,7,14,13.0,8.9,5.379442843419788,33.88020143122184
Arizona,2020-05-04,"Title 13, Chapter 1",department of public safety criminal identification section,public safety,,"Security, Justice, and Corrections",4500000147,83,9463,76,2,0,0,5,12.0,9.04,5.013192612137203,36.762064423422345
Arizona,2020-05-04,"Title 13, Chapter 10",department of public safety alcohol testing,public safety,,"Security, Justice, and Corrections",4500000156,85,10181,74,4,0,0,7,13.0,8.91,5.721716514954486,37.05074762120525
Arizona,2020-05-04,"Title 13, Chapter 11",board of fingerprinting,public safety,,"Security, Justice, and Corrections",4500000157,38,3805,27,5,0,3,3,10.0,7.72,5.322128851540616,34.88173414089895
Arizona,2020-05-04,"Title 13, Chapter 12",private investigator and security guard hearing board,public safety,,"Security, Justice, and Corrections",4500000158,16,1632,15,0,0,0,1,12.0,7.7,9.848484848484848,35.02225312934632
Arizona,2020-05-04,"Title 13, Chapter 13",department of public safety school buses,public safety,,"Security, Justice, and Corrections",4500000159,681,32568,620,7,0,1,53,17.0,9.63,13.972162740899355,31.877610955287903
Arizona,2020-05-04,"Title 13, Chapter 14",constable ethics standards and training board,public safety,,"Security, Justice, and Corrections",4500000160,32,3765,28,0,0,0,4,13.0,8.58,7.291666666666667,33.23897497020262
Arizona,2020-05-04,"Title 13, Chapter 2",department of public safety private investigators,public safety,,"Security, Justice, and Corrections",4500000148,106,5498,95,0,0,0,11,11.0,8.04,10.833333333333334,38.92170591979631
Arizona,2020-05-04,"Title 13, Chapter 3",department of public safety tow trucks,public safety,,"Security, Justice, and Corrections",4500000149,76,12140,69,0,0,0,7,11.0,8.49,7.029053420805999,29.75047810770005
Arizona,2020-05-04,"Title 13, Chapter 4",arizona peace officer standards and training board,public safety,,"Security, Justice, and Corrections",4500000150,281,18979,226,0,0,2,53,13.0,9.26,7.9461279461279455,37.25570615501966
Arizona,2020-05-04,"Title 13, Chapter 5",law enforcement merit system council,public safety,,"Security, Justice, and Corrections",4500000151,487,26686,448,7,0,1,31,12.0,9.13,11.588785046728972,35.389648117839606
Arizona,2020-05-04,"Title 13, Chapter 6",department of public safety security guards,public safety,,"Security, Justice, and Corrections",4500000152,155,8847,131,0,0,2,22,12.0,8.35,9.090909090909092,36.591075634650615
Arizona,2020-05-04,"Title 13, Chapter 7",department of public safety reporting by scrap metal and used automotive components dealers,public safety,,"Security, Justice, and Corrections",4500000153,11,893,9,0,0,0,2,14.0,6.84,4.6875,35.53558052434457
Arizona,2020-05-04,"Title 13, Chapter 8",department of public safety local retirement board,public safety,,"Security, Justice, and Corrections",4500000154,75,3930,66,0,0,0,9,15.0,8.19,15.953307392996107,34.92065247442632
Arizona,2020-05-04,"Title 13, Chapter 9",department of public safety concealed weapons permits,public safety,,"Security, Justice, and Corrections",4500000155,99,9343,75,0,0,7,17,11.0,8.56,6.690561529271206,36.49853409815169
Arizona,2020-05-04,"Title 14, Chapter 1",corporation commission corporations and associations,public service corporations corporations and associations securities regulation,,Administration,4500000161,40,5099,16,9,1,0,14,13.0,8.68,8.706467661691542,36.14653292629743
Arizona,2020-05-04,"Title 14, Chapter 2",corporation commission fixed utilities,public service corporations corporations and associations securities regulation,,Administration,4500000162,2429,159152,2030,112,29,9,249,15.0,10.05,10.248533929070092,38.65478075308047
Arizona,2020-05-04,"Title 14, Chapter 3",corporation commission rules of practice and procedure,public service corporations corporations and associations securities regulation,,Administration,4500000163,292,13047,245,20,0,2,25,17.0,9.19,19.25545571245186,35.592523364485984
Arizona,2020-05-04,"Title 14, Chapter 4",corporation commission securities,public service corporations corporations and associations securities regulation,,Administration,4500000164,494,38532,375,26,5,1,87,16.0,9.6,12.58023106546855,35.957353606149674
Arizona,2020-05-04,"Title 14, Chapter 5",corporation commission transportation,public service corporations corporations and associations securities regulation,,Administration,4500000165,579,25397,535,5,1,2,36,16.0,9.97,11.915159076731127,34.826385867200415
Arizona,2020-05-04,"Title 14, Chapter 6",corporation commission investment management,public service corporations corporations and associations securities regulation,,Administration,4500000166,120,10115,70,3,0,0,47,16.0,8.9,14.403973509933774,39.00204410973642
Arizona,2020-05-04,"Title 15, Chapter 10",department of revenue general administration,revenue,,Taxes and Public Finance,4500000172,106,13401,92,1,0,0,13,11.0,8.75,5.472636815920398,35.8049680496805
Arizona,2020-05-04,"Title 15, Chapter 12",department of revenue property tax oversight commission,revenue,,Taxes and Public Finance,4500000173,54,2879,54,0,0,0,0,10.0,7.99,5.633802816901409,37.41871722468738
Arizona,2020-05-04,"Title 15, Chapter 2",department of revenue income and withholding tax section,revenue,,Taxes and Public Finance,4500000167,334,36232,239,18,3,2,72,14.0,9.3,11.645468998410175,33.09596846222551
Arizona,2020-05-04,"Title 15, Chapter 3",department of revenue luxury tax section,revenue,,Taxes and Public Finance,4500000168,71,9265,63,0,0,0,8,10.0,8.31,5.947136563876652,34.84122676075451
Arizona,2020-05-04,"Title 15, Chapter 4",department of revenue property tax,revenue,,Taxes and Public Finance,4500000169,144,7246,141,1,0,0,2,11.0,8.62,7.538461538461538,36.95451602460343
Arizona,2020-05-04,"Title 15, Chapter 5",department of revenue transaction privilege and use tax section,revenue,,Taxes and Public Finance,4500000170,274,43874,232,11,2,0,29,10.0,9.23,7.15622076707203,37.309852722913575
Arizona,2020-05-04,"Title 15, Chapter 7",department of revenue bingo section,revenue,,Taxes and Public Finance,4500000171,122,8238,108,2,0,2,10,9.0,8.0,6.765327695560254,34.1629179331307
Arizona,2020-05-04,"Title 16, Chapter 3",state board of tax appeals luxury transaction privilege sales use estate income,tax appeals,,Taxes and Public Finance,4500000174,44,4409,43,0,0,0,1,10.0,7.55,4.017857142857143,34.90470622624964
Arizona,2020-05-04,"Title 17, Chapter 1",department of transportation administration,transportation,,Transportation,4500000175,180,23253,153,3,0,8,16,12.0,9.24,6.364110589462701,37.84911017593672
Arizona,2020-05-04,"Title 17, Chapter 2",department of transportation aeronautics,transportation,,Transportation,4500000176,39,4663,24,0,0,2,13,16.0,8.74,7.526881720430108,35.69620253164557
Arizona,2020-05-04,"Title 17, Chapter 3",department of transportation highways,transportation,,Transportation,4500000177,287,25160,235,14,1,6,31,12.0,9.67,7.421875,37.26536151279199
Arizona,2020-05-04,"Title 17, Chapter 4",department of transportation title registration and driver licenses,transportation,,Transportation,4500000178,306,37625,247,4,0,2,53,9.0,8.9,3.5007242877836795,36.74085207836633
Arizona,2020-05-04,"Title 17, Chapter 5",department of transportation commercial programs,transportation,,Transportation,4500000179,649,48518,505,19,0,6,119,14.0,9.56,8.18399044205496,37.246221662468514
Arizona,2020-05-04,"Title 17, Chapter 6",department of transportation oversize and overweight special permits,transportation,,Transportation,4500000180,229,48428,184,2,0,4,39,27.0,8.96,8.462974486621032,32.06857709610003
Arizona,2020-05-04,"Title 17, Chapter 7",department of transportation third party programs,transportation,,Transportation,4500000181,75,9987,57,12,0,0,6,12.0,8.66,5.0245098039215685,38.27886178861789
Arizona,2020-05-04,"Title 17, Chapter 8",department of transportation fuel taxes,transportation,,Transportation,4500000182,157,9890,128,9,0,0,20,12.0,8.83,4.950495049504951,33.89886120193934
Arizona,2020-05-04,"Title 18, Chapter 1",department of environmental quality administration,environmental quality,,"Environmental Protection, Public Utilities, and Natural Resources",4500000183,311,26339,107,0,0,0,204,9.0,8.33,4.102760736196319,36.20397370632136
Arizona,2020-05-04,"Title 18, Chapter 11",department of environmental quality water quality standards,environmental quality,,"Environmental Protection, Public Utilities, and Natural Resources",4500000191,237,65630,185,11,3,8,30,21.0,9.26,7.320441988950275,33.80137259428715
Arizona,2020-05-04,"Title 18, Chapter 12",department of environmental quality underground storage tanks,environmental quality,,"Environmental Protection, Public Utilities, and Natural Resources",4500000192,774,61190,629,1,9,0,135,16.0,9.75,10.556722689075633,38.11125519159573
Arizona,2020-05-04,"Title 18, Chapter 13",department of environmental quality solid waste management,environmental quality,,"Environmental Protection, Public Utilities, and Natural Resources",4500000193,545,38019,466,4,0,4,71,12.0,9.6,7.743881997988603,36.059696560012014
Arizona,2020-05-04,"Title 18, Chapter 14",department of environmental quality water quality permit and compliance fees,environmental quality,,"Environmental Protection, Public Utilities, and Natural Resources",4500000194,62,6385,49,3,0,0,10,14.0,8.39,11.933174224343675,34.984491671453185
Arizona,2020-05-04,"Title 18, Chapter 15",water infrastructure finance authority of arizona,environmental quality,,"Environmental Protection, Public Utilities, and Natural Resources",4500000195,309,20019,280,3,4,0,22,12.0,8.64,5.559065066329754,38.78954965357968
Arizona,2020-05-04,"Title 18, Chapter 16",department of environmental quality water quality assurance revolving fund program,environmental quality,,"Environmental Protection, Public Utilities, and Natural Resources",4500000196,284,17451,243,4,0,0,37,17.0,8.78,13.689320388349516,37.37025120653384
Arizona,2020-05-04,"Title 18, Chapter 17",department of environmental quality pollution prevention,environmental quality,,"Environmental Protection, Public Utilities, and Natural Resources",4500000197,1,1403,0,0,0,0,1,14.0,8.06,4.2105263157894735,35.03647898493259
Arizona,2020-05-04,"Title 18, Chapter 2",department of environmental quality air pollution control,environmental quality,,"Environmental Protection, Public Utilities, and Natural Resources",4500000184,3178,227847,2559,128,13,17,461,15.0,10.33,10.927021696252464,37.40959059420528
Arizona,2020-05-04,"Title 18, Chapter 4",department of environmental quality safe drinking water,environmental quality,,"Environmental Protection, Public Utilities, and Natural Resources",4500000185,255,32234,218,8,0,0,29,10.0,8.87,3.741605372561561,38.03460068396701
Arizona,2020-05-04,"Title 18, Chapter 5",department of environmental quality environmental reviews and certification,environmental quality,,"Environmental Protection, Public Utilities, and Natural Resources",4500000186,631,27358,586,4,0,14,27,15.0,9.48,9.39706681151548,35.03147709643178
Arizona,2020-05-04,"Title 18, Chapter 6",department of environmental quality pesticides and water pollution control,environmental quality,,"Environmental Protection, Public Utilities, and Natural Resources",4500000187,49,3412,38,0,0,0,11,13.0,8.09,10.112359550561797,42.46971691902567
Arizona,2020-05-04,"Title 18, Chapter 7",department of environmental quality remedial action,environmental quality,,"Environmental Protection, Public Utilities, and Natural Resources",4500000188,91,26496,78,0,0,0,13,19.0,9.14,5.3642914331465175,42.996338946948015
Arizona,2020-05-04,"Title 18, Chapter 8",department of environmental quality hazardous waste management,environmental quality,,"Environmental Protection, Public Utilities, and Natural Resources",4500000189,250,29113,205,13,2,2,28,12.0,9.18,6.772207563764292,35.77144344657035
Arizona,2020-05-04,"Title 18, Chapter 9",department of environmental quality water pollution control,environmental quality,,"Environmental Protection, Public Utilities, and Natural Resources",4500000190,1166,128643,993,6,0,9,158,16.0,10.1,13.152610441767068,36.66784999169341
Arizona,2020-05-04,"Title 19, Chapter 1",department of liquor licenses and control,alcohol horse and dog racing lottery and gaming,,"Industry, Commerce, and Development",4500000198,336,37479,207,2,3,11,113,11.0,8.76,6.1827130113811135,34.58477307890665
Arizona,2020-05-04,"Title 19, Chapter 2",arizona racing commission,alcohol horse and dog racing lottery and gaming,,"Industry, Commerce, and Development",4500000199,2709,130070,2354,70,17,114,154,15.0,10.04,16.33433804776258,32.33217342079851
Arizona,2020-05-04,"Title 19, Chapter 3",arizona state lottery commission,alcohol horse and dog racing lottery and gaming,,"Industry, Commerce, and Development",4500000200,578,51695,519,8,3,5,43,10.0,8.95,5.817549284885969,35.95061215512818
Arizona,2020-05-04,"Title 1, Chapter 1",secretary of state rules and rulemaking,rules and the rulemaking process,,Administration,4500000001,374,24720,358,2,0,0,14,12.0,8.55,12.343297974927676,31.78541202165901
Arizona,2020-05-04,"Title 1, Chapter 6",governor s regulatory review council,rules and the rulemaking process,,Administration,4500000002,86,11110,70,0,0,0,16,11.0,8.14,5.515832482124617,32.499554267885
Arizona,2020-05-04,"Title 20, Chapter 1",arizona commerce authority,commerce financial institutions and insurance,,"Banking, Insurance, and Securities",4500000201,0,6520,0,0,0,0,0,6.0,6.46,0.0954198473282442,32.96482152095189
Arizona,2020-05-04,"Title 20, Chapter 3",office of tourism,commerce financial institutions and insurance,,"Banking, Insurance, and Securities",4500000202,6,584,6,0,0,0,0,7.0,6.86,2.564102564102564,38.75339366515837
Arizona,2020-05-04,"Title 20, Chapter 4",department of insurance and financial institutions,commerce financial institutions and insurance,,"Banking, Insurance, and Securities",4500000203,540,45708,419,2,2,9,108,10.0,9.38,5.830633965756594,35.96132088239275
Arizona,2020-05-04,"Title 20, Chapter 5",industrial commission of arizona,commerce financial institutions and insurance,,"Banking, Insurance, and Securities",4500000204,1664,280202,1387,53,8,3,213,20.0,9.78,8.321234119782215,37.72989866398486
Arizona,2020-05-04,"Title 20, Chapter 6",department of insurance and financial institutions insurance division,commerce financial institutions and insurance,,"Banking, Insurance, and Securities",4500000205,1569,124394,1226,48,24,21,250,15.0,10.2,13.110861142357203,35.93019710625551
Arizona,2020-05-04,"Title 20, Chapter 7",occupational safety and health administration review board,commerce financial institutions and insurance,,"Banking, Insurance, and Securities",4500000206,0,157,0,0,0,0,0,6.0,5.69,0.0,36.61
Arizona,2020-05-04,"Title 20, Chapter 8",greater arizona development authority,commerce financial institutions and insurance,,"Banking, Insurance, and Securities",4500000207,76,6047,63,3,0,0,10,14.0,8.32,5.89622641509434,37.75321100917432
Arizona,2020-05-04,"Title 21, Chapter 1",department of child safety administration,child safety,,Social Assistance,4500000208,149,12172,126,1,0,1,21,11.0,8.73,7.800751879699248,34.48796356538712
Arizona,2020-05-04,"Title 21, Chapter 3",department of child safety centralized intake hotline,child safety,,Social Assistance,4500000209,12,2129,11,0,0,0,1,10.0,7.92,10.714285714285714,34.04581779435269
Arizona,2020-05-04,"Title 21, Chapter 4",department of child safety response to reports,child safety,,Social Assistance,4500000210,26,1764,20,0,0,0,6,13.0,7.8,11.71875,37.31989763275752
Arizona,2020-05-04,"Title 21, Chapter 5",department of child safety permanency and support services,child safety,,Social Assistance,4500000211,212,22352,191,7,1,1,12,13.0,9.2,7.254196642685851,36.21690432723146
Arizona,2020-05-04,"Title 21, Chapter 6",department of child safety foster home licensing,child safety,,Social Assistance,4500000212,374,29282,314,4,1,6,49,15.0,9.2,9.874055415617129,35.26755654430849
Arizona,2020-05-04,"Title 21, Chapter 8",department of child safety foster home and child welfare agency facility safety,child safety,,Social Assistance,4500000213,107,7774,78,17,0,2,10,14.0,9.2,11.272727272727272,30.69286409792739
Arizona,2020-05-04,"Title 21, Chapter 9",department of child safety adoption agency licensing,child safety,,Social Assistance,4500000214,218,13806,193,0,0,0,25,13.0,8.96,8.992094861660078,36.52166586422725
Arizona,2020-05-04,"Title 2, Chapter 1",department of administration,administration,,Administration,4500000003,66,9113,58,2,0,0,6,9.0,8.19,2.4177949709864603,38.1412734082397
Arizona,2020-05-04,"Title 2, Chapter 10",department of administration risk management division,administration,,Administration,4500000013,147,10289,134,0,0,0,13,12.0,9.28,5.953827460510328,37.91157061152661
Arizona,2020-05-04,"Title 2, Chapter 11",department of administration public buildings maintenance,administration,,Administration,4500000014,61,8391,51,3,0,3,4,9.0,7.94,3.146067415730337,32.26720047449585
Arizona,2020-05-04,"Title 2, Chapter 12",office of the secretary of state,administration,,Administration,4500000015,126,11645,104,10,2,0,10,11.0,8.83,5.343511450381679,38.13451309328969
Arizona,2020-05-04,"Title 2, Chapter 13",state board of investment,administration,,Administration,4500000016,8,488,5,0,0,0,3,8.0,6.93,0.0,34.41866666666667
Arizona,2020-05-04,"Title 2, Chapter 14",office of the arizona state treasurer statewide collateral pool,administration,,Administration,4500000017,76,2853,42,0,0,0,34,13.0,7.88,12.556053811659194,38.60423892100193
Arizona,2020-05-04,"Title 2, Chapter 15",department of administration general services division,administration,,Administration,4500000018,72,6249,70,0,0,1,1,10.0,8.77,6.86106346483705,38.1601555267543
Arizona,2020-05-04,"Title 2, Chapter 16",office of the ombudsman citizens aide,administration,,Administration,4500000019,49,3979,47,0,0,0,2,10.0,7.83,8.68421052631579,39.9975845410628
Arizona,2020-05-04,"Title 2, Chapter 17",water quality appeals board,administration,,Administration,4500000020,116,7223,103,0,0,3,10,14.0,8.41,15.53398058252427,31.652517876160047
Arizona,2020-05-04,"Title 2, Chapter 18",government information technology,administration,,Administration,4500000021,36,3629,35,1,0,0,0,13.0,8.5,7.2992700729927,37.72645600991326
Arizona,2020-05-04,"Title 2, Chapter 19",office of administrative hearings,administration,,Administration,4500000022,53,3488,53,0,0,0,0,10.0,7.97,7.418397626112759,35.79502905100065
Arizona,2020-05-04,"Title 2, Chapter 2",arizona commission on the arts,administration,,Administration,4500000004,43,2308,38,3,0,0,2,15.0,8.04,3.870967741935484,37.642149929278645
Arizona,2020-05-04,"Title 2, Chapter 20",citizens clean elections commission,administration,,Administration,4500000023,393,29688,331,27,2,7,26,13.0,9.17,9.337626494940205,36.44398040927901
Arizona,2020-05-04,"Title 2, Chapter 3",arizona state library archives and public records,administration,,Administration,4500000005,25,2451,13,6,0,1,5,11.0,8.06,3.755868544600939,35.81981981981982
Arizona,2020-05-04,"Title 2, Chapter 4",board of library examiners,administration,,Administration,4500000006,3,193,3,0,0,0,0,9.0,6.36,0.0,42.2710843373494
Arizona,2020-05-04,"Title 2, Chapter 5",department of administration state personnel system,administration,,Administration,4500000007,436,35877,369,12,8,5,42,11.0,9.09,7.891414141414141,35.09398784777742
Arizona,2020-05-04,"Title 2, Chapter 5-1",state personnel board,administration,,Administration,4500000008,121,5173,107,0,0,6,8,15.0,8.03,15.929203539823009,31.84870169699448
Arizona,2020-05-04,"Title 2, Chapter 6",department of administration benefit services division,administration,,Administration,4500000009,59,11211,54,0,0,0,5,10.0,8.37,4.222648752399232,35.385415513998005
Arizona,2020-05-04,"Title 2, Chapter 7",department of administration state procurement office,administration,,Administration,4500000010,493,41901,440,4,1,3,45,9.0,8.36,5.719557195571956,37.84451335459146
Arizona,2020-05-04,"Title 2, Chapter 8",state retirement system board,administration,,Administration,4500000011,372,46428,310,27,0,0,35,11.0,8.78,6.998484082870136,33.04944341136613
Arizona,2020-05-04,"Title 2, Chapter 9",governing committee for deferred compensation plans,administration,,Administration,4500000012,0,1342,0,0,0,0,0,12.0,8.03,4.761904761904762,34.80101608806096
Arizona,2020-05-04,"Title 3, Chapter 1",department of agriculture administration,agriculture,,"Industry, Commerce, and Development",4500000024,23,2880,19,0,0,0,4,9.0,7.54,3.481012658227848,37.80787037037037
Arizona,2020-05-04,"Title 3, Chapter 10",department of agriculture citrus fruit and vegetable division,agriculture,,"Industry, Commerce, and Development",4500000033,4,1658,3,0,1,0,0,14.0,8.07,10.92436974789916,32.88993923024983
Arizona,2020-05-04,"Title 3, Chapter 11",veterinary medical examining board,agriculture,,"Industry, Commerce, and Development",4500000034,218,19645,150,0,1,0,67,12.0,8.84,7.696933253156946,36.95711783535665
Arizona,2020-05-04,"Title 3, Chapter 12",arizona exposition and state fair board,agriculture,,"Industry, Commerce, and Development",4500000035,51,5504,48,1,0,0,2,10.0,8.38,9.923664122137405,29.63402692778458
Arizona,2020-05-04,"Title 3, Chapter 2",department of agriculture animal services division,agriculture,,"Industry, Commerce, and Development",4500000025,745,40244,695,11,1,4,34,12.0,9.76,8.996328029375764,34.87027167931414
Arizona,2020-05-04,"Title 3, Chapter 3",department of agriculture environmental services division,agriculture,,"Industry, Commerce, and Development",4500000026,504,45872,423,11,1,2,67,11.0,10.0,7.89030550878037,39.01462188713731
Arizona,2020-05-04,"Title 3, Chapter 4",department of agriculture plant services division,agriculture,,"Industry, Commerce, and Development",4500000027,369,46619,304,11,0,16,38,10.0,9.8,4.314558979808714,37.15116937768067
Arizona,2020-05-04,"Title 3, Chapter 5",department of agriculture state agricultural laboratory,agriculture,,"Industry, Commerce, and Development",4500000028,43,3970,40,0,0,0,3,11.0,8.26,6.158357771260997,43.1363361547763
Arizona,2020-05-04,"Title 3, Chapter 6",department of agriculture office of commodity development and promotion,agriculture,,"Industry, Commerce, and Development",4500000029,2,2052,2,0,0,0,0,10.0,8.11,4.2105263157894735,34.5359246171967
Arizona,2020-05-04,"Title 3, Chapter 7",department of agriculture weights and measures services division,agriculture,,"Industry, Commerce, and Development",4500000030,730,54803,625,9,3,11,82,15.0,9.52,11.618022102578635,35.43433665443104
Arizona,2020-05-04,"Title 3, Chapter 8",department of agriculture pest management division,agriculture,,"Industry, Commerce, and Development",4500000031,321,25331,250,2,13,0,56,13.0,9.33,12.884715701617113,37.45437449628369
Arizona,2020-05-04,"Title 3, Chapter 9",department of agriculture agricultural councils and commissions,agriculture,,"Industry, Commerce, and Development",4500000032,117,10229,114,0,0,0,3,11.0,8.86,3.901895206243032,33.822485875706214
Arizona,2020-05-04,"Title 4, Chapter 1",board of accountancy,professions and occupations,,"Industry, Commerce, and Development",4500000036,174,16014,148,4,3,1,18,10.0,8.91,5.481283422459892,36.94971894971895
Arizona,2020-05-04,"Title 4, Chapter 10",board of cosmetology,professions and occupations,,"Industry, Commerce, and Development",4500000043,318,18904,247,0,1,5,65,14.0,9.3,10.311572700296736,36.17201917315758
Arizona,2020-05-04,"Title 4, Chapter 11",state board of dental examiners,professions and occupations,,"Industry, Commerce, and Development",4500000044,295,34655,248,20,3,0,24,12.0,9.08,3.898916967509025,39.09933517221869
Arizona,2020-05-04,"Title 4, Chapter 12",board of funeral directors and embalmers,professions and occupations,,"Industry, Commerce, and Development",4500000045,242,22581,181,2,1,3,55,12.0,9.21,8.267716535433072,38.06370706082299
Arizona,2020-05-04,"Title 4, Chapter 15",board of massage therapy,professions and occupations,,"Industry, Commerce, and Development",4500000046,43,5499,29,0,0,0,14,12.0,8.53,10.74766355140187,34.85079561892953
Arizona,2020-05-04,"Title 4, Chapter 16",arizona medical board,professions and occupations,,"Industry, Commerce, and Development",4500000047,136,17080,99,0,1,1,35,11.0,9.11,6.698895027624309,37.204352071418604
Arizona,2020-05-04,"Title 4, Chapter 17",arizona regulatory board of physician assistants,professions and occupations,,"Industry, Commerce, and Development",4500000048,43,7470,34,0,0,0,9,14.0,8.89,11.524163568773234,35.6427255985267
Arizona,2020-05-04,"Title 4, Chapter 18",naturopathic physicians medical board,professions and occupations,,"Industry, Commerce, and Development",4500000049,133,14912,86,24,0,0,23,15.0,8.92,4.776422764227642,36.88769045104842
Arizona,2020-05-04,"Title 4, Chapter 19",board of nursing,professions and occupations,,"Industry, Commerce, and Development",4500000050,458,56171,382,3,2,3,68,13.0,9.53,7.039489820946774,37.31443067894694
Arizona,2020-05-04,"Title 4, Chapter 2",agricultural employment relations board,professions and occupations,,"Industry, Commerce, and Development",4500000037,83,6595,75,0,0,0,8,11.0,8.13,8.581436077057793,35.60904770286921
Arizona,2020-05-04,"Title 4, Chapter 20",board of dispensing opticians,professions and occupations,,"Industry, Commerce, and Development",4500000051,52,8366,41,0,1,0,10,11.0,8.63,6.290956749672345,36.47014815901423
Arizona,2020-05-04,"Title 4, Chapter 21",board of optometry,professions and occupations,,"Industry, Commerce, and Development",4500000052,122,14102,96,0,1,0,25,12.0,8.92,9.45584299732382,36.764966555183946
Arizona,2020-05-04,"Title 4, Chapter 22",board of osteopathic examiners in medicine and surgery,professions and occupations,,"Industry, Commerce, and Development",4500000053,114,12297,80,0,0,0,34,12.0,9.16,6.079027355623101,38.044201520912544
Arizona,2020-05-04,"Title 4, Chapter 23",board of pharmacy,professions and occupations,,"Industry, Commerce, and Development",4500000054,984,82887,789,2,1,6,186,14.0,9.65,8.778821520068318,39.42850727379122
Arizona,2020-05-04,"Title 4, Chapter 24",board of physical therapy,professions and occupations,,"Industry, Commerce, and Development",4500000055,194,20525,150,0,1,0,43,13.0,9.06,8.317338451695457,36.794757609921085
Arizona,2020-05-04,"Title 4, Chapter 25",board of podiatry examiners,professions and occupations,,"Industry, Commerce, and Development",4500000056,58,7361,38,0,1,0,19,10.0,8.44,4.822695035460993,35.25938226502823
Arizona,2020-05-04,"Title 4, Chapter 26",board of psychologist examiners,professions and occupations,,"Industry, Commerce, and Development",4500000057,311,31153,216,3,0,1,91,14.0,9.3,8.266666666666666,37.30716698487296
Arizona,2020-05-04,"Title 4, Chapter 28",state real estate department,professions and occupations,,"Industry, Commerce, and Development",4500000058,378,31919,324,2,0,0,52,13.0,9.36,12.314225053078555,36.56320103537532
Arizona,2020-05-04,"Title 4, Chapter 30",board of technical registration,professions and occupations,,"Industry, Commerce, and Development",4500000059,285,23164,263,5,0,0,17,12.0,9.26,6.052899287894201,41.09066612878826
Arizona,2020-05-04,"Title 4, Chapter 33",board of examiners of nursing care institution administrators and assisted living facility managers,professions and occupations,,"Industry, Commerce, and Development",4500000060,316,38997,214,0,2,0,100,12.0,8.73,4.351795496043822,37.19044845661037
Arizona,2020-05-04,"Title 4, Chapter 34",board of manufactured housing,professions and occupations,,"Industry, Commerce, and Development",4500000061,133,16154,108,0,0,0,25,9.0,8.54,3.0248033877797944,38.15148804683688
Arizona,2020-05-04,"Title 4, Chapter 35",the arizona health facilities authority,professions and occupations,,"Industry, Commerce, and Development",4500000062,46,3218,42,1,0,1,2,15.0,7.99,14.883720930232558,33.80120481927711
Arizona,2020-05-04,"Title 4, Chapter 36",department of forestry and fire management,professions and occupations,,"Industry, Commerce, and Development",4500000063,48,4705,32,0,0,5,11,11.0,8.41,4.738154613466334,34.69218500797448
Arizona,2020-05-04,"Title 4, Chapter 38",board of homeopathic and integrated medicine examiners,professions and occupations,,"Industry, Commerce, and Development",4500000064,143,14414,111,0,0,0,32,14.0,9.12,8.962739174219536,39.656360078277885
Arizona,2020-05-04,"Title 4, Chapter 39",board for private postsecondary education,professions and occupations,,"Industry, Commerce, and Development",4500000065,285,21644,186,1,0,0,98,14.0,9.15,12.278308321964529,36.00987718839822
Arizona,2020-05-04,"Title 4, Chapter 40",department of veterans services arizona state veteran home,professions and occupations,,"Industry, Commerce, and Development",4500000066,0,2626,0,0,0,0,0,7.0,7.2,1.483679525222552,34.19686684073107
Arizona,2020-05-04,"Title 4, Chapter 41",department of veterans services administration,professions and occupations,,"Industry, Commerce, and Development",4500000067,0,53,0,0,0,0,0,6.0,4.98,0.0,38.11111111111112
Arizona,2020-05-04,"Title 4, Chapter 43",board of occupational therapy examiners,professions and occupations,,"Industry, Commerce, and Development",4500000068,65,8064,61,0,0,0,4,10.0,8.17,4.9414824447334205,37.42736842105264
Arizona,2020-05-04,"Title 4, Chapter 44",auditor general,professions and occupations,,"Industry, Commerce, and Development",4500000069,54,2982,49,0,0,0,5,14.0,8.23,11.46788990825688,33.64406158357771
Arizona,2020-05-04,"Title 4, Chapter 45",board of respiratory care examiners,professions and occupations,,"Industry, Commerce, and Development",4500000070,100,9374,87,1,0,1,11,12.0,8.91,8.823529411764707,35.86542895279699
Arizona,2020-05-04,"Title 4, Chapter 46",department of insurance and financial institutions division real estate appraisal,professions and occupations,,"Industry, Commerce, and Development",4500000071,158,15172,104,2,1,0,51,11.0,8.84,6.157270029673591,37.50418493423675
Arizona,2020-05-04,"Title 4, Chapter 49",board of athletic training,professions and occupations,,"Industry, Commerce, and Development",4500000072,58,4769,48,0,0,0,10,11.0,8.4,6.912442396313365,35.89791969037252
Arizona,2020-05-04,"Title 4, Chapter 5",board of barbers,professions and occupations,,"Industry, Commerce, and Development",4500000038,145,12720,110,0,0,2,33,12.0,8.91,9.048067860508954,32.19455357142857
Arizona,2020-05-04,"Title 4, Chapter 6",board of behavioral health examiners,professions and occupations,,"Industry, Commerce, and Development",4500000039,344,27155,282,0,2,1,59,13.0,9.02,8.155339805825243,38.37984824721292
Arizona,2020-05-04,"Title 4, Chapter 7",board of chiropractic examiners,professions and occupations,,"Industry, Commerce, and Development",4500000040,264,21702,216,11,0,1,36,12.0,9.23,6.991404011461317,37.37473460721869
Arizona,2020-05-04,"Title 4, Chapter 8",acupuncture board of examiners,professions and occupations,,"Industry, Commerce, and Development",4500000041,134,15815,102,0,1,0,31,12.0,8.82,7.085346215780998,36.32641708013833
Arizona,2020-05-04,"Title 4, Chapter 9",registrar of contractors,professions and occupations,,"Industry, Commerce, and Development",4500000042,107,19964,24,39,2,1,41,13.0,9.55,5.767940979208585,39.97526276058301
Arizona,2020-05-04,"Title 5, Chapter 1",department of corrections,corrections,,"Security, Justice, and Corrections",4500000073,9,7721,0,0,0,0,9,7.0,6.62,0.0,40.08410810810811
Arizona,2020-05-04,"Title 5, Chapter 4",board of executive clemency,corrections,,"Security, Justice, and Corrections",4500000074,26,3019,22,0,0,1,3,8.0,7.26,3.617571059431525,35.337093862815884
Arizona,2020-05-04,"Title 6, Chapter 1",department of economic security,economic security,,Labor and Workforce Development,4500000075,104,7282,89,0,0,1,14,11.0,8.88,6.88,37.87741526765917
Arizona,2020-05-04,"Title 6, Chapter 10",department of economic security the jobs program,economic security,,Labor and Workforce Development,4500000084,145,15494,131,0,0,0,14,11.0,8.68,7.304601899196493,37.78421912691619
Arizona,2020-05-04,"Title 6, Chapter 11",department of economic security job training partnership act,economic security,,Labor and Workforce Development,4500000085,73,6363,63,8,0,0,2,13.0,8.48,10.365853658536585,34.09626719056975
Arizona,2020-05-04,"Title 6, Chapter 12",department of economic security cash assistance program,economic security,,Labor and Workforce Development,4500000086,571,46622,446,14,1,1,109,14.0,9.2,10.789001793185896,35.03038065597319
Arizona,2020-05-04,"Title 6, Chapter 13",department of economic security state assistance programs,economic security,,Labor and Workforce Development,4500000087,228,20970,199,2,1,0,26,10.0,8.64,6.982421875,35.40622421313215
Arizona,2020-05-04,"Title 6, Chapter 14",department of economic security nutrition assistance program,economic security,,Labor and Workforce Development,4500000088,136,16974,122,6,2,1,5,10.0,8.54,7.168458781362006,35.19437527464479
Arizona,2020-05-04,"Title 6, Chapter 17",department of economic security general assistance program,economic security,,Labor and Workforce Development,4500000089,90,10868,83,0,1,1,5,10.0,8.33,6.307129798903108,34.4729907773386
Arizona,2020-05-04,"Title 6, Chapter 18",department of economic security office of licensing certification and regulation,economic security,,Labor and Workforce Development,4500000090,24,3186,22,2,0,0,0,11.0,8.89,9.386281588447654,34.1972860125261
Arizona,2020-05-04,"Title 6, Chapter 2",department of economic security employment and training,economic security,,Labor and Workforce Development,4500000076,16,4567,14,1,0,0,1,8.0,7.83,1.7094017094017095,43.34030197444832
Arizona,2020-05-04,"Title 6, Chapter 3",department of economic security unemployment insurance,economic security,,Labor and Workforce Development,4500000077,673,120102,450,114,16,1,92,9.0,9.08,6.899845690351973,37.99149841844714
Arizona,2020-05-04,"Title 6, Chapter 4",department of economic security rehabilitation services,economic security,,Labor and Workforce Development,4500000078,407,21736,301,72,9,2,23,13.0,9.7,9.743910056214864,39.04101929737754
Arizona,2020-05-04,"Title 6, Chapter 5",department of economic security social services,economic security,,Labor and Workforce Development,4500000079,1648,117122,1471,30,3,13,131,10.0,9.65,6.148691478764828,35.833823939516
Arizona,2020-05-04,"Title 6, Chapter 6",department of economic security developmental disabilities,economic security,,Labor and Workforce Development,4500000080,1034,78656,915,19,3,6,91,12.0,9.52,6.604068857589985,37.51868693828181
Arizona,2020-05-04,"Title 6, Chapter 7",department of economic security child support enforcement,economic security,,Labor and Workforce Development,4500000081,113,12279,106,1,1,0,5,13.0,8.55,9.55483170466884,32.61340348933813
Arizona,2020-05-04,"Title 6, Chapter 8",department of economic security aging and adult administration,economic security,,Labor and Workforce Development,4500000082,85,6375,81,2,0,1,1,10.0,8.54,7.095709570957095,35.43409390910805
Arizona,2020-05-04,"Title 6, Chapter 9",department of economic security appellate service administration,economic security,,Labor and Workforce Development,4500000083,13,689,13,0,0,0,0,11.0,6.89,9.523809523809524,34.306089743589745
Arizona,2020-05-04,"Title 7, Chapter 2",state board of education,education,,Primary and Secondary Education,4500000091,2236,155850,1890,47,22,5,272,14.0,10.04,8.524679081540407,39.48180278256186
Arizona,2020-05-04,"Title 7, Chapter 3",commission for postsecondary education,education,,Primary and Secondary Education,4500000092,169,14256,135,15,3,0,16,15.0,9.14,8.807733619763695,37.79347576384103
Arizona,2020-05-04,"Title 7, Chapter 4",arizona board of regents,education,,Primary and Secondary Education,4500000093,21,2094,17,0,0,4,0,13.0,8.14,7.006369426751593,41.29583333333333
Arizona,2020-05-04,"Title 7, Chapter 5",state board for charter schools,education,,Primary and Secondary Education,4500000094,357,21274,261,17,0,0,79,16.0,8.69,13.291634089132137,36.00754815200416
Arizona,2020-05-04,"Title 7, Chapter 6",school facilities oversight board,education,,Primary and Secondary Education,4500000095,328,20457,253,20,4,0,51,11.0,8.72,5.100956429330499,34.67009534816527
Arizona,2020-05-04,"Title 7, Chapter 8",achievement district schools,education,,Primary and Secondary Education,4500000096,62,5021,23,26,2,0,11,17.0,8.91,6.375838926174497,36.37693449226203
Arizona,2020-05-04,"Title 8, Chapter 2",department of emergency and military affairs division of emergency management,emergency and military affairs,,"Security, Justice, and Corrections",4500000097,110,10335,78,14,1,0,17,11.0,9.02,6.400839454354669,39.67905328150012
Arizona,2020-05-04,"Title 8, Chapter 3",department of emergency and military affairs division of military affairs,emergency and military affairs,,"Security, Justice, and Corrections",4500000098,67,7927,61,0,0,0,6,14.0,8.72,7.936507936507936,37.98358493331379
Arizona,2020-05-04,"Title 8, Chapter 4",arizona emergency response commission,emergency and military affairs,,"Security, Justice, and Corrections",4500000099,50,2800,36,1,0,0,13,13.0,8.11,6.829268292682928,35.27627388535032
Arizona,2020-05-04,"Title 8, Chapter 5",department of emergency and military affairs project challenge,emergency and military affairs,,"Security, Justice, and Corrections",4500000100,0,1472,0,0,0,0,0,12.0,7.77,3.278688524590164,33.486810551558754
Arizona,2020-05-04,"Title 9, Chapter 1",department of health services administration,health services,,Health Services,4500000101,48,12268,44,0,0,1,3,10.0,8.88,4.888507718696398,35.68891280947255
Arizona,2020-05-04,"Title 9, Chapter 10",department of health services health care institutions licensing,health services,,Health Services,4500000109,1779,289012,1124,0,4,11,640,14.0,9.47,11.18737785404452,37.72198023511779
Arizona,2020-05-04,"Title 9, Chapter 11",department of health services health care institution facility and health professionals workforce data,health services,,Health Services,4500000110,94,23043,61,0,0,0,33,13.0,8.65,7.191780821917808,34.765369348436444
Arizona,2020-05-04,"Title 9, Chapter 12",department of health services sober living homes,health services,,Health Services,4500000111,66,10163,51,1,2,1,11,14.0,8.92,12.4822695035461,33.24415472470639
Arizona,2020-05-04,"Title 9, Chapter 13",department of health services health programs services,health services,,Health Services,4500000112,114,25179,100,0,1,0,13,10.0,8.94,6.460905349794238,37.1677724656064
Arizona,2020-05-04,"Title 9, Chapter 14",department of health services laboratories,health services,,Health Services,4500000113,107,39416,72,3,1,0,31,13.0,9.51,3.9208760155422113,37.28708186219197
Arizona,2020-05-04,"Title 9, Chapter 15",department of health services loan repayment,health services,,Health Services,4500000114,117,23375,101,0,1,0,15,14.0,8.47,10.92436974789916,34.2585500666239
Arizona,2020-05-04,"Title 9, Chapter 16",department of health services occupational licensing,health services,,Health Services,4500000115,425,47064,275,0,10,2,138,13.0,9.3,9.304322931577442,38.836761584071446
Arizona,2020-05-04,"Title 9, Chapter 17",department of health services medical marijuana program,health services,,Health Services,4500000116,195,36750,147,0,2,2,44,17.0,8.77,17.439703153988866,39.52685141229528
Arizona,2020-05-04,"Title 9, Chapter 18",department of health services adult use marijuana program,health services,,Health Services,4500000117,13,2494,13,0,0,0,0,12.0,7.66,2.898550724637681,37.73363636363637
Arizona,2020-05-04,"Title 9, Chapter 19",department of health services vital records and statistics,health services,,Health Services,4500000118,228,44514,133,0,3,0,92,16.0,8.45,15.926057589761818,34.97184629318152
Arizona,2020-05-04,"Title 9, Chapter 2",department of health services tobacco related programs,health services,,Health Services,4500000102,54,8483,27,0,0,14,13,11.0,8.01,6.4,34.44987109710684
Arizona,2020-05-04,"Title 9, Chapter 20",department of health services court ordered program approvals,health services,,Health Services,4500000119,110,23120,60,0,0,0,50,8.0,7.47,2.749907097733185,34.91162578956354
Arizona,2020-05-04,"Title 9, Chapter 21",arizona health care cost containment system ahcccs behavioral health services for persons with serious mental illness,health services,,Health Services,4500000120,686,50058,630,9,3,8,36,16.0,9.37,14.694148936170212,35.276595275382135
Arizona,2020-05-04,"Title 9, Chapter 22",arizona health care cost containment system ahcccs administration,health services,,Health Services,4500000121,965,126333,858,14,2,5,86,11.0,9.48,7.327392204518858,37.220717360114776
Arizona,2020-05-04,"Title 9, Chapter 23",department of health services oral health,health services,,Health Services,4500000122,6,3119,6,0,0,0,0,7.0,7.02,3.5634743875278394,37.49024058102587
Arizona,2020-05-04,"Title 9, Chapter 24",department of health services arizona medically underserved area health services,health services,,Health Services,4500000123,22,6851,18,0,1,0,3,11.0,8.48,2.1207177814029365,36.81503841931943
Arizona,2020-05-04,"Title 9, Chapter 25",department of health services emergency medical services,health services,,Health Services,4500000124,469,83825,279,1,1,0,188,4.0,9.54,2.2397323115116845,36.74712399711338
Arizona,2020-05-04,"Title 9, Chapter 26",commission for the deaf and the hard of hearing,health services,,Health Services,4500000125,142,12354,91,0,0,0,51,13.0,8.79,8.791208791208792,37.32273405445729
Arizona,2020-05-04,"Title 9, Chapter 27",arizona health care cost containment system healthcare group coverage,health services,,Health Services,4500000126,0,4856,0,0,0,0,0,5.0,5.81,0.0,35.785318559556785
Arizona,2020-05-04,"Title 9, Chapter 28",arizona health care cost containment system arizona long term care system,health services,,Health Services,4500000127,353,42469,313,11,3,0,26,11.0,9.2,6.729729729729731,36.4817747322354
Arizona,2020-05-04,"Title 9, Chapter 29",arizona health care cost containment system medicare cost sharing program,health services,,Health Services,4500000128,49,5519,48,0,0,0,1,8.0,7.62,5.607476635514018,36.25817070303315
Arizona,2020-05-04,"Title 9, Chapter 3",department of health services child care group homes,health services,,Health Services,4500000103,221,24898,141,0,6,0,74,15.0,9.04,12.462552426602755,32.113239005046864
Arizona,2020-05-04,"Title 9, Chapter 30",arizona health care cost containment system medicare part d prescription coverage extra help subsidy program,health services,,Health Services,4500000129,26,2223,26,0,0,0,0,9.0,7.36,5.333333333333334,36.99140401146132
Arizona,2020-05-04,"Title 9, Chapter 31",arizona health care cost containment system children s health insurance program,health services,,Health Services,4500000130,136,24848,119,1,0,1,15,8.0,7.96,2.934388394329047,37.17179174067496
Arizona,2020-05-04,"Title 9, Chapter 33",department of health services group homes for individuals with a developmental disability,health services,,Health Services,4500000131,67,7205,53,0,2,0,12,14.0,8.74,16.666666666666664,34.23000311235605
Arizona,2020-05-04,"Title 9, Chapter 34",arizona health care cost containment system grievance system,health services,,Health Services,4500000132,0,0,0,0,0,0,0,0.0,0.0,0.0,0.0
Arizona,2020-05-04,"Title 9, Chapter 4",department of health services noncommunicable diseases,health services,,Health Services,4500000104,58,17267,39,0,0,2,17,14.0,8.95,10.8,33.15773011617516
Arizona,2020-05-04,"Title 9, Chapter 5",department of health services child care facilities,health services,,Health Services,4500000105,363,41924,249,0,3,2,109,12.0,9.07,9.088269454123113,33.541865023802856
Arizona,2020-05-04,"Title 9, Chapter 6",department of health services communicable diseases and infestations,health services,,Health Services,4500000106,570,79468,361,2,0,0,207,12.0,8.89,6.056248002556727,37.26332697201018
Arizona,2020-05-04,"Title 9, Chapter 7",department of health services radiation control,health services,,Health Services,4500000107,2843,236939,2220,113,31,16,463,20.0,10.18,14.023815642936691,38.14324043261232
Arizona,2020-05-04,"Title 9, Chapter 8",department of health services food recreational and institutional sanitation,health services,,Health Services,4500000108,184,35405,154,3,3,0,24,9.0,9.05,3.843116609634114,35.078974061730186
Arizona,2021-05-10,"Title 10, Chapter 1",department of law attorney general s office,law,,"Security, Justice, and Corrections",4500000347,29,2002,28,0,0,0,1,13.0,7.98,5.161290322580645,33.834429824561404
Arizona,2021-05-10,"Title 10, Chapter 2",attorney general fair housing,law,,"Security, Justice, and Corrections",4500000348,77,9812,56,2,1,13,5,18.0,9.2,10.922787193973637,37.98365478914678
Arizona,2021-05-10,"Title 10, Chapter 3",department of law civil rights division,law,,"Security, Justice, and Corrections",4500000349,137,9197,118,3,0,2,14,15.0,8.7,13.10344827586207,36.53362466618111
Arizona,2021-05-10,"Title 10, Chapter 4",arizona criminal justice commission,law,,"Security, Justice, and Corrections",4500000350,155,15878,127,2,0,0,26,12.0,9.12,7.922392886014551,35.51646922854666
Arizona,2021-05-10,"Title 11, Chapter 1",state mine inspector,mines,,"Environmental Protection, Public Utilities, and Natural Resources",4500000351,1198,48672,1048,94,0,26,30,10.0,9.79,11.78595619778731,35.776846896413744
Arizona,2021-05-10,"Title 11, Chapter 2",state mine inspector mined land reclamation,mines,,"Environmental Protection, Public Utilities, and Natural Resources",4500000352,157,8963,143,0,3,0,11,14.0,8.62,12.12624584717608,36.76910729719719
Arizona,2021-05-10,"Title 11, Chapter 3",state mine inspector aggregate mined land reclamation,mines,,"Environmental Protection, Public Utilities, and Natural Resources",4500000353,166,13199,134,1,0,0,31,13.0,8.9,9.46808510638298,37.401288463168605
Arizona,2021-05-10,"Title 12, Chapter 14",arizona power authority,natural resources,,"Environmental Protection, Public Utilities, and Natural Resources",4500000358,166,11901,146,7,0,0,13,11.0,8.7,7.684630738522954,35.454876064695185
Arizona,2021-05-10,"Title 12, Chapter 15",department of water resources,natural resources,,"Environmental Protection, Public Utilities, and Natural Resources",4500000359,1049,86229,923,6,6,3,111,15.0,9.67,13.081666978134928,34.8825999870776
Arizona,2021-05-10,"Title 12, Chapter 17",arizona navigable stream adjudication commission,natural resources,,"Environmental Protection, Public Utilities, and Natural Resources",4500000360,25,1659,24,0,0,0,1,9.0,7.62,7.017543859649122,34.33774373259053
Arizona,2021-05-10,"Title 12, Chapter 4",game and fish commission,natural resources,,"Environmental Protection, Public Utilities, and Natural Resources",4500000354,1610,163167,1313,14,8,36,239,13.0,10.12,10.281517747858016,33.090365543661164
Arizona,2021-05-10,"Title 12, Chapter 5",state land department,natural resources,,"Environmental Protection, Public Utilities, and Natural Resources",4500000355,635,55083,538,27,3,6,61,11.0,9.42,7.133969307341352,33.656908690162844
Arizona,2021-05-10,"Title 12, Chapter 7",oil and gas conservation commission,natural resources,,"Environmental Protection, Public Utilities, and Natural Resources",4500000356,419,18211,353,1,1,5,59,12.0,9.04,8.045977011494253,35.38236244908515
Arizona,2021-05-10,"Title 12, Chapter 8",arizona state parks board,natural resources,,"Environmental Protection, Public Utilities, and Natural Resources",4500000357,119,14050,93,5,0,7,14,13.0,8.91,5.374280230326296,33.94817100044072
Arizona,2021-05-10,"Title 13, Chapter 1",department of public safety criminal identification section,public safety,,"Security, Justice, and Corrections",4500000361,83,9463,76,2,0,0,5,12.0,9.04,5.013192612137203,36.762064423422345
Arizona,2021-05-10,"Title 13, Chapter 10",department of public safety alcohol testing,public safety,,"Security, Justice, and Corrections",4500000370,79,10719,68,4,0,0,7,12.0,8.95,4.823529411764706,38.91487258347979
Arizona,2021-05-10,"Title 13, Chapter 11",board of fingerprinting,public safety,,"Security, Justice, and Corrections",4500000371,39,5600,30,0,0,3,6,11.0,8.23,5.906313645621181,33.90378079864061
Arizona,2021-05-10,"Title 13, Chapter 12",private investigator and security guard hearing board,public safety,,"Security, Justice, and Corrections",4500000372,16,1632,15,0,0,0,1,12.0,7.7,9.848484848484848,35.02225312934632
Arizona,2021-05-10,"Title 13, Chapter 13",department of public safety school buses,public safety,,"Security, Justice, and Corrections",4500000373,681,32568,620,7,0,1,53,17.0,9.63,13.987138263665594,31.877610955287903
Arizona,2021-05-10,"Title 13, Chapter 14",constable ethics standards and training board,public safety,,"Security, Justice, and Corrections",4500000374,32,3765,28,0,0,0,4,12.0,8.58,7.241379310344828,33.23897497020262
Arizona,2021-05-10,"Title 13, Chapter 2",department of public safety private investigators,public safety,,"Security, Justice, and Corrections",4500000362,106,5498,95,0,0,0,11,11.0,8.04,10.81081081081081,38.92170591979631
Arizona,2021-05-10,"Title 13, Chapter 3",department of public safety tow trucks,public safety,,"Security, Justice, and Corrections",4500000363,76,12180,69,0,0,0,7,10.0,8.49,7.009345794392523,29.67585446527012
Arizona,2021-05-10,"Title 13, Chapter 4",arizona peace officer standards and training board,public safety,,"Security, Justice, and Corrections",4500000364,289,19828,230,0,0,2,57,12.0,9.27,7.801418439716312,37.41015822963005
Arizona,2021-05-10,"Title 13, Chapter 5",law enforcement merit system council,public safety,,"Security, Justice, and Corrections",4500000365,486,26605,447,7,0,1,31,12.0,9.13,11.597578015836053,35.33456501211151
Arizona,2021-05-10,"Title 13, Chapter 6",department of public safety security guards,public safety,,"Security, Justice, and Corrections",4500000366,155,8847,131,0,0,2,22,12.0,8.35,9.052924791086353,36.591075634650615
Arizona,2021-05-10,"Title 13, Chapter 7",department of public safety reporting by scrap metal and used automotive components dealers,public safety,,"Security, Justice, and Corrections",4500000367,11,893,9,0,0,0,2,13.0,6.84,4.6875,35.53558052434457
Arizona,2021-05-10,"Title 13, Chapter 8",department of public safety local retirement board,public safety,,"Security, Justice, and Corrections",4500000368,75,3930,66,0,0,0,9,15.0,8.19,16.015625,34.92065247442632
Arizona,2021-05-10,"Title 13, Chapter 9",department of public safety concealed weapons permits,public safety,,"Security, Justice, and Corrections",4500000369,99,9343,75,0,0,7,17,10.0,8.56,6.706586826347305,36.49853409815169
Arizona,2021-05-10,"Title 14, Chapter 1",corporation commission corporations and associations,public service corporations corporations and associations securities regulation,,Administration,4500000375,40,5220,16,9,1,0,14,13.0,8.69,9.043927648578812,36.65286761535145
Arizona,2021-05-10,"Title 14, Chapter 2",corporation commission fixed utilities,public service corporations corporations and associations securities regulation,,Administration,4500000376,2707,173478,2254,118,34,9,292,15.0,10.11,10.752877097425989,38.90096635128226
Arizona,2021-05-10,"Title 14, Chapter 3",corporation commission rules of practice and procedure,public service corporations corporations and associations securities regulation,,Administration,4500000377,292,13055,245,20,0,2,25,16.0,9.19,19.28020565552699,35.72826969943136
Arizona,2021-05-10,"Title 14, Chapter 4",corporation commission securities,public service corporations corporations and associations securities regulation,,Administration,4500000378,494,38536,375,26,5,1,87,16.0,9.6,12.612612612612612,35.99420707584492
Arizona,2021-05-10,"Title 14, Chapter 5",corporation commission transportation,public service corporations corporations and associations securities regulation,,Administration,4500000379,579,25429,535,5,1,2,36,15.0,9.97,11.892901618929017,34.80393009303539
Arizona,2021-05-10,"Title 14, Chapter 6",corporation commission investment management,public service corporations corporations and associations securities regulation,,Administration,4500000380,120,10115,70,3,0,0,47,16.0,8.9,14.427860696517412,39.00204410973642
Arizona,2021-05-10,"Title 15, Chapter 10",department of revenue general administration,revenue,,Taxes and Public Finance,4500000386,106,13401,92,1,0,0,13,10.0,8.75,5.472636815920398,35.8049680496805
Arizona,2021-05-10,"Title 15, Chapter 12",department of revenue property tax oversight commission,revenue,,Taxes and Public Finance,4500000387,54,2879,54,0,0,0,0,10.0,7.99,5.633802816901409,37.41871722468738
Arizona,2021-05-10,"Title 15, Chapter 2",department of revenue income and withholding tax section,revenue,,Taxes and Public Finance,4500000381,334,36232,239,18,3,2,72,14.0,9.3,11.664012738853504,33.09596846222551
Arizona,2021-05-10,"Title 15, Chapter 3",department of revenue luxury tax section,revenue,,Taxes and Public Finance,4500000382,71,9265,63,0,0,0,8,9.0,8.31,5.9405940594059405,34.84122676075451
Arizona,2021-05-10,"Title 15, Chapter 4",department of revenue property tax,revenue,,Taxes and Public Finance,4500000383,144,7246,141,1,0,0,2,10.0,8.62,7.492354740061162,36.95451602460343
Arizona,2021-05-10,"Title 15, Chapter 5",department of revenue transaction privilege and use tax section,revenue,,Taxes and Public Finance,4500000384,272,43645,230,11,2,0,29,9.0,9.23,7.205085943018602,37.23575070172424
Arizona,2021-05-10,"Title 15, Chapter 7",department of revenue bingo section,revenue,,Taxes and Public Finance,4500000385,122,8238,108,2,0,2,10,8.0,8.0,6.765327695560254,34.1629179331307
Arizona,2021-05-10,"Title 16, Chapter 3",state board of tax appeals luxury transaction privilege sales use estate income,tax appeals,,Taxes and Public Finance,4500000388,44,4409,43,0,0,0,1,9.0,7.55,4.017857142857143,34.90470622624964
Arizona,2021-05-10,"Title 17, Chapter 1",department of transportation administration,transportation,,Transportation,4500000389,180,23253,153,3,0,8,16,11.0,9.24,6.39412997903564,37.84911017593672
Arizona,2021-05-10,"Title 17, Chapter 2",department of transportation aeronautics,transportation,,Transportation,4500000390,39,4663,24,0,0,2,13,16.0,8.74,7.526881720430108,35.69620253164557
Arizona,2021-05-10,"Title 17, Chapter 3",department of transportation highways,transportation,,Transportation,4500000391,239,22741,188,14,1,6,30,12.0,9.57,6.628090478695424,37.099259774454765
Arizona,2021-05-10,"Title 17, Chapter 4",department of transportation title registration and driver licenses,transportation,,Transportation,4500000392,292,37395,236,4,0,2,50,8.0,8.88,3.3840947546531304,36.78567195398292
Arizona,2021-05-10,"Title 17, Chapter 5",department of transportation commercial programs,transportation,,Transportation,4500000393,649,48982,504,19,0,6,120,14.0,9.55,8.23669342848647,37.19287531806616
Arizona,2021-05-10,"Title 17, Chapter 6",department of transportation oversize and overweight special permits,transportation,,Transportation,4500000394,229,48428,184,2,0,4,39,25.0,8.96,8.478802992518704,32.06857709610003
Arizona,2021-05-10,"Title 17, Chapter 7",department of transportation third party programs,transportation,,Transportation,4500000395,75,9987,57,12,0,0,6,12.0,8.66,5.036855036855037,38.27886178861789
Arizona,2021-05-10,"Title 17, Chapter 8",department of transportation fuel taxes,transportation,,Transportation,4500000396,157,9890,128,9,0,0,20,12.0,8.83,4.950495049504951,33.89886120193934
Arizona,2021-05-10,"Title 18, Chapter 1",department of environmental quality administration,environmental quality,,"Environmental Protection, Public Utilities, and Natural Resources",4500000397,311,26339,107,0,0,0,204,9.0,8.33,4.096477794793263,36.20397370632136
Arizona,2021-05-10,"Title 18, Chapter 11",department of environmental quality water quality standards,environmental quality,,"Environmental Protection, Public Utilities, and Natural Resources",4500000405,237,65624,185,11,3,8,30,20.0,9.26,7.310344827586207,33.81117105014588
Arizona,2021-05-10,"Title 18, Chapter 12",department of environmental quality underground storage tanks,environmental quality,,"Environmental Protection, Public Utilities, and Natural Resources",4500000406,774,61208,629,1,9,0,135,15.0,9.75,10.584518167456556,38.1977978617463
Arizona,2021-05-10,"Title 18, Chapter 13",department of environmental quality solid waste management,environmental quality,,"Environmental Protection, Public Utilities, and Natural Resources",4500000407,541,38594,462,4,0,4,71,12.0,9.6,8.00922874093606,35.88297840743711
Arizona,2021-05-10,"Title 18, Chapter 14",department of environmental quality water quality permit and compliance fees,environmental quality,,"Environmental Protection, Public Utilities, and Natural Resources",4500000408,62,6385,49,3,0,0,10,14.0,8.39,11.933174224343675,34.984491671453185
Arizona,2021-05-10,"Title 18, Chapter 15",water infrastructure finance authority of arizona,environmental quality,,"Environmental Protection, Public Utilities, and Natural Resources",4500000409,309,20019,280,3,4,0,22,12.0,8.64,5.562579013906448,38.78954965357968
Arizona,2021-05-10,"Title 18, Chapter 16",department of environmental quality water quality assurance revolving fund program,environmental quality,,"Environmental Protection, Public Utilities, and Natural Resources",4500000410,284,17451,243,4,0,0,37,16.0,8.78,13.662790697674415,37.37062244771687
Arizona,2021-05-10,"Title 18, Chapter 17",department of environmental quality pollution prevention,environmental quality,,"Environmental Protection, Public Utilities, and Natural Resources",4500000411,1,1403,0,0,0,0,1,14.0,8.06,4.25531914893617,35.03647898493259
Arizona,2021-05-10,"Title 18, Chapter 2",department of environmental quality air pollution control,environmental quality,,"Environmental Protection, Public Utilities, and Natural Resources",4500000398,3193,228393,2571,128,13,17,464,14.0,10.33,10.93627065302911,37.41376974382219
Arizona,2021-05-10,"Title 18, Chapter 4",department of environmental quality safe drinking water,environmental quality,,"Environmental Protection, Public Utilities, and Natural Resources",4500000399,255,32349,218,8,0,0,29,9.0,8.88,3.771760154738878,38.26039746774581
Arizona,2021-05-10,"Title 18, Chapter 5",department of environmental quality environmental reviews and certification,environmental quality,,"Environmental Protection, Public Utilities, and Natural Resources",4500000400,631,27358,586,4,0,14,27,14.0,9.48,9.417528579205223,35.03147709643178
Arizona,2021-05-10,"Title 18, Chapter 6",department of environmental quality pesticides and water pollution control,environmental quality,,"Environmental Protection, Public Utilities, and Natural Resources",4500000401,49,3412,38,0,0,0,11,12.0,8.09,10.112359550561797,42.46971691902567
Arizona,2021-05-10,"Title 18, Chapter 7",department of environmental quality remedial action,environmental quality,,"Environmental Protection, Public Utilities, and Natural Resources",4500000402,91,26496,78,0,0,0,13,17.0,9.14,5.368589743589744,42.996338946948015
Arizona,2021-05-10,"Title 18, Chapter 8",department of environmental quality hazardous waste management,environmental quality,,"Environmental Protection, Public Utilities, and Natural Resources",4500000403,254,29796,207,15,2,2,28,12.0,9.17,7.071583514099783,35.94668532892226
Arizona,2021-05-10,"Title 18, Chapter 9",department of environmental quality water pollution control,environmental quality,,"Environmental Protection, Public Utilities, and Natural Resources",4500000404,1166,128643,993,6,0,9,158,16.0,10.1,13.16913797436542,36.66784999169341
Arizona,2021-05-10,"Title 19, Chapter 1",department of liquor licenses and control,alcohol horse and dog racing lottery and gaming,,"Industry, Commerce, and Development",4500000412,336,37479,207,2,3,11,113,11.0,8.76,6.1827130113811135,34.58477307890665
Arizona,2021-05-10,"Title 19, Chapter 2",arizona racing commission,alcohol horse and dog racing lottery and gaming,,"Industry, Commerce, and Development",4500000413,2011,105029,1713,63,12,98,125,15.0,9.99,16.757220474692595,32.41302215916204
Arizona,2021-05-10,"Title 19, Chapter 3",arizona state lottery commission,alcohol horse and dog racing lottery and gaming,,"Industry, Commerce, and Development",4500000414,578,51695,519,8,3,5,43,9.0,8.95,5.818673883626523,35.95061215512818
Arizona,2021-05-10,"Title 1, Chapter 1",secretary of state rules and rulemaking,rules and the rulemaking process,,Administration,4500000215,374,24720,358,2,0,0,14,12.0,8.55,12.415130940834144,31.78541202165901
Arizona,2021-05-10,"Title 1, Chapter 6",governor s regulatory review council,rules and the rulemaking process,,Administration,4500000216,86,11110,70,0,0,0,16,10.0,8.14,5.521472392638037,32.499554267885
Arizona,2021-05-10,"Title 20, Chapter 1",arizona commerce authority,commerce financial institutions and insurance,,"Banking, Insurance, and Securities",4500000415,0,6520,0,0,0,0,0,5.0,6.46,0.0953288846520495,32.96482152095189
Arizona,2021-05-10,"Title 20, Chapter 3",office of tourism,commerce financial institutions and insurance,,"Banking, Insurance, and Securities",4500000416,6,584,6,0,0,0,0,7.0,6.86,2.564102564102564,38.75339366515837
Arizona,2021-05-10,"Title 20, Chapter 4",department of insurance and financial institutions,commerce financial institutions and insurance,,"Banking, Insurance, and Securities",4500000417,539,45675,419,2,2,9,107,10.0,9.39,5.856481481481481,36.01042964728829
Arizona,2021-05-10,"Title 20, Chapter 5",industrial commission of arizona,commerce financial institutions and insurance,,"Banking, Insurance, and Securities",4500000418,1661,287545,1386,52,8,3,212,20.0,9.75,8.173928444916754,37.65410820821573
Arizona,2021-05-10,"Title 20, Chapter 6",department of insurance and financial institutions insurance division,commerce financial institutions and insurance,,"Banking, Insurance, and Securities",4500000419,1569,124558,1226,48,24,21,250,15.0,10.21,13.132198297446168,36.353319019662
Arizona,2021-05-10,"Title 20, Chapter 7",occupational safety and health administration review board,commerce financial institutions and insurance,,"Banking, Insurance, and Securities",4500000420,0,157,0,0,0,0,0,6.0,5.69,0.0,36.61
Arizona,2021-05-10,"Title 20, Chapter 8",greater arizona development authority,commerce financial institutions and insurance,,"Banking, Insurance, and Securities",4500000421,76,6047,63,3,0,0,10,14.0,8.32,5.868544600938967,37.75321100917432
Arizona,2021-05-10,"Title 21, Chapter 1",department of child safety administration,child safety,,Social Assistance,4500000422,149,12172,126,1,0,1,21,11.0,8.73,7.800751879699248,34.48796356538712
Arizona,2021-05-10,"Title 21, Chapter 3",department of child safety centralized intake hotline,child safety,,Social Assistance,4500000423,12,2129,11,0,0,0,1,11.0,7.92,10.76923076923077,34.04581779435269
Arizona,2021-05-10,"Title 21, Chapter 4",department of child safety response to reports,child safety,,Social Assistance,4500000424,26,1764,20,0,0,0,6,13.0,7.8,11.71875,37.31989763275752
Arizona,2021-05-10,"Title 21, Chapter 5",department of child safety permanency and support services,child safety,,Social Assistance,4500000425,205,20166,185,6,1,1,12,13.0,9.16,7.672301690507152,35.94639129957157
Arizona,2021-05-10,"Title 21, Chapter 6",department of child safety foster home licensing,child safety,,Social Assistance,4500000426,374,29282,314,4,1,6,49,14.0,9.2,9.86908358509567,35.26755654430849
Arizona,2021-05-10,"Title 21, Chapter 8",department of child safety foster home and child welfare agency facility safety,child safety,,Social Assistance,4500000427,107,7774,78,17,0,2,10,14.0,9.2,11.293260473588344,30.69286409792739
Arizona,2021-05-10,"Title 21, Chapter 9",department of child safety adoption agency licensing,child safety,,Social Assistance,4500000428,218,13806,193,0,0,0,25,13.0,8.96,8.992094861660078,36.52166586422725
Arizona,2021-05-10,"Title 2, Chapter 1",department of administration,administration,,Administration,4500000217,66,9113,58,2,0,0,6,8.0,8.19,2.4177949709864603,38.1412734082397
Arizona,2021-05-10,"Title 2, Chapter 10",department of administration risk management division,administration,,Administration,4500000227,147,10289,134,0,0,0,13,12.0,9.28,5.975609756097561,37.91157061152661
Arizona,2021-05-10,"Title 2, Chapter 11",department of administration public buildings maintenance,administration,,Administration,4500000228,64,8435,55,3,0,2,4,9.0,7.95,3.2731376975169297,32.0546783625731
Arizona,2021-05-10,"Title 2, Chapter 12",office of the secretary of state,administration,,Administration,4500000229,170,14722,113,41,2,0,14,11.0,8.97,5.896414342629482,38.545945945945945
Arizona,2021-05-10,"Title 2, Chapter 13",state board of investment,administration,,Administration,4500000230,8,488,5,0,0,0,3,7.0,6.93,0.0,34.41866666666667
Arizona,2021-05-10,"Title 2, Chapter 14",office of the arizona state treasurer statewide collateral pool,administration,,Administration,4500000231,76,2853,42,0,0,0,34,12.0,7.88,12.556053811659194,38.60423892100193
Arizona,2021-05-10,"Title 2, Chapter 15",department of administration general services division,administration,,Administration,4500000232,72,6249,70,0,0,1,1,10.0,8.77,6.872852233676976,38.1601555267543
Arizona,2021-05-10,"Title 2, Chapter 16",office of the ombudsman citizens aide,administration,,Administration,4500000233,49,3979,47,0,0,0,2,10.0,7.83,8.70712401055409,39.9975845410628
Arizona,2021-05-10,"Title 2, Chapter 17",water quality appeals board,administration,,Administration,4500000234,116,7231,103,0,0,3,10,14.0,8.42,15.625,31.87015356545537
Arizona,2021-05-10,"Title 2, Chapter 18",government information technology,administration,,Administration,4500000235,36,3629,35,1,0,0,0,13.0,8.5,7.326007326007327,37.72645600991326
Arizona,2021-05-10,"Title 2, Chapter 19",office of administrative hearings,administration,,Administration,4500000236,53,3488,53,0,0,0,0,10.0,7.97,7.418397626112759,35.79502905100065
Arizona,2021-05-10,"Title 2, Chapter 2",arizona commission on the arts,administration,,Administration,4500000218,43,2308,38,3,0,0,2,15.0,8.04,3.870967741935484,37.642149929278645
Arizona,2021-05-10,"Title 2, Chapter 20",citizens clean elections commission,administration,,Administration,4500000237,392,29724,330,27,2,7,26,13.0,9.14,9.236396890717876,36.35760456273764
Arizona,2021-05-10,"Title 2, Chapter 3",arizona state library archives and public records,administration,,Administration,4500000219,25,2451,13,6,0,1,5,11.0,8.06,3.755868544600939,35.81981981981982
Arizona,2021-05-10,"Title 2, Chapter 4",board of library examiners,administration,,Administration,4500000220,3,193,3,0,0,0,0,9.0,6.36,0.0,42.2710843373494
Arizona,2021-05-10,"Title 2, Chapter 5",department of administration state personnel system,administration,,Administration,4500000221,436,35875,369,12,8,5,42,11.0,9.09,7.923930269413629,35.09770372265575
Arizona,2021-05-10,"Title 2, Chapter 5-1",state personnel board,administration,,Administration,4500000222,121,5173,107,0,0,6,8,15.0,8.03,15.929203539823009,31.84870169699448
Arizona,2021-05-10,"Title 2, Chapter 6",department of administration benefit services division,administration,,Administration,4500000223,59,11211,54,0,0,0,5,10.0,8.37,4.226705091258405,35.385415513998005
Arizona,2021-05-10,"Title 2, Chapter 7",department of administration state procurement office,administration,,Administration,4500000224,493,41901,440,4,1,3,45,9.0,8.36,5.722196585140748,37.84451335459146
Arizona,2021-05-10,"Title 2, Chapter 8",state retirement system board,administration,,Administration,4500000225,468,56433,380,29,1,0,58,12.0,8.89,8.763000663863686,33.017996239591724
Arizona,2021-05-10,"Title 2, Chapter 9",governing committee for deferred compensation plans,administration,,Administration,4500000226,0,1342,0,0,0,0,0,12.0,8.03,4.807692307692308,34.80101608806096
Arizona,2021-05-10,"Title 3, Chapter 1",department of agriculture administration,agriculture,,"Industry, Commerce, and Development",4500000238,23,2880,19,0,0,0,4,8.0,7.54,3.481012658227848,37.80787037037037
Arizona,2021-05-10,"Title 3, Chapter 10",department of agriculture citrus fruit and vegetable division,agriculture,,"Industry, Commerce, and Development",4500000247,158,21887,116,1,6,2,33,14.0,9.49,9.896907216494846,38.11763790958109
Arizona,2021-05-10,"Title 3, Chapter 11",veterinary medical examining board,agriculture,,"Industry, Commerce, and Development",4500000248,218,19645,150,0,1,0,67,11.0,8.84,7.687687687687688,36.95711783535665
Arizona,2021-05-10,"Title 3, Chapter 12",arizona exposition and state fair board,agriculture,,"Industry, Commerce, and Development",4500000249,51,5504,48,1,0,0,2,10.0,8.38,9.94263862332696,29.63402692778458
Arizona,2021-05-10,"Title 3, Chapter 2",department of agriculture animal services division,agriculture,,"Industry, Commerce, and Development",4500000239,967,54473,857,45,4,4,57,12.0,9.99,9.004092769440655,35.36970539891263
Arizona,2021-05-10,"Title 3, Chapter 3",department of agriculture environmental services division,agriculture,,"Industry, Commerce, and Development",4500000240,504,45859,423,11,1,2,67,11.0,10.0,8.02152115431646,39.03509395632301
Arizona,2021-05-10,"Title 3, Chapter 4",department of agriculture plant services division,agriculture,,"Industry, Commerce, and Development",4500000241,369,46465,304,11,0,16,38,9.0,9.8,4.3403891383365405,37.13353684893019
Arizona,2021-05-10,"Title 3, Chapter 5",department of agriculture state agricultural laboratory,agriculture,,"Industry, Commerce, and Development",4500000242,43,3970,40,0,0,0,3,11.0,8.26,6.158357771260997,43.1363361547763
Arizona,2021-05-10,"Title 3, Chapter 6",department of agriculture office of commodity development and promotion,agriculture,,"Industry, Commerce, and Development",4500000243,2,2073,2,0,0,0,0,10.0,8.1,4.123711340206185,34.51082504388531
Arizona,2021-05-10,"Title 3, Chapter 7",department of agriculture weights and measures services division,agriculture,,"Industry, Commerce, and Development",4500000244,730,54806,625,9,3,11,82,15.0,9.52,11.634506242905788,35.43500146818239
Arizona,2021-05-10,"Title 3, Chapter 8",department of agriculture pest management division,agriculture,,"Industry, Commerce, and Development",4500000245,321,25331,250,2,13,0,56,12.0,9.33,12.811203319502074,37.45437449628369
Arizona,2021-05-10,"Title 3, Chapter 9",department of agriculture agricultural councils and commissions,agriculture,,"Industry, Commerce, and Development",4500000246,117,10229,114,0,0,0,3,11.0,8.86,3.90625,33.822485875706214
Arizona,2021-05-10,"Title 4, Chapter 1",board of accountancy,professions and occupations,,"Industry, Commerce, and Development",4500000250,165,16271,140,4,3,1,17,9.0,8.85,5.263157894736842,37.669487648673375
Arizona,2021-05-10,"Title 4, Chapter 10",board of cosmetology,professions and occupations,,"Industry, Commerce, and Development",4500000257,270,20091,182,0,2,2,84,13.0,9.15,9.234828496042216,36.53466757897138
Arizona,2021-05-10,"Title 4, Chapter 11",state board of dental examiners,professions and occupations,,"Industry, Commerce, and Development",4500000258,295,34655,248,20,3,0,24,12.0,9.08,3.908794788273615,39.09933517221869
Arizona,2021-05-10,"Title 4, Chapter 12",board of funeral directors and embalmers,professions and occupations,,"Industry, Commerce, and Development",4500000259,242,22737,181,2,1,3,55,12.0,9.24,8.24915824915825,38.74830734509643
Arizona,2021-05-10,"Title 4, Chapter 15",board of massage therapy,professions and occupations,,"Industry, Commerce, and Development",4500000260,43,5499,29,0,0,0,14,12.0,8.53,10.74766355140187,34.85079561892953
Arizona,2021-05-10,"Title 4, Chapter 16",arizona medical board,professions and occupations,,"Industry, Commerce, and Development",4500000261,136,17080,99,0,1,1,35,11.0,9.11,6.71280276816609,37.204352071418604
Arizona,2021-05-10,"Title 4, Chapter 17",arizona regulatory board of physician assistants,professions and occupations,,"Industry, Commerce, and Development",4500000262,43,7470,34,0,0,0,9,13.0,8.89,11.567164179104475,35.6427255985267
Arizona,2021-05-10,"Title 4, Chapter 18",naturopathic physicians medical board,professions and occupations,,"Industry, Commerce, and Development",4500000263,133,14912,86,24,0,0,23,15.0,8.92,4.781281790437437,36.88769045104842
Arizona,2021-05-10,"Title 4, Chapter 19",board of nursing,professions and occupations,,"Industry, Commerce, and Development",4500000264,460,57452,383,3,3,4,67,13.0,9.51,6.899833452295979,37.17068200886971
Arizona,2021-05-10,"Title 4, Chapter 2",agricultural employment relations board,professions and occupations,,"Industry, Commerce, and Development",4500000251,83,6595,75,0,0,0,8,11.0,8.13,8.596491228070176,35.60904770286921
Arizona,2021-05-10,"Title 4, Chapter 20",board of dispensing opticians,professions and occupations,,"Industry, Commerce, and Development",4500000265,53,8360,41,0,1,0,11,10.0,8.66,6.4,36.230410039398805
Arizona,2021-05-10,"Title 4, Chapter 21",board of optometry,professions and occupations,,"Industry, Commerce, and Development",4500000266,122,14102,96,0,1,0,25,12.0,8.92,9.481216457960643,36.764966555183946
Arizona,2021-05-10,"Title 4, Chapter 22",board of osteopathic examiners in medicine and surgery,professions and occupations,,"Industry, Commerce, and Development",4500000267,114,12297,80,0,0,0,34,12.0,9.16,6.085192697768763,38.044201520912544
Arizona,2021-05-10,"Title 4, Chapter 23",board of pharmacy,professions and occupations,,"Industry, Commerce, and Development",4500000268,980,83009,788,2,1,6,183,13.0,9.65,8.85195862302866,39.45448613376836
Arizona,2021-05-10,"Title 4, Chapter 24",board of physical therapy,professions and occupations,,"Industry, Commerce, and Development",4500000269,194,20525,150,0,1,0,43,12.0,9.06,8.327994875080078,36.794757609921085
Arizona,2021-05-10,"Title 4, Chapter 25",board of podiatry examiners,professions and occupations,,"Industry, Commerce, and Development",4500000270,56,8620,34,0,1,0,21,10.0,8.68,4.131227217496963,35.25734463276836
Arizona,2021-05-10,"Title 4, Chapter 26",board of psychologist examiners,professions and occupations,,"Industry, Commerce, and Development",4500000271,306,28154,215,3,0,1,87,12.0,9.15,6.0807811806480245,37.16798139998339
Arizona,2021-05-10,"Title 4, Chapter 28",state real estate department,professions and occupations,,"Industry, Commerce, and Development",4500000272,378,31925,324,2,0,0,52,13.0,9.36,12.34567901234568,36.65505714901876
Arizona,2021-05-10,"Title 4, Chapter 30",board of technical registration,professions and occupations,,"Industry, Commerce, and Development",4500000273,289,23325,266,5,0,0,18,11.0,9.27,6.0344827586206895,41.07946920380571
Arizona,2021-05-10,"Title 4, Chapter 33",board of examiners of nursing care institution administrators and assisted living facility managers,professions and occupations,,"Industry, Commerce, and Development",4500000274,326,40544,221,0,2,0,103,11.0,8.76,4.336204336204337,36.9968736457624
Arizona,2021-05-10,"Title 4, Chapter 34",board of manufactured housing,professions and occupations,,"Industry, Commerce, and Development",4500000275,139,16132,112,0,0,0,27,9.0,8.48,3.117505995203837,37.781179138322
Arizona,2021-05-10,"Title 4, Chapter 35",the arizona health facilities authority,professions and occupations,,"Industry, Commerce, and Development",4500000276,46,3218,42,1,0,1,2,14.0,7.99,14.883720930232558,33.80120481927711
Arizona,2021-05-10,"Title 4, Chapter 36",department of forestry and fire management,professions and occupations,,"Industry, Commerce, and Development",4500000277,48,5952,32,0,0,5,11,11.0,8.77,4.958677685950414,34.332722086389566
Arizona,2021-05-10,"Title 4, Chapter 38",board of homeopathic and integrated medicine examiners,professions and occupations,,"Industry, Commerce, and Development",4500000278,143,14414,111,0,0,0,32,14.0,9.12,8.971774193548388,39.656360078277885
Arizona,2021-05-10,"Title 4, Chapter 39",board for private postsecondary education,professions and occupations,,"Industry, Commerce, and Development",4500000279,285,21644,186,1,0,0,98,14.0,9.15,12.295081967213116,36.00987718839822
Arizona,2021-05-10,"Title 4, Chapter 40",department of veterans services arizona state veteran home,professions and occupations,,"Industry, Commerce, and Development",4500000280,0,2626,0,0,0,0,0,7.0,7.2,1.488095238095238,34.19686684073107
Arizona,2021-05-10,"Title 4, Chapter 41",department of veterans services administration,professions and occupations,,"Industry, Commerce, and Development",4500000281,0,53,0,0,0,0,0,6.0,4.98,0.0,38.11111111111112
Arizona,2021-05-10,"Title 4, Chapter 43",board of occupational therapy examiners,professions and occupations,,"Industry, Commerce, and Development",4500000282,65,8064,61,0,0,0,4,10.0,8.17,4.9286640726329445,37.42736842105264
Arizona,2021-05-10,"Title 4, Chapter 44",auditor general,professions and occupations,,"Industry, Commerce, and Development",4500000283,54,2982,49,0,0,0,5,13.0,8.23,11.52073732718894,33.64406158357771
Arizona,2021-05-10,"Title 4, Chapter 45",board of respiratory care examiners,professions and occupations,,"Industry, Commerce, and Development",4500000284,100,9374,87,1,0,1,11,12.0,8.91,8.870967741935484,35.86542895279699
Arizona,2021-05-10,"Title 4, Chapter 46",department of insurance and financial institutions division real estate appraisal,professions and occupations,,"Industry, Commerce, and Development",4500000285,158,15172,104,2,1,0,51,10.0,8.84,6.157270029673591,37.50418493423675
Arizona,2021-05-10,"Title 4, Chapter 49",board of athletic training,professions and occupations,,"Industry, Commerce, and Development",4500000286,58,4769,48,0,0,0,10,11.0,8.4,6.928406466512701,35.89791969037252
Arizona,2021-05-10,"Title 4, Chapter 5",board of barbers,professions and occupations,,"Industry, Commerce, and Development",4500000252,145,12720,110,0,0,2,33,11.0,8.91,8.96358543417367,32.19455357142857
Arizona,2021-05-10,"Title 4, Chapter 6",board of behavioral health examiners,professions and occupations,,"Industry, Commerce, and Development",4500000253,338,27285,279,0,2,1,56,12.0,8.99,8.047058823529412,38.43056438960268
Arizona,2021-05-10,"Title 4, Chapter 7",board of chiropractic examiners,professions and occupations,,"Industry, Commerce, and Development",4500000254,264,21702,216,11,0,1,36,12.0,9.23,7.011494252873564,37.37473460721869
Arizona,2021-05-10,"Title 4, Chapter 8",acupuncture board of examiners,professions and occupations,,"Industry, Commerce, and Development",4500000255,134,15815,102,0,1,0,31,12.0,8.82,7.085346215780998,36.32641708013833
Arizona,2021-05-10,"Title 4, Chapter 9",registrar of contractors,professions and occupations,,"Industry, Commerce, and Development",4500000256,107,19964,24,39,2,1,41,12.0,9.55,5.771812080536913,39.97526276058301
Arizona,2021-05-10,"Title 5, Chapter 4",board of executive clemency,corrections,,"Security, Justice, and Corrections",4500000288,26,3019,22,0,0,1,3,7.0,7.26,3.617571059431525,35.337093862815884
Arizona,2021-05-10,"Title 6, Chapter 1",department of economic security,economic security,,Labor and Workforce Development,4500000289,104,7282,89,0,0,1,14,11.0,8.88,6.891025641025641,37.87741526765917
Arizona,2021-05-10,"Title 6, Chapter 10",department of economic security the jobs program,economic security,,Labor and Workforce Development,4500000298,145,15494,131,0,0,0,14,11.0,8.68,7.315288953913679,37.78421912691619
Arizona,2021-05-10,"Title 6, Chapter 11",department of economic security job training partnership act,economic security,,Labor and Workforce Development,4500000299,73,6363,63,8,0,0,2,12.0,8.48,10.344827586206897,34.09626719056975
Arizona,2021-05-10,"Title 6, Chapter 12",department of economic security cash assistance program,economic security,,Labor and Workforce Development,4500000300,571,46622,446,14,1,1,109,14.0,9.2,10.785778308933374,35.03038065597319
Arizona,2021-05-10,"Title 6, Chapter 13",department of economic security state assistance programs,economic security,,Labor and Workforce Development,4500000301,197,19704,181,1,1,0,14,9.0,8.54,7.099697885196375,34.93705753636247
Arizona,2021-05-10,"Title 6, Chapter 14",department of economic security nutrition assistance program,economic security,,Labor and Workforce Development,4500000302,177,20041,154,8,2,1,12,10.0,8.61,7.581420181526963,34.96616288319158
Arizona,2021-05-10,"Title 6, Chapter 17",department of economic security general assistance program,economic security,,Labor and Workforce Development,4500000303,90,10868,83,0,1,1,5,9.0,8.33,6.295620437956205,34.4729907773386
Arizona,2021-05-10,"Title 6, Chapter 18",department of economic security office of licensing certification and regulation,economic security,,Labor and Workforce Development,4500000304,24,3186,22,2,0,0,0,11.0,8.89,9.386281588447654,34.1972860125261
Arizona,2021-05-10,"Title 6, Chapter 2",department of economic security employment and training,economic security,,Labor and Workforce Development,4500000290,16,4567,14,1,0,0,1,7.0,7.83,1.706484641638225,43.34030197444832
Arizona,2021-05-10,"Title 6, Chapter 3",department of economic security unemployment insurance,economic security,,Labor and Workforce Development,4500000291,673,120102,450,114,16,1,92,8.0,9.08,6.906951084957705,37.99149841844714
Arizona,2021-05-10,"Title 6, Chapter 4",department of economic security rehabilitation services,economic security,,Labor and Workforce Development,4500000292,407,21736,301,72,9,2,23,14.0,9.7,9.8287888395688,39.04101929737754
Arizona,2021-05-10,"Title 6, Chapter 5",department of economic security social services,economic security,,Labor and Workforce Development,4500000293,1648,117123,1471,30,3,13,131,10.0,9.65,6.163202323681583,35.833823939516
Arizona,2021-05-10,"Title 6, Chapter 6",department of economic security developmental disabilities,economic security,,Labor and Workforce Development,4500000294,1025,78191,902,19,3,6,95,11.0,9.52,6.552482715273412,37.619353843781326
Arizona,2021-05-10,"Title 6, Chapter 7",department of economic security child support enforcement,economic security,,Labor and Workforce Development,4500000295,113,12279,106,1,1,0,5,13.0,8.55,9.565217391304348,32.61340348933813
Arizona,2021-05-10,"Title 6, Chapter 8",department of economic security aging and adult administration,economic security,,Labor and Workforce Development,4500000296,85,6375,81,2,0,1,1,10.0,8.54,7.084019769357496,35.43409390910805
Arizona,2021-05-10,"Title 6, Chapter 9",department of economic security appellate service administration,economic security,,Labor and Workforce Development,4500000297,13,689,13,0,0,0,0,11.0,6.89,9.523809523809524,34.306089743589745
Arizona,2021-05-10,"Title 7, Chapter 2",state board of education,education,,Primary and Secondary Education,4500000305,2408,167417,2042,51,23,5,287,14.0,10.05,8.721078057462497,39.14043743239321
Arizona,2021-05-10,"Title 7, Chapter 3",commission for postsecondary education,education,,Primary and Secondary Education,4500000306,141,14375,109,15,3,0,14,14.0,9.14,8.41025641025641,37.55156778358438
Arizona,2021-05-10,"Title 7, Chapter 4",arizona board of regents,education,,Primary and Secondary Education,4500000307,21,2094,17,0,0,4,0,13.0,8.14,7.006369426751593,41.29583333333333
Arizona,2021-05-10,"Title 7, Chapter 5",state board for charter schools,education,,Primary and Secondary Education,4500000308,396,24377,286,23,0,0,87,17.0,8.71,14.599574769666903,35.91687771345875
Arizona,2021-05-10,"Title 7, Chapter 6",school facilities oversight board,education,,Primary and Secondary Education,4500000309,202,19831,164,0,2,0,36,9.0,8.53,4.328578455484506,34.93952026680349
Arizona,2021-05-10,"Title 7, Chapter 8",achievement district schools,education,,Primary and Secondary Education,4500000310,62,5021,23,26,2,0,11,17.0,8.91,6.397306397306397,36.37693449226203
Arizona,2021-05-10,"Title 8, Chapter 2",department of emergency and military affairs division of emergency management,emergency and military affairs,,"Security, Justice, and Corrections",4500000311,110,10335,78,14,1,0,17,10.0,9.02,6.400839454354669,39.67905328150012
Arizona,2021-05-10,"Title 8, Chapter 3",department of emergency and military affairs division of military affairs,emergency and military affairs,,"Security, Justice, and Corrections",4500000312,67,7927,61,0,0,0,6,13.0,8.72,7.950530035335689,37.98358493331379
Arizona,2021-05-10,"Title 8, Chapter 4",arizona emergency response commission,emergency and military affairs,,"Security, Justice, and Corrections",4500000313,50,2800,36,1,0,0,13,13.0,8.11,6.829268292682928,35.27627388535032
Arizona,2021-05-10,"Title 8, Chapter 5",department of emergency and military affairs project challenge,emergency and military affairs,,"Security, Justice, and Corrections",4500000314,0,1472,0,0,0,0,0,11.0,7.77,3.3057851239669422,33.486810551558754
Arizona,2021-05-10,"Title 9, Chapter 1",department of health services administration,health services,,Health Services,4500000315,63,15999,57,0,0,2,4,11.0,9.07,4.946996466431095,35.79013446252136
Arizona,2021-05-10,"Title 9, Chapter 10",department of health services health care institutions licensing,health services,,Health Services,4500000323,1789,290479,1130,0,4,11,644,13.0,9.47,11.255637313078566,37.70160792429826
Arizona,2021-05-10,"Title 9, Chapter 11",department of health services health care institution facility and health professionals workforce data,health services,,Health Services,4500000324,94,23043,61,0,0,0,33,13.0,8.65,7.183580387685291,34.765369348436444
Arizona,2021-05-10,"Title 9, Chapter 12",department of health services sober living homes,health services,,Health Services,4500000325,66,10163,51,1,2,1,11,14.0,8.92,12.5,33.24415472470639
Arizona,2021-05-10,"Title 9, Chapter 13",department of health services health programs services,health services,,Health Services,4500000326,114,25180,100,0,1,0,13,10.0,8.94,6.455592105263158,37.166008097956
Arizona,2021-05-10,"Title 9, Chapter 14",department of health services laboratories,health services,,Health Services,4500000327,107,39407,72,3,1,0,31,12.0,9.51,3.9208760155422113,37.29167425097383
Arizona,2021-05-10,"Title 9, Chapter 15",department of health services loan repayment,health services,,Health Services,4500000328,117,23375,101,0,1,0,15,13.0,8.47,10.957254665863935,34.2585500666239
Arizona,2021-05-10,"Title 9, Chapter 16",department of health services occupational licensing,health services,,Health Services,4500000329,395,44746,254,0,10,2,129,12.0,9.26,7.698863636363637,38.65300892972693
Arizona,2021-05-10,"Title 9, Chapter 17",department of health services medical marijuana program,health services,,Health Services,4500000330,292,54323,215,0,3,1,73,17.0,9.16,16.08300907911803,39.2146280772604
Arizona,2021-05-10,"Title 9, Chapter 18",department of health services adult use marijuana program,health services,,Health Services,4500000331,73,14092,59,0,2,1,11,16.0,8.69,15.158636897767334,39.271733187534174
Arizona,2021-05-10,"Title 9, Chapter 19",department of health services vital records and statistics,health services,,Health Services,4500000332,228,45255,133,0,3,0,92,15.0,8.46,15.629322268326415,35.002168035504766
Arizona,2021-05-10,"Title 9, Chapter 2",department of health services tobacco related programs,health services,,Health Services,4500000316,54,8483,27,0,0,14,13,11.0,8.01,6.4,34.44987109710684
Arizona,2021-05-10,"Title 9, Chapter 20",department of health services court ordered program approvals,health services,,Health Services,4500000333,110,23120,60,0,0,0,50,8.0,7.47,2.744807121661721,34.91162578956354
Arizona,2021-05-10,"Title 9, Chapter 21",arizona health care cost containment system ahcccs behavioral health services for persons with serious mental illness,health services,,Health Services,4500000334,686,50381,630,9,3,8,36,16.0,9.42,14.694148936170212,35.79709698024273
Arizona,2021-05-10,"Title 9, Chapter 22",arizona health care cost containment system ahcccs administration,health services,,Health Services,4500000335,1045,132464,838,94,2,4,107,11.0,9.53,8.149269682935518,37.32924979794219
Arizona,2021-05-10,"Title 9, Chapter 23",department of health services oral health,health services,,Health Services,4500000336,6,3119,6,0,0,0,0,6.0,7.02,3.5634743875278394,37.49024058102587
Arizona,2021-05-10,"Title 9, Chapter 24",department of health services arizona medically underserved area health services,health services,,Health Services,4500000337,13,5878,12,0,0,0,1,9.0,8.38,1.6611295681063123,36.680193024786135
Arizona,2021-05-10,"Title 9, Chapter 25",department of health services emergency medical services,health services,,Health Services,4500000338,469,85042,279,1,1,0,188,4.0,9.57,2.2402159244264506,39.41437573189093
Arizona,2021-05-10,"Title 9, Chapter 26",commission for the deaf and the hard of hearing,health services,,Health Services,4500000339,170,15434,106,0,0,0,64,14.0,8.78,11.214953271028037,37.54075605434141
Arizona,2021-05-10,"Title 9, Chapter 27",arizona health care cost containment system healthcare group coverage,health services,,Health Services,4500000340,0,4856,0,0,0,0,0,4.0,5.81,0.0,35.785318559556785
Arizona,2021-05-10,"Title 9, Chapter 28",arizona health care cost containment system arizona long term care system,health services,,Health Services,4500000341,353,42469,313,11,3,0,26,11.0,9.2,6.733369388858843,36.4817747322354
Arizona,2021-05-10,"Title 9, Chapter 29",arizona health care cost containment system medicare cost sharing program,health services,,Health Services,4500000342,49,5519,48,0,0,0,1,8.0,7.62,5.61622464898596,36.25817070303315
Arizona,2021-05-10,"Title 9, Chapter 3",department of health services child care group homes,health services,,Health Services,4500000317,221,26837,141,0,6,0,74,14.0,9.13,11.610486891385769,32.35311921977468
Arizona,2021-05-10,"Title 9, Chapter 30",arizona health care cost containment system medicare part d prescription coverage extra help subsidy program,health services,,Health Services,4500000343,26,2223,26,0,0,0,0,9.0,7.36,5.333333333333334,36.99140401146132
Arizona,2021-05-10,"Title 9, Chapter 31",arizona health care cost containment system children s health insurance program,health services,,Health Services,4500000344,136,24848,119,1,0,1,15,7.0,7.96,2.934388394329047,37.17179174067496
Arizona,2021-05-10,"Title 9, Chapter 33",department of health services group homes for individuals with a developmental disability,health services,,Health Services,4500000345,67,7205,53,0,2,0,12,14.0,8.74,16.700201207243463,34.23000311235605
Arizona,2021-05-10,"Title 9, Chapter 34",arizona health care cost containment system grievance system,health services,,Health Services,4500000346,152,13920,152,0,0,0,0,13.0,8.28,9.560229445506693,31.852121907258724
Arizona,2021-05-10,"Title 9, Chapter 4",department of health services noncommunicable diseases,health services,,Health Services,4500000318,58,17267,39,0,0,2,17,14.0,8.95,10.76555023923445,33.16117707136474
Arizona,2021-05-10,"Title 9, Chapter 5",department of health services child care facilities,health services,,Health Services,4500000319,351,41739,238,0,3,2,108,11.0,9.09,8.819263127357122,33.53391451068617
Arizona,2021-05-10,"Title 9, Chapter 6",department of health services communicable diseases and infestations,health services,,Health Services,4500000320,571,79448,361,2,0,0,208,12.0,8.9,6.044657097288677,37.18273038085394
Arizona,2021-05-10,"Title 9, Chapter 7",department of health services radiation control,health services,,Health Services,4500000321,2848,238814,2209,117,35,16,471,19.0,10.18,13.998803521066575,38.20694101324971
Arizona,2021-05-10,"Title 9, Chapter 8",department of health services food recreational and institutional sanitation,health services,,Health Services,4500000322,164,36293,144,3,4,0,13,8.0,9.06,3.411354581673306,35.124564551884305
Arizona,2022-04-25,"Title 10, Chapter 1",department of law attorney general s office,law,,"Security, Justice, and Corrections",4500000766,29,1736,28,0,0,0,1,17.0,7.84,7.920792079207921,32.48799519807923
Arizona,2022-04-25,"Title 10, Chapter 2",attorney general fair housing,law,,"Security, Justice, and Corrections",4500000767,76,9195,56,2,1,12,5,22.0,9.19,14.043583535108958,37.32527522415163
Arizona,2022-04-25,"Title 10, Chapter 3",department of law civil rights division,law,,"Security, Justice, and Corrections",4500000768,137,8025,118,3,0,2,14,22.0,8.71,20.833333333333336,35.33386454183267
Arizona,2022-04-25,"Title 10, Chapter 4",arizona criminal justice commission,law,,"Security, Justice, and Corrections",4500000769,150,11092,127,2,0,0,21,17.0,9.12,14.832535885167465,35.10644125425009
Arizona,2022-04-25,"Title 11, Chapter 1",state mine inspector,mines,,"Environmental Protection, Public Utilities, and Natural Resources",4500000770,1148,34077,1010,92,0,18,28,20.0,10.31,29.843561973525876,33.99108332804468
Arizona,2022-04-25,"Title 11, Chapter 2",state mine inspector mined land reclamation,mines,,"Environmental Protection, Public Utilities, and Natural Resources",4500000771,157,7808,143,0,3,0,11,20.0,8.6,19.67654986522911,35.29690444145356
Arizona,2022-04-25,"Title 11, Chapter 3",state mine inspector aggregate mined land reclamation,mines,,"Environmental Protection, Public Utilities, and Natural Resources",4500000772,166,9910,134,1,0,0,31,18.0,8.76,16.153846153846153,37.94603276582075
Arizona,2022-04-25,"Title 12, Chapter 14",arizona power authority,natural resources,,"Environmental Protection, Public Utilities, and Natural Resources",4500000778,166,9143,146,7,0,0,13,16.0,8.79,13.53251318101933,34.21959654178674
Arizona,2022-04-25,"Title 12, Chapter 15",department of water resources,natural resources,,"Environmental Protection, Public Utilities, and Natural Resources",4500000779,1048,74919,923,6,6,3,110,20.0,9.62,19.19889502762431,34.6069682326366
Arizona,2022-04-25,"Title 12, Chapter 17",arizona navigable stream adjudication commission,natural resources,,"Environmental Protection, Public Utilities, and Natural Resources",4500000780,25,1220,24,0,0,0,1,12.0,7.57,12.12121212121212,34.02024647887324
Arizona,2022-04-25,"Title 12, Chapter 2",radiation regulatory agency medical radiologic technology board of examiners,natural resources,,"Environmental Protection, Public Utilities, and Natural Resources",4500000773,111,6331,92,11,0,2,6,19.0,9.16,10.8359133126935,42.95719715749463
Arizona,2022-04-25,"Title 12, Chapter 4",game and fish commission,natural resources,,"Environmental Protection, Public Utilities, and Natural Resources",4500000774,1600,136373,1307,13,8,36,236,17.0,10.26,15.456611846503543,32.65348287112561
Arizona,2022-04-25,"Title 12, Chapter 5",state land department,natural resources,,"Environmental Protection, Public Utilities, and Natural Resources",4500000775,642,36216,545,27,3,6,61,20.0,9.72,18.93981225842076,32.97242715128037
Arizona,2022-04-25,"Title 12, Chapter 7",oil and gas conservation commission,natural resources,,"Environmental Protection, Public Utilities, and Natural Resources",4500000776,417,13954,352,0,1,5,59,21.0,9.15,17.28395061728395,33.34159318941928
Arizona,2022-04-25,"Title 12, Chapter 8",arizona state parks board,natural resources,,"Environmental Protection, Public Utilities, and Natural Resources",4500000777,111,8610,93,5,0,7,6,18.0,8.92,10.606060606060606,33.022344864719344
Arizona,2022-04-25,"Title 13, Chapter 1",department of public safety criminal identification section,public safety,,"Security, Justice, and Corrections",4500000781,83,6205,76,2,0,0,5,15.0,8.93,8.270676691729323,37.23582805274876
Arizona,2022-04-25,"Title 13, Chapter 10",department of public safety alcohol testing,public safety,,"Security, Justice, and Corrections",4500000790,77,6566,66,4,0,0,7,15.0,8.92,8.571428571428571,39.43783156498674
Arizona,2022-04-25,"Title 13, Chapter 11",board of fingerprinting,public safety,,"Security, Justice, and Corrections",4500000791,39,2799,30,0,0,3,6,16.0,7.83,13.79310344827586,33.36346516007533
Arizona,2022-04-25,"Title 13, Chapter 12",private investigator and security guard hearing board,public safety,,"Security, Justice, and Corrections",4500000792,16,1298,15,0,0,0,1,16.0,7.6,16.455696202531644,34.47559966914805
Arizona,2022-04-25,"Title 13, Chapter 13",department of public safety school buses,public safety,,"Security, Justice, and Corrections",4500000793,680,29946,620,7,0,0,53,19.0,9.58,16.917047681254083,31.503608211308062
Arizona,2022-04-25,"Title 13, Chapter 14",constable ethics standards and training board,public safety,,"Security, Justice, and Corrections",4500000794,32,2124,28,0,0,0,4,15.0,7.94,11.76470588235294,31.87405541561713
Arizona,2022-04-25,"Title 13, Chapter 2",department of public safety private investigators,public safety,,"Security, Justice, and Corrections",4500000782,114,4715,98,0,0,0,16,16.0,8.23,21.352313167259787,37.91392694063927
Arizona,2022-04-25,"Title 13, Chapter 3",department of public safety tow trucks,public safety,,"Security, Justice, and Corrections",4500000783,75,7240,69,0,0,0,6,15.0,8.38,15.486725663716811,27.633096853793955
Arizona,2022-04-25,"Title 13, Chapter 4",arizona peace officer standards and training board,public safety,,"Security, Justice, and Corrections",4500000784,286,15718,230,0,0,2,54,15.0,9.15,11.519364448857994,37.734941391693205
Arizona,2022-04-25,"Title 13, Chapter 5",law enforcement merit system council,public safety,,"Security, Justice, and Corrections",4500000785,487,21461,448,7,0,1,31,14.0,9.04,16.38683680322364,35.48429369820775
Arizona,2022-04-25,"Title 13, Chapter 6",department of public safety security guards,public safety,,"Security, Justice, and Corrections",4500000786,155,6975,131,0,0,2,22,16.0,8.45,16.129032258064516,35.71747904377523
Arizona,2022-04-25,"Title 13, Chapter 7",department of public safety reporting by scrap metal and used automotive components dealers,public safety,,"Security, Justice, and Corrections",4500000787,11,699,9,0,0,0,2,18.0,6.41,7.6923076923076925,34.40929535232384
Arizona,2022-04-25,"Title 13, Chapter 8",department of public safety local retirement board,public safety,,"Security, Justice, and Corrections",4500000788,75,3363,66,0,0,0,9,22.0,8.07,26.797385620915037,34.0878918254456
Arizona,2022-04-25,"Title 13, Chapter 9",department of public safety concealed weapons permits,public safety,,"Security, Justice, and Corrections",4500000789,95,4994,72,0,0,6,17,15.0,8.5,14.733542319749215,35.70060658578856
Arizona,2022-04-25,"Title 14, Chapter 1",corporation commission corporations and associations,public service corporations corporations and associations securities regulation,,Administration,4500000795,36,3947,16,7,1,0,12,17.0,8.65,14.027149321266968,35.520151474168244
Arizona,2022-04-25,"Title 14, Chapter 2",corporation commission fixed utilities,public service corporations corporations and associations securities regulation,,Administration,4500000796,2836,156673,2334,120,32,13,337,18.0,10.16,15.3946432803982,38.3294579100875
Arizona,2022-04-25,"Title 14, Chapter 3",corporation commission rules of practice and procedure,public service corporations corporations and associations securities regulation,,Administration,4500000797,291,11847,244,20,0,2,25,19.0,9.13,24.509803921568626,34.899451076065176
Arizona,2022-04-25,"Title 14, Chapter 4",corporation commission securities,public service corporations corporations and associations securities regulation,,Administration,4500000798,491,34935,375,26,5,1,84,19.0,9.55,16.216216216216218,35.302329819871815
Arizona,2022-04-25,"Title 14, Chapter 5",corporation commission transportation,public service corporations corporations and associations securities regulation,,Administration,4500000799,581,21568,537,5,1,2,36,20.0,10.06,17.330861909175162,33.876956287102
Arizona,2022-04-25,"Title 14, Chapter 6",corporation commission investment management,public service corporations corporations and associations securities regulation,,Administration,4500000800,118,8268,69,3,0,0,46,20.0,8.81,21.64179104477612,38.43921668362157
Arizona,2022-04-25,"Title 15, Chapter 10",department of revenue general administration,revenue,,Taxes and Public Finance,4500000806,106,8234,92,1,0,0,13,17.0,8.59,12.761506276150628,34.70333937354388
Arizona,2022-04-25,"Title 15, Chapter 12",department of revenue property tax oversight commission,revenue,,Taxes and Public Finance,4500000807,54,2221,54,0,0,0,0,16.0,7.9,11.76470588235294,35.1236276849642
Arizona,2022-04-25,"Title 15, Chapter 2",department of revenue income and withholding tax section,revenue,,Taxes and Public Finance,4500000801,334,28278,239,18,3,2,72,20.0,9.26,20.58613295210865,33.07957589285714
Arizona,2022-04-25,"Title 15, Chapter 3",department of revenue luxury tax section,revenue,,Taxes and Public Finance,4500000802,71,4644,63,0,0,0,8,17.0,8.22,18.823529411764707,33.58913294797688
Arizona,2022-04-25,"Title 15, Chapter 4",department of revenue property tax,revenue,,Taxes and Public Finance,4500000803,144,5316,141,1,0,0,2,17.0,8.65,16.065573770491802,35.145821100019575
Arizona,2022-04-25,"Title 15, Chapter 5",department of revenue transaction privilege and use tax section,revenue,,Taxes and Public Finance,4500000804,269,27225,228,11,2,0,28,18.0,9.56,20.65888812628689,34.57630382867268
Arizona,2022-04-25,"Title 15, Chapter 7",department of revenue bingo section,revenue,,Taxes and Public Finance,4500000805,121,5035,108,2,0,1,10,18.0,8.39,23.18840579710145,30.97333613268948
Arizona,2022-04-25,"Title 16, Chapter 3",state board of tax appeals luxury transaction privilege sales use estate income,tax appeals,,Taxes and Public Finance,4500000808,44,2406,43,0,0,0,1,14.0,7.8,10.778443113772456,30.952879581151837
Arizona,2022-04-25,"Title 17, Chapter 1",department of transportation administration,transportation,,Transportation,4500000809,178,16207,153,3,0,6,16,18.0,9.41,13.009049773755658,37.32947561135086
Arizona,2022-04-25,"Title 17, Chapter 2",department of transportation aeronautics,transportation,,Transportation,4500000810,38,4038,24,0,0,1,13,21.0,8.63,11.475409836065571,35.20598358485571
Arizona,2022-04-25,"Title 17, Chapter 3",department of transportation highways,transportation,,Transportation,4500000811,272,19122,222,14,1,5,30,15.0,9.71,10.92233009708738,37.08836645928536
Arizona,2022-04-25,"Title 17, Chapter 4",department of transportation title registration and driver licenses,transportation,,Transportation,4500000812,273,18444,221,4,0,2,46,13.0,9.33,9.657794676806084,35.85755336617406
Arizona,2022-04-25,"Title 17, Chapter 5",department of transportation commercial programs,transportation,,Transportation,4500000813,632,37154,496,14,0,6,116,19.0,9.54,13.428120063191152,37.001894211175845
Arizona,2022-04-25,"Title 17, Chapter 6",department of transportation oversize and overweight special permits,transportation,,Transportation,4500000814,230,43448,186,2,0,4,38,37.0,8.89,15.52863436123348,30.39362354383813
Arizona,2022-04-25,"Title 17, Chapter 7",department of transportation third party programs,transportation,,Transportation,4500000815,83,6909,63,12,0,0,8,16.0,8.62,8.80195599022005,39.55249464340373
Arizona,2022-04-25,"Title 17, Chapter 8",department of transportation fuel taxes,transportation,,Transportation,4500000816,157,7393,128,9,0,0,20,14.0,8.54,6.769825918762089,33.39326978625072
Arizona,2022-04-25,"Title 18, Chapter 1",department of environmental quality administration,environmental quality,,"Environmental Protection, Public Utilities, and Natural Resources",4500000817,313,20603,107,0,0,0,206,9.0,8.08,5.610021786492374,35.41666148971858
Arizona,2022-04-25,"Title 18, Chapter 11",department of environmental quality water quality standards,environmental quality,,"Environmental Protection, Public Utilities, and Natural Resources",4500000825,233,52692,182,11,3,7,30,34.0,9.19,14.87964989059081,32.730395567581496
Arizona,2022-04-25,"Title 18, Chapter 12",department of environmental quality underground storage tanks,environmental quality,,"Environmental Protection, Public Utilities, and Natural Resources",4500000826,767,50641,625,1,9,0,132,22.0,9.81,18.02674043337944,37.78502420656267
Arizona,2022-04-25,"Title 18, Chapter 13",department of environmental quality solid waste management,environmental quality,,"Environmental Protection, Public Utilities, and Natural Resources",4500000827,534,29153,457,5,0,4,68,16.0,9.66,13.268236645605974,35.2363676503054
Arizona,2022-04-25,"Title 18, Chapter 14",department of environmental quality water quality permit and compliance fees,environmental quality,,"Environmental Protection, Public Utilities, and Natural Resources",4500000828,62,5141,49,3,0,0,10,21.0,8.38,22.026431718061676,34.09824080420379
Arizona,2022-04-25,"Title 18, Chapter 15",water infrastructure finance authority of arizona,environmental quality,,"Environmental Protection, Public Utilities, and Natural Resources",4500000829,309,13988,280,3,4,0,22,17.0,8.55,10.64102564102564,38.92652938070454
Arizona,2022-04-25,"Title 18, Chapter 16",department of environmental quality water quality assurance revolving fund program,environmental quality,,"Environmental Protection, Public Utilities, and Natural Resources",4500000830,284,16129,243,4,0,0,37,18.0,8.71,16.70616113744076,37.00223155683906
Arizona,2022-04-25,"Title 18, Chapter 2",department of environmental quality air pollution control,environmental quality,,"Environmental Protection, Public Utilities, and Natural Resources",4500000818,3193,195256,2572,128,13,17,463,18.0,10.42,16.118966357874207,36.78964265387655
Arizona,2022-04-25,"Title 18, Chapter 4",department of environmental quality safe drinking water,environmental quality,,"Environmental Protection, Public Utilities, and Natural Resources",4500000819,255,17269,218,8,0,0,29,19.0,9.43,13.078703703703704,37.59128852068035
Arizona,2022-04-25,"Title 18, Chapter 5",department of environmental quality environmental reviews and certification,environmental quality,,"Environmental Protection, Public Utilities, and Natural Resources",4500000820,630,23399,586,4,0,14,26,19.0,9.46,14.3687707641196,33.64322014841466
Arizona,2022-04-25,"Title 18, Chapter 6",department of environmental quality pesticides and water pollution control,environmental quality,,"Environmental Protection, Public Utilities, and Natural Resources",4500000821,49,2851,38,0,0,0,11,16.0,7.9,15.69767441860465,41.18107302533532
Arizona,2022-04-25,"Title 18, Chapter 7",department of environmental quality remedial action,environmental quality,,"Environmental Protection, Public Utilities, and Natural Resources",4500000822,85,19963,77,0,0,0,8,30.0,9.03,13.814432989690722,44.67079663149743
Arizona,2022-04-25,"Title 18, Chapter 8",department of environmental quality hazardous waste management,environmental quality,,"Environmental Protection, Public Utilities, and Natural Resources",4500000823,251,18622,206,14,2,2,27,17.0,9.38,13.898916967509026,34.664911755907866
Arizona,2022-04-25,"Title 18, Chapter 9",department of environmental quality water pollution control,environmental quality,,"Environmental Protection, Public Utilities, and Natural Resources",4500000824,1165,112740,993,6,0,9,157,19.0,10.14,17.737263588345545,36.20270491094172
Arizona,2022-04-25,"Title 19, Chapter 1",department of liquor licenses and control,alcohol horse and dog racing lottery and gaming,,"Industry, Commerce, and Development",4500000831,263,20586,207,2,3,6,45,14.0,9.04,12.783053323593863,33.50426455967767
Arizona,2022-04-25,"Title 19, Chapter 2",arizona racing commission,alcohol horse and dog racing lottery and gaming,,"Industry, Commerce, and Development",4500000832,2661,112017,2353,70,17,112,109,17.0,10.04,21.729044231364057,31.607520911984604
Arizona,2022-04-25,"Title 19, Chapter 3",arizona state lottery commission,alcohol horse and dog racing lottery and gaming,,"Industry, Commerce, and Development",4500000833,610,31033,537,18,1,6,48,15.0,9.37,15.31893520843797,35.2500084932903
Arizona,2022-04-25,"Title 19, Chapter 4",department of gaming,alcohol horse and dog racing lottery and gaming,,"Industry, Commerce, and Development",4500000834,496,19270,441,13,1,6,35,16.0,9.17,9.93091537132988,37.645976260481326
Arizona,2022-04-25,"Title 1, Chapter 1",secretary of state rules and rulemaking,rules and the rulemaking process,,Administration,4500000638,366,19780,351,2,0,0,13,14.0,8.58,17.491039426523297,30.79244979057029
Arizona,2022-04-25,"Title 1, Chapter 6",governor s regulatory review council,rules and the rulemaking process,,Administration,4500000639,85,5801,69,0,0,0,16,18.0,8.06,15.909090909090908,30.232553891121665
Arizona,2022-04-25,"Title 20, Chapter 3",office of tourism,commerce financial institutions and insurance,,"Banking, Insurance, and Securities",4500000835,6,350,6,0,0,0,0,11.0,6.39,6.451612903225806,37.65615141955836
Arizona,2022-04-25,"Title 20, Chapter 4",department of insurance and financial institutions,commerce financial institutions and insurance,,"Banking, Insurance, and Securities",4500000836,538,31006,417,2,2,9,108,16.0,9.6,12.956107879428874,35.00989684973516
Arizona,2022-04-25,"Title 20, Chapter 5",industrial commission of arizona,commerce financial institutions and insurance,,"Banking, Insurance, and Securities",4500000837,1697,240539,1405,61,14,3,214,34.0,9.7,18.045807166605098,37.23939506339358
Arizona,2022-04-25,"Title 20, Chapter 6",department of insurance and financial institutions insurance division,commerce financial institutions and insurance,,"Banking, Insurance, and Securities",4500000838,1692,115899,1320,62,26,15,269,21.0,10.32,21.61278605158009,35.87974494370828
Arizona,2022-04-25,"Title 20, Chapter 8",greater arizona development authority,commerce financial institutions and insurance,,"Banking, Insurance, and Securities",4500000839,76,4949,63,3,0,0,10,21.0,8.17,10.822510822510822,38.21352389078498
Arizona,2022-04-25,"Title 21, Chapter 1",department of child safety administration,child safety,,Social Assistance,4500000840,142,9913,121,1,0,1,19,12.0,8.77,10.86092715231788,33.54150154117129
Arizona,2022-04-25,"Title 21, Chapter 3",department of child safety centralized intake hotline,child safety,,Social Assistance,4500000841,11,1736,11,0,0,0,0,12.0,7.68,14.685314685314683,33.13510101010101
Arizona,2022-04-25,"Title 21, Chapter 4",department of child safety response to reports,child safety,,Social Assistance,4500000842,24,1348,20,0,0,0,4,19.0,7.57,22.058823529411764,37.44876886417792
Arizona,2022-04-25,"Title 21, Chapter 5",department of child safety permanency and support services,child safety,,Social Assistance,4500000843,206,16340,187,6,1,1,11,15.0,9.05,10.754716981132075,35.847991667209165
Arizona,2022-04-25,"Title 21, Chapter 6",department of child safety foster home licensing,child safety,,Social Assistance,4500000844,373,26247,314,4,1,6,48,17.0,9.2,12.735542560103962,34.96338028169014
Arizona,2022-04-25,"Title 21, Chapter 8",department of child safety foster home and child welfare agency facility safety,child safety,,Social Assistance,4500000845,66,3842,50,10,0,1,5,15.0,8.94,15.11627906976744,30.419706042460533
Arizona,2022-04-25,"Title 21, Chapter 9",department of child safety adoption agency licensing,child safety,,Social Assistance,4500000846,216,10785,192,0,0,0,24,16.0,8.74,12.855007473841551,36.63070990705952
Arizona,2022-04-25,"Title 2, Chapter 1",department of administration,administration,,Administration,4500000640,66,3952,58,2,0,0,6,16.0,8.09,8.547008547008547,35.94655823409817
Arizona,2022-04-25,"Title 2, Chapter 10",department of administration risk management division,administration,,Administration,4500000649,147,7124,134,0,0,0,13,18.0,9.14,11.421319796954316,37.11870346035918
Arizona,2022-04-25,"Title 2, Chapter 11",department of administration public buildings maintenance,administration,,Administration,4500000650,64,3270,56,3,0,1,4,14.0,8.48,10.775862068965516,34.25941837409121
Arizona,2022-04-25,"Title 2, Chapter 12",office of the secretary of state,administration,,Administration,4500000651,172,9699,113,41,3,0,15,16.0,8.86,12.39388794567063,39.19966923925028
Arizona,2022-04-25,"Title 2, Chapter 13",state board of investment,administration,,Administration,4500000652,40,2167,36,1,0,0,3,18.0,8.11,11.11111111111111,36.13186274509804
Arizona,2022-04-25,"Title 2, Chapter 14",office of the arizona state treasurer statewide collateral pool,administration,,Administration,4500000653,74,2519,42,0,0,0,32,15.0,7.75,16.766467065868262,38.53904601097509
Arizona,2022-04-25,"Title 2, Chapter 15",department of administration general services division,administration,,Administration,4500000654,72,3529,70,0,0,1,1,15.0,8.41,15.765765765765764,38.230997624703086
Arizona,2022-04-25,"Title 2, Chapter 16",office of the ombudsman citizens aide,administration,,Administration,4500000655,48,2241,47,0,0,0,1,17.0,7.77,26.4,39.46413502109704
Arizona,2022-04-25,"Title 2, Chapter 17",water quality appeals board,administration,,Administration,4500000656,102,5409,94,0,0,1,7,17.0,8.23,23.666666666666668,30.788616290480864
Arizona,2022-04-25,"Title 2, Chapter 18",government information technology,administration,,Administration,4500000657,36,1942,35,1,0,0,0,17.0,7.77,13.513513513513514,38.11713665943601
Arizona,2022-04-25,"Title 2, Chapter 19",office of administrative hearings,administration,,Administration,4500000658,53,2820,53,0,0,0,0,13.0,7.98,11.737089201877934,34.589936162223054
Arizona,2022-04-25,"Title 2, Chapter 2",arizona commission on the arts,administration,,Administration,4500000641,43,1965,38,3,0,0,2,19.0,7.87,5.825242718446602,37.473044397463
Arizona,2022-04-25,"Title 2, Chapter 20",citizens clean elections commission,administration,,Administration,4500000659,393,21626,332,27,2,6,26,21.0,9.28,20.262096774193548,36.82662359577648
Arizona,2022-04-25,"Title 2, Chapter 3",arizona state library archives and public records,administration,,Administration,4500000642,25,1689,13,6,0,1,5,16.0,8.08,7.766990291262135,35.233668341708544
Arizona,2022-04-25,"Title 2, Chapter 4",board of library examiners,administration,,Administration,4500000643,3,132,3,0,0,0,0,18.0,5.79,0.0,38.774193548387096
Arizona,2022-04-25,"Title 2, Chapter 5",department of administration state personnel system,administration,,Administration,4500000644,413,26569,349,12,8,5,39,15.0,9.14,14.020857473928158,34.062415841584155
Arizona,2022-04-25,"Title 2, Chapter 5-1",state personnel board,administration,,Administration,4500000645,121,4652,107,0,0,6,8,18.0,7.8,20.76923076923077,31.2386786261212
Arizona,2022-04-25,"Title 2, Chapter 6",department of administration benefit services division,administration,,Administration,4500000646,59,6016,54,0,0,0,5,16.0,8.44,11.142061281337048,34.86592474827769
Arizona,2022-04-25,"Title 2, Chapter 7",department of administration state procurement office,administration,,Administration,4500000647,489,23662,438,4,1,3,43,16.0,8.55,17.280453257790366,38.39251581639521
Arizona,2022-04-25,"Title 2, Chapter 8",state retirement system board,administration,,Administration,4500000648,461,39587,381,29,1,0,50,19.0,8.95,19.719016557952838,32.72373059225574
Arizona,2022-04-25,"Title 3, Chapter 1",department of agriculture administration,agriculture,,"Industry, Commerce, and Development",4500000660,23,1462,19,0,0,0,4,15.0,7.98,11.956521739130435,35.43800440205429
Arizona,2022-04-25,"Title 3, Chapter 10",department of agriculture citrus fruit and vegetable division,agriculture,,"Industry, Commerce, and Development",4500000669,155,16319,116,1,6,2,30,20.0,9.62,17.639593908629443,38.39491735807147
Arizona,2022-04-25,"Title 3, Chapter 11",veterinary medical examining board,agriculture,,"Industry, Commerce, and Development",4500000670,205,12974,150,0,1,0,54,16.0,9.0,15.503875968992247,36.12364153151647
Arizona,2022-04-25,"Title 3, Chapter 12",arizona exposition and state fair board,agriculture,,"Industry, Commerce, and Development",4500000671,51,4362,48,1,0,0,2,13.0,8.41,15.80547112462006,27.942384887839435
Arizona,2022-04-25,"Title 3, Chapter 2",department of agriculture animal services division,agriculture,,"Industry, Commerce, and Development",4500000661,967,40853,857,45,4,4,57,17.0,10.28,16.631038905515176,34.84203762722319
Arizona,2022-04-25,"Title 3, Chapter 3",department of agriculture environmental services division,agriculture,,"Industry, Commerce, and Development",4500000662,504,35998,423,11,1,2,67,13.0,10.22,12.422839506172838,38.29944915885068
Arizona,2022-04-25,"Title 3, Chapter 4",department of agriculture plant services division,agriculture,,"Industry, Commerce, and Development",4500000663,412,32605,316,38,0,16,42,14.0,10.53,9.494773519163765,36.59574958813838
Arizona,2022-04-25,"Title 3, Chapter 5",department of agriculture state agricultural laboratory,agriculture,,"Industry, Commerce, and Development",4500000664,43,2803,40,0,0,0,3,17.0,8.37,12.804878048780488,42.565626175253854
Arizona,2022-04-25,"Title 3, Chapter 6",department of agriculture office of commodity development and promotion,agriculture,,"Industry, Commerce, and Development",4500000665,2,321,2,0,0,0,0,12.0,6.92,11.538461538461538,36.40780141843972
Arizona,2022-04-25,"Title 3, Chapter 7",department of agriculture weights and measures services division,agriculture,,"Industry, Commerce, and Development",4500000666,728,44640,625,9,3,9,82,20.0,9.6,18.439068918302144,34.803467232483
Arizona,2022-04-25,"Title 3, Chapter 8",department of agriculture pest management division,agriculture,,"Industry, Commerce, and Development",4500000667,322,19648,250,2,14,0,56,15.0,9.38,19.36,37.28562231759657
Arizona,2022-04-25,"Title 3, Chapter 9",department of agriculture agricultural councils and commissions,agriculture,,"Industry, Commerce, and Development",4500000668,120,6702,117,0,0,0,3,14.0,8.67,6.651884700665188,33.62862577270566
Arizona,2022-04-25,"Title 4, Chapter 1",board of accountancy,professions and occupations,,"Industry, Commerce, and Development",4500000672,174,10496,148,5,3,1,17,16.0,9.1,13.548387096774196,36.89538029862712
Arizona,2022-04-25,"Title 4, Chapter 10",board of cosmetology,professions and occupations,,"Industry, Commerce, and Development",4500000679,260,15233,182,0,2,2,74,17.0,9.12,15.643105446118192,36.55316304271339
Arizona,2022-04-25,"Title 4, Chapter 11",state board of dental examiners,professions and occupations,,"Industry, Commerce, and Development",4500000680,295,22079,248,20,3,0,24,18.0,9.4,8.581138487680544,39.41890585733617
Arizona,2022-04-25,"Title 4, Chapter 12",board of funeral directors and embalmers,professions and occupations,,"Industry, Commerce, and Development",4500000681,232,17266,174,2,1,2,53,17.0,9.3,14.166666666666666,38.04149479775904
Arizona,2022-04-25,"Title 4, Chapter 15",board of massage therapy,professions and occupations,,"Industry, Commerce, and Development",4500000682,42,4369,29,0,0,0,13,17.0,8.59,18.253968253968253,34.776805251641136
Arizona,2022-04-25,"Title 4, Chapter 16",arizona medical board,professions and occupations,,"Industry, Commerce, and Development",4500000683,129,10919,96,0,1,1,31,16.0,9.23,13.893129770992363,37.68947985921001
Arizona,2022-04-25,"Title 4, Chapter 17",arizona regulatory board of physician assistants,professions and occupations,,"Industry, Commerce, and Development",4500000684,44,4771,35,0,0,0,9,20.0,8.59,24.675324675324678,35.34136634976785
Arizona,2022-04-25,"Title 4, Chapter 18",naturopathic physicians medical board,professions and occupations,,"Industry, Commerce, and Development",4500000685,115,10127,81,13,0,0,21,18.0,8.89,8.411214953271028,36.66228439209087
Arizona,2022-04-25,"Title 4, Chapter 19",board of nursing,professions and occupations,,"Industry, Commerce, and Development",4500000686,479,44381,403,3,3,2,68,18.0,9.59,12.291220556745182,37.46601641489235
Arizona,2022-04-25,"Title 4, Chapter 2",agricultural employment relations board,professions and occupations,,"Industry, Commerce, and Development",4500000673,87,5145,80,0,1,0,6,20.0,8.35,22.672064777327936,34.76230345109251
Arizona,2022-04-25,"Title 4, Chapter 20",board of dispensing opticians,professions and occupations,,"Industry, Commerce, and Development",4500000687,50,4402,40,0,1,0,9,18.0,8.63,15.163934426229508,35.87954157522555
Arizona,2022-04-25,"Title 4, Chapter 21",board of optometry,professions and occupations,,"Industry, Commerce, and Development",4500000688,121,9217,96,0,1,0,24,19.0,9.0,21.09704641350211,36.82496561210454
Arizona,2022-04-25,"Title 4, Chapter 22",board of osteopathic examiners in medicine and surgery,professions and occupations,,"Industry, Commerce, and Development",4500000689,112,8458,81,0,0,0,31,15.0,9.11,10.37735849056604,38.30319959370239
Arizona,2022-04-25,"Title 4, Chapter 23",board of pharmacy,professions and occupations,,"Industry, Commerce, and Development",4500000690,951,65305,774,2,1,6,168,18.0,9.59,14.293948126801151,39.62081706411953
Arizona,2022-04-25,"Title 4, Chapter 24",board of physical therapy,professions and occupations,,"Industry, Commerce, and Development",4500000691,195,14849,151,0,1,0,43,18.0,9.06,15.225334957369064,37.156232132647226
Arizona,2022-04-25,"Title 4, Chapter 25",board of podiatry examiners,professions and occupations,,"Industry, Commerce, and Development",4500000692,54,5131,34,0,1,0,19,14.0,8.55,8.033240997229916,34.09587871022848
Arizona,2022-04-25,"Title 4, Chapter 26",board of psychologist examiners,professions and occupations,,"Industry, Commerce, and Development",4500000693,295,19475,206,3,0,1,85,17.0,9.15,11.608775137111516,37.23158648023781
Arizona,2022-04-25,"Title 4, Chapter 28",state real estate department,professions and occupations,,"Industry, Commerce, and Development",4500000694,377,23879,323,2,0,0,52,19.0,9.49,23.612261806130903,36.45350769769069
Arizona,2022-04-25,"Title 4, Chapter 30",board of technical registration,professions and occupations,,"Industry, Commerce, and Development",4500000695,289,16037,266,5,0,0,18,20.0,9.53,14.393939393939394,42.19841733151716
Arizona,2022-04-25,"Title 4, Chapter 33",board of examiners of nursing care institution administrators and assisted living facility managers,professions and occupations,,"Industry, Commerce, and Development",4500000696,326,23632,221,0,2,0,103,17.0,9.02,10.408921933085502,36.985099337748345
Arizona,2022-04-25,"Title 4, Chapter 34",board of manufactured housing,professions and occupations,,"Industry, Commerce, and Development",4500000697,135,7326,110,0,0,0,25,18.0,9.24,11.538461538461538,38.71059203760834
Arizona,2022-04-25,"Title 4, Chapter 35",the arizona health facilities authority,professions and occupations,,"Industry, Commerce, and Development",4500000698,46,2589,42,1,0,1,2,43.0,8.1,55.172413793103445,31.51943319838057
Arizona,2022-04-25,"Title 4, Chapter 36",department of forestry and fire management,professions and occupations,,"Industry, Commerce, and Development",4500000699,20,1845,14,0,0,4,2,16.0,8.17,10.091743119266056,33.447826086956525
Arizona,2022-04-25,"Title 4, Chapter 38",board of homeopathic and integrated medicine examiners,professions and occupations,,"Industry, Commerce, and Development",4500000700,143,12098,111,0,0,0,32,18.0,9.12,14.037854889589903,39.18379045771232
Arizona,2022-04-25,"Title 4, Chapter 39",board for private postsecondary education,professions and occupations,,"Industry, Commerce, and Development",4500000701,285,17623,186,1,0,0,98,18.0,9.0,18.683651804670912,35.76556462000859
Arizona,2022-04-25,"Title 4, Chapter 40",department of veterans services arizona state veteran home,professions and occupations,,"Industry, Commerce, and Development",4500000702,30,1964,27,0,0,0,3,14.0,8.15,8.633093525179856,34.71578366445916
Arizona,2022-04-25,"Title 4, Chapter 43",board of occupational therapy examiners,professions and occupations,,"Industry, Commerce, and Development",4500000703,65,4937,61,0,0,0,4,14.0,8.55,11.143695014662756,38.62191958495461
Arizona,2022-04-25,"Title 4, Chapter 44",auditor general,professions and occupations,,"Industry, Commerce, and Development",4500000704,54,2637,49,0,0,0,5,19.0,8.18,18.248175182481752,32.25494071146245
Arizona,2022-04-25,"Title 4, Chapter 45",board of respiratory care examiners,professions and occupations,,"Industry, Commerce, and Development",4500000705,100,6554,87,1,0,1,11,16.0,8.75,16.103896103896105,35.94269900699984
Arizona,2022-04-25,"Title 4, Chapter 46",department of insurance and financial institutions division real estate appraisal,professions and occupations,,"Industry, Commerce, and Development",4500000706,152,9167,104,2,1,0,45,16.0,8.98,14.57943925233645,37.87915053384958
Arizona,2022-04-25,"Title 4, Chapter 49",board of athletic training,professions and occupations,,"Industry, Commerce, and Development",4500000708,59,3651,48,1,0,0,10,15.0,8.58,11.715481171548117,36.15294821909608
Arizona,2022-04-25,"Title 4, Chapter 5",board of barbers,professions and occupations,,"Industry, Commerce, and Development",4500000674,142,9289,110,0,0,2,30,13.0,8.83,13.323353293413174,31.97865181575589
Arizona,2022-04-25,"Title 4, Chapter 6",board of behavioral health examiners,professions and occupations,,"Industry, Commerce, and Development",4500000675,340,20117,279,0,3,1,57,16.0,9.04,14.140558848433532,39.309921124644525
Arizona,2022-04-25,"Title 4, Chapter 7",board of chiropractic examiners,professions and occupations,,"Industry, Commerce, and Development",4500000676,263,16249,216,11,0,1,35,15.0,9.18,11.5234375,36.71049868766404
Arizona,2022-04-25,"Title 4, Chapter 8",acupuncture board of examiners,professions and occupations,,"Industry, Commerce, and Development",4500000677,133,10267,102,0,1,0,30,19.0,8.89,15.75984990619137,36.36281719316416
Arizona,2022-04-25,"Title 4, Chapter 9",registrar of contractors,professions and occupations,,"Industry, Commerce, and Development",4500000678,106,15754,24,39,2,1,40,16.0,9.5,8.771929824561402,40.185033636174495
Arizona,2022-04-25,"Title 5, Chapter 4",board of executive clemency,corrections,,"Security, Justice, and Corrections",4500000709,26,1414,22,0,0,1,3,15.0,7.31,15.053763440860216,29.531227038941957
Arizona,2022-04-25,"Title 6, Chapter 1",department of economic security,economic security,,Labor and Workforce Development,4500000710,104,4676,89,0,0,1,14,15.0,8.65,12.969283276450511,38.26872743682311
Arizona,2022-04-25,"Title 6, Chapter 10",department of economic security the jobs program,economic security,,Labor and Workforce Development,4500000719,143,9320,131,0,0,0,12,15.0,8.71,16.179001721170398,38.34263637412063
Arizona,2022-04-25,"Title 6, Chapter 11",department of economic security job training partnership act,economic security,,Labor and Workforce Development,4500000720,73,4602,63,8,0,0,2,17.0,8.75,18.75,34.102517577682015
Arizona,2022-04-25,"Title 6, Chapter 12",department of economic security cash assistance program,economic security,,Labor and Workforce Development,4500000721,491,32508,446,14,1,1,29,17.0,9.46,19.2,34.700866110966395
Arizona,2022-04-25,"Title 6, Chapter 13",department of economic security state assistance programs,economic security,,Labor and Workforce Development,4500000722,217,12769,199,2,1,0,15,15.0,9.12,17.12574850299401,35.59711142833152
Arizona,2022-04-25,"Title 6, Chapter 14",department of economic security nutrition assistance program,economic security,,Labor and Workforce Development,4500000723,177,11390,154,8,2,1,12,17.0,8.97,20.85235920852359,35.284550587799686
Arizona,2022-04-25,"Title 6, Chapter 17",department of economic security general assistance program,economic security,,Labor and Workforce Development,4500000724,90,7218,83,0,1,1,5,15.0,8.84,14.19753086419753,34.80205278592376
Arizona,2022-04-25,"Title 6, Chapter 18",department of economic security office of licensing certification and regulation,economic security,,Labor and Workforce Development,4500000725,24,2645,22,2,0,0,0,13.0,8.89,13.0,33.48601119104716
Arizona,2022-04-25,"Title 6, Chapter 2",department of economic security employment and training,economic security,,Labor and Workforce Development,4500000711,16,2289,14,1,0,0,1,15.0,8.51,6.451612903225806,40.77736720554272
Arizona,2022-04-25,"Title 6, Chapter 3",department of economic security unemployment insurance,economic security,,Labor and Workforce Development,4500000712,673,64464,450,114,16,1,92,17.0,9.87,25.655172413793103,33.57992649320791
Arizona,2022-04-25,"Title 6, Chapter 4",department of economic security rehabilitation services,economic security,,Labor and Workforce Development,4500000713,406,19332,301,72,9,1,23,16.0,9.76,12.822647793505412,38.50771522826434
Arizona,2022-04-25,"Title 6, Chapter 5",department of economic security social services,economic security,,Labor and Workforce Development,4500000714,1618,77112,1471,30,3,13,101,15.0,10.01,13.015688553166765,34.966865400994585
Arizona,2022-04-25,"Title 6, Chapter 6",department of economic security developmental disabilities,economic security,,Labor and Workforce Development,4500000715,1022,54292,902,19,3,6,92,16.0,9.84,12.424607961399277,37.17259229534511
Arizona,2022-04-25,"Title 6, Chapter 7",department of economic security child support enforcement,economic security,,Labor and Workforce Development,4500000716,113,9204,106,1,1,0,5,16.0,8.17,15.145985401459855,31.73954417293233
Arizona,2022-04-25,"Title 6, Chapter 8",department of economic security aging and adult administration,economic security,,Labor and Workforce Development,4500000717,85,4602,81,2,0,1,1,15.0,8.81,14.47811447811448,33.279101741521536
Arizona,2022-04-25,"Title 6, Chapter 9",department of economic security appellate service administration,economic security,,Labor and Workforce Development,4500000718,13,556,13,0,0,0,0,24.0,6.46,26.08695652173913,32.4096834264432
Arizona,2022-04-25,"Title 7, Chapter 2",state board of education,education,,Primary and Secondary Education,4500000726,2437,144677,2057,56,25,5,294,18.0,10.12,13.01856235206179,39.367352688342926
Arizona,2022-04-25,"Title 7, Chapter 3",commission for postsecondary education,education,,Primary and Secondary Education,4500000727,168,12018,135,15,3,0,15,19.0,9.18,13.333333333333334,37.00835872877666
Arizona,2022-04-25,"Title 7, Chapter 4",arizona board of regents,education,,Primary and Secondary Education,4500000728,20,1864,17,0,0,3,0,15.0,8.07,8.799999999999999,41.059417040358746
Arizona,2022-04-25,"Title 7, Chapter 5",state board for charter schools,education,,Primary and Secondary Education,4500000729,443,23065,309,25,0,0,109,21.0,8.54,20.322886989553652,36.15961725142144
Arizona,2022-04-25,"Title 7, Chapter 6",school facilities oversight board,education,,Primary and Secondary Education,4500000730,202,10151,164,0,2,0,36,17.0,8.9,14.04399323181049,34.16588124410933
Arizona,2022-04-25,"Title 7, Chapter 8",achievement district schools,education,,Primary and Secondary Education,4500000731,62,3651,23,26,2,0,11,17.0,8.4,6.6350710900473935,36.71613459879206
Arizona,2022-04-25,"Title 8, Chapter 2",department of emergency and military affairs division of emergency management,emergency and military affairs,,"Security, Justice, and Corrections",4500000732,109,7214,78,14,1,0,16,16.0,9.24,14.087759815242496,38.811764705882354
Arizona,2022-04-25,"Title 8, Chapter 3",department of emergency and military affairs division of military affairs,emergency and military affairs,,"Security, Justice, and Corrections",4500000733,67,4526,61,0,0,0,6,18.0,8.36,16.73469387755102,38.766919072408896
Arizona,2022-04-25,"Title 8, Chapter 4",arizona emergency response commission,emergency and military affairs,,"Security, Justice, and Corrections",4500000734,50,2404,36,1,0,0,13,17.0,8.04,10.144927536231885,34.598488216985324
Arizona,2022-04-25,"Title 9, Chapter 1",department of health services administration,health services,,Health Services,4500000735,50,9445,44,0,0,2,4,14.0,8.99,8.89894419306184,34.58088062161526
Arizona,2022-04-25,"Title 9, Chapter 10",department of health services health care institutions licensing,health services,,Health Services,4500000743,1796,232730,1136,0,3,11,646,17.0,9.48,18.13186813186813,37.80682648702386
Arizona,2022-04-25,"Title 9, Chapter 11",department of health services health care institution facility and health professionals workforce data,health services,,Health Services,4500000744,92,18996,61,0,0,0,31,15.0,8.47,10.031847133757962,34.47358763345196
Arizona,2022-04-25,"Title 9, Chapter 12",department of health services sober living homes,health services,,Health Services,4500000745,66,8182,51,1,2,1,11,16.0,8.6,16.40316205533597,33.05932753472673
Arizona,2022-04-25,"Title 9, Chapter 13",department of health services health programs services,health services,,Health Services,4500000746,106,14799,95,0,1,0,10,14.0,8.95,13.891625615763548,36.12308366184845
Arizona,2022-04-25,"Title 9, Chapter 14",department of health services laboratories,health services,,Health Services,4500000747,107,26391,72,3,1,0,31,22.0,9.8,9.906542056074766,37.84910405532851
Arizona,2022-04-25,"Title 9, Chapter 15",department of health services loan repayment,health services,,Health Services,4500000748,115,16949,101,0,1,0,13,19.0,8.14,20.89201877934272,33.90438121616518
Arizona,2022-04-25,"Title 9, Chapter 16",department of health services occupational licensing,health services,,Health Services,4500000749,392,34917,254,0,10,1,127,15.0,9.23,11.767317939609237,38.680610266991806
Arizona,2022-04-25,"Title 9, Chapter 17",department of health services medical marijuana program,health services,,Health Services,4500000750,290,46545,212,1,3,2,72,21.0,9.08,23.557015485687472,39.50685533282468
Arizona,2022-04-25,"Title 9, Chapter 18",department of health services adult use marijuana program,health services,,Health Services,4500000751,179,25481,138,0,2,1,38,20.0,8.69,19.389438943894387,38.64708099505821
Arizona,2022-04-25,"Title 9, Chapter 19",department of health services vital records and statistics,health services,,Health Services,4500000752,228,34823,133,0,3,0,92,21.0,8.16,27.61845386533665,34.32201536732772
Arizona,2022-04-25,"Title 9, Chapter 2",department of health services tobacco related programs,health services,,Health Services,4500000736,47,3795,27,0,0,14,6,13.0,8.01,17.328519855595665,32.53635834787667
Arizona,2022-04-25,"Title 9, Chapter 20",department of health services court ordered program approvals,health services,,Health Services,4500000753,109,8300,60,0,0,0,49,15.0,8.18,14.122137404580156,36.19438029253272
Arizona,2022-04-25,"Title 9, Chapter 21",arizona health care cost containment system ahcccs behavioral health services for persons with serious mental illness,health services,,Health Services,4500000754,684,39743,630,9,3,7,35,20.0,9.53,22.760416666666668,35.45346744309158
Arizona,2022-04-25,"Title 9, Chapter 22",arizona health care cost containment system ahcccs administration,health services,,Health Services,4500000755,1036,89427,843,91,2,4,96,18.0,9.95,18.867924528301888,37.2934246177666
Arizona,2022-04-25,"Title 9, Chapter 23",department of health services oral health,health services,,Health Services,4500000756,6,1275,6,0,0,0,0,14.0,6.94,17.97752808988764,36.74529914529914
Arizona,2022-04-25,"Title 9, Chapter 24",department of health services arizona medically underserved area health services,health services,,Health Services,4500000757,13,2818,12,0,0,0,1,12.0,8.15,2.2522522522522523,36.207610993657504
Arizona,2022-04-25,"Title 9, Chapter 25",department of health services emergency medical services,health services,,Health Services,4500000758,486,63890,289,1,1,0,195,8.0,9.72,6.040454419506788,38.02273546217334
Arizona,2022-04-25,"Title 9, Chapter 26",commission for the deaf and the hard of hearing,health services,,Health Services,4500000759,142,8822,92,0,0,0,50,18.0,8.61,16.25,37.95434729958828
Arizona,2022-04-25,"Title 9, Chapter 28",arizona health care cost containment system arizona long term care system,health services,,Health Services,4500000760,339,28262,302,11,3,0,23,17.0,9.42,15.283018867924527,36.63832321067048
Arizona,2022-04-25,"Title 9, Chapter 29",arizona health care cost containment system medicare cost sharing program,health services,,Health Services,4500000761,49,3068,48,0,0,0,1,12.0,7.78,15.254237288135592,35.65129682997118
Arizona,2022-04-25,"Title 9, Chapter 3",department of health services child care group homes,health services,,Health Services,4500000737,220,20876,141,0,6,0,73,18.0,9.1,18.66197183098592,31.517643464534853
Arizona,2022-04-25,"Title 9, Chapter 30",arizona health care cost containment system medicare part d prescription coverage extra help subsidy program,health services,,Health Services,4500000762,26,1266,26,0,0,0,0,16.0,7.42,16.216216216216218,37.66939146230699
Arizona,2022-04-25,"Title 9, Chapter 31",arizona health care cost containment system children s health insurance program,health services,,Health Services,4500000763,134,9727,119,1,0,1,13,14.0,8.84,13.90625,39.03319006685769
Arizona,2022-04-25,"Title 9, Chapter 33",department of health services group homes for individuals with a developmental disability,health services,,Health Services,4500000764,67,6063,53,0,2,0,12,17.0,8.77,23.98843930635838,33.343183817062446
Arizona,2022-04-25,"Title 9, Chapter 34",arizona health care cost containment system grievance system,health services,,Health Services,4500000765,152,9925,152,0,0,0,0,17.0,8.05,17.495395948434624,31.50802081075222
Arizona,2022-04-25,"Title 9, Chapter 4",department of health services noncommunicable diseases,health services,,Health Services,4500000738,58,14019,39,0,0,2,17,15.0,8.64,14.672686230248308,32.2164280331575
Arizona,2022-04-25,"Title 9, Chapter 5",department of health services child care facilities,health services,,Health Services,4500000739,351,28780,238,0,3,2,108,17.0,9.3,18.32107843137255,32.188122121527265
Arizona,2022-04-25,"Title 9, Chapter 6",department of health services communicable diseases and infestations,health services,,Health Services,4500000740,565,48307,361,2,0,0,202,18.0,9.21,13.947163947163943,35.89909938096409
Arizona,2022-04-25,"Title 9, Chapter 7",department of health services radiation control,health services,,Health Services,4500000741,2859,209166,2227,117,35,15,465,25.0,10.24,18.95516668795504,37.84852998868566
Arizona,2022-04-25,"Title 9, Chapter 8",department of health services food recreational and institutional sanitation,health services,,Health Services,4500000742,156,20980,137,3,3,0,13,12.0,9.36,7.467911318553091,32.64450546549084
Arizona,2023-05-17,"Title 10, Chapter 1",department of law attorney general s office,law,,"Security, Justice, and Corrections",4500000975,29,1736,28,0,0,0,1,17.0,7.84,7.920792079207921,32.48799519807923
Arizona,2023-05-17,"Title 10, Chapter 2",attorney general fair housing,law,,"Security, Justice, and Corrections",4500000976,76,9195,56,2,1,12,5,22.0,9.19,14.043583535108958,37.32527522415163
Arizona,2023-05-17,"Title 10, Chapter 3",department of law civil rights division,law,,"Security, Justice, and Corrections",4500000977,137,8025,118,3,0,2,14,22.0,8.67,20.833333333333336,35.33386454183267
Arizona,2023-05-17,"Title 10, Chapter 4",arizona criminal justice commission,law,,"Security, Justice, and Corrections",4500000978,150,11092,127,2,0,0,21,17.0,9.12,14.832535885167465,35.10644125425009
Arizona,2023-05-17,"Title 11, Chapter 1",state mine inspector,mines,,"Environmental Protection, Public Utilities, and Natural Resources",4500000979,1148,34077,1010,92,0,18,28,20.0,10.31,29.843561973525876,33.99108332804468
Arizona,2023-05-17,"Title 11, Chapter 2",state mine inspector mined land reclamation,mines,,"Environmental Protection, Public Utilities, and Natural Resources",4500000980,157,7808,143,0,3,0,11,20.0,8.6,19.67654986522911,35.29690444145356
Arizona,2023-05-17,"Title 11, Chapter 3",state mine inspector aggregate mined land reclamation,mines,,"Environmental Protection, Public Utilities, and Natural Resources",4500000981,166,9910,134,1,0,0,31,18.0,8.76,16.184971098265898,37.94603276582075
Arizona,2023-05-17,"Title 12, Chapter 14",arizona power authority,natural resources,,"Environmental Protection, Public Utilities, and Natural Resources",4500000986,166,9143,146,7,0,0,13,16.0,8.79,13.53251318101933,34.21959654178674
Arizona,2023-05-17,"Title 12, Chapter 15",department of water resources,natural resources,,"Environmental Protection, Public Utilities, and Natural Resources",4500000987,1055,76162,929,6,6,3,111,20.0,9.62,19.280065448595582,34.58283191812405
Arizona,2023-05-17,"Title 12, Chapter 17",arizona navigable stream adjudication commission,natural resources,,"Environmental Protection, Public Utilities, and Natural Resources",4500000988,25,1220,24,0,0,0,1,12.0,7.57,12.12121212121212,34.02024647887324
Arizona,2023-05-17,"Title 12, Chapter 4",game and fish commission,natural resources,,"Environmental Protection, Public Utilities, and Natural Resources",4500000982,1604,136764,1310,13,8,36,237,17.0,10.26,15.38359083644113,32.653513979474
Arizona,2023-05-17,"Title 12, Chapter 5",state land department,natural resources,,"Environmental Protection, Public Utilities, and Natural Resources",4500000983,634,35921,538,27,3,6,60,20.0,9.72,18.86477462437396,32.945573544609026
Arizona,2023-05-17,"Title 12, Chapter 7",oil and gas conservation commission,natural resources,,"Environmental Protection, Public Utilities, and Natural Resources",4500000984,417,13954,352,0,1,5,59,21.0,9.15,17.28395061728395,33.34159318941928
Arizona,2023-05-17,"Title 12, Chapter 8",arizona state parks board,natural resources,,"Environmental Protection, Public Utilities, and Natural Resources",4500000985,111,8610,93,5,0,7,6,18.0,8.92,10.606060606060606,33.022344864719344
Arizona,2023-05-17,"Title 13, Chapter 1",department of public safety criminal identification section,public safety,,"Security, Justice, and Corrections",4500000989,73,5579,66,2,0,0,5,15.0,8.88,8.806818181818182,36.51626402891383
Arizona,2023-05-17,"Title 13, Chapter 10",department of public safety alcohol testing,public safety,,"Security, Justice, and Corrections",4500000998,78,6847,67,4,0,0,7,16.0,8.97,8.49056603773585,42.12469985593085
Arizona,2023-05-17,"Title 13, Chapter 11",board of fingerprinting,public safety,,"Security, Justice, and Corrections",4500000999,39,2799,30,0,0,3,6,16.0,7.83,13.79310344827586,33.36346516007533
Arizona,2023-05-17,"Title 13, Chapter 12",private investigator and security guard hearing board,public safety,,"Security, Justice, and Corrections",4500001000,15,1116,14,0,0,0,1,16.0,7.54,18.461538461538463,35.05123339658444
Arizona,2023-05-17,"Title 13, Chapter 13",department of public safety school buses,public safety,,"Security, Justice, and Corrections",4500001001,680,29946,620,7,0,0,53,19.0,9.58,16.917047681254083,31.503608211308062
Arizona,2023-05-17,"Title 13, Chapter 14",constable ethics standards and training board,public safety,,"Security, Justice, and Corrections",4500001002,32,2124,28,0,0,0,4,15.0,7.94,11.76470588235294,31.87405541561713
Arizona,2023-05-17,"Title 13, Chapter 15",department of public safety rapid dna,public safety,,"Security, Justice, and Corrections",4500001003,34,2597,33,1,0,0,0,15.0,8.14,7.954545454545454,39.04451639012546
Arizona,2023-05-17,"Title 13, Chapter 2",department of public safety private investigators,public safety,,"Security, Justice, and Corrections",4500000990,78,3382,69,0,0,0,9,16.0,8.13,19.806763285024157,38.8517571884984
Arizona,2023-05-17,"Title 13, Chapter 3",department of public safety tow trucks,public safety,,"Security, Justice, and Corrections",4500000991,75,7240,69,0,0,0,6,15.0,8.38,15.486725663716811,27.633096853793955
Arizona,2023-05-17,"Title 13, Chapter 4",arizona peace officer standards and training board,public safety,,"Security, Justice, and Corrections",4500000992,276,14934,221,0,0,2,53,15.0,9.18,11.099585062240664,37.80736038798945
Arizona,2023-05-17,"Title 13, Chapter 5",law enforcement merit system council,public safety,,"Security, Justice, and Corrections",4500000993,486,21382,447,7,0,1,31,14.0,9.04,16.464237516869098,35.440228162614204
Arizona,2023-05-17,"Title 13, Chapter 6",department of public safety security guards,public safety,,"Security, Justice, and Corrections",4500000994,155,6975,131,0,0,2,22,16.0,8.45,16.129032258064516,35.71747904377523
Arizona,2023-05-17,"Title 13, Chapter 7",department of public safety reporting by scrap metal and used automotive components dealers,public safety,,"Security, Justice, and Corrections",4500000995,11,699,9,0,0,0,2,18.0,6.41,7.6923076923076925,34.40929535232384
Arizona,2023-05-17,"Title 13, Chapter 8",department of public safety local retirement board,public safety,,"Security, Justice, and Corrections",4500000996,75,3363,66,0,0,0,9,22.0,8.07,26.797385620915037,34.0878918254456
Arizona,2023-05-17,"Title 13, Chapter 9",department of public safety concealed weapons permits,public safety,,"Security, Justice, and Corrections",4500000997,95,4994,72,0,0,6,17,15.0,8.5,14.733542319749215,35.70060658578856
Arizona,2023-05-17,"Title 14, Chapter 1",corporation commission corporations and associations,public service corporations corporations and associations securities regulation,,Administration,4500001004,36,3947,16,7,1,0,12,17.0,8.65,14.027149321266968,35.520151474168244
Arizona,2023-05-17,"Title 14, Chapter 2",corporation commission fixed utilities,public service corporations corporations and associations securities regulation,,Administration,4500001005,2806,155632,2333,120,32,13,308,18.0,10.21,15.516829792313205,38.18880642331826
Arizona,2023-05-17,"Title 14, Chapter 3",corporation commission rules of practice and procedure,public service corporations corporations and associations securities regulation,,Administration,4500001006,291,11847,244,20,0,2,25,19.0,9.1,24.509803921568626,34.899451076065176
Arizona,2023-05-17,"Title 14, Chapter 4",corporation commission securities,public service corporations corporations and associations securities regulation,,Administration,4500001007,491,34935,375,26,5,1,84,19.0,9.55,16.17161716171617,35.302329819871815
Arizona,2023-05-17,"Title 14, Chapter 5",corporation commission transportation,public service corporations corporations and associations securities regulation,,Administration,4500001008,583,21269,538,5,1,2,37,19.0,10.04,17.439703153988866,33.83736438737932
Arizona,2023-05-17,"Title 14, Chapter 6",corporation commission investment management,public service corporations corporations and associations securities regulation,,Administration,4500001009,118,8268,69,3,0,0,46,20.0,8.81,21.64179104477612,38.43921668362157
Arizona,2023-05-17,"Title 15, Chapter 10",department of revenue general administration,revenue,,Taxes and Public Finance,4500001015,106,8233,92,1,0,0,13,17.0,8.59,12.761506276150628,34.694886731391584
Arizona,2023-05-17,"Title 15, Chapter 12",department of revenue property tax oversight commission,revenue,,Taxes and Public Finance,4500001016,54,2221,54,0,0,0,0,16.0,7.91,11.76470588235294,35.1236276849642
Arizona,2023-05-17,"Title 15, Chapter 2",department of revenue income and withholding tax section,revenue,,Taxes and Public Finance,4500001010,334,28278,239,18,3,2,72,20.0,9.26,20.58613295210865,33.07957589285714
Arizona,2023-05-17,"Title 15, Chapter 3",department of revenue luxury tax section,revenue,,Taxes and Public Finance,4500001011,71,4644,63,0,0,0,8,17.0,8.22,18.823529411764707,33.58913294797688
Arizona,2023-05-17,"Title 15, Chapter 4",department of revenue property tax,revenue,,Taxes and Public Finance,4500001012,144,5316,141,1,0,0,2,17.0,8.65,16.065573770491802,35.145821100019575
Arizona,2023-05-17,"Title 15, Chapter 5",department of revenue transaction privilege and use tax section,revenue,,Taxes and Public Finance,4500001013,272,27258,230,11,2,0,29,18.0,9.56,20.644718792866943,34.59562189820336
Arizona,2023-05-17,"Title 15, Chapter 7",department of revenue bingo section,revenue,,Taxes and Public Finance,4500001014,121,5035,108,2,0,1,10,18.0,8.39,23.18840579710145,30.97333613268948
Arizona,2023-05-17,"Title 16, Chapter 3",state board of tax appeals luxury transaction privilege sales use estate income,tax appeals,,Taxes and Public Finance,4500001017,44,2406,43,0,0,0,1,14.0,7.8,10.778443113772456,30.952879581151837
Arizona,2023-05-17,"Title 17, Chapter 1",department of transportation administration,transportation,,Transportation,4500001018,276,20208,233,3,0,14,26,17.0,9.57,14.095744680851062,36.77854382116369
Arizona,2023-05-17,"Title 17, Chapter 2",department of transportation aeronautics,transportation,,Transportation,4500001019,38,4038,24,0,0,1,13,21.0,8.63,11.475409836065571,35.20598358485571
Arizona,2023-05-17,"Title 17, Chapter 3",department of transportation highways,transportation,,Transportation,4500001020,239,17332,188,14,1,6,30,15.0,9.6,10.755555555555556,36.82228020144409
Arizona,2023-05-17,"Title 17, Chapter 4",department of transportation title registration and driver licenses,transportation,,Transportation,4500001021,281,18341,227,4,0,2,48,13.0,9.3,9.691960931630351,36.07419183889772
Arizona,2023-05-17,"Title 17, Chapter 5",department of transportation commercial programs,transportation,,Transportation,4500001022,632,37154,496,14,0,6,116,19.0,9.54,13.428120063191152,37.001894211175845
Arizona,2023-05-17,"Title 17, Chapter 6",department of transportation oversize and overweight special permits,transportation,,Transportation,4500001023,226,44412,179,2,0,4,41,38.0,9.17,17.16961498439126,31.048165472884083
Arizona,2023-05-17,"Title 17, Chapter 7",department of transportation third party programs,transportation,,Transportation,4500001024,75,6297,57,12,0,0,6,17.0,8.6,10.16949152542373,39.42551412807223
Arizona,2023-05-17,"Title 17, Chapter 8",department of transportation fuel taxes,transportation,,Transportation,4500001025,157,7393,128,9,0,0,20,14.0,8.54,6.769825918762089,33.39326978625072
Arizona,2023-05-17,"Title 18, Chapter 1",department of environmental quality administration,environmental quality,,"Environmental Protection, Public Utilities, and Natural Resources",4500001027,313,20865,107,0,0,0,206,9.0,8.08,5.55855369670804,35.32904139970429
Arizona,2023-05-17,"Title 18, Chapter 11",department of environmental quality water quality standards,environmental quality,,"Environmental Protection, Public Utilities, and Natural Resources",4500001035,323,79439,249,22,3,9,40,38.0,9.09,14.773980154355016,33.29005979876106
Arizona,2023-05-17,"Title 18, Chapter 12",department of environmental quality underground storage tanks,environmental quality,,"Environmental Protection, Public Utilities, and Natural Resources",4500001036,767,50641,625,1,9,0,132,22.0,9.81,18.02674043337944,37.78502420656267
Arizona,2023-05-17,"Title 18, Chapter 13",department of environmental quality solid waste management,environmental quality,,"Environmental Protection, Public Utilities, and Natural Resources",4500001037,534,29153,457,5,0,4,68,16.0,9.66,13.268236645605974,35.2363676503054
Arizona,2023-05-17,"Title 18, Chapter 14",department of environmental quality water quality permit and compliance fees,environmental quality,,"Environmental Protection, Public Utilities, and Natural Resources",4500001038,69,5648,56,3,0,0,10,21.0,8.42,20.967741935483872,33.72993924156715
Arizona,2023-05-17,"Title 18, Chapter 15",water infrastructure finance authority of arizona,environmental quality,,"Environmental Protection, Public Utilities, and Natural Resources",4500001039,309,13988,280,3,4,0,22,17.0,8.55,10.64102564102564,38.92652938070454
Arizona,2023-05-17,"Title 18, Chapter 16",department of environmental quality water quality assurance revolving fund program,environmental quality,,"Environmental Protection, Public Utilities, and Natural Resources",4500001040,284,16130,243,4,0,0,37,18.0,8.71,16.68639053254438,37.00301896698825
Arizona,2023-05-17,"Title 18, Chapter 18",department of environmental quality emergency planning and hazardous materials training,environmental quality,,"Environmental Protection, Public Utilities, and Natural Resources",4500001041,68,4156,54,1,0,0,13,15.0,8.73,8.614232209737828,37.26058884297521
Arizona,2023-05-17,"Title 18, Chapter 2",department of environmental quality air pollution control,environmental quality,,"Environmental Protection, Public Utilities, and Natural Resources",4500001028,3193,194804,2572,128,13,17,463,18.0,10.42,16.108888672065564,36.79557570624284
Arizona,2023-05-17,"Title 18, Chapter 4",department of environmental quality safe drinking water,environmental quality,,"Environmental Protection, Public Utilities, and Natural Resources",4500001029,255,18348,218,8,0,0,29,19.0,9.47,13.209606986899564,37.517341040462426
Arizona,2023-05-17,"Title 18, Chapter 5",department of environmental quality environmental reviews and certification,environmental quality,,"Environmental Protection, Public Utilities, and Natural Resources",4500001030,630,23399,586,4,0,14,26,19.0,9.46,14.3687707641196,33.64322014841466
Arizona,2023-05-17,"Title 18, Chapter 6",department of environmental quality pesticides and water pollution control,environmental quality,,"Environmental Protection, Public Utilities, and Natural Resources",4500001031,49,2851,38,0,0,0,11,16.0,7.9,15.69767441860465,41.18107302533532
Arizona,2023-05-17,"Title 18, Chapter 7",department of environmental quality remedial action,environmental quality,,"Environmental Protection, Public Utilities, and Natural Resources",4500001032,85,19963,77,0,0,0,8,30.0,9.03,13.814432989690722,44.67079663149743
Arizona,2023-05-17,"Title 18, Chapter 8",department of environmental quality hazardous waste management,environmental quality,,"Environmental Protection, Public Utilities, and Natural Resources",4500001033,258,18874,213,14,2,2,27,20.0,9.4,16.95842450765864,34.60181850386727
Arizona,2023-05-17,"Title 18, Chapter 9",department of environmental quality water pollution control,environmental quality,,"Environmental Protection, Public Utilities, and Natural Resources",4500001034,1836,151848,1319,214,4,27,272,19.0,10.25,17.38351254480287,36.017432443951925
Arizona,2023-05-17,"Title 19, Chapter 1",department of liquor licenses and control,alcohol horse and dog racing lottery and gaming,,"Industry, Commerce, and Development",4500001042,289,22362,227,2,3,6,51,14.0,9.02,12.754409769335142,33.424322761014174
Arizona,2023-05-17,"Title 19, Chapter 2",arizona racing commission,alcohol horse and dog racing lottery and gaming,,"Industry, Commerce, and Development",4500001043,1964,87145,1712,63,12,97,80,18.0,10.01,24.057672502574665,31.52495537308104
Arizona,2023-05-17,"Title 19, Chapter 3",arizona state lottery commission,alcohol horse and dog racing lottery and gaming,,"Industry, Commerce, and Development",4500001044,563,29647,491,19,1,5,47,15.0,9.39,14.803149606299211,35.60302275960171
Arizona,2023-05-17,"Title 19, Chapter 4",department of gaming,alcohol horse and dog racing lottery and gaming,,"Industry, Commerce, and Development",4500001045,503,19491,447,13,1,7,35,16.0,9.18,10.197086546700945,37.619470455279306
Arizona,2023-05-17,"Title 1, Chapter 1",secretary of state rules and rulemaking,rules and the rulemaking process,,Administration,4500000847,366,19780,351,2,0,0,13,14.0,8.58,17.491039426523297,30.79244979057029
Arizona,2023-05-17,"Title 1, Chapter 6",governor s regulatory review council,rules and the rulemaking process,,Administration,4500000848,86,5834,70,0,0,0,16,18.0,8.06,15.806451612903224,30.24604761039433
Arizona,2023-05-17,"Title 20, Chapter 3",office of tourism,commerce financial institutions and insurance,,"Banking, Insurance, and Securities",4500001046,6,350,6,0,0,0,0,11.0,6.39,6.451612903225806,37.65615141955836
Arizona,2023-05-17,"Title 20, Chapter 4",department of insurance and financial institutions,commerce financial institutions and insurance,,"Banking, Insurance, and Securities",4500001047,534,31297,417,2,2,9,104,16.0,9.61,13.249211356466878,34.881352423667416
Arizona,2023-05-17,"Title 20, Chapter 5",industrial commission of arizona,commerce financial institutions and insurance,,"Banking, Insurance, and Securities",4500001048,1429,229383,1133,66,18,6,206,38.0,9.61,19.912087912087912,37.806600124530654
Arizona,2023-05-17,"Title 20, Chapter 6",department of insurance and financial institutions insurance division,commerce financial institutions and insurance,,"Banking, Insurance, and Securities",4500001049,1740,126500,1330,75,28,18,289,20.0,10.37,20.22801302931596,35.75952201278724
Arizona,2023-05-17,"Title 20, Chapter 8",greater arizona development authority,commerce financial institutions and insurance,,"Banking, Insurance, and Securities",4500001050,76,4949,63,3,0,0,10,21.0,8.17,10.822510822510822,38.21352389078498
Arizona,2023-05-17,"Title 21, Chapter 1",department of child safety administration,child safety,,Social Assistance,4500001051,142,9913,121,1,0,1,19,12.0,8.77,10.875331564986736,33.54150154117129
Arizona,2023-05-17,"Title 21, Chapter 3",department of child safety centralized intake hotline,child safety,,Social Assistance,4500001052,11,1736,11,0,0,0,0,12.0,7.68,14.685314685314683,33.13510101010101
Arizona,2023-05-17,"Title 21, Chapter 4",department of child safety response to reports,child safety,,Social Assistance,4500001053,24,1348,20,0,0,0,4,19.0,7.57,22.058823529411764,37.44876886417792
Arizona,2023-05-17,"Title 21, Chapter 5",department of child safety permanency and support services,child safety,,Social Assistance,4500001054,204,16278,185,6,1,1,11,15.0,9.05,10.721062618595823,35.815533346397544
Arizona,2023-05-17,"Title 21, Chapter 6",department of child safety foster home licensing,child safety,,Social Assistance,4500001055,373,26247,314,4,1,6,48,17.0,9.2,12.735542560103962,34.96338028169014
Arizona,2023-05-17,"Title 21, Chapter 8",department of child safety foster home and child welfare agency facility safety,child safety,,Social Assistance,4500001056,73,4030,59,8,0,1,5,14.0,8.95,14.285714285714285,30.676111255523782
Arizona,2023-05-17,"Title 21, Chapter 9",department of child safety adoption agency licensing,child safety,,Social Assistance,4500001057,216,10785,192,0,0,0,24,16.0,8.74,12.855007473841551,36.63070990705952
Arizona,2023-05-17,"Title 2, Chapter 1",department of administration,administration,,Administration,4500000849,66,3951,58,2,0,0,6,16.0,8.08,8.547008547008547,35.942765833817546
Arizona,2023-05-17,"Title 2, Chapter 10",department of administration risk management division,administration,,Administration,4500000858,144,6870,131,0,0,0,13,18.0,9.11,10.443864229765012,36.98287878787879
Arizona,2023-05-17,"Title 2, Chapter 11",department of administration public buildings maintenance,administration,,Administration,4500000859,64,3270,56,3,0,1,4,14.0,8.48,10.775862068965516,34.25941837409121
Arizona,2023-05-17,"Title 2, Chapter 12",office of the secretary of state,administration,,Administration,4500000860,172,9811,113,41,3,0,15,16.0,8.88,12.351945854483926,39.15536415176624
Arizona,2023-05-17,"Title 2, Chapter 13",state board of investment,administration,,Administration,4500000861,40,2167,36,1,0,0,3,18.0,8.11,11.11111111111111,36.13186274509804
Arizona,2023-05-17,"Title 2, Chapter 14",office of the arizona state treasurer statewide collateral pool,administration,,Administration,4500000862,74,2519,42,0,0,0,32,15.0,7.75,16.766467065868262,38.53904601097509
Arizona,2023-05-17,"Title 2, Chapter 15",department of administration general services division,administration,,Administration,4500000863,34,1965,33,0,0,0,1,19.0,7.84,15.53398058252427,39.754928076718166
Arizona,2023-05-17,"Title 2, Chapter 16",office of the ombudsman citizens aide,administration,,Administration,4500000864,48,2241,47,0,0,0,1,17.0,7.77,26.4,39.46413502109704
Arizona,2023-05-17,"Title 2, Chapter 17",water quality appeals board,administration,,Administration,4500000865,102,5409,94,0,0,1,7,17.0,8.23,23.666666666666668,30.788616290480864
Arizona,2023-05-17,"Title 2, Chapter 18",government information technology,administration,,Administration,4500000866,36,1942,35,1,0,0,0,17.0,7.77,13.513513513513514,38.11713665943601
Arizona,2023-05-17,"Title 2, Chapter 19",office of administrative hearings,administration,,Administration,4500000867,53,2820,53,0,0,0,0,13.0,7.98,11.737089201877934,34.589936162223054
Arizona,2023-05-17,"Title 2, Chapter 2",arizona commission on the arts,administration,,Administration,4500000850,43,1965,38,3,0,0,2,19.0,7.87,5.825242718446602,37.473044397463
Arizona,2023-05-17,"Title 2, Chapter 20",citizens clean elections commission,administration,,Administration,4500000868,393,21636,332,27,2,6,26,21.0,9.28,20.262096774193548,36.8297421065317
Arizona,2023-05-17,"Title 2, Chapter 3",arizona state library archives and public records,administration,,Administration,4500000851,25,1689,13,6,0,1,5,16.0,8.08,7.766990291262135,35.233668341708544
Arizona,2023-05-17,"Title 2, Chapter 4",board of library examiners,administration,,Administration,4500000852,3,132,3,0,0,0,0,18.0,5.79,0.0,38.774193548387096
Arizona,2023-05-17,"Title 2, Chapter 5",department of administration state personnel system,administration,,Administration,4500000853,413,26569,349,12,8,5,39,15.0,9.14,14.020857473928158,34.062415841584155
Arizona,2023-05-17,"Title 2, Chapter 5-1",state personnel board,administration,,Administration,4500000854,121,4652,107,0,0,6,8,18.0,7.8,20.76923076923077,31.2386786261212
Arizona,2023-05-17,"Title 2, Chapter 6",department of administration benefit services division,administration,,Administration,4500000855,59,6016,54,0,0,0,5,16.0,8.44,11.142061281337048,34.86592474827769
Arizona,2023-05-17,"Title 2, Chapter 7",department of administration state procurement office,administration,,Administration,4500000856,493,23490,441,4,1,3,44,16.0,8.56,17.46031746031746,38.5000225235371
Arizona,2023-05-17,"Title 2, Chapter 8",state retirement system board,administration,,Administration,4500000857,471,40132,385,29,4,0,53,19.0,8.95,19.870839542970693,32.71624131161458
Arizona,2023-05-17,"Title 3, Chapter 1",department of agriculture administration,agriculture,,"Industry, Commerce, and Development",4500000869,23,1462,19,0,0,0,4,15.0,7.98,11.956521739130435,35.43800440205429
Arizona,2023-05-17,"Title 3, Chapter 10",department of agriculture citrus fruit and vegetable division,agriculture,,"Industry, Commerce, and Development",4500000878,156,16602,116,2,6,2,30,20.0,9.61,17.786069651741293,38.41364016198496
Arizona,2023-05-17,"Title 3, Chapter 11",veterinary medical examining board,agriculture,,"Industry, Commerce, and Development",4500000879,205,12974,150,0,1,0,54,16.0,9.0,15.503875968992247,36.12364153151647
Arizona,2023-05-17,"Title 3, Chapter 12",arizona exposition and state fair board,agriculture,,"Industry, Commerce, and Development",4500000880,51,4362,48,1,0,0,2,13.0,8.41,15.80547112462006,27.942384887839435
Arizona,2023-05-17,"Title 3, Chapter 2",department of agriculture animal services division,agriculture,,"Industry, Commerce, and Development",4500000870,982,42076,870,46,4,4,58,17.0,10.3,16.341766901700538,34.762942369824934
Arizona,2023-05-17,"Title 3, Chapter 3",department of agriculture environmental services division,agriculture,,"Industry, Commerce, and Development",4500000871,504,35680,423,11,1,2,67,13.0,10.22,12.514574426739214,38.27201723673579
Arizona,2023-05-17,"Title 3, Chapter 4",department of agriculture plant services division,agriculture,,"Industry, Commerce, and Development",4500000872,408,32404,312,38,0,16,42,14.0,10.52,9.409190371991247,36.64166832438167
Arizona,2023-05-17,"Title 3, Chapter 5",department of agriculture state agricultural laboratory,agriculture,,"Industry, Commerce, and Development",4500000873,43,2803,40,0,0,0,3,17.0,8.37,12.804878048780488,42.565626175253854
Arizona,2023-05-17,"Title 3, Chapter 6",department of agriculture office of commodity development and promotion,agriculture,,"Industry, Commerce, and Development",4500000874,2,323,2,0,0,0,0,12.0,6.94,11.538461538461538,36.63250883392226
Arizona,2023-05-17,"Title 3, Chapter 7",department of agriculture weights and measures services division,agriculture,,"Industry, Commerce, and Development",4500000875,521,32099,438,13,5,4,61,19.0,9.58,16.247002398081534,34.909461142337854
Arizona,2023-05-17,"Title 3, Chapter 8",department of agriculture pest management division,agriculture,,"Industry, Commerce, and Development",4500000876,337,20159,256,7,14,0,60,16.0,9.42,18.929712460063897,37.30578729209297
Arizona,2023-05-17,"Title 3, Chapter 9",department of agriculture agricultural councils and commissions,agriculture,,"Industry, Commerce, and Development",4500000877,117,6552,114,0,0,0,3,15.0,8.65,6.8181818181818175,33.62696483552099
Arizona,2023-05-17,"Title 4, Chapter 1",board of accountancy,professions and occupations,,"Industry, Commerce, and Development",4500000881,164,10122,140,5,2,1,16,16.0,9.07,12.643678160919542,36.84208883803184
Arizona,2023-05-17,"Title 4, Chapter 10",board of cosmetology,professions and occupations,,"Industry, Commerce, and Development",4500000888,260,15123,182,0,2,2,74,17.0,9.1,15.752625437572927,36.55407983044861
Arizona,2023-05-17,"Title 4, Chapter 11",state board of dental examiners,professions and occupations,,"Industry, Commerce, and Development",4500000889,288,21844,241,20,3,0,24,19.0,9.44,9.06713164777681,39.51231767403288
Arizona,2023-05-17,"Title 4, Chapter 12",board of funeral directors and embalmers,professions and occupations,,"Industry, Commerce, and Development",4500000890,232,17266,174,2,1,2,53,17.0,9.3,14.166666666666666,38.04149479775904
Arizona,2023-05-17,"Title 4, Chapter 15",board of massage therapy,professions and occupations,,"Industry, Commerce, and Development",4500000891,42,4369,29,0,0,0,13,17.0,8.59,18.253968253968253,34.776805251641136
Arizona,2023-05-17,"Title 4, Chapter 16",arizona medical board,professions and occupations,,"Industry, Commerce, and Development",4500000892,129,10780,96,0,1,1,31,16.0,9.2,13.871951219512196,37.72131794416494
Arizona,2023-05-17,"Title 4, Chapter 17",arizona regulatory board of physician assistants,professions and occupations,,"Industry, Commerce, and Development",4500000893,49,4922,40,0,0,0,9,19.0,8.6,24.193548387096776,35.51543739279588
Arizona,2023-05-17,"Title 4, Chapter 18",naturopathic physicians medical board,professions and occupations,,"Industry, Commerce, and Development",4500000894,115,10135,81,13,0,0,21,18.0,8.9,8.395522388059701,36.66228439209087
Arizona,2023-05-17,"Title 4, Chapter 19",board of nursing,professions and occupations,,"Industry, Commerce, and Development",4500000895,479,44378,403,3,3,2,68,18.0,9.59,12.291220556745182,37.462290635706125
Arizona,2023-05-17,"Title 4, Chapter 2",agricultural employment relations board,professions and occupations,,"Industry, Commerce, and Development",4500000882,87,5145,80,0,1,0,6,20.0,8.35,22.672064777327936,34.76230345109251
Arizona,2023-05-17,"Title 4, Chapter 20",board of dispensing opticians,professions and occupations,,"Industry, Commerce, and Development",4500000896,50,4402,40,0,1,0,9,18.0,8.63,15.163934426229508,35.87954157522555
Arizona,2023-05-17,"Title 4, Chapter 21",board of optometry,professions and occupations,,"Industry, Commerce, and Development",4500000897,121,9337,96,0,1,0,24,19.0,9.01,20.876826722338205,36.81496645058569
Arizona,2023-05-17,"Title 4, Chapter 22",board of osteopathic examiners in medicine and surgery,professions and occupations,,"Industry, Commerce, and Development",4500000898,112,8458,81,0,0,0,31,15.0,9.11,10.37735849056604,38.30319959370239
Arizona,2023-05-17,"Title 4, Chapter 23",board of pharmacy,professions and occupations,,"Industry, Commerce, and Development",4500000899,959,65931,778,2,1,6,172,18.0,9.6,14.19630156472262,39.5784330971838
Arizona,2023-05-17,"Title 4, Chapter 24",board of physical therapy,professions and occupations,,"Industry, Commerce, and Development",4500000900,195,14849,151,0,1,0,43,18.0,9.06,15.225334957369064,37.156232132647226
Arizona,2023-05-17,"Title 4, Chapter 25",board of podiatry examiners,professions and occupations,,"Industry, Commerce, and Development",4500000901,54,5025,34,0,1,0,19,14.0,8.55,8.169014084507042,34.04839058111903
Arizona,2023-05-17,"Title 4, Chapter 26",board of psychologist examiners,professions and occupations,,"Industry, Commerce, and Development",4500000902,312,20767,219,3,0,1,89,17.0,9.15,11.769834350479512,37.35149737573325
Arizona,2023-05-17,"Title 4, Chapter 28",state real estate department,professions and occupations,,"Industry, Commerce, and Development",4500000903,376,23811,322,2,0,0,52,19.0,9.49,23.651452282157678,36.4341914828297
Arizona,2023-05-17,"Title 4, Chapter 30",board of technical registration,professions and occupations,,"Industry, Commerce, and Development",4500000904,289,16037,266,5,0,0,18,20.0,9.53,14.393939393939394,42.19841733151716
Arizona,2023-05-17,"Title 4, Chapter 33",board of examiners of nursing care institution administrators and assisted living facility managers,professions and occupations,,"Industry, Commerce, and Development",4500000905,326,23751,221,0,2,0,103,17.0,9.04,10.475482912332838,37.02536794953835
Arizona,2023-05-17,"Title 4, Chapter 34",board of manufactured housing,professions and occupations,,"Industry, Commerce, and Development",4500000906,135,7326,110,0,0,0,25,18.0,9.24,11.538461538461538,38.71059203760834
Arizona,2023-05-17,"Title 4, Chapter 35",the arizona health facilities authority,professions and occupations,,"Industry, Commerce, and Development",4500000907,46,2589,42,1,0,1,2,43.0,8.1,55.172413793103445,31.51943319838057
Arizona,2023-05-17,"Title 4, Chapter 36",department of forestry and fire management,professions and occupations,,"Industry, Commerce, and Development",4500000908,20,1845,14,0,0,4,2,16.0,8.16,10.091743119266056,33.447826086956525
Arizona,2023-05-17,"Title 4, Chapter 38",board of homeopathic and integrated medicine examiners,professions and occupations,,"Industry, Commerce, and Development",4500000909,143,12098,111,0,0,0,32,18.0,9.12,14.037854889589903,39.18379045771232
Arizona,2023-05-17,"Title 4, Chapter 39",board for private postsecondary education,professions and occupations,,"Industry, Commerce, and Development",4500000910,285,17623,186,1,0,0,98,18.0,9.0,18.683651804670912,35.76556462000859
Arizona,2023-05-17,"Title 4, Chapter 43",board of occupational therapy examiners,professions and occupations,,"Industry, Commerce, and Development",4500000911,65,4937,61,0,0,0,4,14.0,8.55,11.143695014662756,38.62191958495461
Arizona,2023-05-17,"Title 4, Chapter 44",auditor general,professions and occupations,,"Industry, Commerce, and Development",4500000912,54,2637,49,0,0,0,5,19.0,8.18,18.248175182481752,32.25494071146245
Arizona,2023-05-17,"Title 4, Chapter 45",board of respiratory care examiners,professions and occupations,,"Industry, Commerce, and Development",4500000913,100,6554,87,1,0,1,11,16.0,8.75,16.103896103896105,35.94269900699984
Arizona,2023-05-17,"Title 4, Chapter 46",department of insurance and financial institutions division real estate appraisal,professions and occupations,,"Industry, Commerce, and Development",4500000914,138,8249,93,2,1,0,42,16.0,8.86,14.829659318637276,37.03702734528326
Arizona,2023-05-17,"Title 4, Chapter 49",board of athletic training,professions and occupations,,"Industry, Commerce, and Development",4500000916,72,4067,55,3,0,0,14,14.0,8.7,10.869565217391305,36.63726012793177
Arizona,2023-05-17,"Title 4, Chapter 5",board of barbers,professions and occupations,,"Industry, Commerce, and Development",4500000883,144,9448,110,0,0,2,32,14.0,8.84,13.569321533923304,31.944374786276075
Arizona,2023-05-17,"Title 4, Chapter 6",board of behavioral health examiners,professions and occupations,,"Industry, Commerce, and Development",4500000884,340,20117,279,0,3,1,57,16.0,9.04,14.140558848433532,39.309921124644525
Arizona,2023-05-17,"Title 4, Chapter 7",board of chiropractic examiners,professions and occupations,,"Industry, Commerce, and Development",4500000885,263,16249,216,11,0,1,35,15.0,9.18,11.5234375,36.71049868766404
Arizona,2023-05-17,"Title 4, Chapter 8",acupuncture board of examiners,professions and occupations,,"Industry, Commerce, and Development",4500000886,133,10267,102,0,1,0,30,19.0,8.89,15.75984990619137,36.36281719316416
Arizona,2023-05-17,"Title 4, Chapter 9",registrar of contractors,professions and occupations,,"Industry, Commerce, and Development",4500000887,105,15634,24,39,2,1,39,16.0,9.5,8.657047724750278,40.25747833379927
Arizona,2023-05-17,"Title 5, Chapter 4",board of executive clemency,corrections,,"Security, Justice, and Corrections",4500000917,26,1414,22,0,0,1,3,15.0,7.31,15.053763440860216,29.531227038941957
Arizona,2023-05-17,"Title 6, Chapter 1",department of economic security,economic security,,Labor and Workforce Development,4500000918,104,4676,89,0,0,1,14,15.0,8.65,12.969283276450511,38.26872743682311
Arizona,2023-05-17,"Title 6, Chapter 10",department of economic security the jobs program,economic security,,Labor and Workforce Development,4500000927,143,9320,131,0,0,0,12,15.0,8.71,16.179001721170398,38.34263637412063
Arizona,2023-05-17,"Title 6, Chapter 11",department of economic security job training partnership act,economic security,,Labor and Workforce Development,4500000928,73,4602,63,8,0,0,2,17.0,8.75,18.75,34.102517577682015
Arizona,2023-05-17,"Title 6, Chapter 12",department of economic security cash assistance program,economic security,,Labor and Workforce Development,4500000929,491,32508,446,14,1,1,29,17.0,9.46,19.2,34.700866110966395
Arizona,2023-05-17,"Title 6, Chapter 13",department of economic security state assistance programs,economic security,,Labor and Workforce Development,4500000930,196,10857,181,1,1,0,13,16.0,8.91,20.178041543026705,35.26355140186916
Arizona,2023-05-17,"Title 6, Chapter 14",department of economic security nutrition assistance program,economic security,,Labor and Workforce Development,4500000931,177,11390,154,8,2,1,12,17.0,8.97,20.85235920852359,35.284550587799686
Arizona,2023-05-17,"Title 6, Chapter 17",department of economic security general assistance program,economic security,,Labor and Workforce Development,4500000932,90,7218,83,0,1,1,5,15.0,8.84,14.19753086419753,34.80205278592376
Arizona,2023-05-17,"Title 6, Chapter 18",department of economic security office of licensing certification and regulation,economic security,,Labor and Workforce Development,4500000933,24,2645,22,2,0,0,0,13.0,8.89,13.0,33.48601119104716
Arizona,2023-05-17,"Title 6, Chapter 2",department of economic security employment and training,economic security,,Labor and Workforce Development,4500000919,16,2289,14,1,0,0,1,15.0,8.51,6.451612903225806,40.77736720554272
Arizona,2023-05-17,"Title 6, Chapter 3",department of economic security unemployment insurance,economic security,,Labor and Workforce Development,4500000920,673,64464,450,114,16,1,92,17.0,9.87,25.655172413793103,33.57992649320791
Arizona,2023-05-17,"Title 6, Chapter 4",department of economic security rehabilitation services,economic security,,Labor and Workforce Development,4500000921,406,19332,301,72,9,1,23,16.0,9.76,12.822647793505412,38.50771522826434
Arizona,2023-05-17,"Title 6, Chapter 5",department of economic security social services,economic security,,Labor and Workforce Development,4500000922,1621,77717,1471,30,3,13,104,15.0,10.03,13.0174081237911,34.94614826675425
Arizona,2023-05-17,"Title 6, Chapter 6",department of economic security developmental disabilities,economic security,,Labor and Workforce Development,4500000923,1022,54292,902,19,3,6,92,16.0,9.84,12.424607961399277,37.17259229534511
Arizona,2023-05-17,"Title 6, Chapter 7",department of economic security child support enforcement,economic security,,Labor and Workforce Development,4500000924,113,9204,106,1,1,0,5,16.0,8.17,15.145985401459855,31.73954417293233
Arizona,2023-05-17,"Title 6, Chapter 8",department of economic security aging and adult administration,economic security,,Labor and Workforce Development,4500000925,85,4602,81,2,0,1,1,15.0,8.81,14.47811447811448,33.279101741521536
Arizona,2023-05-17,"Title 6, Chapter 9",department of economic security appellate service administration,economic security,,Labor and Workforce Development,4500000926,13,556,13,0,0,0,0,24.0,6.46,26.08695652173913,32.4096834264432
Arizona,2023-05-17,"Title 7, Chapter 1",division of school facilities,education,,Primary and Secondary Education,4500000934,22,1321,20,0,0,0,2,15.0,7.23,7.954545454545454,32.97030497592295
Arizona,2023-05-17,"Title 7, Chapter 2",state board of education,education,,Primary and Secondary Education,4500000935,2468,147865,2086,56,26,5,295,18.0,10.13,13.097560975609756,39.352209261223045
Arizona,2023-05-17,"Title 7, Chapter 3",commission for postsecondary education,education,,Primary and Secondary Education,4500000936,69,7452,50,12,2,0,5,19.0,8.85,10.687022900763358,37.21267031886501
Arizona,2023-05-17,"Title 7, Chapter 4",arizona board of regents,education,,Primary and Secondary Education,4500000937,20,1864,17,0,0,3,0,15.0,8.07,8.799999999999999,41.059417040358746
Arizona,2023-05-17,"Title 7, Chapter 5",state board for charter schools,education,,Primary and Secondary Education,4500000938,419,22171,295,22,0,0,102,22.0,8.52,21.089808274470236,36.14217191097468
Arizona,2023-05-17,"Title 7, Chapter 6",school facilities oversight board,education,,Primary and Secondary Education,4500000939,160,8261,130,0,1,0,29,16.0,8.67,13.6,34.38417713323838
Arizona,2023-05-17,"Title 7, Chapter 8",achievement district schools,education,,Primary and Secondary Education,4500000940,62,3651,23,26,2,0,11,17.0,8.4,6.6350710900473935,36.71613459879206
Arizona,2023-05-17,"Title 8, Chapter 2",department of emergency and military affairs division of emergency management,emergency and military affairs,,"Security, Justice, and Corrections",4500000941,111,7557,62,26,2,0,21,16.0,8.92,16.10738255033557,36.17385839966485
Arizona,2023-05-17,"Title 8, Chapter 3",department of emergency and military affairs division of military affairs,emergency and military affairs,,"Security, Justice, and Corrections",4500000942,67,4526,61,0,0,0,6,18.0,8.35,16.73469387755102,38.766919072408896
Arizona,2023-05-17,"Title 9, Chapter 1",department of health services administration,health services,,Health Services,4500000943,49,9848,43,0,0,2,4,13.0,8.84,7.095046854082998,34.42408839779006
Arizona,2023-05-17,"Title 9, Chapter 10",department of health services health care institutions licensing,health services,,Health Services,4500000952,1920,249040,1211,0,3,11,695,17.0,9.48,18.25187299322155,37.818303247719726
Arizona,2023-05-17,"Title 9, Chapter 11",department of health services health care institution facility and health professionals workforce data,health services,,Health Services,4500000953,106,20441,74,0,0,0,32,15.0,8.55,10.44663133989402,34.88451986754967
Arizona,2023-05-17,"Title 9, Chapter 12",department of health services sober living homes,health services,,Health Services,4500000954,66,8182,51,1,2,1,11,16.0,8.6,16.40316205533597,33.05932753472673
Arizona,2023-05-17,"Title 9, Chapter 13",department of health services health programs services,health services,,Health Services,4500000955,109,15962,98,0,1,0,10,16.0,9.01,15.297741273100614,37.03975473350852
Arizona,2023-05-17,"Title 9, Chapter 14",department of health services laboratories,health services,,Health Services,4500000956,107,26393,72,3,1,0,31,22.0,9.8,9.897292250233429,37.848430869177975
Arizona,2023-05-17,"Title 9, Chapter 15",department of health services loan repayment,health services,,Health Services,4500000957,154,22782,134,0,2,0,18,20.0,8.31,23.83985441310282,35.1484194112366
Arizona,2023-05-17,"Title 9, Chapter 16",department of health services occupational licensing,health services,,Health Services,4500000958,425,39571,273,0,11,1,140,15.0,9.23,11.22848200312989,38.690909590849095
Arizona,2023-05-17,"Title 9, Chapter 17",department of health services medical marijuana program,health services,,Health Services,4500000959,288,46899,212,1,3,2,70,21.0,9.04,23.37662337662337,39.380723333104285
Arizona,2023-05-17,"Title 9, Chapter 18",department of health services adult use marijuana program,health services,,Health Services,4500000960,159,24154,121,0,2,1,35,20.0,8.66,19.33797909407665,38.54626641319245
Arizona,2023-05-17,"Title 9, Chapter 19",department of health services vital records and statistics,health services,,Health Services,4500000961,228,34822,133,0,3,0,92,21.0,8.16,27.61845386533665,34.323513332928385
Arizona,2023-05-17,"Title 9, Chapter 2",department of health services tobacco related programs,health services,,Health Services,4500000944,47,3795,27,0,0,14,6,13.0,8.01,17.328519855595665,32.53635834787667
Arizona,2023-05-17,"Title 9, Chapter 20",department of health services court ordered program approvals,health services,,Health Services,4500000962,109,8300,60,0,0,0,49,15.0,8.17,14.122137404580156,36.19438029253272
Arizona,2023-05-17,"Title 9, Chapter 21",arizona health care cost containment system ahcccs behavioral health services for persons with serious mental illness,health services,,Health Services,4500000963,684,40879,630,9,3,7,35,20.0,9.43,21.932899349023536,35.28182146916004
Arizona,2023-05-17,"Title 9, Chapter 22",arizona health care cost containment system ahcccs administration,health services,,Health Services,4500000964,1154,96915,869,186,2,4,93,17.0,9.99,16.613538346146633,36.99580857681117
Arizona,2023-05-17,"Title 9, Chapter 23",department of health services oral health,health services,,Health Services,4500000965,6,1275,6,0,0,0,0,14.0,6.94,17.97752808988764,36.74529914529914
Arizona,2023-05-17,"Title 9, Chapter 24",department of health services arizona medically underserved area health services,health services,,Health Services,4500000966,13,2818,12,0,0,0,1,12.0,8.15,2.2522522522522523,36.207610993657504
Arizona,2023-05-17,"Title 9, Chapter 25",department of health services emergency medical services,health services,,Health Services,4500000967,453,66768,275,1,1,0,176,4.0,9.8,2.723929439630992,40.22121858818469
Arizona,2023-05-17,"Title 9, Chapter 26",commission for the deaf and the hard of hearing,health services,,Health Services,4500000968,142,8822,92,0,0,0,50,18.0,8.61,16.25,37.95434729958828
Arizona,2023-05-17,"Title 9, Chapter 28",arizona health care cost containment system arizona long term care system,health services,,Health Services,4500000969,334,28199,297,11,3,0,23,17.0,9.41,15.3067678684377,36.63853598311363
Arizona,2023-05-17,"Title 9, Chapter 29",arizona health care cost containment system medicare cost sharing program,health services,,Health Services,4500000970,49,3068,48,0,0,0,1,12.0,7.76,15.254237288135592,35.65129682997118
Arizona,2023-05-17,"Title 9, Chapter 3",department of health services child care group homes,health services,,Health Services,4500000945,223,21149,144,0,6,0,73,18.0,9.12,18.608695652173918,31.531476267095737
Arizona,2023-05-17,"Title 9, Chapter 30",arizona health care cost containment system medicare part d prescription coverage extra help subsidy program,health services,,Health Services,4500000971,26,1266,26,0,0,0,0,16.0,7.41,16.216216216216218,37.66939146230699
Arizona,2023-05-17,"Title 9, Chapter 31",arizona health care cost containment system children s health insurance program,health services,,Health Services,4500000972,116,8623,104,1,0,1,10,14.0,8.76,13.494809688581316,38.99105084745763
Arizona,2023-05-17,"Title 9, Chapter 33",department of health services group homes for individuals with a developmental disability,health services,,Health Services,4500000973,67,6063,53,0,2,0,12,17.0,8.77,23.98843930635838,33.343183817062446
Arizona,2023-05-17,"Title 9, Chapter 34",arizona health care cost containment system grievance system,health services,,Health Services,4500000974,152,9925,152,0,0,0,0,17.0,8.04,17.495395948434624,31.50802081075222
Arizona,2023-05-17,"Title 9, Chapter 4",department of health services noncommunicable diseases,health services,,Health Services,4500000946,58,14019,39,0,0,2,17,15.0,8.64,14.672686230248308,32.2164280331575
Arizona,2023-05-17,"Title 9, Chapter 5",department of health services child care facilities,health services,,Health Services,4500000947,355,29068,242,0,3,2,108,17.0,9.31,18.220338983050848,32.16820539228308
Arizona,2023-05-17,"Title 9, Chapter 6",department of health services communicable diseases and infestations,health services,,Health Services,4500000948,565,48214,361,2,0,0,202,18.0,9.2,13.947163947163943,35.876844533016865
Arizona,2023-05-17,"Title 9, Chapter 7",department of health services radiation control,health services,,Health Services,4500000949,2799,207562,2166,118,37,15,463,25.0,10.23,18.79116621464549,37.91430128186745
Arizona,2023-05-17,"Title 9, Chapter 8",department of health services food recreational and institutional sanitation,health services,,Health Services,4500000950,156,20980,137,3,3,0,13,12.0,9.36,7.467911318553091,32.64450546549084
Arizona,2023-05-17,"Title 9, Chapter 9",department of health services procurement organizations,health services,,Health Services,4500000951,105,8854,82,1,2,0,20,14.0,8.9,13.06532663316583,39.76798452424133
