jurisdiction_name,date_collected,document_reference,document_name,agency_name,parent_agency_name,cluster_name,document_id,restrictions,words,shall,must,may_not,prohibited,required,sentence_length,shannon_entropy,conditionals_per_100_sentences,long_word_score_sq
Connecticut,2022-04-25,"Title 10a, Subtitle 169",student financial aid,state systems of higher education,,College and University,10400003140,14,883,13,0,0,0,1,24.0,7.59,11.11111111111111,38.84192037470726
Connecticut,2022-04-25,"Title 10a, Subtitle 170d",connecticut high technology graduate scholarship program,state systems of higher education,,College and University,10400003141,12,896,8,3,1,0,0,27.0,7.44,9.375,40.97596153846154
Connecticut,2022-04-25,"Title 10a, Subtitle 22k",approval of private occupational schools requiring certification,state systems of higher education,,College and University,10400003136,211,8255,190,6,0,0,15,33.0,8.83,33.06122448979592,37.825295151971865
Connecticut,2022-04-25,"Title 10a, Subtitle 22x",private occupational school student protection account,state systems of higher education,,College and University,10400003138,23,1235,16,5,0,0,2,35.0,7.57,28.57142857142857,33.78951747088186
Connecticut,2022-04-25,"Title 10a, Subtitle 34",licensure and accreditation of institutions and programs of higher learning,state systems of higher education,,College and University,10400003139,240,9051,211,5,1,0,23,25.0,8.81,12.429378531073446,42.8097645031591
Connecticut,2022-04-25,"Title 10a, Subtitle 5",organizational description and rules of practice,state systems of higher education,,College and University,10400003134,8,872,6,1,0,0,1,33.0,7.65,0.0,45.063604240282686
Connecticut,2022-04-25,"Title 10a, Subtitle 6",personal data systems,state systems of higher education,,College and University,10400003135,34,3844,28,1,0,1,4,17.0,8.55,13.953488372093023,38.87173135150014
Connecticut,2022-04-25,"Title 10a, Subtitle a",approval of private occupational schools requiring certification,state systems of higher education,,College and University,10400003137,13,604,12,0,0,0,1,100.0,6.99,33.33333333333333,39.32761578044597
Connecticut,2022-04-25,"Title 10, Subtitle 145d",standards for the issuance of a certificate for the position of school business administrator,education and culture,,Primary and Secondary Education,10400003104,1044,62474,840,2,13,0,189,55.0,8.9,30.672645739910315,41.519705260330994
Connecticut,2022-04-25,"Title 10, Subtitle 145g",reports of child abuse by a certified school employee,education and culture,,Primary and Secondary Education,10400003105,1,144,1,0,0,0,0,70.0,5.34,50.0,39.28888888888889
Connecticut,2022-04-25,"Title 10, Subtitle 153e",school board teacher negotiations,education and culture,,Primary and Secondary Education,10400003106,156,5598,144,1,0,9,2,34.0,8.39,33.54430379746836,31.565624414903574
Connecticut,2022-04-25,"Title 10, Subtitle 153f",impartial arbitrator selection,education and culture,,Primary and Secondary Education,10400003107,56,2244,38,12,0,0,6,26.0,8.06,15.476190476190476,43.44485981308412
Connecticut,2022-04-25,"Title 10, Subtitle 17h",programs of bilingual education,education and culture,,Primary and Secondary Education,10400003091,128,4062,82,1,0,0,45,35.0,7.76,31.30434782608696,35.77962577962578
Connecticut,2022-04-25,"Title 10, Subtitle 183aa",eligibility and determination of benefits under the teachers retirement board,education and culture,,Primary and Secondary Education,10400003108,3,150,1,0,0,0,2,50.0,5.36,0.0,33.95862068965517
Connecticut,2022-04-25,"Title 10, Subtitle 183l",eligibility and determination of benefits under the teachers retirement system,education and culture,,Primary and Secondary Education,10400003109,194,12672,168,8,2,0,16,29.0,9.09,24.193548387096776,33.32101372756072
Connecticut,2022-04-25,"Title 10, Subtitle 19m",the youth service bureau grant program,education and culture,,Primary and Secondary Education,10400003092,45,2009,43,0,1,0,1,30.0,8.1,15.625,39.74375332270069
Connecticut,2022-04-25,"Title 10, Subtitle 204a",school immunizations requirements,education and culture,,Primary and Secondary Education,10400003110,31,2167,26,4,0,0,1,49.0,7.53,45.45454545454545,37.07749627421759
Connecticut,2022-04-25,"Title 10, Subtitle 212",school nurses and nurse practitioners,education and culture,,Primary and Secondary Education,10400003111,10,724,9,0,0,0,1,62.0,7.01,27.27272727272727,37.84931506849315
Connecticut,2022-04-25,"Title 10, Subtitle 212a",administration of medication by school personnel and administration of medication during before and after school programs and school readiness programs,education and culture,,Primary and Secondary Education,10400003112,110,7238,96,3,2,0,9,85.0,8.2,61.44578313253012,40.65063731170336
Connecticut,2022-04-25,"Title 10, Subtitle 214",vision audiometric and postural screenings,education and culture,,Primary and Secondary Education,10400003113,41,1292,39,0,0,0,2,27.0,7.81,8.51063829787234,36.88487394957984
Connecticut,2022-04-25,"Title 10, Subtitle 214a",use of eye protective devices in schools,education and culture,,Primary and Secondary Education,10400003114,17,607,13,0,0,0,4,66.0,7.3,33.33333333333333,35.83876500857633
Connecticut,2022-04-25,"Title 10, Subtitle 215b",child feeding programs,education and culture,,Primary and Secondary Education,10400003115,3,183,3,0,0,0,0,36.0,5.52,0.0,29.491525423728813
Connecticut,2022-04-25,"Title 10, Subtitle 215d",nutrition standards for breakfasts and lunches,education and culture,,Primary and Secondary Education,10400003116,13,417,13,0,0,0,0,34.0,6.49,0.0,28.122194513715712
Connecticut,2022-04-25,"Title 10, Subtitle 220a",cooperating teacher and beginning educator support and assessment programs,education and culture,,Primary and Secondary Education,10400003117,84,4630,77,1,0,0,6,49.0,8.05,38.70967741935484,41.94010358027472
Connecticut,2022-04-25,"Title 10, Subtitle 226e",regulations to implement the racial imbalance law,education and culture,,Primary and Secondary Education,10400003118,46,2377,43,0,0,0,3,37.0,7.67,23.809523809523807,37.37104677060134
Connecticut,2022-04-25,"Title 10, Subtitle 261b",penalties and the waiver of penalties for failure to comply with certain state reporting requirements,education and culture,,Primary and Secondary Education,10400003119,17,465,7,3,0,0,7,51.0,6.87,33.33333333333333,31.80709534368071
Connecticut,2022-04-25,"Title 10, Subtitle 287c",school construction grants,education and culture,,Primary and Secondary Education,10400003120,82,4727,78,0,1,1,2,42.0,8.61,39.09090909090909,38.20013568521031
Connecticut,2022-04-25,"Title 10, Subtitle 293",agency organization practice and procedure,education and culture,,Primary and Secondary Education,10400003121,124,9136,116,2,0,0,6,38.0,9.12,24.57627118644068,36.9683734939759
Connecticut,2022-04-25,"Title 10, Subtitle 295",program for deaf blind adults,education and culture,,Primary and Secondary Education,10400003122,72,5628,58,7,1,0,6,31.0,8.95,27.11864406779661,36.43980117820324
Connecticut,2022-04-25,"Title 10, Subtitle 300a",labeling of goods made by blind persons,education and culture,,Primary and Secondary Education,10400003123,13,601,11,0,0,0,2,31.0,6.85,31.57894736842105,36.18165784832451
Connecticut,2022-04-25,"Title 10, Subtitle 303",vending facilities in public buildings,education and culture,,Primary and Secondary Education,10400003124,174,10934,155,9,1,0,9,51.0,9.15,29.85781990521327,35.12722035525684
Connecticut,2022-04-25,"Title 10, Subtitle 306",vocational rehabilitation services,education and culture,,Primary and Secondary Education,10400003102,144,11971,127,1,2,0,14,39.0,8.9,27.302631578947366,46.203152060962935
Connecticut,2022-04-25,"Title 10, Subtitle 308",vocational rehabilitation services,education and culture,,Primary and Secondary Education,10400003103,20,984,16,0,3,0,1,81.0,7.04,,44.23486430062631
Connecticut,2022-04-25,"Title 10, Subtitle 320j",historic homes rehabilitation tax credit,education and culture,,Primary and Secondary Education,10400003125,115,3114,107,1,0,0,7,29.0,7.44,35.57692307692308,38.46415222562012
Connecticut,2022-04-25,"Title 10, Subtitle 321",course and method of operation,education and culture,,Primary and Secondary Education,10400003126,37,1457,37,0,0,0,0,35.0,7.94,12.195121951219512,39.32434350603265
Connecticut,2022-04-25,"Title 10, Subtitle 324",categories of planning,education and culture,,Primary and Secondary Education,10400003127,4,272,4,0,0,0,0,42.0,6.26,0.0,44.11206896551724
Connecticut,2022-04-25,"Title 10, Subtitle 369",agency description and functions,education and culture,,Primary and Secondary Education,10400003128,16,1781,10,2,0,1,3,30.0,8.71,13.79310344827586,38.78922716627635
Connecticut,2022-04-25,"Title 10, Subtitle 384",state archaeological preserves,education and culture,,Primary and Secondary Education,10400003129,18,712,17,1,0,0,0,35.0,6.93,15.0,45.671575846833576
Connecticut,2022-04-25,"Title 10, Subtitle 386",archaeological permits,education and culture,,Primary and Secondary Education,10400003130,33,1232,28,1,0,0,4,36.0,7.63,41.17647058823529,45.65410385259632
Connecticut,2022-04-25,"Title 10, Subtitle 392",organization and rules of practice,education and culture,,Primary and Secondary Education,10400003131,131,7124,115,2,0,1,13,29.0,8.77,24.896265560165972,37.37183428487776
Connecticut,2022-04-25,"Title 10, Subtitle 3a",description of organization,education and culture,,Primary and Secondary Education,10400003087,0,512,0,0,0,0,0,28.0,6.79,5.555555555555555,44.6040404040404
Connecticut,2022-04-25,"Title 10, Subtitle 4",organization description rules of practice public inspection,education and culture,,Primary and Secondary Education,10400003088,128,12161,120,1,0,0,7,18.0,8.9,9.876543209876544,38.51492856531782
Connecticut,2022-04-25,"Title 10, Subtitle 416a",historic structures rehabilitation tax credits,education and culture,,Primary and Secondary Education,10400003132,171,6490,156,1,0,0,14,37.0,8.19,37.2093023255814,40.04711787564767
Connecticut,2022-04-25,"Title 10, Subtitle 416b",historic preservation tax credit,education and culture,,Primary and Secondary Education,10400003133,173,6542,158,1,0,0,14,38.0,8.24,37.8698224852071,39.98151422600868
Connecticut,2022-04-25,"Title 10, Subtitle 4b",procedures to implement section 10 4b of the connecticut general statutes as amended by pa 79 128 section 14,education and culture,,Primary and Secondary Education,10400003089,41,2598,41,0,0,0,0,35.0,7.64,41.0958904109589,34.394951140065146
Connecticut,2022-04-25,"Title 10, Subtitle 64",operating vocational agriculture programs,education and culture,,Primary and Secondary Education,10400003093,4,89,4,0,0,0,0,20.0,5.4,0.0,35.72289156626506
Connecticut,2022-04-25,"Title 10, Subtitle 65",operating vocational agriculture programs procedure,education and culture,,Primary and Secondary Education,10400003094,25,737,24,1,0,0,0,24.0,7.22,13.79310344827586,39.88936170212766
Connecticut,2022-04-25,"Title 10, Subtitle 66j",standards for the review and approval of regional educational service centers,education and culture,,Primary and Secondary Education,10400003095,23,829,22,0,0,0,1,43.0,7.07,21.052631578947366,36.224935732647815
Connecticut,2022-04-25,"Title 10, Subtitle 66mm",operation of a charter school,education and culture,,Primary and Secondary Education,10400003096,22,1028,22,0,0,0,0,34.0,6.92,16.666666666666664,39.10478128179044
Connecticut,2022-04-25,"Title 10, Subtitle 76a",children requiring special education,education and culture,,Primary and Secondary Education,10400003097,7,1048,6,0,0,0,1,37.0,7.43,22.22222222222222,38.30520833333333
Connecticut,2022-04-25,"Title 10, Subtitle 76b",children requiring special education,education and culture,,Primary and Secondary Education,10400003098,49,2869,44,0,0,0,5,48.0,7.82,44.82758620689656,34.96095526914329
Connecticut,2022-04-25,"Title 10, Subtitle 76d",children requiring special education,education and culture,,Primary and Secondary Education,10400003099,239,9738,217,0,0,0,22,37.0,8.35,36.25954198473282,36.57160990057119
Connecticut,2022-04-25,"Title 10, Subtitle 76h",children requiring special education,education and culture,,Primary and Secondary Education,10400003100,168,6898,163,0,0,1,4,32.0,8.34,31.100478468899524,32.612666566851324
Connecticut,2022-04-25,"Title 10, Subtitle 8a",exemption of educational institutions from licensing requirements by the department of children and youth services,education and culture,,Primary and Secondary Education,10400003090,77,3112,77,0,0,0,0,42.0,8.05,31.944444444444443,36.82196842458851
Connecticut,2022-04-25,"Title 10, Subtitle 94j",appointment of surrogate parents,education and culture,,Primary and Secondary Education,10400003101,27,1296,27,0,0,0,0,70.0,7.15,66.66666666666666,35.28768233387358
Connecticut,2022-04-25,"Title 11, Subtitle 1",minimum standards for principal public libraries and procedures for naming such libraries,libraries,,"Culture, Recreation, and the Arts",10400003142,0,13,0,0,0,0,0,9.0,2.86,0.0,64.0
Connecticut,2022-04-25,"Title 11, Subtitle 10b",minimum standards for the tier system of state law libraries,libraries,,"Culture, Recreation, and the Arts",10400003145,8,1056,8,0,0,0,0,,7.59,0.0,38.95960591133005
Connecticut,2022-04-25,"Title 11, Subtitle 24",grants to public libraries,libraries,,"Culture, Recreation, and the Arts",10400003146,9,268,7,0,0,0,2,43.0,5.78,0.0,31.770750988142293
Connecticut,2022-04-25,"Title 11, Subtitle 24b",state grant payment,libraries,,"Culture, Recreation, and the Arts",10400003147,26,1178,24,2,0,0,0,43.0,7.37,11.11111111111111,33.604524886877826
Connecticut,2022-04-25,"Title 11, Subtitle 24d",administration of library automation grants,libraries,,"Culture, Recreation, and the Arts",10400003148,19,1996,13,6,0,0,0,28.0,7.96,19.718309859154928,39.9768875192604
Connecticut,2022-04-25,"Title 11, Subtitle 26",certificates for head librarians of public libraries,libraries,,"Culture, Recreation, and the Arts",10400003149,11,704,8,0,1,0,2,36.0,6.82,31.57894736842105,36.84558823529412
Connecticut,2022-04-25,"Title 11, Subtitle 31c",procedures to govern the administration of the connecticard program,libraries,,"Culture, Recreation, and the Arts",10400003150,36,2005,28,4,1,0,3,28.0,7.35,30.985915492957744,33.76322547508988
Connecticut,2022-04-25,"Title 11, Subtitle 8",standard for fire resistive vaults and safes,libraries,,"Culture, Recreation, and the Arts",10400003143,135,4226,117,6,0,0,12,24.0,8.64,17.441860465116278,32.9675390035229
Connecticut,2022-04-25,"Title 11, Subtitle 8a",transferring archival records from the state library,libraries,,"Culture, Recreation, and the Arts",10400003144,18,936,16,2,0,0,0,23.0,7.38,21.951219512195124,41.03307607497244
Connecticut,2022-04-25,"Title 12, Subtitle 107d",policies and standards for evaluating land proposed for classification as forest land,taxation,,Taxes and Public Finance,10400003169,59,4168,52,0,2,0,5,56.0,8.22,42.465753424657535,35.2301848569258
Connecticut,2022-04-25,"Title 12, Subtitle 120",penalties and the waiver of penalties for failure to comply with certain state reporting requirements,taxation,,Taxes and Public Finance,10400003159,14,466,7,3,0,0,4,51.0,6.92,33.33333333333333,31.07300884955752
Connecticut,2022-04-25,"Title 12, Subtitle 129b",penalties and the waiver of penalties regarding certain elderly total disability tax relief programs,taxation,,Taxes and Public Finance,10400003166,14,527,7,3,0,0,4,58.0,7.04,33.33333333333333,32.25925925925926
Connecticut,2022-04-25,"Title 12, Subtitle 129d",penalties and the waiver of penalties regarding certain elderly total disability tax relief programs,taxation,,Taxes and Public Finance,10400003167,14,532,7,3,0,0,4,52.0,7.05,30.0,32.7027027027027
Connecticut,2022-04-25,"Title 12, Subtitle 130a",certification of assessors and tax collectors,taxation,,Taxes and Public Finance,10400003161,78,2322,72,0,1,0,5,29.0,7.7,18.181818181818183,39.36458807464725
Connecticut,2022-04-25,"Title 12, Subtitle 170aa",reimbursement to municipalities for tax reductions to elderly homeowners,taxation,,Taxes and Public Finance,10400003170,27,950,19,2,0,0,6,49.0,7.29,21.052631578947366,34.42265795206972
Connecticut,2022-04-25,"Title 12, Subtitle 170f",penalties and the waiver of penalties regarding certain elderly total disability tax relief programs,taxation,,Taxes and Public Finance,10400003168,14,523,7,3,0,0,4,57.0,7.03,33.33333333333333,32.080550098231825
Connecticut,2022-04-25,"Title 12, Subtitle 19b",penalties and the waiver of penalties for failure to comply with certain state reporting requirements,taxation,,Taxes and Public Finance,10400003157,14,465,7,3,0,0,4,51.0,6.88,33.33333333333333,31.082039911308204
Connecticut,2022-04-25,"Title 12, Subtitle 1b",certification of revaluation companies and their employees,taxation,,Taxes and Public Finance,10400003153,3,190,2,1,0,0,0,62.0,6.29,66.66666666666666,35.25136612021858
Connecticut,2022-04-25,"Title 12, Subtitle 2",description conferences and hearings procedure for requesting the promulgation amendment or repeal of a regulation petition for declaratory ruling regulations and forms,taxation,,Taxes and Public Finance,10400003151,78,4938,42,9,0,0,27,32.0,8.76,30.0,36.90170490423069
Connecticut,2022-04-25,"Title 12, Subtitle 204c",estimated tax payments for short years,taxation,,Taxes and Public Finance,10400003171,17,338,1,0,0,0,16,26.0,5.78,0.0,31.52068965517241
Connecticut,2022-04-25,"Title 12, Subtitle 20b",penalties and the waiver of penalties for failure to comply with certain state reporting requirements,taxation,,Taxes and Public Finance,10400003158,14,468,7,3,0,0,4,51.0,6.87,33.33333333333333,32.11233480176212
Connecticut,2022-04-25,"Title 12, Subtitle 213",corporation business tax,taxation,,Taxes and Public Finance,10400003172,9,543,3,0,0,1,5,59.0,6.99,22.22222222222222,34.211350293542075
Connecticut,2022-04-25,"Title 12, Subtitle 214",corporation business tax,taxation,,Taxes and Public Finance,10400003173,34,2510,26,0,0,0,8,50.0,7.56,36.734693877551024,32.60589239965841
Connecticut,2022-04-25,"Title 12, Subtitle 217",corporation business tax,taxation,,Taxes and Public Finance,10400003174,2,87,0,0,0,0,2,42.0,4.68,0.0,28.71951219512195
Connecticut,2022-04-25,"Title 12, Subtitle 217g",corporate tax credit in the machine tool and metal trade apprenticeships,taxation,,Taxes and Public Finance,10400003182,10,1314,1,5,1,0,3,30.0,7.82,9.523809523809524,39.65962632006499
Connecticut,2022-04-25,"Title 12, Subtitle 217jj",film production tax credit program,taxation,,Taxes and Public Finance,10400003183,82,4246,74,6,0,0,2,52.0,8.31,27.500000000000004,38.13254823352543
Connecticut,2022-04-25,"Title 12, Subtitle 217kk",film and digital media infrastructure tax credit program,taxation,,Taxes and Public Finance,10400003184,87,4377,75,5,1,0,6,47.0,8.11,25.274725274725277,39.91819941916747
Connecticut,2022-04-25,"Title 12, Subtitle 217ll",digital animation production company tax credit program,taxation,,Taxes and Public Finance,10400003185,70,3186,63,5,0,0,2,49.0,7.9,23.809523809523807,39.09791597750579
Connecticut,2022-04-25,"Title 12, Subtitle 217s",the traffic reduction tax credit program,taxation,,Taxes and Public Finance,10400003186,23,1939,22,0,0,0,1,48.0,7.67,33.33333333333333,37.91226096737908
Connecticut,2022-04-25,"Title 12, Subtitle 217y",hiring incentive tax credit program,taxation,,Taxes and Public Finance,10400003187,27,2228,24,1,0,0,2,52.0,7.85,52.38095238095239,34.56987724268178
Connecticut,2022-04-25,"Title 12, Subtitle 218",corporation business tax,taxation,,Taxes and Public Finance,10400003175,8,738,8,0,0,0,0,39.0,6.58,73.68421052631578,30.97087378640777
Connecticut,2022-04-25,"Title 12, Subtitle 219a",corporation business tax,taxation,,Taxes and Public Finance,10400003176,2,275,2,0,0,0,0,34.0,6.13,50.0,30.55925925925926
Connecticut,2022-04-25,"Title 12, Subtitle 221a",corporation business tax alternate method of apportionment under section 12 221a,taxation,,Taxes and Public Finance,10400003188,8,1071,5,2,0,0,1,34.0,7.16,54.83870967741935,39.73062015503876
Connecticut,2022-04-25,"Title 12, Subtitle 223a",corporation business tax,taxation,,Taxes and Public Finance,10400003177,8,891,8,0,0,0,0,63.0,6.19,35.714285714285715,28.48134328358209
Connecticut,2022-04-25,"Title 12, Subtitle 225",corporation business tax,taxation,,Taxes and Public Finance,10400003178,17,1062,14,0,0,2,1,37.0,7.03,21.428571428571427,34.306042884990255
Connecticut,2022-04-25,"Title 12, Subtitle 226a",corporation business tax adjustments by the commissioner under section 12 226a,taxation,,Taxes and Public Finance,10400003189,17,2491,12,1,1,0,3,31.0,7.88,31.64556962025317,35.92798353909465
Connecticut,2022-04-25,"Title 12, Subtitle 242",corporation business tax,taxation,,Taxes and Public Finance,10400003179,2,168,2,0,0,0,0,80.0,5.93,50.0,38.05128205128205
Connecticut,2022-04-25,"Title 12, Subtitle 242b",corporation business tax,taxation,,Taxes and Public Finance,10400003180,0,19,0,0,0,0,0,6.0,3.57,0.0,40.8
Connecticut,2022-04-25,"Title 12, Subtitle 242d",corporation business tax,taxation,,Taxes and Public Finance,10400003181,18,414,0,0,0,0,18,19.0,6.37,0.0,33.36914600550964
Connecticut,2022-04-25,"Title 12, Subtitle 289",cigarette tax,taxation,,Taxes and Public Finance,10400003190,16,594,7,0,0,0,9,26.0,6.12,36.36363636363637,31.75618374558304
Connecticut,2022-04-25,"Title 12, Subtitle 293a",cigarette tax,taxation,,Taxes and Public Finance,10400003191,10,351,6,0,0,0,4,56.0,6.2,,37.69592476489028
Connecticut,2022-04-25,"Title 12, Subtitle 2b",certification of revaluation companies and their employees,taxation,,Taxes and Public Finance,10400003152,95,3350,88,2,0,0,5,29.0,8.08,17.543859649122805,38.60841323847819
Connecticut,2022-04-25,"Title 12, Subtitle 300",cigarette tax,taxation,,Taxes and Public Finance,10400003192,15,638,13,0,2,0,0,79.0,5.89,,32.16693679092383
Connecticut,2022-04-25,"Title 12, Subtitle 302",cigarette tax,taxation,,Taxes and Public Finance,10400003193,2,39,2,0,0,0,0,18.0,4.06,0.0,35.30555555555556
Connecticut,2022-04-25,"Title 12, Subtitle 303",cigarette tax,taxation,,Taxes and Public Finance,10400003194,2,39,2,0,0,0,0,18.0,4.06,0.0,25.86111111111111
Connecticut,2022-04-25,"Title 12, Subtitle 313",cigarette taxes,taxation,,Taxes and Public Finance,10400003196,65,2700,48,0,2,0,15,50.0,7.75,34.61538461538461,34.598668754894284
Connecticut,2022-04-25,"Title 12, Subtitle 314a",cigarette tax,taxation,,Taxes and Public Finance,10400003195,6,384,6,0,0,0,0,64.0,6.21,,36.73458445040215
Connecticut,2022-04-25,"Title 12, Subtitle 330n",regulations required under 2000 conn pub acts 208,taxation,,Taxes and Public Finance,10400003197,27,857,17,0,0,0,10,35.0,6.71,17.391304347826086,32.97457627118644
Connecticut,2022-04-25,"Title 12, Subtitle 341b",value of taxable reversionary interest,taxation,,Taxes and Public Finance,10400003198,1,99,1,0,0,0,0,48.0,5.13,0.0,27.445652173913043
Connecticut,2022-04-25,"Title 12, Subtitle 359",succession tax,taxation,,Taxes and Public Finance,10400003199,1,193,1,0,0,0,0,,5.51,,26.26063829787234
Connecticut,2022-04-25,"Title 12, Subtitle 364",release of succession tax liens,taxation,,Taxes and Public Finance,10400003200,2,469,2,0,0,0,0,57.0,6.38,37.5,30.72429906542056
Connecticut,2022-04-25,"Title 12, Subtitle 366",release of succession tax liens,taxation,,Taxes and Public Finance,10400003201,2,225,2,0,0,0,0,45.0,5.85,40.0,29.23744292237443
Connecticut,2022-04-25,"Title 12, Subtitle 382",requirements for consents to transfer,taxation,,Taxes and Public Finance,10400003202,1,144,0,0,0,0,1,,5.89,,34.10144927536232
Connecticut,2022-04-25,"Title 12, Subtitle 398",release of estate tax liens,taxation,,Taxes and Public Finance,10400003203,2,191,2,0,0,0,0,38.0,5.65,40.0,28.53072625698324
Connecticut,2022-04-25,"Title 12, Subtitle 3a",waiver of certain penalties,taxation,,Taxes and Public Finance,10400003154,1,659,0,0,0,0,1,44.0,6.57,,32.2328125
Connecticut,2022-04-25,"Title 12, Subtitle 3b",guidelines for the abatement of taxes,taxation,,Taxes and Public Finance,10400003155,9,265,9,0,0,0,0,24.0,5.97,27.27272727272727,35.431372549019606
Connecticut,2022-04-25,"Title 12, Subtitle 407",enumerated services,taxation,,Taxes and Public Finance,10400003204,87,17426,81,1,2,0,3,33.0,8.56,45.55765595463138,36.81671302598095
Connecticut,2022-04-25,"Title 12, Subtitle 408",worthless accounts receivable,taxation,,Taxes and Public Finance,10400003207,3,376,2,1,0,0,0,41.0,6.33,22.22222222222222,29.88515406162465
Connecticut,2022-04-25,"Title 12, Subtitle 40a",certification of assessors and tax collectors,taxation,,Taxes and Public Finance,10400003160,94,2603,89,0,0,0,5,30.0,7.79,19.54022988505747,37.8640350877193
Connecticut,2022-04-25,"Title 12, Subtitle 410",enumerated services,taxation,,Taxes and Public Finance,10400003205,12,1243,4,0,7,0,1,45.0,6.46,48.14814814814815,34.64928511354079
Connecticut,2022-04-25,"Title 12, Subtitle 411",enumerated services,taxation,,Taxes and Public Finance,10400003206,1,46,1,0,0,0,0,15.0,4.44,0.0,28.92105263157895
Connecticut,2022-04-25,"Title 12, Subtitle 412",manufacturing,taxation,,Taxes and Public Finance,10400003208,61,8367,17,6,5,0,33,33.0,8.49,32.015810276679844,35.654120541205415
Connecticut,2022-04-25,"Title 12, Subtitle 426",sales and use tax,taxation,,Taxes and Public Finance,10400003209,135,15085,112,15,3,0,5,29.0,9.53,29.35420743639921,33.49379366479007
Connecticut,2022-04-25,"Title 12, Subtitle 431",presumed total purchase price of motor vehicle purchased other than from motor vehicle dealer,taxation,,Taxes and Public Finance,10400003210,1,293,0,0,0,0,1,18.0,5.94,0.0,33.869565217391305
Connecticut,2022-04-25,"Title 12, Subtitle 449",alcoholic beverages taxes,taxation,,Taxes and Public Finance,10400003211,43,1804,35,5,1,0,2,31.0,6.91,19.642857142857142,35.95285798467884
Connecticut,2022-04-25,"Title 12, Subtitle 455a",tables of equivalents for natural gas and propane for motor vehicle fuels tax purposes,taxation,,Taxes and Public Finance,10400003212,2,406,1,0,0,0,1,36.0,6.67,27.27272727272727,34.199438202247194
Connecticut,2022-04-25,"Title 12, Subtitle 480",motor carrier road tax,taxation,,Taxes and Public Finance,10400003213,17,559,13,0,0,0,4,79.0,6.05,,26.10575139146568
Connecticut,2022-04-25,"Title 12, Subtitle 484",motor carrier road tax,taxation,,Taxes and Public Finance,10400003214,4,192,3,0,0,0,1,37.0,5.93,40.0,30.97222222222222
Connecticut,2022-04-25,"Title 12, Subtitle 493",excise taxes,taxation,,Taxes and Public Finance,10400003215,0,95,0,0,0,0,0,45.0,5.0,0.0,38.04651162790697
Connecticut,2022-04-25,"Title 12, Subtitle 494",real estate conveyance tax,taxation,,Taxes and Public Finance,10400003216,3,1107,0,3,0,0,0,25.0,7.35,27.27272727272727,30.597701149425287
Connecticut,2022-04-25,"Title 12, Subtitle 562",administrative procedures,taxation,,Taxes and Public Finance,10400003217,186,12084,173,1,0,0,12,27.0,9.03,20.588235294117645,36.007920619723215
Connecticut,2022-04-25,"Title 12, Subtitle 568a",operation of lottery,taxation,,Taxes and Public Finance,10400003218,320,13061,298,0,1,2,19,25.0,9.02,17.227722772277225,36.36121491611672
Connecticut,2022-04-25,"Title 12, Subtitle 571",operation of off track betting,taxation,,Taxes and Public Finance,10400003219,0,23,0,0,0,0,0,5.0,2.92,0.0,33.4
Connecticut,2022-04-25,"Title 12, Subtitle 574",the operation of thoroughbred racing except as noted,taxation,,Taxes and Public Finance,10400003220,4037,146056,3474,296,12,77,178,23.0,10.07,23.345876450297897,32.041064921752685
Connecticut,2022-04-25,"Title 12, Subtitle 578",licensing and disclosure regulations,taxation,,Taxes and Public Finance,10400003222,1,32,1,0,0,0,0,14.0,3.79,0.0,42.96296296296296
Connecticut,2022-04-25,"Title 12, Subtitle 584",licensing and disclosure,taxation,,Taxes and Public Finance,10400003221,11,807,10,1,0,0,0,44.0,7.23,61.11111111111112,34.36409608091024
Connecticut,2022-04-25,"Title 12, Subtitle 585",licensing and disclosure regulations,taxation,,Taxes and Public Finance,10400003223,5,292,5,0,0,0,0,41.0,6.37,28.57142857142857,35.982394366197184
Connecticut,2022-04-25,"Title 12, Subtitle 602",petroleum company gross earnings tax,taxation,,Taxes and Public Finance,10400003224,3,850,3,0,0,0,0,37.0,7.93,17.391304347826086,34.51906519065191
Connecticut,2022-04-25,"Title 12, Subtitle 62f",minimum standards for computer assisted mass appraisal,taxation,,Taxes and Public Finance,10400003162,42,2680,33,0,0,0,9,66.0,8.61,10.256410256410255,36.59312210200928
Connecticut,2022-04-25,"Title 12, Subtitle 62i",performance based revaluation testing standards and certification of revaluations performed by towns,taxation,,Taxes and Public Finance,10400003163,61,3277,58,0,0,0,3,45.0,8.38,36.61971830985916,34.50859872611465
Connecticut,2022-04-25,"Title 12, Subtitle 638",neighborhood assistance act,taxation,,Taxes and Public Finance,10400003225,18,953,9,5,0,0,4,38.0,6.89,16.666666666666664,35.31450719822813
Connecticut,2022-04-25,"Title 12, Subtitle 666",credit for worthless accounts receivable for the tourism account surcharge,taxation,,Taxes and Public Finance,10400003226,1,320,0,1,0,0,0,45.0,6.24,28.57142857142857,32.619354838709675
Connecticut,2022-04-25,"Title 12, Subtitle 689",electronic funds transfer,taxation,,Taxes and Public Finance,10400003227,31,1749,25,1,0,0,5,32.0,7.17,27.77777777777778,32.33990442054958
Connecticut,2022-04-25,"Title 12, Subtitle 690",electronic filing of documents,taxation,,Taxes and Public Finance,10400003228,33,1338,19,0,0,0,14,40.0,6.69,48.48484848484848,34.724244771494966
Connecticut,2022-04-25,"Title 12, Subtitle 700",income tax,taxation,,Taxes and Public Finance,10400003233,11,2304,4,0,0,0,7,43.0,6.93,23.52941176470588,32.31930333817126
Connecticut,2022-04-25,"Title 12, Subtitle 701",income tax,taxation,,Taxes and Public Finance,10400003230,103,15001,59,0,6,22,16,19.0,8.43,19.318181818181817,34.25168397417906
Connecticut,2022-04-25,"Title 12, Subtitle 702",income tax,taxation,,Taxes and Public Finance,10400003238,59,3181,49,0,0,0,10,37.0,6.71,54.761904761904766,33.6961398878258
Connecticut,2022-04-25,"Title 12, Subtitle 704",income tax,taxation,,Taxes and Public Finance,10400003239,29,3832,19,0,0,0,10,51.0,7.2,52.05479452054794,32.76384180790961
Connecticut,2022-04-25,"Title 12, Subtitle 705",income tax,taxation,,Taxes and Public Finance,10400003243,228,11061,137,0,2,0,89,41.0,8.21,40.44943820224719,31.96213473644649
Connecticut,2022-04-25,"Title 12, Subtitle 706",income tax,taxation,,Taxes and Public Finance,10400003244,7,712,5,0,0,0,2,87.0,6.29,,29.73777777777778
Connecticut,2022-04-25,"Title 12, Subtitle 707",income tax,taxation,,Taxes and Public Finance,10400003245,65,2583,40,0,0,0,25,55.0,7.41,65.21739130434783,30.47020672882043
Connecticut,2022-04-25,"Title 12, Subtitle 708",income tax,taxation,,Taxes and Public Finance,10400003258,55,4236,40,0,1,0,14,5.0,7.27,4.822043628013777,33.668549422336326
Connecticut,2022-04-25,"Title 12, Subtitle 711",income tax,taxation,,Taxes and Public Finance,10400003231,66,14710,51,0,5,1,9,43.0,8.55,39.94082840236686,35.44575182270988
Connecticut,2022-04-25,"Title 12, Subtitle 712",income tax,taxation,,Taxes and Public Finance,10400003232,4,914,2,0,0,0,2,69.0,6.57,23.07692307692308,37.91958041958042
Connecticut,2022-04-25,"Title 12, Subtitle 713",income tax,taxation,,Taxes and Public Finance,10400003235,2,732,2,0,0,0,0,60.0,6.04,50.0,32.853073463268366
Connecticut,2022-04-25,"Title 12, Subtitle 714",income tax,taxation,,Taxes and Public Finance,10400003236,2,479,1,0,0,0,1,39.0,6.06,33.33333333333333,34.41280353200883
Connecticut,2022-04-25,"Title 12, Subtitle 715",income tax,taxation,,Taxes and Public Finance,10400003240,17,2255,14,0,0,0,3,59.0,6.76,55.26315789473685,33.791840519239685
Connecticut,2022-04-25,"Title 12, Subtitle 716",income tax,taxation,,Taxes and Public Finance,10400003237,16,1899,8,0,0,0,8,14.0,7.17,9.30232558139535,35.873993095512084
Connecticut,2022-04-25,"Title 12, Subtitle 717",income tax,taxation,,Taxes and Public Finance,10400003234,74,7009,57,0,0,0,17,18.0,7.77,17.50663129973475,34.13372889091739
Connecticut,2022-04-25,"Title 12, Subtitle 722",income tax,taxation,,Taxes and Public Finance,10400003242,65,2343,26,0,0,0,39,35.0,7.01,30.76923076923077,31.758317929759706
Connecticut,2022-04-25,"Title 12, Subtitle 723",income tax,taxation,,Taxes and Public Finance,10400003246,37,2544,32,0,0,0,5,37.0,7.34,52.94117647058824,29.80796060730406
Connecticut,2022-04-25,"Title 12, Subtitle 725",income tax,taxation,,Taxes and Public Finance,10400003247,38,2246,25,0,2,0,11,33.0,7.57,38.23529411764706,33.77176364456473
Connecticut,2022-04-25,"Title 12, Subtitle 726",income tax,taxation,,Taxes and Public Finance,10400003241,10,829,6,0,0,0,4,74.0,6.08,18.181818181818183,33.88197146562905
Connecticut,2022-04-25,"Title 12, Subtitle 727",income tax,taxation,,Taxes and Public Finance,10400003248,42,3314,28,0,1,0,13,68.0,7.36,,33.4743508549715
Connecticut,2022-04-25,"Title 12, Subtitle 728",income tax,taxation,,Taxes and Public Finance,10400003249,13,601,9,0,1,0,3,45.0,6.58,30.76923076923077,31.93895870736086
Connecticut,2022-04-25,"Title 12, Subtitle 731",income tax,taxation,,Taxes and Public Finance,10400003250,4,360,3,0,0,0,1,44.0,6.48,37.5,34.61224489795919
Connecticut,2022-04-25,"Title 12, Subtitle 732",income tax,taxation,,Taxes and Public Finance,10400003251,22,2986,16,0,1,0,5,45.0,7.26,65.625,31.03713141609028
Connecticut,2022-04-25,"Title 12, Subtitle 733",income tax,taxation,,Taxes and Public Finance,10400003252,6,557,3,0,0,0,3,68.0,6.49,75.0,29.8639846743295
Connecticut,2022-04-25,"Title 12, Subtitle 734",income tax,taxation,,Taxes and Public Finance,10400003253,2,198,2,0,0,0,0,64.0,5.75,0.0,26.063492063492063
Connecticut,2022-04-25,"Title 12, Subtitle 735",income tax,taxation,,Taxes and Public Finance,10400003254,25,1365,16,0,0,0,9,53.0,7.04,64.0,28.50079239302694
Connecticut,2022-04-25,"Title 12, Subtitle 736",income tax,taxation,,Taxes and Public Finance,10400003255,11,938,4,0,3,0,4,33.0,7.04,25.0,33.77903043968433
Connecticut,2022-04-25,"Title 12, Subtitle 739",income tax,taxation,,Taxes and Public Finance,10400003256,45,3430,14,1,2,0,28,77.0,7.2,54.54545454545454,33.534386617100374
Connecticut,2022-04-25,"Title 12, Subtitle 740",income tax,taxation,,Taxes and Public Finance,10400003229,68,5948,40,3,3,0,22,14.0,7.8,12.590799031477,33.993883792048926
Connecticut,2022-04-25,"Title 12, Subtitle 742",income tax,taxation,,Taxes and Public Finance,10400003257,3,232,3,0,0,0,0,57.0,5.87,25.0,37.84403669724771
Connecticut,2022-04-25,"Title 12, Subtitle 81g",additional veterans exemption eligibility and state reimbursement procedures,taxation,,Taxes and Public Finance,10400003164,40,1540,30,3,0,0,7,43.0,7.77,14.285714285714285,36.34307065217392
Connecticut,2022-04-25,"Title 12, Subtitle 865",online casino gaming retail and online sports wagering fantasy contests keno and online sale of lottery tickets,taxation,,Taxes and Public Finance,10400003259,986,44318,863,2,5,39,77,35.0,9.53,33.8748984565394,37.67690371889272
Connecticut,2022-04-25,"Title 12, Subtitle 9",penalties and the waiver of penalties for failure to comply with certain state reporting requirements,taxation,,Taxes and Public Finance,10400003156,14,457,7,3,0,0,4,50.0,6.88,33.33333333333333,31.372460496614
Connecticut,2022-04-25,"Title 12, Subtitle 94a",penalties and the waiver of penalties regarding certain elderly total disability tax relief programs,taxation,,Taxes and Public Finance,10400003165,14,533,7,3,0,0,4,53.0,7.02,30.0,32.63776493256262
Connecticut,2022-04-25,"Title 13a, Subtitle 123",outdoor advertising signs displays and devices adjacent to the national system of interstate and defense highways limited access federal aid primary highways other limited access state highways and non limited access federal aid primary highways,highways and bridges,,Transportation,10400003262,47,3949,37,2,2,6,0,50.0,8.08,45.33333333333333,33.23331553657234
Connecticut,2022-04-25,"Title 13a, Subtitle 124a",specific information signs and business signs on limited access highways,highways and bridges,,Transportation,10400003263,73,2757,60,3,0,0,10,31.0,8.2,38.63636363636363,37.221511846558855
Connecticut,2022-04-25,"Title 13a, Subtitle 143c",minimum requirements relative to traffic safety for any car wash facility for which a building permit is issued,highways and bridges,,Transportation,10400003264,5,185,4,0,0,0,1,42.0,6.05,0.0,38.67469879518072
Connecticut,2022-04-25,"Title 13a, Subtitle 165",certification of disadvantaged business enterprises,highways and bridges,,Transportation,10400003265,90,3964,72,12,0,0,6,40.0,8.45,24.742268041237114,38.889567294929655
Connecticut,2022-04-25,"Title 13a, Subtitle 175u",local bridge program,highways and bridges,,Transportation,10400003266,35,3507,31,1,0,0,3,43.0,8.3,22.5,37.81515601783061
Connecticut,2022-04-25,"Title 13a, Subtitle 253",use of state dock at east haddam,highways and bridges,,Transportation,10400003267,16,539,12,0,0,4,0,30.0,6.81,23.52941176470588,28.317813765182187
Connecticut,2022-04-25,"Title 13a, Subtitle 80",sale of excess residential property,highways and bridges,,Transportation,10400003260,13,652,9,1,0,0,3,48.0,6.53,38.46153846153847,36.29516129032258
Connecticut,2022-04-25,"Title 13a, Subtitle 97b",an adopt a highway program,highways and bridges,,Transportation,10400003261,18,807,18,0,0,0,0,31.0,6.99,8.0,45.63066666666667
Connecticut,2022-04-25,"Title 13b, Subtitle 17",encroachment permit regulations,transportation,,Transportation,10400003268,479,21740,391,43,1,5,39,32.0,9.83,33.181126331811264,35.809768021472394
Connecticut,2022-04-25,"Title 13b, Subtitle 283",maintenance and repair of orphan bridges,transportation,,Transportation,10400003276,36,2074,32,2,0,0,2,30.0,8.21,23.52941176470588,39.28365878725591
Connecticut,2022-04-25,"Title 13b, Subtitle 29",use of dot commuter parking facilities,transportation,,Transportation,10400003269,7,269,5,0,0,2,0,63.0,6.13,50.0,42.206225680933855
Connecticut,2022-04-25,"Title 13b, Subtitle 31c",designation of scenic roads,transportation,,Transportation,10400003270,15,994,12,3,0,0,0,26.0,7.56,5.263157894736842,41.19162303664921
Connecticut,2022-04-25,"Title 13b, Subtitle 31e",designation of scenic roads,transportation,,Transportation,10400003271,22,1190,18,1,2,0,1,29.0,7.78,36.58536585365854,40.42918825561313
Connecticut,2022-04-25,"Title 13b, Subtitle 354a",removal of debris from railroad rights of way,transportation,,Transportation,10400003277,8,267,7,1,0,0,0,23.0,6.61,18.181818181818183,41.004149377593365
Connecticut,2022-04-25,"Title 13b, Subtitle 38o",employee commute option program,transportation,,Transportation,10400003272,11,635,11,0,0,0,0,60.0,6.75,0.0,40.46725663716814
Connecticut,2022-04-25,"Title 13b, Subtitle 50p",complaints concerning aircraft landings and takeoffs at unlicensed air navigation facilities,transportation,,Transportation,10400003273,10,708,10,0,0,0,0,21.0,7.28,18.75,35.9609022556391
Connecticut,2022-04-25,"Title 13b, Subtitle 96",taxicab rules of operation,transportation,,Transportation,10400003274,232,9209,218,0,0,1,13,43.0,9.04,30.288461538461537,35.60120009231479
Connecticut,2022-04-25,"Title 13b, Subtitle 99",minimum requirements for the inspection and repair of taxicabs,transportation,,Transportation,10400003275,32,1231,28,0,0,0,4,40.0,7.42,20.0,39.0335339638865
Connecticut,2022-04-25,"Title 14, Subtitle 100",safety glass standard,motor vehicles use of the highway by vehicles gasoline,,Transportation,10400003321,0,47,0,0,0,0,0,42.0,4.65,0.0,37.41025641025641
Connecticut,2022-04-25,"Title 14, Subtitle 100a",child passenger restraint systems,motor vehicles use of the highway by vehicles gasoline,,Transportation,10400003322,4,88,2,0,0,0,2,84.0,5.32,,41.9
Connecticut,2022-04-25,"Title 14, Subtitle 103d",use of pressurized gases as motor vehicle fuels,motor vehicles use of the highway by vehicles gasoline,,Transportation,10400003323,27,1000,21,0,0,0,6,44.0,7.46,50.0,31.37737843551797
Connecticut,2022-04-25,"Title 14, Subtitle 111g",standards and procedures for retraining of motor vehicle operators,motor vehicles use of the highway by vehicles gasoline,,Transportation,10400003324,107,3869,101,0,0,0,6,42.0,7.98,17.97752808988764,38.64787581699346
Connecticut,2022-04-25,"Title 14, Subtitle 111i",standards and procedures for participation in the driver license agreement,motor vehicles use of the highway by vehicles gasoline,,Transportation,10400003325,28,1635,25,0,0,0,3,64.0,7.71,56.00000000000001,36.74736842105264
Connecticut,2022-04-25,"Title 14, Subtitle 11a",issuance and use of suppressed motor vehicle licenses,motor vehicles use of the highway by vehicles gasoline,,Transportation,10400003279,36,1349,35,0,0,0,1,36.0,6.78,30.55555555555556,41.62432223082882
Connecticut,2022-04-25,"Title 14, Subtitle 11d",fire apparatus,motor vehicles use of the highway by vehicles gasoline,,Transportation,10400003280,13,728,12,0,0,0,1,48.0,7.02,28.57142857142857,37.34094368340944
Connecticut,2022-04-25,"Title 14, Subtitle 12",scooters and motor equipped bicycles,motor vehicles use of the highway by vehicles gasoline,,Transportation,10400003281,13,607,7,0,0,0,6,73.0,6.61,50.0,43.56887298747764
Connecticut,2022-04-25,"Title 14, Subtitle 12i",automobile insurance enforcement account,motor vehicles use of the highway by vehicles gasoline,,Transportation,10400003282,13,480,12,0,1,0,0,46.0,6.85,10.0,40.37053571428572
Connecticut,2022-04-25,"Title 14, Subtitle 137",radar detecting devices,motor vehicles use of the highway by vehicles gasoline,,Transportation,10400003326,320,17332,249,20,2,0,49,29.0,9.44,21.14384748700173,36.24833825701625
Connecticut,2022-04-25,"Title 14, Subtitle 137a",assessment of points against an operator s license for motor vehicle law violations,motor vehicles use of the highway by vehicles gasoline,,Transportation,10400003327,20,1495,20,0,0,0,0,21.0,7.54,22.058823529411764,30.564181398923903
Connecticut,2022-04-25,"Title 14, Subtitle 15",leasing or renting of motor vehicles,motor vehicles use of the highway by vehicles gasoline,,Transportation,10400003283,33,1568,27,0,0,0,6,52.0,7.35,34.48275862068966,35.75
Connecticut,2022-04-25,"Title 14, Subtitle 150",hearings procedures for motor vehicles taken into custody pursuant to section 14 150,motor vehicles use of the highway by vehicles gasoline,,Transportation,10400003328,63,3598,58,1,0,0,4,57.0,7.65,63.934426229508205,34.71772754312909
Connecticut,2022-04-25,"Title 14, Subtitle 151a",report of stolen motor vehicles,motor vehicles use of the highway by vehicles gasoline,,Transportation,10400003329,7,126,6,0,0,0,1,18.0,5.52,0.0,27.611570247933884
Connecticut,2022-04-25,"Title 14, Subtitle 159",operators licenses or registration fees refunds,motor vehicles use of the highway by vehicles gasoline,,Transportation,10400003330,0,56,0,0,0,0,0,54.0,4.45,0.0,28.867924528301888
Connecticut,2022-04-25,"Title 14, Subtitle 15a",transfer of special registration number plates to leased motor vehicles,motor vehicles use of the highway by vehicles gasoline,,Transportation,10400003284,2,368,2,0,0,0,0,20.0,6.19,5.88235294117647,37.39873417721519
Connecticut,2022-04-25,"Title 14, Subtitle 15d",electronic applications for registration or certificate of title,motor vehicles use of the highway by vehicles gasoline,,Transportation,10400003286,14,724,8,0,0,0,6,59.0,6.77,8.333333333333332,41.13284671532847
Connecticut,2022-04-25,"Title 14, Subtitle 163c",motor carrier safety regulations,motor vehicles use of the highway by vehicles gasoline,,Transportation,10400003331,23,2157,20,0,0,0,3,65.0,7.65,16.129032258064516,38.0559261159569
Connecticut,2022-04-25,"Title 14, Subtitle 164a",minimum safety requirements for motor vehicle racing or exhibitions of speed or skill,motor vehicles use of the highway by vehicles gasoline,,Transportation,10400003332,19,652,15,2,0,0,2,34.0,7.29,42.10526315789473,33.40031397174254
Connecticut,2022-04-25,"Title 14, Subtitle 164c",periodic motor vehicle emissions inspection and maintenance,motor vehicles use of the highway by vehicles gasoline,,Transportation,10400003333,193,8806,165,2,1,0,25,38.0,8.43,23.660714285714285,37.86121081598469
Connecticut,2022-04-25,"Title 14, Subtitle 164i",diesel powered commercial motor vehicle emissions standards,motor vehicles use of the highway by vehicles gasoline,,Transportation,10400003334,75,3558,62,5,0,0,8,33.0,7.85,9.70873786407767,39.60803571428571
Connecticut,2022-04-25,"Title 14, Subtitle 166",titling of motor vehicles manufactured prior to 1981,motor vehicles use of the highway by vehicles gasoline,,Transportation,10400003335,5,372,5,0,0,0,0,91.0,6.19,,35.70505617977528
Connecticut,2022-04-25,"Title 14, Subtitle 16c",submission of copies of titles for totalled motor vehicles and the transfer of totalled motor vehicles on the original certificate of title appraiser s damage report,motor vehicles use of the highway by vehicles gasoline,,Transportation,10400003285,23,593,20,0,0,0,3,45.0,6.58,7.6923076923076925,33.00704225352113
Connecticut,2022-04-25,"Title 14, Subtitle 174",branding of motor vehicle titles,motor vehicles use of the highway by vehicles gasoline,,Transportation,10400003336,7,1233,4,0,0,0,3,66.0,7.45,27.77777777777778,35.374679213002565
Connecticut,2022-04-25,"Title 14, Subtitle 19a",standards for the issuance of special number plates,motor vehicles use of the highway by vehicles gasoline,,Transportation,10400003287,49,2218,41,0,0,0,8,42.0,7.53,33.33333333333333,37.60689004247286
Connecticut,2022-04-25,"Title 14, Subtitle 217",taking possession of operators licenses by certain state and local authorities,motor vehicles use of the highway by vehicles gasoline,,Transportation,10400003337,1,128,1,0,0,0,0,,5.65,,30.96
Connecticut,2022-04-25,"Title 14, Subtitle 21e",fees and standards for issuing long island sound commemorative number plates and donations and contributions to the lighthouse preservation account,motor vehicles use of the highway by vehicles gasoline,,Transportation,10400003288,26,1069,24,0,0,0,2,54.0,7.07,10.526315789473683,35.89340101522843
Connecticut,2022-04-25,"Title 14, Subtitle 21f",fees and standards for issuing keep kids safe motor vehicle number plates,motor vehicles use of the highway by vehicles gasoline,,Transportation,10400003289,18,781,16,0,0,0,2,50.0,6.79,6.666666666666667,30.850914205344584
Connecticut,2022-04-25,"Title 14, Subtitle 21h",standards for issuing animal population commemorative number plates,motor vehicles use of the highway by vehicles gasoline,,Transportation,10400003290,23,876,17,0,0,0,6,35.0,6.76,4.166666666666666,38.1575
Connecticut,2022-04-25,"Title 14, Subtitle 21i",standards for issuing greenways commemorative number plates,motor vehicles use of the highway by vehicles gasoline,,Transportation,10400003291,16,697,12,0,0,0,4,55.0,6.67,8.333333333333332,38.86185243328101
Connecticut,2022-04-25,"Title 14, Subtitle 21j",standards for issuing amistad commemorative number plates,motor vehicles use of the highway by vehicles gasoline,,Transportation,10400003292,17,691,13,0,0,0,4,47.0,6.6,7.142857142857142,37.0740157480315
Connecticut,2022-04-25,"Title 14, Subtitle 227a",measurement of alcohol in blood breath or urine,motor vehicles use of the highway by vehicles gasoline,,Transportation,10400003338,177,8510,161,0,0,0,16,51.0,8.69,30.06134969325153,37.47916146743199
Connecticut,2022-04-25,"Title 14, Subtitle 227b",administrative procedures for per se suspension of motor vehicle operator s license,motor vehicles use of the highway by vehicles gasoline,,Transportation,10400003339,87,3612,78,0,0,1,8,40.0,7.76,36.36363636363637,33.3593009478673
Connecticut,2022-04-25,"Title 14, Subtitle 253a",special license plates and placards for persons who are blind or persons with disabilities,motor vehicles use of the highway by vehicles gasoline,,Transportation,10400003340,69,3274,63,0,1,0,5,42.0,7.5,23.684210526315788,37.50696643445219
Connecticut,2022-04-25,"Title 14, Subtitle 26",public service motor vehicles,motor vehicles use of the highway by vehicles gasoline,,Transportation,10400003293,3,102,3,0,0,0,0,32.0,5.58,33.33333333333333,35.11827956989247
Connecticut,2022-04-25,"Title 14, Subtitle 261",towed motor vehicles,motor vehicles use of the highway by vehicles gasoline,,Transportation,10400003341,1,163,1,0,0,0,0,31.0,5.9,20.0,40.358108108108105
Connecticut,2022-04-25,"Title 14, Subtitle 270",oversize overweight vehicle permit regulations,motor vehicles use of the highway by vehicles gasoline,,Transportation,10400003342,54,3710,36,6,1,0,11,26.0,8.85,29.28571428571429,32.58807056846822
Connecticut,2022-04-25,"Title 14, Subtitle 271a",frame weakening standards,motor vehicles use of the highway by vehicles gasoline,,Transportation,10400003343,9,548,8,1,0,0,0,30.0,6.63,50.0,32.784615384615385
Connecticut,2022-04-25,"Title 14, Subtitle 275a",minimum requirements for type ii type 2 school bus construction and equipment,motor vehicles use of the highway by vehicles gasoline,,Transportation,10400003344,436,11994,402,12,2,0,20,22.0,9.37,18.90359168241966,29.866125760649087
Connecticut,2022-04-25,"Title 14, Subtitle 275b",minimum requirements for type i school bus construction and equipment,motor vehicles use of the highway by vehicles gasoline,,Transportation,10400003345,147,4163,138,3,0,0,6,33.0,8.7,32.231404958677686,34.64356941958578
Connecticut,2022-04-25,"Title 14, Subtitle 275c",minimum requirements for inspection maintenance and repair of school buses and student transportation vehicles,motor vehicles use of the highway by vehicles gasoline,,Transportation,10400003346,232,9014,191,2,1,5,33,40.0,9.04,30.316742081447963,34.68030001171921
Connecticut,2022-04-25,"Title 14, Subtitle 275d",exemption procedures for school bus construction and equipment standards,motor vehicles use of the highway by vehicles gasoline,,Transportation,10400003347,4,201,4,0,0,0,0,48.0,6.25,50.0,38.288770053475936
Connecticut,2022-04-25,"Title 14, Subtitle 276a",school bus and student transportation vehicle driver training requirements,motor vehicles use of the highway by vehicles gasoline,,Transportation,10400003348,44,2136,33,0,0,0,11,45.0,7.64,15.555555555555555,40.45459373340415
Connecticut,2022-04-25,"Title 14, Subtitle 280",standards for the construction and attachment of portable signs on vehicles transporting children,motor vehicles use of the highway by vehicles gasoline,,Transportation,10400003349,15,627,11,0,0,0,4,47.0,6.86,,29.43355481727575
Connecticut,2022-04-25,"Title 14, Subtitle 283a",uniform statewide pursuit policy,motor vehicles use of the highway by vehicles gasoline,,Transportation,10400003350,52,1869,50,0,0,1,1,27.0,7.69,58.82352941176471,37.49888888888889
Connecticut,2022-04-25,"Title 14, Subtitle 289d",protection of vision for motorcycle operators,motor vehicles use of the highway by vehicles gasoline,,Transportation,10400003351,14,320,12,0,0,0,2,26.0,6.46,0.0,28.661341853035143
Connecticut,2022-04-25,"Title 14, Subtitle 289j",proper use of mini motorcycles,motor vehicles use of the highway by vehicles gasoline,,Transportation,10400003352,13,493,12,0,0,1,0,29.0,6.5,43.75,31.286624203821656
Connecticut,2022-04-25,"Title 14, Subtitle 293b",responsibility of a motor vehicle operator when approaching a person riding a horse,motor vehicles use of the highway by vehicles gasoline,,Transportation,10400003353,2,85,1,0,0,1,0,40.0,5.19,,30.518987341772156
Connecticut,2022-04-25,"Title 14, Subtitle 298",state traffic administration,motor vehicles use of the highway by vehicles gasoline,,Transportation,10400003354,90,4203,75,2,0,10,3,38.0,8.45,24.52830188679245,38.17115730048756
Connecticut,2022-04-25,"Title 14, Subtitle 3",personal data,motor vehicles use of the highway by vehicles gasoline,,Transportation,10400003278,32,2404,27,1,0,0,4,21.0,7.85,17.117117117117118,39.63597612958227
Connecticut,2022-04-25,"Title 14, Subtitle 307",notice required to owners and lienholders of motor vehicles upon towing by police or traffic authority and upon sale or other disposition of motor vehicles,motor vehicles use of the highway by vehicles gasoline,,Transportation,10400003355,24,1281,24,0,0,0,0,48.0,7.37,19.230769230769237,31.36798679867987
Connecticut,2022-04-25,"Title 14, Subtitle 312",certificate of operation,motor vehicles use of the highway by vehicles gasoline,,Transportation,10400003356,4,91,3,0,0,0,1,42.0,5.48,0.0,34.9390243902439
Connecticut,2022-04-25,"Title 14, Subtitle 327d",motor fuel quality testing standards,motor vehicles use of the highway by vehicles gasoline,,Transportation,10400003357,101,5663,94,2,0,0,5,47.0,9.09,25.0,35.71374764595104
Connecticut,2022-04-25,"Title 14, Subtitle 33",municipal parking tickets program,motor vehicles use of the highway by vehicles gasoline,,Transportation,10400003294,16,645,16,0,0,0,0,32.0,6.99,10.526315789473683,42.891938250428815
Connecticut,2022-04-25,"Title 14, Subtitle 332",sale of gasoline and motor oil,motor vehicles use of the highway by vehicles gasoline,,Transportation,10400003358,17,610,14,0,0,2,1,37.0,7.32,43.75,33.97207678883071
Connecticut,2022-04-25,"Title 14, Subtitle 344c",operation of retail service stations by producers or refiners for limited time periods,motor vehicles use of the highway by vehicles gasoline,,Transportation,10400003359,2,207,2,0,0,0,0,50.0,5.47,75.0,33.13131313131313
Connecticut,2022-04-25,"Title 14, Subtitle 34a",international registration plan,motor vehicles use of the highway by vehicles gasoline,,Transportation,10400003295,265,10937,232,15,2,1,15,32.0,9.21,23.59882005899705,38.254612546125465
Connecticut,2022-04-25,"Title 14, Subtitle 35",general distinguishing numbers,motor vehicles use of the highway by vehicles gasoline,,Transportation,10400003296,9,822,7,0,1,0,1,53.0,7.07,46.66666666666666,36.741772151898736
Connecticut,2022-04-25,"Title 14, Subtitle 36",application of minor for operator s license and registration,motor vehicles use of the highway by vehicles gasoline,,Transportation,10400003298,8,632,8,0,0,0,0,48.0,6.84,23.07692307692308,33.90359477124183
Connecticut,2022-04-25,"Title 14, Subtitle 36a",restrictions on drivers licenses and commercial drivers licenses,motor vehicles use of the highway by vehicles gasoline,,Transportation,10400003299,0,674,0,0,0,0,0,,6.38,,35.66306027820711
Connecticut,2022-04-25,"Title 14, Subtitle 36f",driver s education in secondary schools,motor vehicles use of the highway by vehicles gasoline,,Transportation,10400003300,166,6902,146,0,0,0,20,46.0,8.21,29.86111111111111,38.01969230769231
Connecticut,2022-04-25,"Title 14, Subtitle 36g",teen driving exemptions for single parents under eighteen years of age,motor vehicles use of the highway by vehicles gasoline,,Transportation,10400003301,2,142,2,0,0,0,0,67.0,5.73,0.0,36.152
Connecticut,2022-04-25,"Title 14, Subtitle 37a",special operator s permits,motor vehicles use of the highway by vehicles gasoline,,Transportation,10400003302,65,3678,48,2,0,0,15,64.0,7.84,58.92857142857143,35.96344945745288
Connecticut,2022-04-25,"Title 14, Subtitle 389",snowmobiles,motor vehicles use of the highway by vehicles gasoline,,Transportation,10400003360,19,533,16,0,0,0,3,47.0,6.99,45.45454545454545,34.40392156862745
Connecticut,2022-04-25,"Title 14, Subtitle 44",minimum physical standards for operators of public service motor vehicles and service buses,motor vehicles use of the highway by vehicles gasoline,,Transportation,10400003303,42,3251,33,1,0,0,8,61.0,8.44,58.82352941176471,36.76114324600204
Connecticut,2022-04-25,"Title 14, Subtitle 45a",health standards for licensing decisions for operators of motor vehicles,motor vehicles use of the highway by vehicles gasoline,,Transportation,10400003304,58,4213,45,2,0,0,11,18.0,8.71,18.4549356223176,38.0275620145327
Connecticut,2022-04-25,"Title 14, Subtitle 48c",registration of motor vehicles engaged in seasonal operations,motor vehicles use of the highway by vehicles gasoline,,Transportation,10400003305,15,584,14,0,0,0,1,30.0,6.53,21.052631578947366,40.00557620817844
Connecticut,2022-04-25,"Title 14, Subtitle 49",the operation of federally owned vehicles consigned to the connecticut national guard,motor vehicles use of the highway by vehicles gasoline,,Transportation,10400003306,51,1574,45,0,0,0,6,32.0,7.96,41.66666666666667,31.050980392156863
Connecticut,2022-04-25,"Title 14, Subtitle 63",motor vehicle dealers and repairers licensing and operation,motor vehicles use of the highway by vehicles gasoline,,Transportation,10400003307,156,8423,135,0,0,0,21,40.0,8.79,43.90243902439025,35.42405463513342
Connecticut,2022-04-25,"Title 14, Subtitle 65",motor vehicle auctions,motor vehicles use of the highway by vehicles gasoline,,Transportation,10400003308,41,1612,34,0,0,0,7,35.0,7.42,33.33333333333333,33.134715025906736
Connecticut,2022-04-25,"Title 14, Subtitle 65d",concerning the signs required to be displayed by motor vehicle repairers,motor vehicles use of the highway by vehicles gasoline,,Transportation,10400003309,10,314,7,0,0,0,3,29.0,6.33,40.0,30.98913043478261
Connecticut,2022-04-25,"Title 14, Subtitle 65j",signs required to be displayed by motor vehicle repairers,motor vehicles use of the highway by vehicles gasoline,,Transportation,10400003310,15,597,14,0,0,0,1,26.0,7.43,18.181818181818183,27.773062730627306
Connecticut,2022-04-25,"Title 14, Subtitle 66",identification of motor vehicle wreckers,motor vehicles use of the highway by vehicles gasoline,,Transportation,10400003311,1,53,1,0,0,0,0,50.0,4.91,0.0,33.61702127659574
Connecticut,2022-04-25,"Title 14, Subtitle 67a",availability of motor vehicle replacement parts,motor vehicles use of the highway by vehicles gasoline,,Transportation,10400003312,9,502,7,0,0,0,2,44.0,6.77,18.181818181818183,37.05508474576271
Connecticut,2022-04-25,"Title 14, Subtitle 67d",general distinguishing numbers,motor vehicles use of the highway by vehicles gasoline,,Transportation,10400003297,12,614,10,0,0,0,2,43.0,6.83,28.57142857142857,40.80546075085324
Connecticut,2022-04-25,"Title 14, Subtitle 67l",supplemental identification for special marker plates,motor vehicles use of the highway by vehicles gasoline,,Transportation,10400003313,5,228,5,0,0,0,0,45.0,6.24,20.0,37.21658986175115
Connecticut,2022-04-25,"Title 14, Subtitle 67q",motor vehicle recyclers,motor vehicles use of the highway by vehicles gasoline,,Transportation,10400003314,37,1451,31,1,0,2,3,59.0,7.58,29.166666666666668,32.677443056576045
Connecticut,2022-04-25,"Title 14, Subtitle 78",commercial driving schools,motor vehicles use of the highway by vehicles gasoline,,Transportation,10400003315,232,8631,204,0,1,0,27,41.0,8.47,25.12315270935961,37.00690590701689
Connecticut,2022-04-25,"Title 14, Subtitle 80",brakes,motor vehicles use of the highway by vehicles gasoline,,Transportation,10400003316,32,1734,26,1,0,0,5,22.0,8.11,20.77922077922078,31.68894440974391
Connecticut,2022-04-25,"Title 14, Subtitle 80a",maximum permissible noise levels for vehicles,motor vehicles use of the highway by vehicles gasoline,,Transportation,10400003317,46,2892,39,7,0,0,0,39.0,8.74,35.13513513513514,31.3010878010878
Connecticut,2022-04-25,"Title 14, Subtitle 96aa",auxiliary lighting on motor vehicles equipped for snow removal,motor vehicles use of the highway by vehicles gasoline,,Transportation,10400003318,3,168,3,0,0,0,0,41.0,6.02,0.0,28.15
Connecticut,2022-04-25,"Title 14, Subtitle 98a",tires,motor vehicles use of the highway by vehicles gasoline,,Transportation,10400003319,6,345,6,0,0,0,0,55.0,6.35,50.0,26.003115264797508
Connecticut,2022-04-25,"Title 14, Subtitle 99g",requirements for approval for aftermarket tinted or reflectorized glazing,motor vehicles use of the highway by vehicles gasoline,,Transportation,10400003320,37,1859,35,0,0,0,2,45.0,7.72,40.0,37.99651770168311
Connecticut,2022-04-25,"Title 15, Subtitle 121",boating safety,navigation and aeronautics,,Transportation,10400003367,379,17300,352,4,0,8,15,44.0,9.56,32.98969072164948,32.06950226244344
Connecticut,2022-04-25,"Title 15, Subtitle 14",rates of pilotage,navigation and aeronautics,,Transportation,10400003362,29,1821,27,1,0,0,1,38.0,7.87,13.333333333333334,30.122884012539185
Connecticut,2022-04-25,"Title 15, Subtitle 140e",exemption from safe boating certificate,navigation and aeronautics,,Transportation,10400003370,2,113,2,0,0,0,0,54.0,5.35,0.0,35.009433962264154
Connecticut,2022-04-25,"Title 15, Subtitle 140f",boating safety,navigation and aeronautics,,Transportation,10400003368,67,2283,54,0,0,0,13,38.0,7.42,11.864406779661016,38.917422867513615
Connecticut,2022-04-25,"Title 15, Subtitle 140j",boating safety,navigation and aeronautics,,Transportation,10400003369,41,1454,32,1,0,0,8,37.0,6.8,5.263157894736842,42.756186317321685
Connecticut,2022-04-25,"Title 15, Subtitle 140r",forensic chemical testing under an act concerning boating safety,navigation and aeronautics,,Transportation,10400003371,72,2721,69,0,0,0,3,36.0,7.98,26.666666666666668,40.161912104857365
Connecticut,2022-04-25,"Title 15, Subtitle 144",issuance of vessel registrations by marine dealers,navigation and aeronautics,,Transportation,10400003372,17,918,13,2,0,0,2,49.0,7.18,22.22222222222222,39.28891509433962
Connecticut,2022-04-25,"Title 15, Subtitle 15a",navigable waters marine pilots,navigation and aeronautics,,Transportation,10400003363,128,5029,117,0,0,1,10,38.0,8.78,21.37404580152672,34.865194532071506
Connecticut,2022-04-25,"Title 15, Subtitle 229",department of motor vehicles,navigation and aeronautics,,Transportation,10400003373,3,399,3,0,0,0,0,65.0,6.07,50.0,36.373655913978496
Connecticut,2022-04-25,"Title 15, Subtitle 41",aircraft registration,navigation and aeronautics,,Transportation,10400003364,260,13822,221,8,0,3,28,36.0,9.52,22.22222222222222,35.8314457549012
Connecticut,2022-04-25,"Title 15, Subtitle 74b",new construction and changes to present public service company overhead lines within an airport runway clear zone,navigation and aeronautics,,Transportation,10400003365,3,818,3,0,0,0,0,42.0,6.93,36.84210526315789,33.233289646133684
Connecticut,2022-04-25,"Title 15, Subtitle 9",hearing process contesting removal of a vessel,navigation and aeronautics,,Transportation,10400003361,13,656,13,0,0,0,0,42.0,7.13,40.0,34.60229132569558
Connecticut,2022-04-25,"Title 15, Subtitle 99",aerial application of insecticides fungicides herbicides and fertilizers,navigation and aeronautics,,Transportation,10400003366,0,24,0,0,0,0,0,4.0,4.06,0.0,28.75
Connecticut,2022-04-25,Title 16,termination of electric gas water and sewage utility service,public service companies,,Administration,10400003377,10,1517,7,3,0,0,0,24.0,8.15,26.984126984126984,31.029992684711047
Connecticut,2022-04-25,"Title 16a, Subtitle 14",eligibility of nonresidential solar energy electricity generating systems for the purpose of authorized property tax exemption,planning and energy policy,,"Environmental Protection, Public Utilities, and Natural Resources",10400003424,35,5479,31,1,0,0,3,38.0,8.62,39.86013986013986,36.534348239771646
Connecticut,2022-04-25,"Title 16a, Subtitle 14b",voluntary testing and certification program for energy related products,planning and energy policy,,"Environmental Protection, Public Utilities, and Natural Resources",10400003425,27,1183,25,2,0,0,0,29.0,7.01,32.5,40.11820534943917
Connecticut,2022-04-25,"Title 16a, Subtitle 15",signs retail gasoline outlets,planning and energy policy,,"Environmental Protection, Public Utilities, and Natural Resources",10400003426,49,1759,39,5,0,1,4,26.0,8.11,14.925373134328357,30.656565656565657
Connecticut,2022-04-25,"Title 16a, Subtitle 15a",posting of signs at gasoline service stations,planning and energy policy,,"Environmental Protection, Public Utilities, and Natural Resources",10400003427,26,865,26,0,0,0,0,36.0,7.1,34.78260869565217,28.67361963190184
Connecticut,2022-04-25,"Title 16a, Subtitle 22c",petroleum product definitions,planning and energy policy,,"Environmental Protection, Public Utilities, and Natural Resources",10400003428,1,1085,0,0,0,0,1,16.0,7.75,4.6875,37.846908734053
Connecticut,2022-04-25,"Title 16a, Subtitle 23a",defining standards and substandard anthracite,planning and energy policy,,"Environmental Protection, Public Utilities, and Natural Resources",10400003429,8,504,8,0,0,0,0,2.0,6.78,0.3717472118959107,36.88095238095238
Connecticut,2022-04-25,"Title 16a, Subtitle 32",interim change process to the conservation and development policies plan,planning and energy policy,,"Environmental Protection, Public Utilities, and Natural Resources",10400003430,29,1525,29,0,0,0,0,36.0,7.64,19.047619047619047,33.570360299116246
Connecticut,2022-04-25,"Title 16a, Subtitle 37c",shared energy savings program,planning and energy policy,,"Environmental Protection, Public Utilities, and Natural Resources",10400003431,16,844,8,6,0,0,2,33.0,7.38,16.0,37.98150431565968
Connecticut,2022-04-25,"Title 16a, Subtitle 38e",designation of priority energy projects,planning and energy policy,,"Environmental Protection, Public Utilities, and Natural Resources",10400003432,7,385,2,5,0,0,0,19.0,6.72,35.0,39.08196721311475
Connecticut,2022-04-25,"Title 16a, Subtitle 38k",establishment of high performance building construction standards for state funded buildings,planning and energy policy,,"Environmental Protection, Public Utilities, and Natural Resources",10400003433,241,12150,204,10,0,0,27,34.0,9.27,22.318840579710145,38.131759129213485
Connecticut,2022-04-25,"Title 16a, Subtitle 39",lighting efficiency standards for public buildings,planning and energy policy,,"Environmental Protection, Public Utilities, and Natural Resources",10400003434,8,734,8,0,0,0,0,26.0,7.37,14.814814814814811,39.40116279069768
Connecticut,2022-04-25,"Title 16a, Subtitle 40b",energy conservation material standards for residential buildings,planning and energy policy,,"Environmental Protection, Public Utilities, and Natural Resources",10400003435,80,4397,66,9,0,0,5,30.0,8.77,20.833333333333336,37.18173145719056
Connecticut,2022-04-25,"Title 16a, Subtitle 41",energy assistance programs,planning and energy policy,,"Environmental Protection, Public Utilities, and Natural Resources",10400003436,208,11015,154,34,2,2,16,28.0,9.32,18.251928020565558,36.5821520312054
Connecticut,2022-04-25,"Title 16a, Subtitle 43",business emergency relief loan program and small home heating oil dealers loan program,planning and energy policy,,"Environmental Protection, Public Utilities, and Natural Resources",10400003437,61,2540,51,2,2,0,6,50.0,7.76,44.0,34.61920129084308
Connecticut,2022-04-25,"Title 16a, Subtitle 48",procedures for establishing energy efficiency standards for certain appliances and products,planning and energy policy,,"Environmental Protection, Public Utilities, and Natural Resources",10400003438,85,5835,74,7,0,0,4,68.0,9.14,36.25,34.99640071985603
Connecticut,2022-04-25,"Title 16a, Subtitle 49",contract procedures for private power producers and providers,planning and energy policy,,"Environmental Protection, Public Utilities, and Natural Resources",10400003439,15,985,12,1,0,0,2,74.0,7.06,38.46153846153847,37.66985138004247
Connecticut,2022-04-25,"Title 16, Subtitle 1",rules of practice,public service companies,,Administration,10400003374,342,16889,306,1,1,0,34,32.0,9.2,32.34714003944773,35.442402036887536
Connecticut,2022-04-25,"Title 16, Subtitle 10a",excessive rates pursuant to public act 94 219,public service companies,,Administration,10400003380,3,471,0,3,0,0,0,37.0,6.91,25.0,37.576470588235296
Connecticut,2022-04-25,"Title 16, Subtitle 11",gas companies operating within the state of connecticut,public service companies,,Administration,10400003381,666,22224,620,2,1,0,43,37.0,9.4,42.465753424657535,33.72120984407289
Connecticut,2022-04-25,"Title 16, Subtitle 140",clearances on railroads with reference to overhead and side structures and parallel tracks,public service companies,,Administration,10400003396,5,332,5,0,0,0,0,29.0,6.4,18.181818181818183,27.96815286624204
Connecticut,2022-04-25,"Title 16, Subtitle 16",requirements of public service companies and electric suppliers to report accidents,public service companies,,Administration,10400003382,19,1485,15,0,0,0,4,56.0,7.71,,35.48919308357349
Connecticut,2022-04-25,"Title 16, Subtitle 19d",promotion or marketing of efficient gas or electric equipment,public service companies,,Administration,10400003383,19,971,16,0,0,0,3,56.0,7.38,23.52941176470588,38.8371335504886
Connecticut,2022-04-25,"Title 16, Subtitle 2",description of organization,public service companies,,Administration,10400003375,39,4289,32,3,0,1,3,33.0,8.95,16.666666666666664,42.32078239608802
Connecticut,2022-04-25,"Title 16, Subtitle 235",petitions and applications,public service companies,,Administration,10400003397,4,309,4,0,0,0,0,,6.61,,34.50173010380623
Connecticut,2022-04-25,"Title 16, Subtitle 243",construction and maintenance standards governing traffic signals attached to public service company poles,public service companies,,Administration,10400003399,42,1744,37,1,0,0,4,34.0,7.95,28.000000000000004,37.93292682926829
Connecticut,2022-04-25,"Title 16, Subtitle 243a",contract procedures pertaining to electric public service companies for private power producers and private power providers,public service companies,,Administration,10400003400,80,5386,71,5,0,0,4,76.0,7.94,39.130434782608695,39.93337264150944
Connecticut,2022-04-25,"Title 16, Subtitle 244c",competitive bidding process for electric distribution companies procurement of default and back up electric generation services,public service companies,,Administration,10400003401,66,3335,53,2,1,1,9,60.0,7.68,22.22222222222222,36.48149329929802
Connecticut,2022-04-25,"Title 16, Subtitle 244h",code of conduct for electric distribution companies,public service companies,,Administration,10400003402,119,6189,109,0,1,4,5,50.0,7.84,38.84297520661157,43.57919863597613
Connecticut,2022-04-25,"Title 16, Subtitle 245",licensing electric suppliers,public service companies,,Administration,10400003403,40,2795,34,0,0,0,6,78.0,8.13,57.14285714285714,38.80901856763926
Connecticut,2022-04-25,"Title 16, Subtitle 245a",administration of renewable energy portfolio requirements,public service companies,,Administration,10400003404,19,1094,18,0,0,0,1,30.0,7.05,2.7777777777777777,41.20754716981132
Connecticut,2022-04-25,"Title 16, Subtitle 245c",municipal electric utilities to become participating municipal electric utilities,public service companies,,Administration,10400003405,6,989,6,0,0,0,0,,7.16,50.0,42.73576799140709
Connecticut,2022-04-25,"Title 16, Subtitle 245d",standard billing format for electric distribution companies,public service companies,,Administration,10400003406,30,1876,29,0,0,0,1,52.0,7.33,22.22222222222222,38.786026200873366
Connecticut,2022-04-25,"Title 16, Subtitle 247c",ancillary specialized telecommunications services,public service companies,,Administration,10400003407,36,2723,31,0,0,0,5,44.0,8.33,24.59016393442623,42.65774155995344
Connecticut,2022-04-25,"Title 16, Subtitle 247d",compensation to owners of occupied buildings,public service companies,,Administration,10400003408,18,823,17,0,0,0,1,37.0,6.88,9.523809523809524,45.48754914809961
Connecticut,2022-04-25,"Title 16, Subtitle 247g",quality of service regulations for connecticut telephone and certified telecommunications providers,public service companies,,Administration,10400003409,32,1575,29,2,0,0,1,33.0,7.91,10.869565217391305,43.35397039030956
Connecticut,2022-04-25,"Title 16, Subtitle 250b",conditions standards and procedures for regulating cellular mobile telephone service,public service companies,,Administration,10400003410,42,1759,41,0,0,0,1,35.0,7.69,26.0,38.51279000594884
Connecticut,2022-04-25,"Title 16, Subtitle 258b",registration of electric generators,public service companies,,Administration,10400003411,6,504,6,0,0,0,0,61.0,6.92,62.5,42.191897654584224
Connecticut,2022-04-25,"Title 16, Subtitle 261",petitions and applications,public service companies,,Administration,10400003398,1,152,1,0,0,0,0,,5.59,,37.708333333333336
Connecticut,2022-04-25,"Title 16, Subtitle 262j",security deposits required by gas or electric companies,public service companies,,Administration,10400003412,19,1455,15,0,1,0,3,54.0,7.87,70.37037037037037,33.42547235829251
Connecticut,2022-04-25,"Title 16, Subtitle 262m",certificates of convenience and necessity for small water companies,public service companies,,Administration,10400003413,230,9570,179,20,2,0,29,51.0,9.3,58.7912087912088,35.88424717145344
Connecticut,2022-04-25,"Title 16, Subtitle 262o",rate surcharges for water company acquisitions,public service companies,,Administration,10400003414,48,2585,41,1,0,0,6,57.0,7.8,29.545454545454547,38.04139344262295
Connecticut,2022-04-25,"Title 16, Subtitle 27",uniform system of accounts,public service companies,,Administration,10400003384,1279,53330,1229,24,0,0,26,16.0,9.31,14.566236811254395,37.56072598253275
Connecticut,2022-04-25,"Title 16, Subtitle 3",termination of electric gas water and sewage utility service,public service companies,,Administration,10400003376,237,13878,203,11,5,1,17,43.0,8.72,63.125,33.66260712674786
Connecticut,2022-04-25,"Title 16, Subtitle 304",motor carriers,public service companies,,Administration,10400003415,94,5234,83,0,2,0,9,40.0,8.85,28.8,34.89166159464394
Connecticut,2022-04-25,"Title 16, Subtitle 325",livery service,public service companies,,Administration,10400003416,65,2149,62,2,0,0,1,33.0,8.13,22.58064516129032,32.07779980178395
Connecticut,2022-04-25,"Title 16, Subtitle 32a",filing of procurement policies and practices,public service companies,,Administration,10400003385,1,48,1,0,0,0,0,46.0,5.17,0.0,39.84090909090909
Connecticut,2022-04-25,"Title 16, Subtitle 32g",electric company line maintenance,public service companies,,Administration,10400003386,10,349,9,0,0,0,1,34.0,6.23,0.0,39.651651651651655
Connecticut,2022-04-25,"Title 16, Subtitle 331a",community access support,public service companies,,Administration,10400003417,60,3176,50,3,0,0,7,51.0,8.4,40.98360655737705,38.95366666666666
Connecticut,2022-04-25,"Title 16, Subtitle 333",construction and maintenance standards and terms and conditions of operation of community antenna television systems,public service companies,,Administration,10400003418,245,11622,219,8,0,0,18,42.0,9.26,26.838235294117645,36.87193014371476
Connecticut,2022-04-25,"Title 16, Subtitle 333b",waiver of time requirement for underground installation of catv service lines,public service companies,,Administration,10400003419,6,461,5,0,0,0,1,32.0,7.07,35.714285714285715,38.63532110091743
Connecticut,2022-04-25,"Title 16, Subtitle 333e",viewing time reliability standards and schedules for credits or refunds for catv service,public service companies,,Administration,10400003420,13,987,13,0,0,0,0,49.0,7.37,,33.724409448818896
Connecticut,2022-04-25,"Title 16, Subtitle 333f",planned programming change and rate change notification,public service companies,,Administration,10400003421,11,458,6,2,0,0,3,56.0,6.76,50.0,36.64896073903002
Connecticut,2022-04-25,"Title 16, Subtitle 333i",substandard catv service,public service companies,,Administration,10400003422,0,141,0,0,0,0,0,34.0,5.94,25.0,33.3203125
Connecticut,2022-04-25,"Title 16, Subtitle 345",excavation near underground utility facilities,public service companies,,Administration,10400003423,138,8247,124,0,0,0,14,72.0,8.78,,38.37026647966339
Connecticut,2022-04-25,"Title 16, Subtitle 35",appeal bond,public service companies,,Administration,10400003387,2,58,1,0,0,0,1,54.0,5.09,0.0,34.23529411764706
Connecticut,2022-04-25,"Title 16, Subtitle 43",approval by the department of public utility control for the disposition of certain assets of public service companies,public service companies,,Administration,10400003388,20,2113,19,1,0,0,0,31.0,8.22,44.11764705882353,35.778317938745744
Connecticut,2022-04-25,"Title 16, Subtitle 46",petitions and applications sec 16 46 gen stat,public service companies,,Administration,10400003389,1,168,1,0,0,0,0,27.0,5.76,0.0,36.80503144654088
Connecticut,2022-04-25,"Title 16, Subtitle 47",petitions and applications sec 16 47 gen stat,public service companies,,Administration,10400003390,13,1081,6,0,0,0,7,,7.35,,40.99232981783317
Connecticut,2022-04-25,"Title 16, Subtitle 47a",gas code of conduct,public service companies,,Administration,10400003391,173,8276,154,1,0,7,11,49.0,8.4,37.12574850299401,36.407771827126666
Connecticut,2022-04-25,"Title 16, Subtitle 50j",community antenna television and telecommunications towers,public service companies,,Administration,10400003392,326,22382,299,0,0,0,27,43.0,9.27,37.99212598425197,37.33392631431113
Connecticut,2022-04-25,"Title 16, Subtitle 50l",applications,public service companies,,Administration,10400003393,20,992,17,1,1,0,1,32.0,7.67,26.666666666666668,36.21698113207548
Connecticut,2022-04-25,"Title 16, Subtitle 50v",rules of practice fees,public service companies,,Administration,10400003394,13,605,12,0,0,0,1,48.0,6.79,25.0,36.13761467889909
Connecticut,2022-04-25,"Title 16, Subtitle 50z",acquisition of real property,public service companies,,Administration,10400003395,11,719,11,0,0,0,0,58.0,6.92,25.0,34.36731634182909
Connecticut,2022-04-25,"Title 16, Subtitle 8",generally accepted management audit standards,public service companies,,Administration,10400003378,120,3903,103,8,0,0,9,30.0,8.54,24.031007751937985,41.5785882970349
Connecticut,2022-04-25,"Title 16, Subtitle 8a",protection of whistle blowers,public service companies,,Administration,10400003379,25,1600,25,0,0,0,0,43.0,7.91,30.55555555555556,37.88750817527796
Connecticut,2022-04-25,"Title 17a, Subtitle 101k",child abuse and neglect registry,social and human services and resources,,Social Assistance,10400003478,90,6246,87,0,0,0,3,67.0,8.29,67.03296703296702,36.99428090832632
Connecticut,2022-04-25,"Title 17a, Subtitle 11",voluntary admissions to the department of a child or youth in residential facilities administered by or under contract with or otherwise available to the department,social and human services and resources,,Social Assistance,10400003473,85,4480,79,0,0,0,6,46.0,7.91,37.89473684210527,33.659234921379955
Connecticut,2022-04-25,"Title 17a, Subtitle 116",subsidized adoption of special needs children,social and human services and resources,,Social Assistance,10400003479,23,1524,19,3,0,0,1,29.0,7.69,25.49019607843137,35.4894053315106
Connecticut,2022-04-25,"Title 17a, Subtitle 120",medical expense subsidy for adoptive parents,social and human services and resources,,Social Assistance,10400003480,20,1036,19,1,0,0,0,32.0,7.35,25.0,36.52988855116514
Connecticut,2022-04-25,"Title 17a, Subtitle 126",subsidized guardianship,social and human services and resources,,Social Assistance,10400003481,91,4796,85,0,1,0,5,46.0,8.46,46.07843137254902,35.23427812223206
Connecticut,2022-04-25,"Title 17a, Subtitle 145",operation of child caring agencies and facilities,social and human services and resources,,Social Assistance,10400003482,260,9339,252,1,0,0,7,32.0,8.91,24.65277777777778,36.15080609046127
Connecticut,2022-04-25,"Title 17a, Subtitle 147",licensing of extended day treatment programs,social and human services and resources,,Social Assistance,10400003483,187,5254,177,4,0,0,6,27.0,8.71,16.93121693121693,38.55254370457671
Connecticut,2022-04-25,"Title 17a, Subtitle 150",child placing agency licensing and responsibilities,social and human services and resources,,Social Assistance,10400003484,236,9695,218,4,0,0,14,40.0,8.58,30.638297872340424,35.18752711496746
Connecticut,2022-04-25,"Title 17a, Subtitle 16",rights of children and youth under the supervision of the commissioner of children and families,social and human services and resources,,Social Assistance,10400003474,31,1423,27,3,0,1,0,36.0,7.36,33.33333333333333,31.25402635431918
Connecticut,2022-04-25,"Title 17a, Subtitle 17",single cost accounting system for payment of room and board and educational expenses,social and human services and resources,,Social Assistance,10400003475,62,4353,39,18,0,0,5,29.0,8.46,20.54794520547945,38.4262683736368
Connecticut,2022-04-25,"Title 17a, Subtitle 20",department assistance to psychiatric clinics and community health facilities,social and human services and resources,,Social Assistance,10400003476,267,7411,256,2,0,0,9,28.0,9.0,22.04724409448819,38.51331923890064
Connecticut,2022-04-25,"Title 17a, Subtitle 210",administration of medications residential facilities respite centers day programs community training homes and individual and family supports,social and human services and resources,,Social Assistance,10400003485,155,9845,133,3,1,5,13,35.0,8.76,24.54212454212454,42.51856917411889
Connecticut,2022-04-25,"Title 17a, Subtitle 212",criteria for determining eligibility for services criteria used in selecting which eligible persons will receive services and in selecting private sector service providers,social and human services and resources,,Social Assistance,10400003486,16,1301,16,0,0,0,0,36.0,7.56,16.666666666666664,42.69117647058823
Connecticut,2022-04-25,"Title 17a, Subtitle 212a",placement and care of clients who pose a serious threat to others,social and human services and resources,,Social Assistance,10400003487,19,1416,19,0,0,0,0,42.0,7.68,15.151515151515152,41.83139534883721
Connecticut,2022-04-25,"Title 17a, Subtitle 218",community based housing subsidy program for eligible clients of the department of mental retardation,social and human services and resources,,Social Assistance,10400003488,44,2432,37,4,0,0,3,31.0,8.21,32.89473684210527,37.86741282823935
Connecticut,2022-04-25,"Title 17a, Subtitle 22",department aid to day treatment centers for emotionally disturbed mentally ill and autistic children and youth,social and human services and resources,,Social Assistance,10400003477,17,707,14,1,0,0,2,49.0,7.36,21.428571428571427,36.69868995633188
Connecticut,2022-04-25,"Title 17a, Subtitle 227",licensing of community living arrangements residential schools and habilitative nursing facilities,social and human services and resources,,Social Assistance,10400003489,298,11997,267,12,1,2,16,30.0,9.32,18.9873417721519,39.5627481443121
Connecticut,2022-04-25,"Title 17a, Subtitle 230",funding program for privately operated community residences for mentally retarded persons,social and human services and resources,,Social Assistance,10400003490,157,6595,151,1,2,0,3,38.0,8.4,24.85549132947977,38.857411469758695
Connecticut,2022-04-25,"Title 17a, Subtitle 238",rights of persons under the supervision of the commissioner of mental retardation,social and human services and resources,,Social Assistance,10400003491,77,3935,73,0,0,3,1,36.0,8.45,25.0,40.48155030528272
Connecticut,2022-04-25,"Title 17a, Subtitle 247e",abuse and neglect registry,social and human services and resources,,Social Assistance,10400003492,46,2633,43,0,0,1,2,42.0,7.75,22.950819672131143,38.95526636844246
Connecticut,2022-04-25,"Title 17a, Subtitle 248",early intervention services for infants and toddlers and their families,social and human services and resources,,Social Assistance,10400003493,106,5581,95,0,0,0,11,41.0,8.41,43.51145038167939,36.1863425925926
Connecticut,2022-04-25,"Title 17a, Subtitle 301",promotion of independent living for the elderly program,social and human services and resources,,Social Assistance,10400003494,57,3743,43,8,0,0,6,32.0,8.77,36.84210526315789,35.92896781354051
Connecticut,2022-04-25,"Title 17a, Subtitle 306",community services policy manual for title iii programs of the older americans act,social and human services and resources,,Social Assistance,10400003495,203,21027,125,44,5,0,29,32.0,9.8,18.009478672985782,37.45314692323111
Connecticut,2022-04-25,"Title 17a, Subtitle 392",a patient s right to certain information prior to treatment by a physician establishing the connecticut medicare assignment program and a task force to develop a medicare supplementary catastrophic health coverage plan,social and human services and resources,,Social Assistance,10400003496,35,2489,23,8,0,1,3,24.0,8.41,20.0,38.161654135338345
Connecticut,2022-04-25,"Title 17a, Subtitle 451",personal data,social and human services and resources,,Social Assistance,10400003497,105,6980,101,1,0,0,3,34.0,8.46,35.175879396984925,36.58747753145596
Connecticut,2022-04-25,"Title 17a, Subtitle 453a",general assistance behavioral health program,social and human services and resources,,Social Assistance,10400003498,329,21931,304,1,1,0,23,74.0,8.84,67.59581881533101,42.69670298301537
Connecticut,2022-04-25,"Title 17a, Subtitle 543",treatment by prayer alone,social and human services and resources,,Social Assistance,10400003499,8,440,6,2,0,0,0,61.0,6.6,42.85714285714285,34.54216867469879
Connecticut,2022-04-25,"Title 17a, Subtitle 581",general operations and procedures,social and human services and resources,,Social Assistance,10400003500,157,9341,135,13,0,0,9,28.0,8.87,25.835866261398177,35.33729888964423
Connecticut,2022-04-25,"Title 17a, Subtitle 6",administration of medication in day programs and residential facilities by trained persons,social and human services and resources,,Social Assistance,10400003472,11,897,10,1,0,0,0,34.0,7.22,15.384615384615383,45.87310826542491
Connecticut,2022-04-25,"Title 17a, Subtitle 636",maintenance and disclosure of personal data,social and human services and resources,,Social Assistance,10400003501,162,8590,146,4,0,0,12,29.0,8.92,25.874125874125877,36.74575860397479
Connecticut,2022-04-25,"Title 17a, Subtitle 647",group homes for recovering substance abusers,social and human services and resources,,Social Assistance,10400003502,40,1516,39,0,0,0,1,26.0,7.59,21.052631578947366,32.791147994467494
Connecticut,2022-04-25,"Title 17b, Subtitle 10",uniform policy manual,social services,,Social Assistance,10400003504,0,249,0,0,0,0,0,41.0,6.95,0.0,46.02678571428572
Connecticut,2022-04-25,"Title 17b, Subtitle 102",requirements for providing financial incentive for the reporting of vendor fraud,social services,,Social Assistance,10400003508,8,530,7,0,0,0,1,57.0,6.87,55.55555555555556,36.29303278688525
Connecticut,2022-04-25,"Title 17b, Subtitle 112f",safety net services account,social services,,Social Assistance,10400003509,4,133,4,0,0,0,0,26.0,5.48,0.0,38.36363636363637
Connecticut,2022-04-25,"Title 17b, Subtitle 179",title iv d child support enforcement program,social services,,Social Assistance,10400003510,282,15587,234,2,1,0,45,46.0,9.03,45.59270516717325,36.93712212817413
Connecticut,2022-04-25,"Title 17b, Subtitle 179b",title iv d child support enforcement program,social services,,Social Assistance,10400003511,42,3069,39,0,0,0,3,51.0,8.08,44.06779661016949,39.58940852819807
Connecticut,2022-04-25,"Title 17b, Subtitle 198",the state administered general assistance program,social services,,Social Assistance,10400003512,622,36451,546,5,4,2,65,53.0,9.28,70.73529411764706,35.20827721661055
Connecticut,2022-04-25,"Title 17b, Subtitle 262",requirements for payment of home health agencies,social services,,Social Assistance,10400003513,2322,132517,1989,10,11,2,310,46.0,9.63,33.72591006423983,38.71046468729448
Connecticut,2022-04-25,"Title 17b, Subtitle 27",hospital based acknowledgment of paternity,social services,,Social Assistance,10400003505,24,1078,19,0,0,0,5,37.0,7.01,28.57142857142857,43.3063872255489
Connecticut,2022-04-25,"Title 17b, Subtitle 34",electronic health records incentive program,social services,,Social Assistance,10400003506,34,2734,30,0,0,0,4,69.0,8.03,44.73684210526316,37.69547657512116
Connecticut,2022-04-25,"Title 17b, Subtitle 342",connecticut home care program for elders standards for access agencies and assisted living service agencies program requirements,social services,,Social Assistance,10400003514,300,16960,273,8,0,0,19,40.0,8.9,40.82125603864734,37.30324144198728
Connecticut,2022-04-25,"Title 17b, Subtitle 349e",connecticut statewide respite care program,social services,,Social Assistance,10400003515,48,2622,41,0,1,0,6,47.0,8.17,31.48148148148148,41.10008038585209
Connecticut,2022-04-25,"Title 17b, Subtitle 363a",return of drug products to pharmacies,social services,,Social Assistance,10400003516,14,509,12,0,0,0,2,38.0,6.33,30.76923076923077,35.3979797979798
Connecticut,2022-04-25,"Title 17b, Subtitle 4",community based services,social services,,Social Assistance,10400003503,36,3203,34,2,0,0,0,32.0,8.68,31.313131313131315,37.745301360985096
Connecticut,2022-04-25,"Title 17b, Subtitle 411",office of the state long term care ombudsman,social services,,Social Assistance,10400003517,127,7702,117,0,1,0,9,46.0,8.51,35.36585365853659,38.27765756018393
Connecticut,2022-04-25,"Title 17b, Subtitle 423",title iii of the older americans act,social services,,Social Assistance,10400003518,302,17729,274,1,9,2,16,38.0,9.43,25.164113785557984,36.76701114723642
Connecticut,2022-04-25,"Title 17b, Subtitle 461",protective services for the elderly,social services,,Social Assistance,10400003519,49,2664,42,1,0,0,6,42.0,8.1,64.51612903225806,36.73686244204018
Connecticut,2022-04-25,"Title 17b, Subtitle 533",management of continuing care facilities,social services,,Social Assistance,10400003520,122,5962,96,5,1,0,20,40.0,8.79,40.41095890410959,36.57666898470097
Connecticut,2022-04-25,"Title 17b, Subtitle 616",family support grant program,social services,,Social Assistance,10400003521,38,2375,29,9,0,0,0,35.0,8.35,27.27272727272727,37.698306595365416
Connecticut,2022-04-25,"Title 17b, Subtitle 653",bureau of rehabilitation services,social services,,Social Assistance,10400003522,203,14893,187,0,0,1,15,45.0,9.14,40.24767801857585,40.08945353289245
Connecticut,2022-04-25,"Title 17b, Subtitle 666",employment opportunities,social services,,Social Assistance,10400003523,11,1100,11,0,0,0,0,51.0,7.44,23.809523809523807,40.17000955109837
Connecticut,2022-04-25,"Title 17b, Subtitle 749",child care assistance program,social services,,Social Assistance,10400003524,837,31612,762,0,1,0,74,37.0,9.13,62.38095238095238,36.393868078708245
Connecticut,2022-04-25,"Title 17b, Subtitle 78",the general assistance policy manual,social services,,Social Assistance,10400003507,0,82,0,0,0,0,0,19.0,5.59,0.0,37.60294117647059
Connecticut,2022-04-25,"Title 17b, Subtitle 800",emergency shelter services,social services,,Social Assistance,10400003525,85,3298,83,1,1,0,0,48.0,8.4,52.23880597014925,34.429158760278305
Connecticut,2022-04-25,"Title 17b, Subtitle 802",security deposit program,social services,,Social Assistance,10400003526,60,3700,59,0,0,0,1,53.0,8.12,36.231884057971016,35.79441624365482
Connecticut,2022-04-25,"Title 17b, Subtitle 811a",transitionary rental assistance program,social services,,Social Assistance,10400003527,105,4549,99,0,1,0,5,43.0,8.06,36.19047619047619,35.85395306447938
Connecticut,2022-04-25,"Title 17b, Subtitle 812",rental assistance program,social services,,Social Assistance,10400003528,87,5040,83,0,1,0,3,52.0,8.39,32.29166666666667,37.30164609053498
Connecticut,2022-04-25,"Title 17, Subtitle 109a",safeguarding resident s personal funds handled by licensed homes for the aged,public assistance and welfare services,,Social Assistance,10400003452,68,1804,63,2,1,1,1,26.0,7.78,30.0,29.83133218982276
Connecticut,2022-04-25,"Title 17, Subtitle 12a",food stamp basis of issuance and allotment reduction,public assistance and welfare services,,Social Assistance,10400003444,16,2730,1,11,1,1,2,35.0,8.15,49.35064935064935,37.95397963032818
Connecticut,2022-04-25,"Title 17, Subtitle 134d",medical assistance,public assistance and welfare services,,Social Assistance,10400003453,476,37788,219,160,7,0,90,34.0,9.72,27.08333333333333,37.73433693718352
Connecticut,2022-04-25,"Title 17, Subtitle 174",licensure of private dwellings as community residences for the mentally retarded,public assistance and welfare services,,Social Assistance,10400003454,31,1015,29,0,0,0,2,25.0,7.68,20.0,36.44108446298228
Connecticut,2022-04-25,"Title 17, Subtitle 183",reporting of statistics by private facilities,public assistance and welfare services,,Social Assistance,10400003455,10,314,10,0,0,0,0,31.0,6.46,60.0,31.956666666666667
Connecticut,2022-04-25,"Title 17, Subtitle 2",public assistance,public assistance and welfare services,,Social Assistance,10400003440,118,6020,53,57,1,1,6,18.0,9.24,22.52252252252252,34.05012140131807
Connecticut,2022-04-25,"Title 17, Subtitle 205a",transportation of mentally ill or alcohol dependent persons,public assistance and welfare services,,Social Assistance,10400003456,17,1084,9,6,0,0,2,30.0,7.48,22.857142857142858,40.22873900293255
Connecticut,2022-04-25,"Title 17, Subtitle 210a",rules of practice,public assistance and welfare services,,Social Assistance,10400003457,94,4449,85,0,0,1,8,33.0,8.49,34.090909090909086,36.51012805587893
Connecticut,2022-04-25,"Title 17, Subtitle 21t",disclosures by professional solicitors,public assistance and welfare services,,Social Assistance,10400003445,1,93,1,0,0,0,0,91.0,5.3,,41.977777777777774
Connecticut,2022-04-25,"Title 17, Subtitle 226b",minimum standards for eligibility to receive state funds,public assistance and welfare services,,Social Assistance,10400003458,31,1749,28,3,0,0,0,35.0,8.14,16.3265306122449,36.91857659831122
Connecticut,2022-04-25,"Title 17, Subtitle 226d",minimum standards of eligibility for commission funding for private nonprofit organizations and municipalities,public assistance and welfare services,,Social Assistance,10400003459,502,18389,438,19,0,1,44,41.0,9.12,35.57046979865772,36.6666293768878
Connecticut,2022-04-25,"Title 17, Subtitle 226l",regional mental health boards,public assistance and welfare services,,Social Assistance,10400003460,22,1025,15,7,0,0,0,42.0,7.35,25.0,32.87941787941788
Connecticut,2022-04-25,"Title 17, Subtitle 227",licensure of hospitals for mentally ill persons,public assistance and welfare services,,Social Assistance,10400003461,92,3013,84,3,0,0,5,28.0,8.45,7.476635514018691,39.354347073086245
Connecticut,2022-04-25,"Title 17, Subtitle 2a",fair hearings,public assistance and welfare services,,Social Assistance,10400003441,21,1035,20,0,0,0,1,26.0,7.33,35.8974358974359,33.5594262295082
Connecticut,2022-04-25,"Title 17, Subtitle 311",cost related reimbursement system for long term care facilities t,public assistance and welfare services,,Social Assistance,10400003462,496,27992,386,65,10,1,34,36.0,9.63,32.06307490144547,35.53596114328414
Connecticut,2022-04-25,"Title 17, Subtitle 312",title xix payments to hospitals including principles of hospital cost reimbursement and rates of payment for administratively necessary days,public assistance and welfare services,,Social Assistance,10400003463,24,3070,17,6,0,0,1,32.0,8.15,13.978494623655912,35.25442176870748
Connecticut,2022-04-25,"Title 17, Subtitle 313",establishment of rates for community living arrangements licensed by the department of mental retardation,public assistance and welfare services,,Social Assistance,10400003465,6,665,2,2,1,0,1,36.0,7.09,5.555555555555555,41.40967741935484
Connecticut,2022-04-25,"Title 17, Subtitle 313b",establishment of rates for community living arrangements licensed by the department of mental retardation,public assistance and welfare services,,Social Assistance,10400003464,132,7069,119,5,1,0,7,32.0,8.53,19.444444444444446,38.61202917969332
Connecticut,2022-04-25,"Title 17, Subtitle 31aa",before and after school child day care program,public assistance and welfare services,,Social Assistance,10400003446,4,444,4,0,0,0,0,33.0,6.8,0.0,37.73508353221957
Connecticut,2022-04-25,"Title 17, Subtitle 31ee",loans to corporations for child care facilities,public assistance and welfare services,,Social Assistance,10400003447,45,1521,40,0,1,0,4,40.0,7.64,16.216216216216218,34.389002036659875
Connecticut,2022-04-25,"Title 17, Subtitle 31k",shelter services for victims of household abuse,public assistance and welfare services,,Social Assistance,10400003448,6,424,5,1,0,0,0,23.0,6.77,5.555555555555555,40.46882793017456
Connecticut,2022-04-25,"Title 17, Subtitle 31kk",assistance to homeless persons with aids pilot program,public assistance and welfare services,,Social Assistance,10400003449,24,1475,21,1,0,0,2,35.0,8.07,7.317073170731707,40.17706821480407
Connecticut,2022-04-25,"Title 17, Subtitle 31z",bond fund grants to establish child care facilities for children of municipal and state employees,public assistance and welfare services,,Social Assistance,10400003450,22,1455,19,0,0,0,3,30.0,8.26,8.51063829787234,40.71211022480058
Connecticut,2022-04-25,"Title 17, Subtitle 3a",provision of emergency shelter services to general assistance applicants and recipients by the towns,public assistance and welfare services,,Social Assistance,10400003443,0,214,0,0,0,0,0,39.0,4.17,0.0,52.77777777777778
Connecticut,2022-04-25,"Title 17, Subtitle 411",organization of department of children and youth services,public assistance and welfare services,,Social Assistance,10400003466,11,1369,7,2,0,0,2,44.0,7.71,6.666666666666667,42.64871016691958
Connecticut,2022-04-25,"Title 17, Subtitle 415",employee personnel files,public assistance and welfare services,,Social Assistance,10400003467,32,5743,27,0,0,0,5,24.0,8.1,12.12121212121212,38.80212922173275
Connecticut,2022-04-25,"Title 17, Subtitle 470",community action agencies,public assistance and welfare services,,Social Assistance,10400003468,31,2861,27,1,0,0,3,50.0,8.48,37.5,39.39102099927589
Connecticut,2022-04-25,"Title 17, Subtitle 603",fair hearings,public assistance and welfare services,,Social Assistance,10400003442,60,3319,57,1,0,0,2,39.0,8.04,40.2439024390244,33.62324393358876
Connecticut,2022-04-25,"Title 17, Subtitle 606a",an assistive technology revolving fund,public assistance and welfare services,,Social Assistance,10400003469,67,2613,65,0,0,0,2,30.0,8.41,15.294117647058824,39.5808502185141
Connecticut,2022-04-25,"Title 17, Subtitle 615",child day care business firm tax credits,public assistance and welfare services,,Social Assistance,10400003470,31,1693,21,8,0,0,2,30.0,7.42,7.272727272727272,32.52798507462686
Connecticut,2022-04-25,"Title 17, Subtitle 619",eviction prevention,public assistance and welfare services,,Social Assistance,10400003471,48,2864,46,0,1,0,1,34.0,8.43,29.629629629629623,35.24729578515479
Connecticut,2022-04-25,"Title 17, Subtitle 83k",administrative sanctions to be invoked against vendors and or providers of goods and services under the title xix medicaid program,public assistance and welfare services,,Social Assistance,10400003451,22,1773,18,2,0,0,2,35.0,8.1,26.0,38.09332545776728
Connecticut,2022-04-25,"Title 18, Subtitle 101i",community input into the comprehensive state community correction plan,correctional institutions and department of correction,,"Security, Justice, and Corrections",10400003533,1,539,1,0,0,0,0,25.0,6.96,0.0,42.63723608445297
Connecticut,2022-04-25,"Title 18, Subtitle 101k",formula and procedures for the application review and award or denial of requests for funds and providing for the waiver or amendment of such formula,correctional institutions and department of correction,,"Security, Justice, and Corrections",10400003534,21,1209,17,0,0,0,4,23.0,7.55,8.0,43.044117647058826
Connecticut,2022-04-25,"Title 18, Subtitle 81",department organization and its general course of method and operation,correctional institutions and department of correction,,"Security, Justice, and Corrections",10400003529,193,9159,178,4,3,4,4,24.0,9.27,18.351063829787236,41.67057617854703
Connecticut,2022-04-25,"Title 18, Subtitle 81i",storage of weapons by the department of correction,correctional institutions and department of correction,,"Security, Justice, and Corrections",10400003530,3,164,3,0,0,0,0,32.0,5.71,40.0,40.7515923566879
Connecticut,2022-04-25,"Title 18, Subtitle 81q",return of drug products from correctional institutions,correctional institutions and department of correction,,"Security, Justice, and Corrections",10400003531,14,504,12,0,0,0,2,33.0,6.37,26.666666666666668,35.79713114754098
Connecticut,2022-04-25,"Title 18, Subtitle 85a",assessed cost of incarceration,correctional institutions and department of correction,,"Security, Justice, and Corrections",10400003532,14,659,14,0,0,0,0,30.0,6.9,19.047619047619047,38.64763458401305
Connecticut,2022-04-25,"Title 19a, Subtitle 102a",the sale of turtles,public health and well being,,Health Services,10400003574,10,546,10,0,0,0,0,41.0,7.34,30.76923076923077,31.51434034416826
Connecticut,2022-04-25,"Title 19a, Subtitle 111",lead poisoning prevention and control,public health and well being,,Health Services,10400003575,165,8999,139,15,2,0,9,33.0,9.22,29.21348314606741,36.94534625715287
Connecticut,2022-04-25,"Title 19a, Subtitle 113a",requiring lifeguards to be certified in cardiopulmonary resuscitation,public health and well being,,Health Services,10400003576,4,197,4,0,0,0,0,18.0,6.23,0.0,49.18817204301075
Connecticut,2022-04-25,"Title 19a, Subtitle 116",regulations on abortions,public health and well being,,Health Services,10400003577,25,847,23,0,0,0,2,40.0,7.65,61.90476190476191,38.020833333333336
Connecticut,2022-04-25,"Title 19a, Subtitle 127n",adverse event reporting for hospitals and outpatient surgical facilities,public health and well being,,Health Services,10400003578,16,1097,15,0,0,0,1,90.0,7.54,33.33333333333333,37.12463768115942
Connecticut,2022-04-25,"Title 19a, Subtitle 14",evaluation of candidates with previous licensure,public health and well being,,Health Services,10400003559,46,1950,32,12,0,0,2,36.0,8.38,44.230769230769226,40.380796508456086
Connecticut,2022-04-25,"Title 19a, Subtitle 167g",fy 1990 hospital budget review,public health and well being,,Health Services,10400003579,161,10916,108,37,2,0,14,27.0,8.64,15.284974093264248,35.141092689440306
Connecticut,2022-04-25,"Title 19a, Subtitle 177",statewide trauma system,public health and well being,,Health Services,10400003580,75,4021,71,1,0,1,2,41.0,8.65,26.31578947368421,37.34628693106202
Connecticut,2022-04-25,"Title 19a, Subtitle 178b",equipment grants for emergency medical services,public health and well being,,Health Services,10400003581,40,2165,38,1,1,0,0,53.0,7.64,20.51282051282051,38.93471659919028
Connecticut,2022-04-25,"Title 19a, Subtitle 179",office of emergency medical services,public health and well being,,Health Services,10400003582,269,13329,234,10,1,1,23,26.0,9.4,11.646586345381529,38.06212265649825
Connecticut,2022-04-25,"Title 19a, Subtitle 180",need for emergency medical services,public health and well being,,Health Services,10400003583,37,1862,34,0,0,0,3,46.0,7.82,30.76923076923077,37.14749430523918
Connecticut,2022-04-25,"Title 19a, Subtitle 25",disclosure of health data,public health and well being,,Health Services,10400003560,13,1225,8,0,1,0,4,50.0,7.51,50.0,41.130102040816325
Connecticut,2022-04-25,"Title 19a, Subtitle 279l",anatomical gifts,public health and well being,,Health Services,10400003584,10,743,10,0,0,0,0,56.0,7.29,69.23076923076923,31.008486562942007
Connecticut,2022-04-25,"Title 19a, Subtitle 2a",personal data,public health and well being,,Health Services,10400003554,175,15351,161,1,2,0,11,23.0,9.01,11.951588502269288,38.44455212515575
Connecticut,2022-04-25,"Title 19a, Subtitle 32a",aids research education fund,public health and well being,,Health Services,10400003561,8,364,8,0,0,0,0,31.0,6.53,9.090909090909092,37.32937685459941
Connecticut,2022-04-25,"Title 19a, Subtitle 32b",breast cancer research and education fund,public health and well being,,Health Services,10400003562,1,160,1,0,0,0,0,51.0,5.73,33.33333333333333,39.74496644295302
Connecticut,2022-04-25,"Title 19a, Subtitle 332a",standards for asbestos abatement,public health and well being,,Health Services,10400003585,110,4880,102,2,0,0,6,39.0,8.84,39.66942148760331,37.15731785944552
Connecticut,2022-04-25,"Title 19a, Subtitle 332e",licensure and training requirements for persons engaged in asbestos abatement and consultation services,public health and well being,,Health Services,10400003586,5,821,5,0,0,0,0,44.0,6.94,17.647058823529413,46.86219081272085
Connecticut,2022-04-25,"Title 19a, Subtitle 333",asbestos containing materials in schools,public health and well being,,Health Services,10400003587,148,10689,123,4,1,0,20,64.0,8.77,67.28395061728395,37.95697226882464
Connecticut,2022-04-25,"Title 19a, Subtitle 36",reportable diseases and laboratory findings,public health and well being,,Health Services,10400003563,410,19306,362,7,2,10,29,42.0,9.53,39.4273127753304,37.7941603484433
Connecticut,2022-04-25,"Title 19a, Subtitle 37a",fire sprinkler regulations,public health and well being,,Health Services,10400003564,2,67,2,0,0,0,0,32.0,4.82,0.0,39.016129032258064
Connecticut,2022-04-25,"Title 19a, Subtitle 401",operation of commission on medicolegal investigations reports of death suicide notes and personal data,public health and well being,,Health Services,10400003588,115,5274,103,0,0,0,12,33.0,8.72,24.203821656050955,37.48680527788884
Connecticut,2022-04-25,"Title 19a, Subtitle 403",fees to be charged for the services of the chief medical examiner and the professional staff of the office of the chief medical examiner as experts,public health and well being,,Health Services,10400003589,9,852,9,0,0,0,0,34.0,6.75,28.000000000000004,32.56123662306778
Connecticut,2022-04-25,"Title 19a, Subtitle 41",birth certificates filing requirements and access,public health and well being,,Health Services,10400003565,115,6257,112,1,0,0,2,38.0,8.54,37.19512195121951,37.81059096945551
Connecticut,2022-04-25,"Title 19a, Subtitle 487b",mobile field hospital,public health and well being,,Health Services,10400003590,15,614,15,0,0,0,0,38.0,6.86,31.25,36.97979797979798
Connecticut,2022-04-25,"Title 19a, Subtitle 490k",medical protocol for the administration of influenza and pneumococcal polysaccharide vaccines for patients in hospitals,public health and well being,,Health Services,10400003591,5,418,5,0,0,0,0,100.0,6.53,25.0,41.17766497461929
Connecticut,2022-04-25,"Title 19a, Subtitle 495",licensure of private freestanding mental health day treatment facilities intermediate treatment facilities and psychiatric outpatient clinics for adults,public health and well being,,Health Services,10400003592,1945,63723,1848,18,5,3,71,31.0,9.93,18.257874015748037,38.23139233996047
Connecticut,2022-04-25,"Title 19a, Subtitle 497",strike contingency plans for health care facilities,public health and well being,,Health Services,10400003593,19,2155,18,0,0,0,1,,7.65,,36.43522561863173
Connecticut,2022-04-25,"Title 19a, Subtitle 504c",discharge planning,public health and well being,,Health Services,10400003594,7,205,5,2,0,0,0,25.0,5.69,12.5,35.995049504950494
Connecticut,2022-04-25,"Title 19a, Subtitle 519",nursing home administrator educational licensure requirements,public health and well being,,Health Services,10400003595,33,1791,25,5,0,0,3,40.0,8.16,13.636363636363637,42.07781649245064
Connecticut,2022-04-25,"Title 19a, Subtitle 527",civil penalty violations for chronic and convalescent nursing homes and rest homes with nursing supervision,public health and well being,,Health Services,10400003596,8,552,8,0,0,0,0,,5.87,0.0,31.245562130177515
Connecticut,2022-04-25,"Title 19a, Subtitle 55",newborn infant health screening,public health and well being,,Health Services,10400003566,21,626,21,0,0,0,0,34.0,7.06,33.33333333333333,36.06890756302521
Connecticut,2022-04-25,"Title 19a, Subtitle 580d",recognition and transfer of do not resuscitate orders,public health and well being,,Health Services,10400003597,21,1155,21,0,0,0,0,33.0,7.08,23.52941176470588,36.75636363636364
Connecticut,2022-04-25,"Title 19a, Subtitle 586",informed consent for an hiv related test,public health and well being,,Health Services,10400003598,7,1074,5,0,0,0,2,26.0,7.67,35.0,32.19370229007634
Connecticut,2022-04-25,"Title 19a, Subtitle 589",aids related testing and medical information and confidentiality,public health and well being,,Health Services,10400003599,16,1891,13,1,0,0,2,,7.91,,34.877405167674546
Connecticut,2022-04-25,"Title 19a, Subtitle 59",newborn hearing screening program,public health and well being,,Health Services,10400003567,12,407,12,0,0,0,0,57.0,6.82,71.42857142857143,38.41624365482234
Connecticut,2022-04-25,"Title 19a, Subtitle 59c",special supplemental nutrition program for women infants and children,public health and well being,,Health Services,10400003568,243,12323,221,1,5,1,15,31.0,9.4,21.649484536082475,37.01599664991625
Connecticut,2022-04-25,"Title 19a, Subtitle 6",rules of practice,public health and well being,,Health Services,10400003558,2,73,2,0,0,0,0,24.0,4.94,0.0,37.88405797101449
Connecticut,2022-04-25,"Title 19a, Subtitle 613",office of healthcare access division,public health and well being,,Health Services,10400003600,1,245,1,0,0,0,0,26.0,6.39,11.11111111111111,36.82648401826484
Connecticut,2022-04-25,"Title 19a, Subtitle 630",definitions applicable to sections 19a 630 1 through 19a 653 4 inclusive of the regulations of connecticut state agencies,public health and well being,,Health Services,10400003601,1,709,1,0,0,0,0,,7.47,,41.62857142857143
Connecticut,2022-04-25,"Title 19a, Subtitle 638",certificate of need determination request policies concerning outpatient operating room increases cardiac services and imaging equipment replacement,public health and well being,,Health Services,10400003602,8,296,6,0,0,0,2,32.0,6.28,0.0,40.4963768115942
Connecticut,2022-04-25,"Title 19a, Subtitle 639a",certificate of need application process,public health and well being,,Health Services,10400003603,31,1304,29,1,0,0,1,39.0,7.29,30.303030303030305,35.955465587044536
Connecticut,2022-04-25,"Title 19a, Subtitle 639b",certificate of need expiration extension and non transferability,public health and well being,,Health Services,10400003604,8,314,7,0,1,0,0,38.0,6.6,25.0,41.51170568561873
Connecticut,2022-04-25,"Title 19a, Subtitle 639c",healthcare facility relocation certificate of need,public health and well being,,Health Services,10400003605,6,204,5,0,0,0,1,40.0,5.72,0.0,35.0360824742268
Connecticut,2022-04-25,"Title 19a, Subtitle 639e",termination of healthcare facility or services certificate of need,public health and well being,,Health Services,10400003606,9,447,8,0,0,0,1,55.0,5.55,50.0,32.470449172576835
Connecticut,2022-04-25,"Title 19a, Subtitle 643",administrative regulations and rules of practice description of organization,public health and well being,,Health Services,10400003607,59,6180,47,3,0,0,9,87.0,9.07,52.85714285714286,37.515987142615465
Connecticut,2022-04-25,"Title 19a, Subtitle 653",civil penalties assessed by the office of healthcare access,public health and well being,,Health Services,10400003608,9,388,7,0,0,0,2,42.0,6.39,11.11111111111111,31.82872928176796
Connecticut,2022-04-25,"Title 19a, Subtitle 7",confidentiality of health care data,public health and well being,,Health Services,10400003555,4,636,1,0,1,0,2,,6.86,25.0,42.05882352941177
Connecticut,2022-04-25,"Title 19a, Subtitle 73",connecticut tumor registry,public health and well being,,Health Services,10400003569,8,366,7,0,0,0,1,43.0,6.48,0.0,38.78012048192771
Connecticut,2022-04-25,"Title 19a, Subtitle 76",per capita grants for part time health departments,public health and well being,,Health Services,10400003570,18,991,18,0,0,0,0,42.0,7.26,13.043478260869565,42.22041259500543
Connecticut,2022-04-25,"Title 19a, Subtitle 79",child day care centers group day care homes,public health and well being,,Health Services,10400003571,509,20726,466,6,0,5,32,46.0,9.31,33.55555555555556,34.619422175162605
Connecticut,2022-04-25,"Title 19a, Subtitle 7h",reporting information to and releasing information from the connecticut immunization registry and tracking system,public health and well being,,Health Services,10400003556,32,1854,31,0,0,0,1,48.0,7.5,28.947368421052637,38.526942711287575
Connecticut,2022-04-25,"Title 19a, Subtitle 87b",family day care homes,public health and well being,,Health Services,10400003572,451,18380,420,2,0,0,29,43.0,9.17,33.0188679245283,36.38707143257954
Connecticut,2022-04-25,"Title 19a, Subtitle 88",retired licensure for nurses,public health and well being,,Health Services,10400003573,16,940,12,1,0,0,3,39.0,7.08,17.391304347826086,41.55827505827506
Connecticut,2022-04-25,"Title 19a, Subtitle 9",rules of practice,public health and well being,,Health Services,10400003557,79,4029,76,0,0,0,3,31.0,8.19,30.15873015873016,34.100053078556265
Connecticut,2022-04-25,"Title 19, Subtitle 13",13 b,public health and safety,,Health Services,10400003538,6823,270202,6076,65,19,32,631,34.0,10.33,28.086698490517357,36.17742905381965
Connecticut,2022-04-25,"Title 19, Subtitle 2",reporting use of production of carcinogenic substances,public health and safety,,Health Services,10400003536,2,40,1,0,0,0,1,37.0,4.59,0.0,28.87878787878788
Connecticut,2022-04-25,"Title 19, Subtitle 24",radiation sources and radioactive materials,public health and safety,,Health Services,10400003539,97,6508,88,0,0,0,9,18.0,8.78,11.731843575418994,34.77651643510674
Connecticut,2022-04-25,"Title 19, Subtitle 25a",x ray devices used for diagnosis and therapy,public health and safety,,Health Services,10400003540,14,364,13,0,0,0,1,28.0,6.24,16.666666666666664,40.77134146341464
Connecticut,2022-04-25,"Title 19, Subtitle 25d",x ray devices used for diagnosis and therapy,public health and safety,,Health Services,10400003541,143,3930,128,1,0,0,14,24.0,8.21,31.0126582278481,34.18060379374833
Connecticut,2022-04-25,"Title 19, Subtitle 293",insecticides and fungicides,public health and safety,,Health Services,10400003544,0,25,0,0,0,0,0,3.0,4.11,0.0,29.692307692307693
Connecticut,2022-04-25,"Title 19, Subtitle 297",sodium fluoroacetate,public health and safety,,Health Services,10400003545,0,23,0,0,0,0,0,3.0,4.26,0.0,31.83333333333333
Connecticut,2022-04-25,"Title 19, Subtitle 301",labeling of hazardous substances,public health and safety,,Health Services,10400003546,10,1138,8,0,0,0,2,22.0,8.01,20.0,27.013477088948783
Connecticut,2022-04-25,"Title 19, Subtitle 394a",the use of christmas trees and decorative material in all premises under the regulatory authority of the labor commissioner,public health and safety,,Health Services,10400003547,38,921,34,0,1,1,2,22.0,7.68,20.0,33.70634920634921
Connecticut,2022-04-25,"Title 19, Subtitle 395a",making buildings accessible to and usable by the physically handicapped,public health and safety,,Health Services,10400003548,19,547,18,0,0,0,1,20.0,7.3,22.22222222222222,34.61333333333334
Connecticut,2022-04-25,"Title 19, Subtitle 399",connecticut board of materials review,public health and safety,,Health Services,10400003549,40,1446,37,1,0,0,2,29.0,7.6,8.333333333333332,34.59553903345725
Connecticut,2022-04-25,"Title 19, Subtitle 4",minimum standards for approval of public health laboratories,public health and safety,,Health Services,10400003537,3,630,2,0,0,0,1,,6.8,66.66666666666666,35.41100323624595
Connecticut,2022-04-25,"Title 19, Subtitle 409d",transport of radioactive material,public health and safety,,Health Services,10400003550,16,1319,13,1,0,0,2,21.0,8.08,9.523809523809524,39.41434262948207
Connecticut,2022-04-25,"Title 19, Subtitle 411",vertical wheelchair iifts,public health and safety,,Health Services,10400003551,137,3952,131,2,0,1,3,20.0,8.48,20.634920634920636,31.076470588235296
Connecticut,2022-04-25,"Title 19, Subtitle 488",standards for certification of the community treatment programs which may administer controlled drugs,public health and safety,,Health Services,10400003552,49,1711,43,1,0,2,3,36.0,8.05,13.043478260869565,41.89460784313726
Connecticut,2022-04-25,"Title 19, Subtitle 48B",standards for certification of the community treatment programs which may administer controlled drugs,public health and safety,,Health Services,10400003553,3,70,3,0,0,0,0,23.0,4.87,0.0,44.0
Connecticut,2022-04-25,"Title 19, Subtitle 49",transportation of bodies of deceased persons,public health and safety,,Health Services,10400003542,8,212,5,0,0,0,3,52.0,6.56,25.0,38.10891089108911
Connecticut,2022-04-25,"Title 19, Subtitle 570",rules of practice,public health and safety,,Health Services,10400003535,119,5801,107,0,0,1,11,32.0,8.64,37.28813559322034,35.25630403458213
Connecticut,2022-04-25,"Title 19, Subtitle 66c",compressed air used in self contained underwater breathing apparatus,public health and safety,,Health Services,10400003543,4,901,2,0,0,0,2,21.0,7.76,14.285714285714285,34.92982456140351
Connecticut,2022-04-25,"Title 1, Subtitle 1h",identity card issued to persons who do not possess motor vehicle operator licenses,provisions of general application,,Administration,10400002935,17,712,12,3,0,0,2,32.0,6.91,27.27272727272727,36.014749262536874
Connecticut,2022-04-25,"Title 1, Subtitle 1j",payment for license fees by credit card charge card or debit card,provisions of general application,,Administration,10400002936,8,931,7,0,0,0,1,62.0,6.91,66.66666666666666,32.40465631929047
Connecticut,2022-04-25,"Title 1, Subtitle 21j",organization and rules of practice,provisions of general application,,Administration,10400002937,243,11188,218,2,0,2,21,36.0,8.61,35.85526315789473,35.24165267673941
Connecticut,2022-04-25,"Title 1, Subtitle 264",license by electronic means,provisions of general application,,Administration,10400002940,3,206,3,0,0,0,0,34.0,5.66,16.666666666666664,40.64039408866995
Connecticut,2022-04-25,"Title 1, Subtitle 81",code of ethics,provisions of general application,,Administration,10400002938,138,7886,103,3,4,11,17,46.0,8.5,43.03030303030303,35.97023330651649
Connecticut,2022-04-25,"Title 1, Subtitle 92",description of organization and rules of practice,provisions of general application,,Administration,10400002939,352,23483,268,24,3,2,55,42.0,9.32,37.45454545454546,35.8728449231042
Connecticut,2022-04-25,"Title 20, Subtitle 10",medical educational requirements,professional and occupational licensing certification,,"Industry, Commerce, and Development",10400003609,29,2280,27,0,0,0,2,60.0,7.7,35.13513513513514,40.88111568358482
Connecticut,2022-04-25,"Title 20, Subtitle 104",dentists,professional and occupational licensing certification,,"Industry, Commerce, and Development",10400003618,1,35,1,0,0,0,0,16.0,4.33,0.0,42.1875
Connecticut,2022-04-25,"Title 20, Subtitle 123b",administration and use of anesthesia and conscious sedation in dentistry,professional and occupational licensing certification,,"Industry, Commerce, and Development",10400003619,29,2507,24,1,0,0,4,63.0,8.44,26.31578947368421,42.6381974248927
Connecticut,2022-04-25,"Title 20, Subtitle 128",state board of examiners in optometry,professional and occupational licensing certification,,"Industry, Commerce, and Development",10400003620,4,147,4,0,0,0,0,72.0,6.22,0.0,47.88721804511278
Connecticut,2022-04-25,"Title 20, Subtitle 13d",reporting actions taken against physicians,professional and occupational licensing certification,,"Industry, Commerce, and Development",10400003610,2,89,2,0,0,0,0,43.0,5.31,0.0,35.69047619047619
Connecticut,2022-04-25,"Title 20, Subtitle 141",commission of opticians,professional and occupational licensing certification,,"Industry, Commerce, and Development",10400003621,49,2778,38,0,0,0,11,39.0,8.31,17.391304347826086,38.99516369047619
Connecticut,2022-04-25,"Title 20, Subtitle 146",continuing education for opticians,professional and occupational licensing certification,,"Industry, Commerce, and Development",10400003622,20,994,18,0,0,0,2,29.0,7.3,9.090909090909092,44.29665587918015
Connecticut,2022-04-25,"Title 20, Subtitle 188",psychology licensing requirements,professional and occupational licensing certification,,"Industry, Commerce, and Development",10400003623,90,2799,79,2,0,0,9,34.0,8.08,16.25,45.23604992657856
Connecticut,2022-04-25,"Title 20, Subtitle 195a",marital and family therapists,professional and occupational licensing certification,,"Industry, Commerce, and Development",10400003624,23,924,20,1,0,0,2,39.0,7.48,34.78260869565217,44.71153846153846
Connecticut,2022-04-25,"Title 20, Subtitle 195c",continuing education for marital and family therapists,professional and occupational licensing certification,,"Industry, Commerce, and Development",10400003625,25,1532,24,0,0,0,1,48.0,7.67,19.35483870967742,42.78863478863479
Connecticut,2022-04-25,"Title 20, Subtitle 195cc",continuing education for professional counselors,professional and occupational licensing certification,,"Industry, Commerce, and Development",10400003626,26,1599,24,0,0,0,2,48.0,7.71,25.0,43.64838070059484
Connecticut,2022-04-25,"Title 20, Subtitle 196",rules of practice,professional and occupational licensing certification,,"Industry, Commerce, and Development",10400003611,64,1690,53,6,0,0,5,19.0,8.07,12.5,34.72498465316145
Connecticut,2022-04-25,"Title 20, Subtitle 211",embalmers,professional and occupational licensing certification,,"Industry, Commerce, and Development",10400003627,20,822,18,0,0,2,0,39.0,7.35,25.0,35.526727509778354
Connecticut,2022-04-25,"Title 20, Subtitle 269",board of examiners of hypertrichologists,professional and occupational licensing certification,,"Industry, Commerce, and Development",10400003628,13,460,10,1,0,0,2,31.0,7.15,14.285714285714285,44.1943793911007
Connecticut,2022-04-25,"Title 20, Subtitle 275b",continuing education for electrologists,professional and occupational licensing certification,,"Industry, Commerce, and Development",10400003629,25,1514,24,0,0,0,1,50.0,7.74,20.689655172413797,43.37526352775826
Connecticut,2022-04-25,"Title 20, Subtitle 280",issuance of certified public accountant certificate by written examination,professional and occupational licensing certification,,"Industry, Commerce, and Development",10400003630,188,11586,160,5,4,0,19,35.0,9.48,28.08641975308642,39.19170845272206
Connecticut,2022-04-25,"Title 20, Subtitle 281",require that permit holders as a condition for the renewal of a permit to practice undergo a quality review,professional and occupational licensing certification,,"Industry, Commerce, and Development",10400003631,62,3019,44,5,0,0,13,53.0,7.45,48.21428571428572,33.46853388658368
Connecticut,2022-04-25,"Title 20, Subtitle 289",architect licensure,professional and occupational licensing certification,,"Industry, Commerce, and Development",10400003632,76,3760,70,0,1,0,5,22.0,8.42,20.51282051282051,36.45004174784303
Connecticut,2022-04-25,"Title 20, Subtitle 300",professional engineers and land surveyors,professional and occupational licensing certification,,"Industry, Commerce, and Development",10400003633,216,9119,200,1,3,0,12,33.0,8.81,19.776119402985078,36.99216087252897
Connecticut,2022-04-25,"Title 20, Subtitle 300b",minimum standards of accuracy content and certification for surveys and maps,professional and occupational licensing certification,,"Industry, Commerce, and Development",10400003634,95,4389,90,0,0,0,5,34.0,8.66,30.64516129032258,35.26884360422293
Connecticut,2022-04-25,"Title 20, Subtitle 314",passing scores on examinations for real estate broker s license and real estate salesman s license,professional and occupational licensing certification,,"Industry, Commerce, and Development",10400003635,2,104,0,2,0,0,0,50.0,5.09,0.0,30.70833333333333
Connecticut,2022-04-25,"Title 20, Subtitle 314a",real estate licensing,professional and occupational licensing certification,,"Industry, Commerce, and Development",10400003636,40,1279,37,1,0,0,2,50.0,7.67,40.0,39.24576271186441
Connecticut,2022-04-25,"Title 20, Subtitle 319",continuing education for real estate brokers and salesmen,professional and occupational licensing certification,,"Industry, Commerce, and Development",10400003637,44,1536,40,2,1,1,0,34.0,7.92,20.454545454545457,37.91736111111111
Connecticut,2022-04-25,"Title 20, Subtitle 325c",fees charged by real estate brokers and salesmen,professional and occupational licensing certification,,"Industry, Commerce, and Development",10400003638,12,491,10,0,0,0,2,40.0,6.67,25.0,33.7478813559322
Connecticut,2022-04-25,"Title 20, Subtitle 325d",real estate brokers and salesmen,professional and occupational licensing certification,,"Industry, Commerce, and Development",10400003639,27,1949,17,1,2,0,7,35.0,7.26,36.36363636363637,33.72029442691903
Connecticut,2022-04-25,"Title 20, Subtitle 327b",residential property condition disclosure report,professional and occupational licensing certification,,"Industry, Commerce, and Development",10400003641,5,1588,2,0,0,0,3,12.0,8.17,45.66929133858268,32.012402088772845
Connecticut,2022-04-25,"Title 20, Subtitle 328",real estate brokers and salesmen,professional and occupational licensing certification,,"Industry, Commerce, and Development",10400003640,69,3448,65,2,0,0,2,49.0,7.78,42.028985507246375,33.5367734282325
Connecticut,2022-04-25,"Title 20, Subtitle 329m",disposition advertising sale or exchange in this state of real estate located in another state or jurisdiction,professional and occupational licensing certification,,"Industry, Commerce, and Development",10400003642,35,1856,32,0,0,0,3,67.0,7.75,48.14814814814815,33.92338028169014
Connecticut,2022-04-25,"Title 20, Subtitle 32b",continuing education for chiropractors,professional and occupational licensing certification,,"Industry, Commerce, and Development",10400003612,19,1282,18,0,0,0,1,35.0,7.51,11.428571428571429,42.40886287625418
Connecticut,2022-04-25,"Title 20, Subtitle 332",occupational licensing,professional and occupational licensing certification,,"Industry, Commerce, and Development",10400003643,176,11473,147,13,7,1,8,28.0,8.51,13.30049261083744,37.68978962640551
Connecticut,2022-04-25,"Title 20, Subtitle 334d",continuing education requirements for the electrical and plumbing trades,professional and occupational licensing certification,,"Industry, Commerce, and Development",10400003644,58,1614,53,1,0,1,3,24.0,7.72,6.0606060606060606,37.87307692307692
Connecticut,2022-04-25,"Title 20, Subtitle 340d",swimming pool builders and contractors,professional and occupational licensing certification,,"Industry, Commerce, and Development",10400003645,12,752,12,0,0,0,0,83.0,7.17,44.44444444444444,41.83734087694484
Connecticut,2022-04-25,"Title 20, Subtitle 340e",swimming pool assembler s license,professional and occupational licensing certification,,"Industry, Commerce, and Development",10400003646,9,350,7,0,0,0,2,49.0,6.45,57.14285714285714,38.73952095808383
Connecticut,2022-04-25,"Title 20, Subtitle 341gg",registration of major contractors,professional and occupational licensing certification,,"Industry, Commerce, and Development",10400003647,17,1337,15,0,0,1,1,59.0,8.03,36.36363636363637,38.30438247011952
Connecticut,2022-04-25,"Title 20, Subtitle 344",licensing and regulations of the tv service business,professional and occupational licensing certification,,"Industry, Commerce, and Development",10400003648,72,3066,67,3,0,0,2,41.0,8.0,31.506849315068493,34.354903943377145
Connecticut,2022-04-25,"Title 20, Subtitle 368",examination and licensure,professional and occupational licensing certification,,"Industry, Commerce, and Development",10400003649,70,2974,65,0,1,0,4,41.0,8.36,33.33333333333333,40.76223533495314
Connecticut,2022-04-25,"Title 20, Subtitle 377t",interior designers,professional and occupational licensing certification,,"Industry, Commerce, and Development",10400003650,4,303,2,2,0,0,0,100.0,6.73,33.33333333333333,40.86111111111112
Connecticut,2022-04-25,"Title 20, Subtitle 381",ambulance services,professional and occupational licensing certification,,"Industry, Commerce, and Development",10400003651,3,224,3,0,0,0,0,70.0,6.22,33.33333333333333,38.70854271356784
Connecticut,2022-04-25,"Title 20, Subtitle 406",hearing aid dealers,professional and occupational licensing certification,,"Industry, Commerce, and Development",10400003652,53,2015,45,0,0,1,7,44.0,7.86,22.22222222222222,35.54811715481171
Connecticut,2022-04-25,"Title 20, Subtitle 416",licensure of speech pathologists and audiologists,professional and occupational licensing certification,,"Industry, Commerce, and Development",10400003653,24,955,23,0,0,0,1,35.0,7.3,14.814814814814811,47.28854625550661
Connecticut,2022-04-25,"Title 20, Subtitle 417aa",limited swimming pool licenses,professional and occupational licensing certification,,"Industry, Commerce, and Development",10400003654,4,241,3,0,0,0,1,29.0,5.82,12.5,36.937219730941706
Connecticut,2022-04-25,"Title 20, Subtitle 430",registration as home improvement contractors and salesmen,professional and occupational licensing certification,,"Industry, Commerce, and Development",10400003655,8,475,8,0,0,0,0,52.0,6.16,55.55555555555556,40.330357142857146
Connecticut,2022-04-25,"Title 20, Subtitle 44",permits to physicians to serve as interns or residents in hospitals in this state for the purpose of extending their education,professional and occupational licensing certification,,"Industry, Commerce, and Development",10400003613,4,512,4,0,0,0,0,42.0,7.18,58.333333333333336,32.898
Connecticut,2022-04-25,"Title 20, Subtitle 440",licensure and training requirements for persons engaged in asbestos abatement and consultation services,professional and occupational licensing certification,,"Industry, Commerce, and Development",10400003656,170,10985,144,0,0,2,24,49.0,9.29,19.90950226244344,44.45726897069872
Connecticut,2022-04-25,"Title 20, Subtitle 441",licensing and training requirements for persons engaged in asbestos abatement and consultation services,professional and occupational licensing certification,,"Industry, Commerce, and Development",10400003657,60,1956,49,0,0,0,11,28.0,7.61,4.285714285714286,41.14891416752844
Connecticut,2022-04-25,"Title 20, Subtitle 461",community association managers,professional and occupational licensing certification,,"Industry, Commerce, and Development",10400003658,15,770,11,1,0,0,3,68.0,7.08,72.72727272727273,35.84289617486339
Connecticut,2022-04-25,"Title 20, Subtitle 478",standards for licensure and certification of lead abatement contractors lead consultants and lead abatement personnel,professional and occupational licensing certification,,"Industry, Commerce, and Development",10400003659,31,2311,22,0,1,0,8,42.0,7.73,33.33333333333333,42.79223744292238
Connecticut,2022-04-25,"Title 20, Subtitle 491",home inspectors,professional and occupational licensing certification,,"Industry, Commerce, and Development",10400003660,122,5084,88,1,1,0,32,40.0,8.9,22.76422764227642,39.15749172185431
Connecticut,2022-04-25,"Title 20, Subtitle 504",real estate appraisers,professional and occupational licensing certification,,"Industry, Commerce, and Development",10400003661,100,5384,84,0,0,0,16,46.0,8.65,22.41379310344828,42.31996105160662
Connecticut,2022-04-25,"Title 20, Subtitle 512",real estate appraisers,professional and occupational licensing certification,,"Industry, Commerce, and Development",10400003662,69,2652,63,1,0,1,4,38.0,8.12,14.492753623188406,39.16547901821061
Connecticut,2022-04-25,"Title 20, Subtitle 529e",appraisal management companies,professional and occupational licensing certification,,"Industry, Commerce, and Development",10400003663,94,4375,82,0,0,1,11,46.0,8.24,22.82608695652174,41.667312818027625
Connecticut,2022-04-25,"Title 20, Subtitle 576",the practice of pharmacy,professional and occupational licensing certification,,"Industry, Commerce, and Development",10400003664,275,14735,229,13,1,2,30,60.0,8.92,51.69491525423729,41.419033886085074
Connecticut,2022-04-25,"Title 20, Subtitle 576a",576a,professional and occupational licensing certification,,"Industry, Commerce, and Development",10400003665,101,3790,88,0,0,1,12,45.0,8.28,20.73170731707317,40.26631344116007
Connecticut,2022-04-25,"Title 20, Subtitle 614",electronic data intermediaries,professional and occupational licensing certification,,"Industry, Commerce, and Development",10400003666,10,550,10,0,0,0,0,35.0,7.04,26.666666666666668,47.776679841897234
Connecticut,2022-04-25,"Title 20, Subtitle 631",collaborative drug therapy management,professional and occupational licensing certification,,"Industry, Commerce, and Development",10400003667,6,322,4,0,0,0,2,78.0,6.63,75.0,46.68027210884354
Connecticut,2022-04-25,"Title 20, Subtitle 633",administration of vaccine by pharmacists,professional and occupational licensing certification,,"Industry, Commerce, and Development",10400003668,8,463,8,0,0,0,0,55.0,6.88,62.5,50.271844660194176
Connecticut,2022-04-25,"Title 20, Subtitle 635",quality assurance programs for pharmacies,professional and occupational licensing certification,,"Industry, Commerce, and Development",10400003669,21,605,20,0,0,0,1,29.0,6.69,20.0,40.9347442680776
Connecticut,2022-04-25,"Title 20, Subtitle 654",shorthand reporters,professional and occupational licensing certification,,"Industry, Commerce, and Development",10400003670,19,1215,19,0,0,0,0,51.0,7.73,8.695652173913043,38.21716287215411
Connecticut,2022-04-25,"Title 20, Subtitle 670",registration of homemaker companion agencies,professional and occupational licensing certification,,"Industry, Commerce, and Development",10400003671,14,577,14,0,0,0,0,40.0,7.15,14.285714285714285,36.66308243727599
Connecticut,2022-04-25,"Title 20, Subtitle 74i",continued competency requirements for biennial license renewal by occupational therapists and occupational therapy assistants,professional and occupational licensing certification,,"Industry, Commerce, and Development",10400003614,34,2074,29,0,0,0,5,39.0,7.85,23.07692307692308,45.42943244600704
Connecticut,2022-04-25,"Title 20, Subtitle 74o",criteria and procedures for substance abuse counselor certification,professional and occupational licensing certification,,"Industry, Commerce, and Development",10400003615,50,1707,45,2,0,0,3,26.0,7.7,15.384615384615383,39.26483180428134
Connecticut,2022-04-25,"Title 20, Subtitle 74s",certification and licensure standards for alcohol and drug counselors,professional and occupational licensing certification,,"Industry, Commerce, and Development",10400003616,31,1172,23,0,0,0,8,72.0,7.2,,39.6452205882353
Connecticut,2022-04-25,"Title 20, Subtitle 90",the board of examiners for nursing and requirements for registration of professional nurses and certification of licensed practical nurses,professional and occupational licensing certification,,"Industry, Commerce, and Development",10400003617,107,5088,93,12,0,0,2,47.0,8.65,23.58490566037736,41.14327062228654
Connecticut,2022-04-25,Title 21a,connecticut food drug and cosmetic act,consumer protection,,"Industry, Commerce, and Development",10400003694,0,623,0,0,0,0,0,6.0,6.15,0.9259259259259258,22.396793587174347
Connecticut,2022-04-25,"Title 21a, Subtitle 1",description of organization,consumer protection,,"Industry, Commerce, and Development",10400003678,67,5619,61,2,0,1,3,31.0,8.9,25.842696629213485,37.85692995529061
Connecticut,2022-04-25,"Title 21a, Subtitle 10",schedule for license renewal,consumer protection,,"Industry, Commerce, and Development",10400003680,1,752,1,0,0,0,0,57.0,6.67,0.0,41.08124076809453
Connecticut,2022-04-25,"Title 21a, Subtitle 100",labeling of cuts of meat sold by food establishments,consumer protection,,"Industry, Commerce, and Development",10400003691,72,5297,61,5,1,3,2,33.0,8.88,13.291139240506327,28.605562083822957
Connecticut,2022-04-25,"Title 21a, Subtitle 101",sanitary standards for food establishments,consumer protection,,"Industry, Commerce, and Development",10400003692,22,909,22,0,0,0,0,35.0,7.51,12.0,39.38488372093023
Connecticut,2022-04-25,"Title 21a, Subtitle 115",connecticut food drug and cosmetic act,consumer protection,,"Industry, Commerce, and Development",10400003693,376,17479,331,0,3,3,39,35.0,9.33,41.75152749490835,32.24143320908981
Connecticut,2022-04-25,"Title 21a, Subtitle 12",use of chemicals in removing soot from boilers furnaces chimneys and flues,consumer protection,,"Industry, Commerce, and Development",10400003681,6,174,6,0,0,0,0,10.0,5.94,0.0,34.67901234567901
Connecticut,2022-04-25,"Title 21a, Subtitle 12a",guidelines for public playground equipment,consumer protection,,"Industry, Commerce, and Development",10400003682,1,169,1,0,0,0,0,40.0,6.09,0.0,42.62025316455696
Connecticut,2022-04-25,"Title 21a, Subtitle 143",dietary beverages,consumer protection,,"Industry, Commerce, and Development",10400003695,9,353,7,1,0,0,1,58.0,6.81,16.666666666666664,39.26453488372093
Connecticut,2022-04-25,"Title 21a, Subtitle 147",the manufacture of apple cider and apple juice,consumer protection,,"Industry, Commerce, and Development",10400003696,31,642,30,0,0,1,0,25.0,7.27,24.0,30.99836333878887
Connecticut,2022-04-25,"Title 21a, Subtitle 156",bakeshops and bakery products,consumer protection,,"Industry, Commerce, and Development",10400003697,4,376,4,0,0,0,0,29.0,7.01,8.333333333333332,36.74853801169591
Connecticut,2022-04-25,"Title 21a, Subtitle 190k",the solicitation of charitable funds,consumer protection,,"Industry, Commerce, and Development",10400003698,36,2247,26,0,0,0,10,91.0,7.56,,37.150756143667294
Connecticut,2022-04-25,"Title 21a, Subtitle 196",boxing and sparring,consumer protection,,"Industry, Commerce, and Development",10400003699,0,549,0,0,0,0,0,,4.47,0.0,45.55555555555556
Connecticut,2022-04-25,"Title 21a, Subtitle 224",health clubs,consumer protection,,"Industry, Commerce, and Development",10400003700,25,1329,24,0,0,0,1,46.0,6.86,46.42857142857143,28.74613003095975
Connecticut,2022-04-25,"Title 21a, Subtitle 235",bedding and upholstered furniture,consumer protection,,"Industry, Commerce, and Development",10400003701,310,12710,283,0,3,0,24,25.0,9.21,24.16502946954813,31.52805917350056
Connecticut,2022-04-25,"Title 21a, Subtitle 243",designation of controlled drugs,consumer protection,,"Industry, Commerce, and Development",10400003702,22,4944,20,1,0,0,1,80.0,8.8,,52.16706904876871
Connecticut,2022-04-25,"Title 21a, Subtitle 244",storage and retrieval of prescription information for controlled substances,consumer protection,,"Industry, Commerce, and Development",10400003703,34,1579,23,10,0,0,1,51.0,7.48,50.0,37.71883289124669
Connecticut,2022-04-25,"Title 21a, Subtitle 244a",electronic drug records maintained by hospital and medical practitioners,consumer protection,,"Industry, Commerce, and Development",10400003704,15,640,13,0,0,0,2,51.0,6.7,25.0,41.68971332209106
Connecticut,2022-04-25,"Title 21a, Subtitle 254",record keeping for controlled drugs,consumer protection,,"Industry, Commerce, and Development",10400003705,24,1093,17,0,0,0,7,48.0,7.62,27.27272727272727,42.757726819541375
Connecticut,2022-04-25,"Title 21a, Subtitle 262",minimum security and safeguard requirements for storage and handling of controlled substances,consumer protection,,"Industry, Commerce, and Development",10400003706,147,4728,109,15,0,0,23,35.0,8.47,35.11450381679389,39.83168534388047
Connecticut,2022-04-25,"Title 21a, Subtitle 29",compliance with flour enrichment standards,consumer protection,,"Industry, Commerce, and Development",10400003683,6,287,4,0,0,0,2,38.0,6.01,14.285714285714285,39.32941176470588
Connecticut,2022-04-25,"Title 21a, Subtitle 326",registration of practitioners for controlled substances,consumer protection,,"Industry, Commerce, and Development",10400003707,22,1054,18,1,0,0,3,31.0,7.63,6.0606060606060606,48.07631318136769
Connecticut,2022-04-25,"Title 21a, Subtitle 336",banned hazardous substances,consumer protection,,"Industry, Commerce, and Development",10400003708,1,263,1,0,0,0,0,86.0,6.67,0.0,35.4375
Connecticut,2022-04-25,"Title 21a, Subtitle 340f",residential stair lift technician s license,consumer protection,,"Industry, Commerce, and Development",10400003709,3,309,3,0,0,0,0,43.0,6.52,14.285714285714285,40.74914089347079
Connecticut,2022-04-25,"Title 21a, Subtitle 342",repurchase of banned hazardous substances,consumer protection,,"Industry, Commerce, and Development",10400003710,32,1988,29,0,0,0,3,39.0,7.65,29.411764705882355,35.758371973209684
Connecticut,2022-04-25,"Title 21a, Subtitle 408",palliative use of marijuana,consumer protection,,"Industry, Commerce, and Development",10400003711,579,31045,533,0,1,4,41,61.0,9.24,56.048387096774185,40.24721996202875
Connecticut,2022-04-25,"Title 21a, Subtitle 58",frozen dessert products standards and regulations,consumer protection,,"Industry, Commerce, and Development",10400003684,311,13464,251,13,2,1,44,27.0,8.96,29.93762993762994,32.89566310496543
Connecticut,2022-04-25,"Title 21a, Subtitle 61",frozen food regulations,consumer protection,,"Industry, Commerce, and Development",10400003685,286,6964,276,1,1,3,5,22.0,9.1,20.0,34.87040907733652
Connecticut,2022-04-25,"Title 21a, Subtitle 63",specifications and test standards for clinical thermometers,consumer protection,,"Industry, Commerce, and Development",10400003686,19,825,18,0,0,0,1,36.0,7.25,18.181818181818183,39.36103896103896
Connecticut,2022-04-25,"Title 21a, Subtitle 66",safe handling and disposal of hypodermic needles and syringes,consumer protection,,"Industry, Commerce, and Development",10400003687,20,759,20,0,0,0,0,57.0,7.47,53.84615384615385,42.23796423658872
Connecticut,2022-04-25,"Title 21a, Subtitle 75",unit pricing of consumer commodities,consumer protection,,"Industry, Commerce, and Development",10400003688,35,2694,21,5,2,0,7,63.0,7.98,,29.44978838014621
Connecticut,2022-04-25,"Title 21a, Subtitle 79",universal product coding marking of retail price,consumer protection,,"Industry, Commerce, and Development",10400003689,21,1068,17,2,0,0,2,52.0,7.34,45.0,32.52238805970149
Connecticut,2022-04-25,"Title 21a, Subtitle 86a",plumbing fixtures,consumer protection,,"Industry, Commerce, and Development",10400003690,56,1965,52,1,1,0,2,30.0,7.89,46.875,38.85940803382664
Connecticut,2022-04-25,"Title 21a, Subtitle 9",uniform rules of procedure concerning boards and commissions within its jurisdiction,consumer protection,,"Industry, Commerce, and Development",10400003679,34,2195,33,0,0,0,1,39.0,8.05,43.63636363636363,34.89814374107568
Connecticut,2022-04-25,"Title 21, Subtitle 70",mobile manufactured home parks,licenses,,"Industry, Commerce, and Development",10400003672,9,272,8,0,0,0,1,33.0,5.92,37.5,34.70866141732284
Connecticut,2022-04-25,"Title 21, Subtitle 78",choice of vendors by residents,licenses,,"Industry, Commerce, and Development",10400003674,1,30,1,0,0,0,0,28.0,4.04,0.0,29.22222222222222
Connecticut,2022-04-25,"Title 21, Subtitle 79",resident s right to sell,licenses,,"Industry, Commerce, and Development",10400003675,14,680,13,0,0,0,1,39.0,6.87,52.94117647058824,31.696969696969692
Connecticut,2022-04-25,"Title 21, Subtitle 82",mobile home parks,licenses,,"Industry, Commerce, and Development",10400003676,44,1624,37,2,0,1,4,48.0,7.95,,32.87820512820513
Connecticut,2022-04-25,"Title 21, Subtitle 83e",complaint resolution,licenses,,"Industry, Commerce, and Development",10400003677,1,33,1,0,0,0,0,31.0,4.28,,52.23333333333333
Connecticut,2022-04-25,"Title 21, Subtitle 84",mobile manufactured home parks,licenses,,"Industry, Commerce, and Development",10400003673,33,2832,24,4,2,0,3,45.0,8.28,69.84126984126983,31.309915843395537
Connecticut,2022-04-25,Title 22a,solid waste management,environmental protection,,"Environmental Protection, Public Utilities, and Natural Resources",10400003793,36,2676,30,4,0,0,2,23.0,8.8,21.428571428571427,39.35325419566107
Connecticut,2022-04-25,"Title 22a, Subtitle 1",description of organization,environmental protection,,"Environmental Protection, Public Utilities, and Natural Resources",10400003756,0,659,0,0,0,0,0,34.0,7.52,5.263157894736842,44.76152623211447
Connecticut,2022-04-25,"Title 22a, Subtitle 116",hazardous waste facilities siting,environmental protection,,"Environmental Protection, Public Utilities, and Natural Resources",10400003778,104,5651,88,1,1,0,14,37.0,8.76,23.178807947019862,38.81252322556671
Connecticut,2022-04-25,"Title 22a, Subtitle 122",hazardous waste minimum distance requirements,environmental protection,,"Environmental Protection, Public Utilities, and Natural Resources",10400003779,14,591,8,0,0,0,6,42.0,7.16,35.714285714285715,40.08521739130435
Connecticut,2022-04-25,"Title 22a, Subtitle 133f",superfund priority score,environmental protection,,"Environmental Protection, Public Utilities, and Natural Resources",10400003780,27,3157,27,0,0,0,0,1.0,8.4,0.9629272989889264,35.36218057921636
Connecticut,2022-04-25,"Title 22a, Subtitle 133k",remediation standard,environmental protection,,"Environmental Protection, Public Utilities, and Natural Resources",10400003781,398,35223,331,0,6,7,54,76.0,9.54,67.11711711711712,39.798090974100674
Connecticut,2022-04-25,"Title 22a, Subtitle 133m",urban site remediation program,environmental protection,,"Environmental Protection, Public Utilities, and Natural Resources",10400003783,10,1124,10,0,0,0,0,45.0,7.29,45.83333333333333,42.82748815165877
Connecticut,2022-04-25,"Title 22a, Subtitle 133q",remediation standard,environmental protection,,"Environmental Protection, Public Utilities, and Natural Resources",10400003782,405,25246,316,0,1,4,84,55.0,9.07,59.95575221238938,35.879120424051685
Connecticut,2022-04-25,"Title 22a, Subtitle 133v",state board of examiners of environmental professionals,environmental protection,,"Environmental Protection, Public Utilities, and Natural Resources",10400003784,316,16350,290,0,3,0,23,41.0,9.16,45.26854219948849,35.769585544604496
Connecticut,2022-04-25,"Title 22a, Subtitle 135",reporting of nuclear incidents,environmental protection,,"Environmental Protection, Public Utilities, and Natural Resources",10400003785,1,97,1,0,0,0,0,92.0,5.79,,43.40229885057471
Connecticut,2022-04-25,"Title 22a, Subtitle 163f",low level radioactive waste management facility siting regulations,environmental protection,,"Environmental Protection, Public Utilities, and Natural Resources",10400003786,78,4524,67,2,0,0,9,43.0,8.59,26.47058823529412,38.41039139391165
Connecticut,2022-04-25,"Title 22a, Subtitle 163l",low level radioactive waste management facility siting regulations,environmental protection,,"Environmental Protection, Public Utilities, and Natural Resources",10400003787,15,844,9,0,0,1,5,49.0,7.71,47.05882352941176,37.067650676506766
Connecticut,2022-04-25,"Title 22a, Subtitle 163t",low level radioactive waste management facility siting regulations,environmental protection,,"Environmental Protection, Public Utilities, and Natural Resources",10400003788,16,1004,16,0,0,0,0,33.0,7.06,43.333333333333336,33.37670514165792
Connecticut,2022-04-25,"Title 22a, Subtitle 174",abatement of air pollution,environmental protection,,"Environmental Protection, Public Utilities, and Natural Resources",10400003789,3581,272154,3089,39,10,8,435,46.0,10.51,34.08538701839639,36.5013482464818
Connecticut,2022-04-25,"Title 22a, Subtitle 1a",connecticut environmental policy act,environmental protection,,"Environmental Protection, Public Utilities, and Natural Resources",10400003759,110,5306,93,0,0,0,17,39.0,8.17,34.84848484848485,41.34807502467917
Connecticut,2022-04-25,"Title 22a, Subtitle 2",description of organization,environmental protection,,"Environmental Protection, Public Utilities, and Natural Resources",10400003757,3,2262,3,0,0,0,0,29.0,8.22,3.896103896103896,47.26813590449954
Connecticut,2022-04-25,"Title 22a, Subtitle 208a",solid waste permit fee,environmental protection,,"Environmental Protection, Public Utilities, and Natural Resources",10400003790,29,2728,17,0,0,0,12,36.0,7.9,26.02739726027397,36.09587923296613
Connecticut,2022-04-25,"Title 22a, Subtitle 208i",composting of leaves,environmental protection,,"Environmental Protection, Public Utilities, and Natural Resources",10400003791,25,2623,24,0,0,0,1,38.0,8.41,26.47058823529412,36.02025416997617
Connecticut,2022-04-25,"Title 22a, Subtitle 209",solid waste management,environmental protection,,"Environmental Protection, Public Utilities, and Natural Resources",10400003792,628,29584,548,22,3,7,48,37.0,9.5,31.98992443324937,36.06504437244682
Connecticut,2022-04-25,"Title 22a, Subtitle 228",state solid waste management plan,environmental protection,,"Environmental Protection, Public Utilities, and Natural Resources",10400003794,43,2152,43,0,0,0,0,40.0,7.37,35.84905660377358,35.67800670819358
Connecticut,2022-04-25,"Title 22a, Subtitle 231",qualifications of operators and inspectors of resources recovery facilities,environmental protection,,"Environmental Protection, Public Utilities, and Natural Resources",10400003795,58,2568,54,2,0,0,2,32.0,7.77,13.750000000000002,39.36521388216303
Connecticut,2022-04-25,"Title 22a, Subtitle 238",qualifications of operators and inspectors of resources recovery facilities,environmental protection,,"Environmental Protection, Public Utilities, and Natural Resources",10400003796,23,869,19,0,0,0,4,30.0,7.48,34.48275862068966,42.31641086186541
Connecticut,2022-04-25,"Title 22a, Subtitle 241b",designated recycling,environmental protection,,"Environmental Protection, Public Utilities, and Natural Resources",10400003797,31,2184,28,0,0,0,3,35.0,8.29,26.666666666666668,38.33801452784503
Connecticut,2022-04-25,"Title 22a, Subtitle 245",beverage container deposit and redemption,environmental protection,,"Environmental Protection, Public Utilities, and Natural Resources",10400003777,12,570,10,0,0,0,2,40.0,6.94,50.0,38.28284671532847
Connecticut,2022-04-25,"Title 22a, Subtitle 255b",plastic bottle coding,environmental protection,,"Environmental Protection, Public Utilities, and Natural Resources",10400003798,10,585,10,0,0,0,0,26.0,6.76,4.545454545454546,38.28277153558052
Connecticut,2022-04-25,"Title 22a, Subtitle 27l",administer the distribution and expenditure of funds in the endangered species natural area preserve and watchable wildlife account,environmental protection,,"Environmental Protection, Public Utilities, and Natural Resources",10400003763,5,478,5,0,0,0,0,42.0,6.64,0.0,43.84777517564403
Connecticut,2022-04-25,"Title 22a, Subtitle 2a",delegation of authority,environmental protection,,"Environmental Protection, Public Utilities, and Natural Resources",10400003760,86,4159,80,2,1,0,3,35.0,8.24,33.61344537815126,37.70737725141871
Connecticut,2022-04-25,"Title 22a, Subtitle 3",description of organization,environmental protection,,"Environmental Protection, Public Utilities, and Natural Resources",10400003758,1,295,0,0,0,1,0,22.0,6.52,61.53846153846154,40.91756272401434
Connecticut,2022-04-25,"Title 22a, Subtitle 30",tidal wetlands,environmental protection,,"Environmental Protection, Public Utilities, and Natural Resources",10400003764,53,5895,45,1,0,0,7,63.0,8.85,52.17391304347826,37.66326164874552
Connecticut,2022-04-25,"Title 22a, Subtitle 315",soil and water conservation district and council on soil and water conservation,environmental protection,,"Environmental Protection, Public Utilities, and Natural Resources",10400003799,103,4411,99,2,0,0,2,32.0,8.3,5.925925925925927,34.94072474202064
Connecticut,2022-04-25,"Title 22a, Subtitle 339d",grants to municipalities and lake associations to improve the water quality of recreational lakes,environmental protection,,"Environmental Protection, Public Utilities, and Natural Resources",10400003800,88,5274,69,8,1,1,9,29.0,9.09,21.34831460674157,43.007388178913736
Connecticut,2022-04-25,"Title 22a, Subtitle 354b",level a mapping,environmental protection,,"Environmental Protection, Public Utilities, and Natural Resources",10400003801,220,8841,194,3,1,0,22,42.0,8.87,33.980582524271846,35.543821006260146
Connecticut,2022-04-25,"Title 22a, Subtitle 354i",aquifer protection areas land use controls,environmental protection,,"Environmental Protection, Public Utilities, and Natural Resources",10400003802,116,8422,97,2,2,4,11,,8.63,,40.189117535664685
Connecticut,2022-04-25,"Title 22a, Subtitle 372",water diversion,environmental protection,,"Environmental Protection, Public Utilities, and Natural Resources",10400003803,1,55,1,0,0,0,0,49.0,4.67,0.0,42.54545454545455
Connecticut,2022-04-25,"Title 22a, Subtitle 377",water diversion,environmental protection,,"Environmental Protection, Public Utilities, and Natural Resources",10400003804,61,5076,49,0,6,0,6,61.0,8.57,60.49382716049383,38.104737624814106
Connecticut,2022-04-25,"Title 22a, Subtitle 39",inland wetlands and water courses regulations of the connecticut department of environmental protection,environmental protection,,"Environmental Protection, Public Utilities, and Natural Resources",10400003765,138,7457,114,3,0,1,20,15.0,8.93,13.79310344827586,36.971276748527934
Connecticut,2022-04-25,"Title 22a, Subtitle 3a",rules of practice,environmental protection,,"Environmental Protection, Public Utilities, and Natural Resources",10400003761,292,13866,276,2,1,0,13,40.0,8.6,60.99706744868036,34.37992140579818
Connecticut,2022-04-25,"Title 22a, Subtitle 409",dams and similar structures,environmental protection,,"Environmental Protection, Public Utilities, and Natural Resources",10400003805,64,3287,49,0,0,0,15,35.0,8.47,31.18279569892473,36.59072132189387
Connecticut,2022-04-25,"Title 22a, Subtitle 411a",dams and similar structures,environmental protection,,"Environmental Protection, Public Utilities, and Natural Resources",10400003806,34,2711,30,0,0,0,4,30.0,8.3,30.0,34.83166023166023
Connecticut,2022-04-25,"Title 22a, Subtitle 416",wastewater treatment facility operator certification,environmental protection,,"Environmental Protection, Public Utilities, and Natural Resources",10400003807,96,6398,85,0,2,0,9,52.0,8.2,42.5,40.192415962907766
Connecticut,2022-04-25,"Title 22a, Subtitle 426",connecticut water quality standards,environmental protection,,"Environmental Protection, Public Utilities, and Natural Resources",10400003808,153,18061,129,0,4,2,18,41.0,9.57,25.17814726840855,39.82365499573015
Connecticut,2022-04-25,"Title 22a, Subtitle 42d",inland wetlands,environmental protection,,"Environmental Protection, Public Utilities, and Natural Resources",10400003766,17,1217,16,0,0,0,1,50.0,7.4,25.0,39.39500860585198
Connecticut,2022-04-25,"Title 22a, Subtitle 430",water pollution control,environmental protection,,"Environmental Protection, Public Utilities, and Natural Resources",10400003809,609,45514,452,12,3,2,140,36.0,9.71,35.87848932676519,39.453420810536
Connecticut,2022-04-25,"Title 22a, Subtitle 439",funding assistance to connecticut municipalities and state agencies for planning design and construction of pollution abatement facilities,environmental protection,,"Environmental Protection, Public Utilities, and Natural Resources",10400003810,468,29153,312,95,11,1,49,25.0,9.7,22.48263888888889,40.12671509281679
Connecticut,2022-04-25,"Title 22a, Subtitle 449",hazardous waste management,environmental protection,,"Environmental Protection, Public Utilities, and Natural Resources",10400003811,1429,98898,1182,53,6,8,180,48.0,9.92,42.91417165668663,36.33017328116266
Connecticut,2022-04-25,"Title 22a, Subtitle 449e",underground storage tank petroleum clean up fund,environmental protection,,"Environmental Protection, Public Utilities, and Natural Resources",10400003812,52,3357,42,0,0,0,10,58.0,8.4,26.31578947368421,37.35839753466872
Connecticut,2022-04-25,"Title 22a, Subtitle 450",department of energy and environmental protection concerning,environmental protection,,"Environmental Protection, Public Utilities, and Natural Resources",10400003813,49,6948,30,0,0,2,17,89.0,9.74,,42.64788978025811
Connecticut,2022-04-25,"Title 22a, Subtitle 454",permit fees for hazardous materials management,environmental protection,,"Environmental Protection, Public Utilities, and Natural Resources",10400003814,17,782,11,0,0,0,6,36.0,7.05,19.047619047619047,34.40983606557377
Connecticut,2022-04-25,"Title 22a, Subtitle 462",sewage system additives and detergents,environmental protection,,"Environmental Protection, Public Utilities, and Natural Resources",10400003815,20,862,17,0,0,0,3,37.0,7.19,30.434782608695656,35.001204819277106
Connecticut,2022-04-25,"Title 22a, Subtitle 471",grants to municipalities and water companies for potable water supplies,environmental protection,,"Environmental Protection, Public Utilities, and Natural Resources",10400003816,77,3854,56,11,0,0,10,30.0,8.81,24.6031746031746,39.87176025917927
Connecticut,2022-04-25,"Title 22a, Subtitle 472",oil and gas exploration and production,environmental protection,,"Environmental Protection, Public Utilities, and Natural Resources",10400003817,34,2017,30,2,0,0,2,57.0,7.98,45.71428571428572,32.97704081632653
Connecticut,2022-04-25,"Title 22a, Subtitle 482",clean water fund,environmental protection,,"Environmental Protection, Public Utilities, and Natural Resources",10400003818,526,30732,435,28,12,1,50,29.0,9.79,24.92753623188406,40.2801790366758
Connecticut,2022-04-25,"Title 22a, Subtitle 49",use of pesticides,environmental protection,,"Environmental Protection, Public Utilities, and Natural Resources",10400003767,1,21,1,0,0,0,0,19.0,3.66,0.0,42.72222222222222
Connecticut,2022-04-25,"Title 22a, Subtitle 50",pesticide registration and classification,environmental protection,,"Environmental Protection, Public Utilities, and Natural Resources",10400003769,15,1212,15,0,0,0,0,35.0,7.77,48.48484848484848,34.13019891500904
Connecticut,2022-04-25,"Title 22a, Subtitle 54",application of pesticides from the air,environmental protection,,"Environmental Protection, Public Utilities, and Natural Resources",10400003770,21,955,20,0,0,0,1,52.0,7.58,44.44444444444444,42.15929203539823
Connecticut,2022-04-25,"Title 22a, Subtitle 56",fees for examination and registration of pesticide distributors,environmental protection,,"Environmental Protection, Public Utilities, and Natural Resources",10400003771,1,42,1,0,0,0,0,38.0,4.54,0.0,46.94285714285714
Connecticut,2022-04-25,"Title 22a, Subtitle 630",annual registration renewal fee for manufacturers,environmental protection,,"Environmental Protection, Public Utilities, and Natural Resources",10400003819,27,829,27,0,0,0,0,25.0,6.99,25.0,36.996231155778894
Connecticut,2022-04-25,"Title 22a, Subtitle 638",recycling of covered electronic devices,environmental protection,,"Environmental Protection, Public Utilities, and Natural Resources",10400003820,348,18833,313,0,1,0,34,49.0,9.02,44.935064935064936,37.48081730246712
Connecticut,2022-04-25,"Title 22a, Subtitle 65",discarding of pesticides and containers,environmental protection,,"Environmental Protection, Public Utilities, and Natural Resources",10400003772,2,54,1,0,0,1,0,26.0,4.78,0.0,34.333333333333336
Connecticut,2022-04-25,"Title 22a, Subtitle 66",use of pesticides,environmental protection,,"Environmental Protection, Public Utilities, and Natural Resources",10400003768,78,3888,63,4,0,1,10,32.0,8.88,41.52542372881356,36.11512717536814
Connecticut,2022-04-25,"Title 22a, Subtitle 66a",posting and notification of outdoor pesticide applications,environmental protection,,"Environmental Protection, Public Utilities, and Natural Resources",10400003773,91,3319,68,6,0,0,17,49.0,7.82,37.87878787878788,34.308915211970074
Connecticut,2022-04-25,"Title 22a, Subtitle 66l",application of pesticides by state agencies,environmental protection,,"Environmental Protection, Public Utilities, and Natural Resources",10400003774,9,674,9,0,0,0,0,74.0,6.75,44.44444444444444,40.72894333843798
Connecticut,2022-04-25,"Title 22a, Subtitle 66z",application of chemicals to state waters,environmental protection,,"Environmental Protection, Public Utilities, and Natural Resources",10400003775,18,454,15,0,0,0,3,28.0,6.81,18.75,32.84101382488479
Connecticut,2022-04-25,"Title 22a, Subtitle 69",control of noise,environmental protection,,"Environmental Protection, Public Utilities, and Natural Resources",10400003776,96,5899,85,1,1,0,9,29.0,9.42,33.6734693877551,37.408910533910536
Connecticut,2022-04-25,"Title 22a, Subtitle 6b",assessment of civil penalties,environmental protection,,"Environmental Protection, Public Utilities, and Natural Resources",10400003762,57,6669,46,0,1,0,10,43.0,8.95,27.7027027027027,39.74405640268897
Connecticut,2022-04-25,"Title 22, Subtitle 111c",registration fees,agriculture domestic animals,,"Industry, Commerce, and Development",10400003721,4,84,4,0,0,0,0,20.0,5.33,0.0,39.37974683544304
Connecticut,2022-04-25,"Title 22, Subtitle 111e",establishment of certain inspection registration production and marketing fees for the distribution of fertilizer commercial feeds milk and milk products,agriculture domestic animals,,"Industry, Commerce, and Development",10400003727,1,95,1,0,0,0,0,90.0,5.49,,39.2183908045977
Connecticut,2022-04-25,"Title 22, Subtitle 111j",sale and distribution of fertilizers,agriculture domestic animals,,"Industry, Commerce, and Development",10400003730,26,923,26,0,0,0,0,29.0,7.42,27.58620689655172,38.10653409090909
Connecticut,2022-04-25,"Title 22, Subtitle 118q",establishment of certain inspection registration production and marketing fees for the distribution of fertilizer commercial feeds milk and milk products,agriculture domestic animals,,"Industry, Commerce, and Development",10400003728,1,131,1,0,0,0,0,41.0,5.99,0.0,43.29059829059829
Connecticut,2022-04-25,"Title 22, Subtitle 128a",establishment of certain inspection registration production and marketing fees for the distribution of fertilizer commercial feeds milk and milk products,agriculture domestic animals,,"Industry, Commerce, and Development",10400003729,2,66,1,0,0,0,1,64.0,5.25,0.0,49.43333333333333
Connecticut,2022-04-25,"Title 22, Subtitle 133",the production handling and distribution of milk and milk products certified milk,agriculture domestic animals,,"Industry, Commerce, and Development",10400003731,135,4642,130,1,0,1,3,32.0,8.38,11.188811188811188,35.700484205672126
Connecticut,2022-04-25,"Title 22, Subtitle 136",a schedule of fees for various license examinations laboratory registrations permits and laboratory analysis,agriculture domestic animals,,"Industry, Commerce, and Development",10400003732,4,108,4,0,0,0,0,17.0,5.55,0.0,31.23711340206185
Connecticut,2022-04-25,"Title 22, Subtitle 150",a schedule of fees for various license examinations laboratory registrations permits and laboratory analysis,agriculture domestic animals,,"Industry, Commerce, and Development",10400003733,3,68,1,1,0,0,1,22.0,5.35,0.0,42.131147540983605
Connecticut,2022-04-25,"Title 22, Subtitle 165",a schedule of fees for various license examinations laboratory registrations permits and laboratory analysis,agriculture domestic animals,,"Industry, Commerce, and Development",10400003734,1,69,1,0,0,0,0,65.0,4.59,0.0,27.84375
Connecticut,2022-04-25,"Title 22, Subtitle 17a",living quarters of agricultural workers and migratory farm workers,agriculture domestic animals,,"Industry, Commerce, and Development",10400003714,144,3031,143,0,0,0,1,17.0,8.56,16.86046511627907,29.27897435897436
Connecticut,2022-04-25,"Title 22, Subtitle 195",standards and criteria concerning the use of polycarbonate returnable containers,agriculture domestic animals,,"Industry, Commerce, and Development",10400003735,35,1407,18,13,0,0,4,25.0,7.72,5.555555555555555,38.52023988005997
Connecticut,2022-04-25,"Title 22, Subtitle 203c",testing of milk milk products for the presence of antibiotic residues or other inhibitory substances,agriculture domestic animals,,"Industry, Commerce, and Development",10400003736,29,1357,28,0,0,0,1,53.0,7.33,8.0,37.09020217729393
Connecticut,2022-04-25,"Title 22, Subtitle 203h",standards for bulk milk transport tankers and the transportation of milk and milk products,agriculture domestic animals,,"Industry, Commerce, and Development",10400003737,15,682,12,0,0,0,3,35.0,6.78,21.052631578947366,33.34477611940299
Connecticut,2022-04-25,"Title 22, Subtitle 26gg",agricultural lands preservation,agriculture domestic animals,,"Industry, Commerce, and Development",10400003715,60,2992,52,5,0,0,3,25.0,8.45,10.344827586206897,40.17593930635838
Connecticut,2022-04-25,"Title 22, Subtitle 27",poultry and poultry products,agriculture domestic animals,,"Industry, Commerce, and Development",10400003716,31,1689,29,0,0,1,1,21.0,8.02,18.75,29.689180737961227
Connecticut,2022-04-25,"Title 22, Subtitle 277",livestock commission sales,agriculture domestic animals,,"Industry, Commerce, and Development",10400003738,11,446,6,0,0,0,5,48.0,6.45,33.33333333333333,34.733021077283375
Connecticut,2022-04-25,"Title 22, Subtitle 278",notification testing transportation and importation requirements for captive cervidae,agriculture domestic animals,,"Industry, Commerce, and Development",10400003739,75,4672,70,1,0,2,2,45.0,8.53,27.450980392156865,36.169537016327446
Connecticut,2022-04-25,"Title 22, Subtitle 280",uniform fee schedule for cattle and goat tests,agriculture domestic animals,,"Industry, Commerce, and Development",10400003740,9,338,7,0,0,0,2,23.0,6.55,35.714285714285715,30.593650793650795
Connecticut,2022-04-25,"Title 22, Subtitle 308",importation of cattle into connecticut,agriculture domestic animals,,"Industry, Commerce, and Development",10400003741,3,186,2,0,0,0,1,42.0,5.93,75.0,34.66463414634146
Connecticut,2022-04-25,"Title 22, Subtitle 319",control of diseases in swine,agriculture domestic animals,,"Industry, Commerce, and Development",10400003742,21,556,19,2,0,0,0,28.0,7.13,31.57894736842105,35.56870229007634
Connecticut,2022-04-25,"Title 22, Subtitle 320f",treating of garbage fed to swine,agriculture domestic animals,,"Industry, Commerce, and Development",10400003743,18,538,16,0,0,0,2,26.0,6.79,26.31578947368421,32.14545454545455
Connecticut,2022-04-25,"Title 22, Subtitle 323a",intensive poultry farming,agriculture domestic animals,,"Industry, Commerce, and Development",10400003744,14,566,13,1,0,0,0,31.0,7.02,16.666666666666664,35.41423357664234
Connecticut,2022-04-25,"Title 22, Subtitle 323b",inspection of intensive poultry operations,agriculture domestic animals,,"Industry, Commerce, and Development",10400003745,5,198,4,0,0,0,1,32.0,5.9,50.0,36.40860215053763
Connecticut,2022-04-25,"Title 22, Subtitle 324",control of avian disease,agriculture domestic animals,,"Industry, Commerce, and Development",10400003746,145,6261,134,6,0,5,0,32.0,9.01,29.25531914893617,35.19719016557953
Connecticut,2022-04-25,"Title 22, Subtitle 324a",disposal of dead poultry,agriculture domestic animals,,"Industry, Commerce, and Development",10400003748,12,272,12,0,0,0,0,24.0,6.53,9.090909090909092,29.150375939849624
Connecticut,2022-04-25,"Title 22, Subtitle 326c",control of avian disease,agriculture domestic animals,,"Industry, Commerce, and Development",10400003747,9,315,6,2,0,0,1,37.0,6.23,50.0,30.344827586206897
Connecticut,2022-04-25,"Title 22, Subtitle 33",grading and marketing of farm products,agriculture domestic animals,,"Industry, Commerce, and Development",10400003717,86,2807,65,19,1,0,1,20.0,8.6,13.043478260869565,34.54331590739358
Connecticut,2022-04-25,"Title 22, Subtitle 332b",use of living dogs for medical or biological teaching research or study,agriculture domestic animals,,"Industry, Commerce, and Development",10400003749,48,1744,45,0,0,0,3,35.0,8.08,31.25,37.01797483523068
Connecticut,2022-04-25,"Title 22, Subtitle 336",dog pounds,agriculture domestic animals,,"Industry, Commerce, and Development",10400003750,60,1866,55,5,0,0,0,28.0,7.71,4.6875,30.06227967097532
Connecticut,2022-04-25,"Title 22, Subtitle 344",operations and maintenance of commercial kennels,agriculture domestic animals,,"Industry, Commerce, and Development",10400003751,197,6133,184,0,0,4,9,45.0,8.98,50.0,33.85294622917024
Connecticut,2022-04-25,"Title 22, Subtitle 349",surveys for unlicensed dogs,agriculture domestic animals,,"Industry, Commerce, and Development",10400003752,10,278,8,1,0,0,1,33.0,6.07,12.5,33.007751937984494
Connecticut,2022-04-25,"Title 22, Subtitle 359",control of rabies in public settings,agriculture domestic animals,,"Industry, Commerce, and Development",10400003753,8,809,8,0,0,0,0,35.0,7.1,18.181818181818183,37.32436069986541
Connecticut,2022-04-25,"Title 22, Subtitle 37",shipment of live poultry,agriculture domestic animals,,"Industry, Commerce, and Development",10400003718,19,855,18,0,0,0,1,31.0,7.37,26.923076923076923,33.83563362609787
Connecticut,2022-04-25,"Title 22, Subtitle 380m",animal population control program,agriculture domestic animals,,"Industry, Commerce, and Development",10400003754,28,1713,22,3,0,0,3,39.0,8.04,27.906976744186046,39.27009646302251
Connecticut,2022-04-25,"Title 22, Subtitle 38a",joint venture program,agriculture domestic animals,,"Industry, Commerce, and Development",10400003719,10,349,7,3,0,0,0,23.0,6.48,6.666666666666667,33.13813813813814
Connecticut,2022-04-25,"Title 22, Subtitle 415",transportation of equines,agriculture domestic animals,,"Industry, Commerce, and Development",10400003755,13,543,11,1,0,1,0,28.0,7.29,36.84210526315789,32.29469548133595
Connecticut,2022-04-25,"Title 22, Subtitle 57",registration fees,agriculture domestic animals,,"Industry, Commerce, and Development",10400003720,3,62,2,0,0,0,1,30.0,4.91,50.0,35.44827586206897
Connecticut,2022-04-25,"Title 22, Subtitle 59",connecticut seed law,agriculture domestic animals,,"Industry, Commerce, and Development",10400003722,35,1966,29,0,0,5,1,31.0,8.33,29.03225806451613,30.82096317280453
Connecticut,2022-04-25,"Title 22, Subtitle 64",use and operation of the regional market at hartford,agriculture domestic animals,,"Industry, Commerce, and Development",10400003723,55,2344,48,3,0,2,2,25.0,8.24,17.582417582417584,31.706636155606407
Connecticut,2022-04-25,"Title 22, Subtitle 6e",procedures to apply for use of vacant public land for gardening or agricultural use establishment of fees for permits and requirements for the use of such lands,agriculture domestic animals,,"Industry, Commerce, and Development",10400003712,20,1325,20,0,0,0,0,27.0,7.51,14.583333333333334,35.35391923990499
Connecticut,2022-04-25,"Title 22, Subtitle 7",description of organization and rules of practice,agriculture domestic animals,,"Industry, Commerce, and Development",10400003713,103,5335,89,2,0,3,9,28.0,8.77,25.0,36.48120740019474
Connecticut,2022-04-25,"Title 22, Subtitle 79",organization and rules of practice,agriculture domestic animals,,"Industry, Commerce, and Development",10400003724,27,1929,26,0,0,0,1,25.0,7.97,20.0,37.41900647948164
Connecticut,2022-04-25,"Title 22, Subtitle 84",the connecticut agricultural experiment station,agriculture domestic animals,,"Industry, Commerce, and Development",10400003725,32,2855,26,0,0,2,4,39.0,8.31,27.77777777777778,40.16255068190196
Connecticut,2022-04-25,"Title 22, Subtitle 86",the connecticut agricultural experiment station,agriculture domestic animals,,"Industry, Commerce, and Development",10400003726,0,127,0,0,0,0,0,,6.71,0.0,51.483870967741936
Connecticut,2022-04-25,"Title 23, Subtitle 101",greenways small grants,parks forests and public shade trees,,"Environmental Protection, Public Utilities, and Natural Resources",10400003828,29,2708,27,1,0,1,0,,8.1,,36.5494333724111
Connecticut,2022-04-25,"Title 23, Subtitle 26",fees at recreational boating facilities,parks forests and public shade trees,,"Environmental Protection, Public Utilities, and Natural Resources",10400003823,27,1838,21,0,0,0,6,73.0,7.73,66.66666666666666,30.595757575757577
Connecticut,2022-04-25,"Title 23, Subtitle 37b",forest fire fighting equipment fund,parks forests and public shade trees,,"Environmental Protection, Public Utilities, and Natural Resources",10400003824,8,356,6,1,0,0,1,27.0,6.48,15.384615384615383,36.11834319526627
Connecticut,2022-04-25,"Title 23, Subtitle 4",state park rules,parks forests and public shade trees,,"Environmental Protection, Public Utilities, and Natural Resources",10400003821,231,11678,182,7,8,28,6,30.0,9.07,33.68983957219251,31.90018315018315
Connecticut,2022-04-25,"Title 23, Subtitle 5c",management of state natural area preserves,parks forests and public shade trees,,"Environmental Protection, Public Utilities, and Natural Resources",10400003822,44,1812,43,0,0,1,0,24.0,8.03,28.947368421052637,38.63733183856503
Connecticut,2022-04-25,"Title 23, Subtitle 61a",tree protection examining board,parks forests and public shade trees,,"Environmental Protection, Public Utilities, and Natural Resources",10400003825,29,1097,28,0,0,0,1,29.0,7.45,27.77777777777778,38.90243902439025
Connecticut,2022-04-25,"Title 23, Subtitle 65h",certification of forest practitioners,parks forests and public shade trees,,"Environmental Protection, Public Utilities, and Natural Resources",10400003826,56,1614,47,1,0,0,8,37.0,7.78,18.6046511627907,42.57418111753372
Connecticut,2022-04-25,"Title 23, Subtitle 65j",forest practices,parks forests and public shade trees,,"Environmental Protection, Public Utilities, and Natural Resources",10400003827,3,715,2,0,0,0,1,,6.85,,38.54758418740849
Connecticut,2022-04-25,"Title 25, Subtitle 128",description of organization rules of practice and regulations for the well drilling industry,water resources flood and erosion control,,"Environmental Protection, Public Utilities, and Natural Resources",10400003838,155,7048,148,0,1,0,6,31.0,9.05,21.818181818181817,31.2267896217568
Connecticut,2022-04-25,"Title 25, Subtitle 129",well casing extension,water resources flood and erosion control,,"Environmental Protection, Public Utilities, and Natural Resources",10400003839,4,194,4,0,0,0,0,30.0,5.35,0.0,43.92696629213483
Connecticut,2022-04-25,"Title 25, Subtitle 32",qualifications of operators of water treatment plants,water resources flood and erosion control,,"Environmental Protection, Public Utilities, and Natural Resources",10400003829,60,3845,45,6,0,0,9,30.0,7.69,22.131147540983605,38.10467706013363
Connecticut,2022-04-25,"Title 25, Subtitle 32d",source water protection measures,water resources flood and erosion control,,"Environmental Protection, Public Utilities, and Natural Resources",10400003830,171,10624,148,0,1,1,21,52.0,9.21,37.12871287128713,38.20042872454448
Connecticut,2022-04-25,"Title 25, Subtitle 32e",civil penalties for violation of certain drinking water laws,water resources flood and erosion control,,"Environmental Protection, Public Utilities, and Natural Resources",10400003831,12,2155,9,0,0,0,3,27.0,7.23,8.0,36.36767895878525
Connecticut,2022-04-25,"Title 25, Subtitle 33b",program of loans and grants to private and municipal water companies,water resources flood and erosion control,,"Environmental Protection, Public Utilities, and Natural Resources",10400003832,31,2582,22,4,0,0,5,37.0,7.97,18.84057971014493,37.89514170040486
Connecticut,2022-04-25,"Title 25, Subtitle 33h",connecticut plan for public water supply coordination,water resources flood and erosion control,,"Environmental Protection, Public Utilities, and Natural Resources",10400003833,82,4700,76,0,1,0,5,30.0,7.99,11.03896103896104,39.84487291849255
Connecticut,2022-04-25,"Title 25, Subtitle 37c",establishment of criteria and performance standards for classification water company lands and department of health services review of disposition and use of such lands,water resources flood and erosion control,,"Environmental Protection, Public Utilities, and Natural Resources",10400003834,1,1412,0,0,0,0,1,28.0,7.47,6.122448979591836,34.19583023082651
Connecticut,2022-04-25,"Title 25, Subtitle 37d",water company land permits,water resources flood and erosion control,,"Environmental Protection, Public Utilities, and Natural Resources",10400003835,69,3281,60,1,1,0,7,40.0,8.39,39.50617283950617,36.99185973700689
Connecticut,2022-04-25,"Title 25, Subtitle 54cc",terminals for the loading or discharge of petroleum or chemical liquids or products from vessels,water resources flood and erosion control,,"Environmental Protection, Public Utilities, and Natural Resources",10400003836,13,952,13,0,0,0,0,61.0,6.47,28.57142857142857,30.58321060382916
Connecticut,2022-04-25,"Title 25, Subtitle 68h",flood management regulations for state agencies,water resources flood and erosion control,,"Environmental Protection, Public Utilities, and Natural Resources",10400003837,107,3849,102,2,0,2,1,27.0,8.93,29.496402877697843,38.68657534246575
Connecticut,2022-04-25,"Title 26, Subtitle 102",fish spawning areas and refuges,fisheries and game,,"Environmental Protection, Public Utilities, and Natural Resources",10400003860,2,59,2,0,0,0,0,19.0,4.9,0.0,33.57142857142857
Connecticut,2022-04-25,"Title 26, Subtitle 108",inland waters and marine district defined,fisheries and game,,"Environmental Protection, Public Utilities, and Natural Resources",10400003861,3,1020,3,0,0,0,0,,5.67,0.0,34.60645812310797
Connecticut,2022-04-25,"Title 26, Subtitle 112",sport fishing in the inland district,fisheries and game,,"Environmental Protection, Public Utilities, and Natural Resources",10400003844,403,15756,321,1,2,77,2,25.0,8.83,17.100977198697066,31.64411706414745
Connecticut,2022-04-25,"Title 26, Subtitle 114",prohibited acts,fisheries and game,,"Environmental Protection, Public Utilities, and Natural Resources",10400003862,4,158,3,0,0,1,0,51.0,5.84,66.66666666666666,30.32450331125828
Connecticut,2022-04-25,"Title 26, Subtitle 131",private waters,fisheries and game,,"Environmental Protection, Public Utilities, and Natural Resources",10400003863,4,194,4,0,0,0,0,38.0,5.94,20.0,29.07853403141361
Connecticut,2022-04-25,"Title 26, Subtitle 132",privately stocked waters,fisheries and game,,"Environmental Protection, Public Utilities, and Natural Resources",10400003864,3,162,2,0,0,0,1,53.0,5.84,66.66666666666666,30.2948717948718
Connecticut,2022-04-25,"Title 26, Subtitle 141a",minimum stream flow standards,fisheries and game,,"Environmental Protection, Public Utilities, and Natural Resources",10400003865,48,2457,39,0,0,0,9,45.0,8.43,42.5925925925926,38.30971128608924
Connecticut,2022-04-25,"Title 26, Subtitle 141b",stream flow standards and regulations,fisheries and game,,"Environmental Protection, Public Utilities, and Natural Resources",10400003866,120,9739,89,0,0,0,31,89.0,8.83,68.51851851851852,37.42764368438143
Connecticut,2022-04-25,"Title 26, Subtitle 142a",commercial fishing in the inland and marine districts,fisheries and game,,"Environmental Protection, Public Utilities, and Natural Resources",10400003867,86,5365,80,0,0,4,2,40.0,8.87,41.53846153846154,30.61078804892721
Connecticut,2022-04-25,"Title 26, Subtitle 149",commercial hatcheries,fisheries and game,,"Environmental Protection, Public Utilities, and Natural Resources",10400003868,6,461,6,0,0,0,0,56.0,6.54,25.0,32.84563758389262
Connecticut,2022-04-25,"Title 26, Subtitle 157b",reports to the commissioner,fisheries and game,,"Environmental Protection, Public Utilities, and Natural Resources",10400003870,20,852,20,0,0,0,0,42.0,6.95,10.0,29.52318668252081
Connecticut,2022-04-25,"Title 26, Subtitle 157c",taking of lobsters,fisheries and game,,"Environmental Protection, Public Utilities, and Natural Resources",10400003869,71,5461,59,2,6,3,1,39.0,8.42,28.676470588235293,30.92824578790882
Connecticut,2022-04-25,"Title 26, Subtitle 159a",sport fishing in the marine district,fisheries and game,,"Environmental Protection, Public Utilities, and Natural Resources",10400003871,245,13457,220,3,1,15,6,52.0,8.8,41.732283464566926,34.74357341822523
Connecticut,2022-04-25,"Title 26, Subtitle 16",public use of state facilities and waters,fisheries and game,,"Environmental Protection, Public Utilities, and Natural Resources",10400003840,59,1186,41,5,0,13,0,22.0,7.71,41.50943396226416,31.040412725709373
Connecticut,2022-04-25,"Title 26, Subtitle 194",shellfish grounds leasing,fisheries and game,,"Environmental Protection, Public Utilities, and Natural Resources",10400003872,16,678,15,0,1,0,0,48.0,7.05,14.285714285714285,32.06666666666667
Connecticut,2022-04-25,"Title 26, Subtitle 27b",migratory bird conservation stamp,fisheries and game,,"Environmental Protection, Public Utilities, and Natural Resources",10400003841,6,103,5,0,0,0,1,25.0,5.23,0.0,37.09090909090909
Connecticut,2022-04-25,"Title 26, Subtitle 306",endangered and threatened species and species of special concern,fisheries and game,,"Environmental Protection, Public Utilities, and Natural Resources",10400003873,9,4422,8,0,0,0,1,95.0,10.23,4.545454545454546,50.69186448490436
Connecticut,2022-04-25,"Title 26, Subtitle 31",instructions in trapping hunting and archery,fisheries and game,,"Environmental Protection, Public Utilities, and Natural Resources",10400003842,2,48,2,0,0,0,0,22.0,4.52,50.0,37.48837209302326
Connecticut,2022-04-25,"Title 26, Subtitle 40d",sport fishing in the inland district,fisheries and game,,"Environmental Protection, Public Utilities, and Natural Resources",10400003843,6,318,4,0,0,0,2,52.0,6.09,0.0,38.18092105263158
Connecticut,2022-04-25,"Title 26, Subtitle 42",raw fur dealers,fisheries and game,,"Environmental Protection, Public Utilities, and Natural Resources",10400003845,0,78,0,0,0,0,0,38.0,5.19,0.0,25.21917808219178
Connecticut,2022-04-25,"Title 26, Subtitle 47",nuisance wildlife control operators,fisheries and game,,"Environmental Protection, Public Utilities, and Natural Resources",10400003846,8,372,8,0,0,0,0,28.0,7.18,7.6923076923076925,41.58516483516483
Connecticut,2022-04-25,"Title 26, Subtitle 48",private shooting preserves,fisheries and game,,"Environmental Protection, Public Utilities, and Natural Resources",10400003847,32,1029,31,0,0,0,1,30.0,7.41,15.151515151515152,32.54761904761905
Connecticut,2022-04-25,"Title 26, Subtitle 48a",hunting and trapping,fisheries and game,,"Environmental Protection, Public Utilities, and Natural Resources",10400003848,35,1054,30,0,0,0,5,33.0,7.46,25.806451612903224,31.726
Connecticut,2022-04-25,"Title 26, Subtitle 49",hunting dogs,fisheries and game,,"Environmental Protection, Public Utilities, and Natural Resources",10400003850,21,519,21,0,0,0,0,34.0,6.93,53.333333333333336,30.603174603174605
Connecticut,2022-04-25,"Title 26, Subtitle 51",dog training non shooting field dog trials,fisheries and game,,"Environmental Protection, Public Utilities, and Natural Resources",10400003851,9,227,8,1,0,0,0,22.0,6.15,30.0,26.620535714285715
Connecticut,2022-04-25,"Title 26, Subtitle 52",shooting field dog trials,fisheries and game,,"Environmental Protection, Public Utilities, and Natural Resources",10400003852,15,467,13,1,0,1,0,33.0,6.76,35.714285714285715,28.96086956521739
Connecticut,2022-04-25,"Title 26, Subtitle 54",wildlife pen specifications,fisheries and game,,"Environmental Protection, Public Utilities, and Natural Resources",10400003853,4,91,3,0,0,0,1,28.0,4.8,0.0,46.5375
Connecticut,2022-04-25,"Title 26, Subtitle 55",importation of fish birds and quadrupeds,fisheries and game,,"Environmental Protection, Public Utilities, and Natural Resources",10400003854,89,7050,68,4,0,7,10,68.0,9.56,,37.19795021961933
Connecticut,2022-04-25,"Title 26, Subtitle 57",hunting and transportation of wildlife,fisheries and game,,"Environmental Protection, Public Utilities, and Natural Resources",10400003855,2,105,2,0,0,0,0,51.0,5.63,0.0,36.57425742574257
Connecticut,2022-04-25,"Title 26, Subtitle 59",permits for tanning curing or mounting wild birds and wild quadrupeds,fisheries and game,,"Environmental Protection, Public Utilities, and Natural Resources",10400003856,14,425,10,1,0,0,3,52.0,6.85,25.0,34.48418491484185
Connecticut,2022-04-25,"Title 26, Subtitle 66",hunting and trapping,fisheries and game,,"Environmental Protection, Public Utilities, and Natural Resources",10400003849,237,8748,200,2,2,22,11,36.0,9.24,22.08333333333333,30.823606013969457
Connecticut,2022-04-25,"Title 26, Subtitle 67e",implementation of a falconry program,fisheries and game,,"Environmental Protection, Public Utilities, and Natural Resources",10400003857,99,6888,95,0,1,1,2,58.0,8.71,50.43478260869565,33.63560885608856
Connecticut,2022-04-25,"Title 26, Subtitle 78",possession and sale of game and furbearing animals,fisheries and game,,"Environmental Protection, Public Utilities, and Natural Resources",10400003858,3,165,2,0,0,0,1,81.0,5.47,,25.771604938271604
Connecticut,2022-04-25,"Title 26, Subtitle 86a",deer hunting,fisheries and game,,"Environmental Protection, Public Utilities, and Natural Resources",10400003859,88,4199,83,0,0,2,3,36.0,8.01,26.08695652173913,32.65033573737876
Connecticut,2022-04-25,"Title 27, Subtitle 100a",military relief fund,armed forces and veterans,,"Security, Justice, and Corrections",10400003877,34,1107,28,1,0,0,5,31.0,7.09,20.588235294117645,34.672147001934235
Connecticut,2022-04-25,"Title 27, Subtitle 102l",administration programs and patient rights and obligations,armed forces and veterans,,"Security, Justice, and Corrections",10400003878,510,27476,442,0,28,11,29,37.0,9.58,42.876344086021504,35.959492231906026
Connecticut,2022-04-25,"Title 27, Subtitle 140c",veterans bonus division,armed forces and veterans,,"Security, Justice, and Corrections",10400003879,21,1925,15,4,0,0,2,29.0,8.1,47.69230769230769,33.03627504060639
Connecticut,2022-04-25,"Title 27, Subtitle 20",organization and responsibilities,armed forces and veterans,,"Security, Justice, and Corrections",10400003874,2,705,1,0,0,0,1,28.0,7.28,8.0,43.24224519940916
Connecticut,2022-04-25,"Title 27, Subtitle 39",rental of armories,armed forces and veterans,,"Security, Justice, and Corrections",10400003875,32,2519,22,1,0,1,8,24.0,8.31,33.663366336633665,34.18757815756565
Connecticut,2022-04-25,"Title 27, Subtitle 61a",additional pay for active service on or after september 11 2001,armed forces and veterans,,"Security, Justice, and Corrections",10400003876,5,505,5,0,0,0,0,43.0,6.96,9.090909090909092,34.32236842105263
Connecticut,2022-04-25,"Title 28, Subtitle 24",enhanced 9 1 1 telecommunications fund regulations,civil preparedness and emergency services,,"Security, Justice, and Corrections",10400003881,98,4662,92,0,0,0,6,41.0,8.27,27.102803738317757,34.96845878136201
Connecticut,2022-04-25,"Title 28, Subtitle 27",establishment and operation of public safety answering points and private safety answering points,civil preparedness and emergency services,,"Security, Justice, and Corrections",10400003882,78,3121,74,0,0,0,4,34.0,7.79,11.76470588235294,41.607091690544415
Connecticut,2022-04-25,"Title 28, Subtitle 27a",final enhanced 9 1 1 service utilization plan,civil preparedness and emergency services,,"Security, Justice, and Corrections",10400003883,27,897,25,0,0,0,2,70.0,7.16,16.666666666666664,36.81226533166458
Connecticut,2022-04-25,"Title 28, Subtitle 30",emergency telecommunicator training and certification,civil preparedness and emergency services,,"Security, Justice, and Corrections",10400003884,40,2894,36,1,0,0,3,41.0,8.4,11.76470588235294,53.85992509363296
Connecticut,2022-04-25,"Title 28, Subtitle 5",public warning of official state civil defense operation or test operation and taking of cover,civil preparedness and emergency services,,"Security, Justice, and Corrections",10400003880,4,342,3,0,0,1,0,55.0,5.89,,36.50155763239876
Connecticut,2022-04-25,Title 29,boiler design construction installation repair use and operation,public safety and state police,,"Security, Justice, and Corrections",10400003902,0,104,0,0,0,0,0,12.0,5.4,0.0,43.734042553191486
Connecticut,2022-04-25,"Title 29, Subtitle 109",motion picture theaters,public safety and state police,,"Security, Justice, and Corrections",10400003890,23,1066,17,0,0,0,6,37.0,7.33,10.714285714285714,39.40060544904137
Connecticut,2022-04-25,"Title 29, Subtitle 136",safety regulations for amusement rides and devices,public safety and state police,,"Security, Justice, and Corrections",10400003891,122,4588,114,0,0,0,8,32.0,8.42,26.05633802816901,37.28276175334999
Connecticut,2022-04-25,"Title 29, Subtitle 140",outdoor amusements under tents and portable shelters,public safety and state police,,"Security, Justice, and Corrections",10400003892,20,1620,20,0,0,0,0,23.0,7.95,10.9375,39.32878679109835
Connecticut,2022-04-25,"Title 29, Subtitle 143j",boxing and mixed martial arts,public safety and state police,,"Security, Justice, and Corrections",10400003893,418,16397,384,1,0,7,26,35.0,9.13,33.480176211453745,34.754951283194295
Connecticut,2022-04-25,"Title 29, Subtitle 152o",bail enforcement agent,public safety and state police,,"Security, Justice, and Corrections",10400003895,21,1109,21,0,0,0,0,41.0,7.3,19.230769230769237,33.62657613967022
Connecticut,2022-04-25,"Title 29, Subtitle 161",private detective and private detective agency,public safety and state police,,"Security, Justice, and Corrections",10400003896,23,1352,21,0,0,0,2,57.0,7.76,56.52173913043478,38.52260111022998
Connecticut,2022-04-25,"Title 29, Subtitle 161x",security services and security officers,public safety and state police,,"Security, Justice, and Corrections",10400003897,35,1394,32,0,0,0,3,41.0,7.78,27.27272727272727,38.15437262357415
Connecticut,2022-04-25,"Title 29, Subtitle 161z",permit requirements for armed security personnel firearms safety courses,public safety and state police,,"Security, Justice, and Corrections",10400003898,20,730,19,0,0,0,1,41.0,7.17,47.05882352941176,38.765739385065885
Connecticut,2022-04-25,"Title 29, Subtitle 192",elevators and escalators,public safety and state police,,"Security, Justice, and Corrections",10400003899,18,908,16,0,0,0,2,22.0,7.25,8.571428571428571,43.18402282453638
Connecticut,2022-04-25,"Title 29, Subtitle 2",procedures for hearings,public safety and state police,,"Security, Justice, and Corrections",10400003885,28,2009,27,0,0,0,1,38.0,7.97,40.38461538461539,34.468041237113404
Connecticut,2022-04-25,"Title 29, Subtitle 203",passenger tramway safety,public safety and state police,,"Security, Justice, and Corrections",10400003900,1,179,1,0,0,0,0,31.0,5.89,0.0,48.35416666666666
Connecticut,2022-04-25,"Title 29, Subtitle 223",state examining board for crane operators,public safety and state police,,"Security, Justice, and Corrections",10400003901,272,7230,260,0,1,0,11,28.0,8.99,34.12698412698413,37.00488816471634
Connecticut,2022-04-25,"Title 29, Subtitle 232",boiler design construction installation repair use and operation,public safety and state police,,"Security, Justice, and Corrections",10400003903,483,16922,449,4,1,3,26,30.0,9.17,39.37728937728938,31.57236153040478
Connecticut,2022-04-25,"Title 29, Subtitle 23a",operation of a rotational system for summoning wreckers,public safety and state police,,"Security, Justice, and Corrections",10400003887,88,3662,76,0,1,0,11,39.0,8.13,56.17977528089888,34.58493310063991
Connecticut,2022-04-25,"Title 29, Subtitle 251",procedure of the codes and standards committee,public safety and state police,,"Security, Justice, and Corrections",10400003904,66,1971,64,0,0,0,2,31.0,7.56,12.903225806451612,35.11828540423223
Connecticut,2022-04-25,"Title 29, Subtitle 251c",assessment of education fee,public safety and state police,,"Security, Justice, and Corrections",10400003905,12,581,11,0,0,0,1,40.0,6.86,7.142857142857142,39.01254480286738
Connecticut,2022-04-25,"Title 29, Subtitle 252",connecticut state building code,public safety and state police,,"Security, Justice, and Corrections",10400003906,501,20614,424,0,1,3,73,22.0,9.84,16.7032967032967,35.04845791099789
Connecticut,2022-04-25,"Title 29, Subtitle 262",building official licensure,public safety and state police,,"Security, Justice, and Corrections",10400003907,26,2589,26,0,0,0,0,72.0,7.75,14.285714285714285,45.97209684037751
Connecticut,2022-04-25,"Title 29, Subtitle 276b",standards for testing of construction materials,public safety and state police,,"Security, Justice, and Corrections",10400003908,19,876,17,0,0,0,2,72.0,6.69,58.333333333333336,45.389021479713605
Connecticut,2022-04-25,"Title 29, Subtitle 291a",connecticut state fire prevention code,public safety and state police,,"Security, Justice, and Corrections",10400003909,316,16963,248,0,1,4,63,22.0,9.34,14.78770131771596,37.9788508988368
Connecticut,2022-04-25,"Title 29, Subtitle 292",connecticut state fire safety code,public safety and state police,,"Security, Justice, and Corrections",10400003910,1141,45990,936,0,0,8,197,20.0,9.38,20.285714285714285,34.79921239965669
Connecticut,2022-04-25,"Title 29, Subtitle 298",classes of certification and standards of qualification for local fire marshals deputy fire marshals fire inspectors and other local fire officials,public safety and state police,,"Security, Justice, and Corrections",10400003911,9,898,5,0,0,0,4,44.0,6.17,5.263157894736842,34.65151515151515
Connecticut,2022-04-25,"Title 29, Subtitle 313",portable fire extinguishers,public safety and state police,,"Security, Justice, and Corrections",10400003912,1,76,1,0,0,0,0,36.0,5.06,0.0,44.13235294117647
Connecticut,2022-04-25,"Title 29, Subtitle 315",sprinklers in hotels and motels,public safety and state police,,"Security, Justice, and Corrections",10400003913,1,80,1,0,0,0,0,78.0,5.26,0.0,34.32
Connecticut,2022-04-25,"Title 29, Subtitle 325",dry cleaning plants,public safety and state police,,"Security, Justice, and Corrections",10400003914,1,68,1,0,0,0,0,32.0,4.94,0.0,42.083333333333336
Connecticut,2022-04-25,"Title 29, Subtitle 32b",organization of the board rules of practice of or before the board and declaratory rulings of the board,public safety and state police,,"Security, Justice, and Corrections",10400003888,24,1101,23,1,0,0,0,28.0,7.42,21.052631578947366,32.503428011753186
Connecticut,2022-04-25,"Title 29, Subtitle 349",storage transportation and use of explosives and blasting agents,public safety and state police,,"Security, Justice, and Corrections",10400003915,619,19299,546,13,1,43,16,28.0,9.64,32.713178294573645,36.48070925262793
Connecticut,2022-04-25,"Title 29, Subtitle 357",sale use transportation and storage of fireworks and special effects,public safety and state police,,"Security, Justice, and Corrections",10400003916,259,8676,221,14,2,8,14,29.0,9.4,28.719723183391004,33.04355336212215
Connecticut,2022-04-25,"Title 29, Subtitle 359",pyrotechnics,public safety and state police,,"Security, Justice, and Corrections",10400003918,1,52,1,0,0,0,0,47.0,4.86,0.0,41.36363636363637
Connecticut,2022-04-25,"Title 29, Subtitle 367",connecticut model rocketry code,public safety and state police,,"Security, Justice, and Corrections",10400003917,1,234,1,0,0,0,0,29.0,6.09,0.0,47.37912087912088
Connecticut,2022-04-25,"Title 29, Subtitle 36m",weapons,public safety and state police,,"Security, Justice, and Corrections",10400003889,115,5964,109,0,0,1,5,37.0,8.37,22.29299363057325,33.276595744680854
Connecticut,2022-04-25,"Title 29, Subtitle 401",state demolition code,public safety and state police,,"Security, Justice, and Corrections",10400003919,33,1179,26,4,0,0,3,30.0,7.49,25.64102564102564,37.24717145343777
Connecticut,2022-04-25,"Title 29, Subtitle 43j",boxing and mixed martial arts,public safety and state police,,"Security, Justice, and Corrections",10400003894,1,62,1,0,0,0,0,59.0,4.97,0.0,36.517857142857146
Connecticut,2022-04-25,"Title 29, Subtitle 7h",firearms evidence databank,public safety and state police,,"Security, Justice, and Corrections",10400003886,39,1099,39,0,0,0,0,25.0,7.47,6.976744186046512,36.36837121212121
Connecticut,2022-04-25,"Title 2, Subtitle 88",organization operation and rules of procedure,general assembly and legislative agencies,,Administration,10400002943,22,569,21,0,0,0,1,35.0,6.55,12.5,35.6605504587156
Connecticut,2022-04-25,"Title 2, Subtitle 8d",payment by participants of the general assembly pension system who elect to purchase service under section 2 8d of the general statutes,general assembly and legislative agencies,,Administration,10400002941,3,193,3,0,0,0,0,94.0,5.88,,32.41621621621621
Connecticut,2022-04-25,"Title 2, Subtitle 8e",payment by participants of the general assembly pension system who elect to purchase service under section 2 8e of the general statutes,general assembly and legislative agencies,,Administration,10400002942,3,184,3,0,0,0,0,90.0,5.76,,33.429378531073446
Connecticut,2022-04-25,"Title 30, Subtitle 6",6,intoxicating liquors,,"Industry, Commerce, and Development",10400003920,516,19907,471,9,5,14,17,35.0,9.49,38.68092691622103,32.734110005670395
Connecticut,2022-04-25,"Title 30, Subtitle 6a",keg purchases,intoxicating liquors,,"Industry, Commerce, and Development",10400003921,19,811,14,1,0,1,3,61.0,7.83,46.15384615384615,38.57528957528957
Connecticut,2022-04-25,Title 31,employment of illegal aliens,labor,,Labor and Workforce Development,10400003933,12,839,4,5,0,0,3,17.0,8.14,2.083333333333333,35.45685279187817
Connecticut,2022-04-25,"Title 31, Subtitle 1",establishment of rules of procedure for hearings in contested cases to be conducted by the labor commissioner,labor,,Labor and Workforce Development,10400003922,70,5025,55,6,0,0,9,36.0,8.26,31.11111111111111,34.65693430656934
Connecticut,2022-04-25,"Title 31, Subtitle 101",connecticut state labor relations act,labor,,Labor and Workforce Development,10400003944,195,8623,188,1,0,1,5,38.0,8.54,39.01345291479821,32.008618596746786
Connecticut,2022-04-25,"Title 31, Subtitle 11a",dislocation allowance and reemployment assistance program,labor,,Labor and Workforce Development,10400003925,39,2256,33,4,0,1,1,24.0,7.89,17.582417582417584,43.41634799235182
Connecticut,2022-04-25,"Title 31, Subtitle 222",unemployment compensation,labor,,Labor and Workforce Development,10400003945,91,5040,83,0,0,0,8,37.0,8.65,35.82089552238806,35.476414131100675
Connecticut,2022-04-25,"Title 31, Subtitle 225",foreign contractors required to file bond with the administrator unemployment compensation prior to construction activity in this state,labor,,Labor and Workforce Development,10400003946,2,103,2,0,0,0,0,50.0,5.5,0.0,38.23711340206186
Connecticut,2022-04-25,"Title 31, Subtitle 227",voluntary withholding of income tax,labor,,Labor and Workforce Development,10400003947,17,837,14,0,0,0,3,28.0,7.0,3.333333333333333,40.21788413098237
Connecticut,2022-04-25,"Title 31, Subtitle 23",employment of minors,labor,,Labor and Workforce Development,10400003926,6,828,3,0,0,3,0,75.0,7.99,54.54545454545454,44.427696078431374
Connecticut,2022-04-25,"Title 31, Subtitle 230",alternate base period,labor,,Labor and Workforce Development,10400003948,14,974,14,0,0,0,0,56.0,6.9,41.17647058823529,39.92803437164339
Connecticut,2022-04-25,"Title 31, Subtitle 231a",compensation weekly benefit rate for construction workers,labor,,Labor and Workforce Development,10400003949,6,686,5,1,0,0,0,39.0,7.1,41.17647058823529,44.52099533437014
Connecticut,2022-04-25,"Title 31, Subtitle 235",eligibility for unemployment compensation,labor,,Labor and Workforce Development,10400003950,51,4694,42,5,0,0,4,51.0,8.27,53.93258426966292,39.06654553713377
Connecticut,2022-04-25,"Title 31, Subtitle 236",eligibility for unemployment compensation,labor,,Labor and Workforce Development,10400003951,145,11432,109,23,1,0,12,54.0,8.82,60.97560975609756,36.82353477349376
Connecticut,2022-04-25,"Title 31, Subtitle 236b",guidelines for approval by the labor commissioner of job training programs job retraining programs and claimants under sec 31 236b cgs,labor,,Labor and Workforce Development,10400003952,4,241,3,0,0,0,1,59.0,6.38,25.0,39.4078947368421
Connecticut,2022-04-25,"Title 31, Subtitle 237g",proceedings on disputed matters pertaining to unemployment compensation claims,labor,,Labor and Workforce Development,10400003953,501,34983,466,17,3,0,15,47.0,8.86,57.63411279229711,33.304938454693755
Connecticut,2022-04-25,"Title 31, Subtitle 244",appeals and hearing procedures,labor,,Labor and Workforce Development,10400003954,36,2075,34,0,2,0,0,39.0,7.74,37.25490196078432,40.06377678126557
Connecticut,2022-04-25,"Title 31, Subtitle 250",personal data,labor,,Labor and Workforce Development,10400003955,71,15107,57,4,0,3,7,41.0,8.9,11.666666666666666,40.7616741611899
Connecticut,2022-04-25,"Title 31, Subtitle 255",interstate reciprocal agreement relating to transfer of contributions between the states of new york and connecticut,labor,,Labor and Workforce Development,10400003956,12,609,9,0,0,0,3,37.0,6.38,31.25,33.37264957264957
Connecticut,2022-04-25,"Title 31, Subtitle 272",registration and rules of conduct for authorized agents providing representation for a fee,labor,,Labor and Workforce Development,10400003957,85,4510,75,6,1,1,2,32.0,8.27,25.179856115107917,34.34178082191781
Connecticut,2022-04-25,"Title 31, Subtitle 273",collection of overpayments of unemployment compensation benefits,labor,,Labor and Workforce Development,10400003958,109,8540,106,0,2,0,1,71.0,8.12,74.35897435897436,38.541671873047605
Connecticut,2022-04-25,"Title 31, Subtitle 275",preliminary acts in preparation for work and employee s place of abode,labor,,Labor and Workforce Development,10400003959,6,461,0,1,0,0,5,65.0,6.99,,33.60180995475113
Connecticut,2022-04-25,"Title 31, Subtitle 279",assignment and postponement of hearings and the authority of claims personnel,labor,,Labor and Workforce Development,10400003960,90,4398,78,2,0,0,10,47.0,8.57,26.881720430107524,37.81349206349206
Connecticut,2022-04-25,"Title 31, Subtitle 280",approved physicians and other practitioners,labor,,Labor and Workforce Development,10400003961,40,1813,37,1,1,0,1,34.0,8.16,21.153846153846157,43.28887594641817
Connecticut,2022-04-25,"Title 31, Subtitle 283a",structure and operation of workers rehabilitation programs,labor,,Labor and Workforce Development,10400003962,27,1926,23,0,0,0,4,28.0,8.11,19.402985074626866,41.62150301700494
Connecticut,2022-04-25,"Title 31, Subtitle 284",self insurance certification,labor,,Labor and Workforce Development,10400003963,71,2974,60,0,1,0,10,25.0,8.39,23.893805309734518,37.57142857142857
Connecticut,2022-04-25,"Title 31, Subtitle 296",filing of voluntary agreements,labor,,Labor and Workforce Development,10400003964,10,369,10,0,0,0,0,33.0,6.68,27.27272727272727,35.861111111111114
Connecticut,2022-04-25,"Title 31, Subtitle 301",appeal from compensation commissioner,labor,,Labor and Workforce Development,10400003965,18,1108,16,2,0,0,0,47.0,7.18,65.21739130434783,32.07342007434944
Connecticut,2022-04-25,"Title 31, Subtitle 313",rehabilitation of employees who have suffered compensable injuries,labor,,Labor and Workforce Development,10400003966,7,518,7,0,0,0,0,34.0,6.88,33.33333333333333,36.52941176470589
Connecticut,2022-04-25,"Title 31, Subtitle 316",filing of accident reports,labor,,Labor and Workforce Development,10400003967,1,71,1,0,0,0,0,23.0,5.19,0.0,36.76923076923077
Connecticut,2022-04-25,"Title 31, Subtitle 349g",second injury fund assessment on employers,labor,,Labor and Workforce Development,10400003968,36,1908,35,0,0,0,1,35.0,7.65,11.538461538461538,36.54494064443188
Connecticut,2022-04-25,"Title 31, Subtitle 354",second injury fund,labor,,Labor and Workforce Development,10400003969,64,4151,57,0,0,0,7,32.0,8.55,25.78125,33.886743886743886
Connecticut,2022-04-25,"Title 31, Subtitle 371",occupational safety and health,labor,,Labor and Workforce Development,10400003970,125,6039,121,0,1,0,3,37.0,8.38,47.53086419753087,37.39415184678523
Connecticut,2022-04-25,"Title 31, Subtitle 372",occupational safety and health,labor,,Labor and Workforce Development,10400003971,104,19872,93,1,2,0,8,39.0,9.24,11.24401913875598,44.45923128193735
Connecticut,2022-04-25,"Title 31, Subtitle 374",occupational safety and health,labor,,Labor and Workforce Development,10400003972,11,563,7,0,0,0,4,41.0,6.67,15.384615384615383,42.16470588235294
Connecticut,2022-04-25,"Title 31, Subtitle 376",rules of procedure,labor,,Labor and Workforce Development,10400003943,195,8079,178,5,3,1,8,31.0,8.69,35.177865612648226,33.689864428663654
Connecticut,2022-04-25,"Title 31, Subtitle 379",discrimination against employees exercising rights under the connecticut occupational safety and health act of 1973,labor,,Labor and Workforce Development,10400003973,24,2988,11,7,0,4,2,31.0,8.32,30.107526881720432,40.23303730017762
Connecticut,2022-04-25,"Title 31, Subtitle 38a",sanitary lighting and heating facilities for employees of railroad companies as defined in section 16 1 of the general statutes,labor,,Labor and Workforce Development,10400003927,101,3082,94,1,0,4,2,24.0,8.22,24.8,31.449430676490287
Connecticut,2022-04-25,"Title 31, Subtitle 390",emergency municipal public works employment program,labor,,Labor and Workforce Development,10400003974,1,261,1,0,0,0,0,41.0,6.45,16.666666666666664,41.64159292035398
Connecticut,2022-04-25,"Title 31, Subtitle 3g",provision of assistance within existing resources to and access to programs specific to the job training and placement needs of displaced homemakers,labor,,Labor and Workforce Development,10400003923,15,679,15,0,0,0,0,35.0,6.99,15.789473684210526,44.407523510971785
Connecticut,2022-04-25,"Title 31, Subtitle 3s",subsidized transitional employment program,labor,,Labor and Workforce Development,10400003924,13,2042,11,0,0,0,2,34.0,8.01,22.033898305084744,39.02972834443875
Connecticut,2022-04-25,"Title 31, Subtitle 401",approval of a medical facility other than a general hospital as an auxiliary occupational health clinic,labor,,Labor and Workforce Development,10400003975,6,480,6,0,0,0,0,46.0,6.7,0.0,49.48275862068966
Connecticut,2022-04-25,"Title 31, Subtitle 40v",establishment and administration of safety and health committees at work sites,labor,,Labor and Workforce Development,10400003928,17,992,15,0,1,0,1,33.0,7.24,25.0,37.6443468715697
Connecticut,2022-04-25,"Title 31, Subtitle 49p",49p,labor,,Labor and Workforce Development,10400003929,56,3930,56,0,0,0,0,44.0,8.01,44.31818181818182,34.97272245762712
Connecticut,2022-04-25,"Title 31, Subtitle 51d",commissioner of labor s work training standards for apprenticeship and training programs,labor,,Labor and Workforce Development,10400003930,57,3847,43,3,1,0,10,44.0,8.59,43.67816091954023,41.88962765957447
Connecticut,2022-04-25,"Title 31, Subtitle 51ddd",individual development accounts program,labor,,Labor and Workforce Development,10400003931,64,3356,60,0,0,0,4,50.0,7.82,39.0625,41.13232514177694
Connecticut,2022-04-25,"Title 31, Subtitle 51k",employment of illegal aliens,labor,,Labor and Workforce Development,10400003932,4,227,4,0,0,0,0,37.0,6.45,0.0,39.036199095022624
Connecticut,2022-04-25,"Title 31, Subtitle 51qq",the family and medical leave act,labor,,Labor and Workforce Development,10400003934,271,21734,155,11,33,7,65,34.0,8.88,49.21383647798742,33.338004003431514
Connecticut,2022-04-25,"Title 31, Subtitle 51rr",family and medical leave for school paraprofessionals,labor,,Labor and Workforce Development,10400003935,339,37268,101,90,45,4,99,38.0,9.03,52.81249999999999,33.60410321723241
Connecticut,2022-04-25,"Title 31, Subtitle 51x",designation by the labor commissioner of occupations as high risk or safety sensitive occupations subject to random urinalysis drug testing,labor,,Labor and Workforce Development,10400003936,16,751,16,0,0,0,0,31.0,7.07,13.043478260869565,42.83076923076923
Connecticut,2022-04-25,"Title 31, Subtitle 53a",identification of parties subject to debarment from the award of contracts by the state or any of its political subdivisions,labor,,Labor and Workforce Development,10400003937,4,520,4,0,0,0,0,56.0,7.17,0.0,35.14049586776859
Connecticut,2022-04-25,"Title 31, Subtitle 53b",construction safety,labor,,Labor and Workforce Development,10400003938,13,1201,9,0,0,0,4,,7.08,70.0,41.18051831992851
Connecticut,2022-04-25,"Title 31, Subtitle 60",minimum wages,labor,,Labor and Workforce Development,10400003939,123,7265,93,0,2,1,27,66.0,8.58,54.629629629629626,31.76334239519245
Connecticut,2022-04-25,"Title 31, Subtitle 62",minimum wages,labor,,Labor and Workforce Development,10400003940,71,4241,55,1,2,0,13,48.0,8.66,41.37931034482759,33.01136925358379
Connecticut,2022-04-25,"Title 31, Subtitle 71h",civil penalties for wage violations,labor,,Labor and Workforce Development,10400003941,18,858,18,0,0,0,0,42.0,6.9,50.0,32.981155778894475
Connecticut,2022-04-25,"Title 31, Subtitle 91",rules of procedure,labor,,Labor and Workforce Development,10400003942,133,5128,120,4,1,0,8,28.0,8.38,40.11299435028249,31.589858012170385
Connecticut,2022-04-25,"Title 32, Subtitle 13",insuring of industrial mortgages,commerce and economic and community development,,"Industry, Commerce, and Development",10400003985,168,6695,161,0,2,0,5,44.0,8.3,44.29530201342282,34.1063107545132
Connecticut,2022-04-25,"Title 32, Subtitle 141",issuance of private activity bonds,commerce and economic and community development,,"Industry, Commerce, and Development",10400003994,12,770,10,2,0,0,0,44.0,6.62,29.411764705882355,33.21497919556172
Connecticut,2022-04-25,"Title 32, Subtitle 167",organization of department of commerce,commerce and economic and community development,,"Industry, Commerce, and Development",10400003995,1,546,0,0,0,0,1,23.0,7.2,0.0,47.34160305343512
Connecticut,2022-04-25,"Title 32, Subtitle 176",small business innovation research assistance grants,commerce and economic and community development,,"Industry, Commerce, and Development",10400003996,8,802,6,2,0,0,0,27.0,7.23,0.0,39.47549668874172
Connecticut,2022-04-25,"Title 32, Subtitle 1c",personal data,commerce and economic and community development,,"Industry, Commerce, and Development",10400003976,24,1870,23,0,0,0,1,22.0,7.69,18.823529411764707,38.8707182320442
Connecticut,2022-04-25,"Title 32, Subtitle 23o",small contractor loan program,commerce and economic and community development,,"Industry, Commerce, and Development",10400003986,40,1352,34,2,1,0,3,48.0,7.56,39.285714285714285,33.40275650842266
Connecticut,2022-04-25,"Title 32, Subtitle 23z",business environmental clean up revolving loan fund program,commerce and economic and community development,,"Industry, Commerce, and Development",10400003987,36,1978,33,0,0,0,3,58.0,8.15,52.94117647058824,36.54297693920336
Connecticut,2022-04-25,"Title 32, Subtitle 290",entrepreneur program,commerce and economic and community development,,"Industry, Commerce, and Development",10400003997,5,690,5,0,0,0,0,42.0,7.66,25.0,44.72585669781932
Connecticut,2022-04-25,"Title 32, Subtitle 36",implementation of the connecticut product development corporation act,commerce and economic and community development,,"Industry, Commerce, and Development",10400003988,33,1107,33,0,0,0,0,39.0,6.86,10.714285714285714,37.96654275092937
Connecticut,2022-04-25,"Title 32, Subtitle 5a",standards for repayment of loans or grants made to business organizations that relocate out of state,commerce and economic and community development,,"Industry, Commerce, and Development",10400003977,12,898,9,0,0,0,3,52.0,7.32,47.05882352941176,36.994172494172496
Connecticut,2022-04-25,"Title 32, Subtitle 6a",proposed regulations for the implementation of the restoration of historic assets in connecticut fund,commerce and economic and community development,,"Industry, Commerce, and Development",10400003978,20,965,17,1,0,0,2,26.0,7.53,22.22222222222222,37.3083511777302
Connecticut,2022-04-25,"Title 32, Subtitle 70",enterprise zone designation,commerce and economic and community development,,"Industry, Commerce, and Development",10400003989,2,234,2,0,0,0,0,58.0,6.12,25.0,39.297777777777775
Connecticut,2022-04-25,"Title 32, Subtitle 75",enterprise zone program non eligible businesses,commerce and economic and community development,,"Industry, Commerce, and Development",10400003990,3,257,3,0,0,0,0,83.0,6.24,0.0,42.64853556485355
Connecticut,2022-04-25,"Title 32, Subtitle 75a",railroad depot zone designation,commerce and economic and community development,,"Industry, Commerce, and Development",10400003991,14,1041,13,0,0,0,1,78.0,7.75,38.46153846153847,41.11946446961895
Connecticut,2022-04-25,"Title 32, Subtitle 75c",qualified manufacturing plant designation,commerce and economic and community development,,"Industry, Commerce, and Development",10400003992,13,927,12,0,0,0,1,75.0,7.51,33.33333333333333,43.71212121212121
Connecticut,2022-04-25,"Title 32, Subtitle 76",entertainment district designation,commerce and economic and community development,,"Industry, Commerce, and Development",10400003993,15,1353,13,1,0,0,1,51.0,8.32,26.923076923076923,47.939178515007896
Connecticut,2022-04-25,"Title 32, Subtitle 9f",small contractors set aside program,commerce and economic and community development,,"Industry, Commerce, and Development",10400003979,77,2120,62,8,1,0,6,34.0,7.89,22.950819672131143,34.42425718460789
Connecticut,2022-04-25,"Title 32, Subtitle 9l",job incentive grant program,commerce and economic and community development,,"Industry, Commerce, and Development",10400003980,47,2877,41,6,0,0,0,43.0,7.95,20.0,38.40910733646549
Connecticut,2022-04-25,"Title 32, Subtitle 9p",financial assistance and tax incentives to encourage industrial and business growth in areas of high unemployment,commerce and economic and community development,,"Industry, Commerce, and Development",10400003981,31,6372,13,12,4,0,2,40.0,8.99,35.6687898089172,40.89849377865095
Connecticut,2022-04-25,"Title 32, Subtitle 9q",implementation of employment incentive loan program and economic development loan program under section 32 9q of the general statutes,commerce and economic and community development,,"Industry, Commerce, and Development",10400003982,32,1373,29,0,0,0,3,37.0,7.56,27.77777777777778,37.86999244142101
Connecticut,2022-04-25,"Title 32, Subtitle 9qq",business outreach center challenge grant program,commerce and economic and community development,,"Industry, Commerce, and Development",10400003983,13,1618,11,1,0,0,1,58.0,7.71,22.22222222222222,38.78535031847134
Connecticut,2022-04-25,"Title 32, Subtitle 9s",penalties and the waiver of penalties for failure to comply with certain state reporting requirements,commerce and economic and community development,,"Industry, Commerce, and Development",10400003984,16,632,9,3,0,0,4,56.0,7.21,27.27272727272727,33.72454090150251
Connecticut,2022-04-25,"Title 36a, Subtitle 1",administrative procedures,the banking law of connecticut,,"Banking, Insurance, and Securities",10400003998,209,14118,190,0,0,2,17,38.0,8.98,31.868131868131865,37.85925321060055
Connecticut,2022-04-25,"Title 36a, Subtitle 126",conversion of mutual connecticut banks to capital stock connecticut banks,the banking law of connecticut,,"Banking, Insurance, and Securities",10400004003,0,198,0,0,0,0,0,48.0,5.68,,38.348958333333336
Connecticut,2022-04-25,"Title 36a, Subtitle 136",conversion of mutual connecticut banks to capital stock connecticut banks,the banking law of connecticut,,"Banking, Insurance, and Securities",10400004002,218,13019,199,4,0,2,13,51.0,8.59,45.564516129032256,39.32998867130603
Connecticut,2022-04-25,"Title 36a, Subtitle 145",community reinvestment act compliance consumer protection law compliance and community reinvestment plan requirements for certain transaction applications,the banking law of connecticut,,"Banking, Insurance, and Securities",10400004000,5,341,4,0,0,0,1,,6.24,,39.4240506329114
Connecticut,2022-04-25,"Title 36a, Subtitle 34",community reinvestment act compliance consumer protection law compliance and community reinvestment plan requirements for certain transaction applications,the banking law of connecticut,,"Banking, Insurance, and Securities",10400003999,37,2629,27,0,0,0,10,80.0,7.56,,38.92662721893491
Connecticut,2022-04-25,"Title 36a, Subtitle 40",retention of records by connecticut banks and connecticut credit unions,the banking law of connecticut,,"Banking, Insurance, and Securities",10400004001,25,3809,8,0,0,0,17,,7.96,,39.52375189107413
Connecticut,2022-04-25,"Title 36a, Subtitle 428",foreign banks,the banking law of connecticut,,"Banking, Insurance, and Securities",10400004004,3,127,3,0,0,0,0,40.0,4.84,0.0,31.135593220338983
Connecticut,2022-04-25,"Title 36a, Subtitle 428c",foreign banks,the banking law of connecticut,,"Banking, Insurance, and Securities",10400004005,87,4432,73,0,0,0,14,57.0,7.97,39.47368421052632,35.314352392065345
Connecticut,2022-04-25,"Title 36a, Subtitle 428g",foreign banks,the banking law of connecticut,,"Banking, Insurance, and Securities",10400004006,3,113,3,0,0,0,0,36.0,4.95,0.0,39.53846153846154
Connecticut,2022-04-25,"Title 36a, Subtitle 428n",foreign banks,the banking law of connecticut,,"Banking, Insurance, and Securities",10400004007,10,721,10,0,0,0,0,72.0,6.94,,31.0028129395218
Connecticut,2022-04-25,"Title 36a, Subtitle 456",payment of interest refunds by connecticut credit unions,the banking law of connecticut,,"Banking, Insurance, and Securities",10400004008,7,501,6,0,0,0,1,48.0,6.54,30.0,35.75330396475771
Connecticut,2022-04-25,"Title 36a, Subtitle 570",small loan licensees,the banking law of connecticut,,"Banking, Insurance, and Securities",10400004009,110,4416,97,2,1,1,9,31.0,8.41,47.10144927536232,33.09413145539906
Connecticut,2022-04-25,"Title 36a, Subtitle 585",maximum check cashing fees,the banking law of connecticut,,"Banking, Insurance, and Securities",10400004010,3,123,3,0,0,0,0,60.0,5.23,0.0,26.403508771929825
Connecticut,2022-04-25,"Title 36a, Subtitle 588",licensing of check cashing services,the banking law of connecticut,,"Banking, Insurance, and Securities",10400004011,9,620,7,0,0,0,2,55.0,7.09,9.090909090909092,32.16247906197655
Connecticut,2022-04-25,"Title 36a, Subtitle 647",collection practices of creditors,the banking law of connecticut,,"Banking, Insurance, and Securities",10400004012,17,2667,15,1,0,1,0,67.0,7.86,,36.42194258749508
Connecticut,2022-04-25,"Title 36a, Subtitle 744",home mortgage disclosure act,the banking law of connecticut,,"Banking, Insurance, and Securities",10400004013,36,2437,29,0,0,2,5,42.0,8.03,30.909090909090907,38.415069103878736
Connecticut,2022-04-25,"Title 36a, Subtitle 809",consumer collection agencies,the banking law of connecticut,,"Banking, Insurance, and Securities",10400004014,41,3544,40,0,0,1,0,46.0,7.92,50.0,35.403715718077265
Connecticut,2022-04-25,"Title 36b, Subtitle 31",connecticut uniform securities act,connecticut securities law and business opportunity investment act,,"Banking, Insurance, and Securities",10400004015,387,24964,308,1,0,3,75,63.0,9.14,52.48041775456919,36.68554288631722
Connecticut,2022-04-25,Title 38a,organization and rules of practice,insurance department,,"Banking, Insurance, and Securities",10400004017,32,10917,17,1,1,0,13,30.0,9.52,30.116959064327485,34.43452991452992
Connecticut,2022-04-25,"Title 38a, Subtitle 10",arbitration procedure for automobile physical damage and property damage claims,insurance department,,"Banking, Insurance, and Securities",10400004018,23,1121,20,2,0,0,1,37.0,7.57,16.666666666666664,34.66049953746531
Connecticut,2022-04-25,"Title 38a, Subtitle 124",insider trading of domestic stock insurance company equity securities,insurance department,,"Banking, Insurance, and Securities",10400004026,146,9498,122,0,0,0,24,48.0,8.58,42.487046632124354,33.465188127551585
Connecticut,2022-04-25,"Title 38a, Subtitle 138",insurance holding company act,insurance department,,"Banking, Insurance, and Securities",10400004027,154,12468,97,4,0,0,53,41.0,9.21,37.66666666666666,38.14106004696411
Connecticut,2022-04-25,"Title 38a, Subtitle 147",proxies consents and authorizations of domestic stock insurers,insurance department,,"Banking, Insurance, and Securities",10400004028,54,3222,46,0,0,0,8,63.0,7.72,52.0,33.873316228351506
Connecticut,2022-04-25,"Title 38a, Subtitle 192",high deductible health plans for health care centers,insurance department,,"Banking, Insurance, and Securities",10400004029,6,471,4,1,0,0,1,50.0,6.84,22.22222222222222,35.725352112676056
Connecticut,2022-04-25,"Title 38a, Subtitle 193",risk based capital requirements for health care centers,insurance department,,"Banking, Insurance, and Securities",10400004030,53,5332,43,0,0,1,9,92.0,7.3,,34.91975806451613
Connecticut,2022-04-25,"Title 38a, Subtitle 199",standards for approval of clinics,insurance department,,"Banking, Insurance, and Securities",10400004031,33,1529,31,0,0,0,2,31.0,8.05,10.416666666666668,38.979944674965424
Connecticut,2022-04-25,"Title 38a, Subtitle 214",reserve requirements for medical service corporations,insurance department,,"Banking, Insurance, and Securities",10400004032,11,922,9,0,0,0,2,33.0,7.52,18.51851851851852,39.28128587830081
Connecticut,2022-04-25,"Title 38a, Subtitle 272",reporting requirements for licensees seeking to do business with certain unauthorized multiple employer welfare arrangements,insurance department,,"Banking, Insurance, and Securities",10400004033,22,1943,5,0,0,5,12,47.0,7.77,35.0,38.23123620309051
Connecticut,2022-04-25,"Title 38a, Subtitle 288",insurance on motor vehicles sold under installment contracts or pledged for a loan,insurance department,,"Banking, Insurance, and Securities",10400004034,34,1210,32,0,0,2,0,38.0,7.33,48.38709677419355,34.66215071972904
Connecticut,2022-04-25,"Title 38a, Subtitle 297",height and style of type to be used in insurance policies,insurance department,,"Banking, Insurance, and Securities",10400004035,10,493,6,2,0,0,2,23.0,7.16,15.0,37.06681514476615
Connecticut,2022-04-25,"Title 38a, Subtitle 327",claims made liability insurance policies,insurance department,,"Banking, Insurance, and Securities",10400004036,23,1732,18,3,1,0,1,51.0,7.51,69.6969696969697,34.1570648878108
Connecticut,2022-04-25,"Title 38a, Subtitle 328",connecticut fair plan,insurance department,,"Banking, Insurance, and Securities",10400004037,78,3251,70,2,0,0,6,9.0,8.53,6.104651162790697,35.84188447886415
Connecticut,2022-04-25,"Title 38a, Subtitle 334",minimum provisions for automobile liability insurance policies covering motor vehicles,insurance department,,"Banking, Insurance, and Securities",10400004038,47,3280,39,2,2,0,4,54.0,8.13,33.89830508474576,32.48480972177806
Connecticut,2022-04-25,"Title 38a, Subtitle 347",connecticut motor vehicle insurance safe driver classification plan,insurance department,,"Banking, Insurance, and Securities",10400004039,6,207,5,0,0,0,1,33.0,5.99,0.0,38.37433155080214
Connecticut,2022-04-25,"Title 38a, Subtitle 357",reports to the national insurance crime bureau,insurance department,,"Banking, Insurance, and Securities",10400004040,22,1270,21,0,0,0,1,41.0,7.62,26.666666666666668,33.93481848184818
Connecticut,2022-04-25,"Title 38a, Subtitle 372",connecticut motor vehicle insurance,insurance department,,"Banking, Insurance, and Securities",10400004041,6,154,3,0,0,0,3,35.0,5.93,0.0,46.88805970149254
Connecticut,2022-04-25,"Title 38a, Subtitle 41",requirements for insurance companies applying for a license to do business in the state of connecticut,insurance department,,"Banking, Insurance, and Securities",10400004019,16,915,13,2,1,0,0,32.0,7.74,17.857142857142858,40.822784810126585
Connecticut,2022-04-25,"Title 38a, Subtitle 424a",title insurance coverage real property subject to indian land claims,insurance department,,"Banking, Insurance, and Securities",10400004042,12,1276,11,0,0,0,1,42.0,7.1,48.27586206896552,30.660392798690676
Connecticut,2022-04-25,"Title 38a, Subtitle 430",approval of form of life insurance and annuity policies and contracts,insurance department,,"Banking, Insurance, and Securities",10400004043,34,1410,31,0,0,0,3,21.0,7.99,19.696969696969692,35.8121301775148
Connecticut,2022-04-25,"Title 38a, Subtitle 432a",suitability in annuity transactions,insurance department,,"Banking, Insurance, and Securities",10400004044,67,5300,52,0,2,1,12,63.0,8.59,40.2439024390244,41.13270990847592
Connecticut,2022-04-25,"Title 38a, Subtitle 432b",use of senior specific certifications and professional designations in the sale of life insurance and annuities,insurance department,,"Banking, Insurance, and Securities",10400004045,7,705,3,0,0,3,1,86.0,7.3,50.0,44.42182890855457
Connecticut,2022-04-25,"Title 38a, Subtitle 433",variable life insurance,insurance department,,"Banking, Insurance, and Securities",10400004046,299,16374,226,33,2,0,38,46.0,8.82,44.2528735632184,35.862898149313864
Connecticut,2022-04-25,"Title 38a, Subtitle 435",requirements for the replacement of life insurance and annuities,insurance department,,"Banking, Insurance, and Securities",10400004047,45,4029,36,0,0,0,9,65.0,8.14,73.33333333333333,36.004233924318605
Connecticut,2022-04-25,"Title 38a, Subtitle 439",mortality tables minimum nonforfeiture benefits,insurance department,,"Banking, Insurance, and Securities",10400004048,9,2704,8,0,0,0,1,47.0,7.38,21.818181818181817,34.50816993464052
Connecticut,2022-04-25,"Title 38a, Subtitle 457",accelerated benefits of life insurance,insurance department,,"Banking, Insurance, and Securities",10400004049,40,1964,36,0,3,0,1,34.0,7.77,31.57894736842105,36.58191489361702
Connecticut,2022-04-25,"Title 38a, Subtitle 458",life insurance providing long term care benefits,insurance department,,"Banking, Insurance, and Securities",10400004050,30,1438,27,0,2,0,1,30.0,7.23,35.55555555555556,34.62326261887345
Connecticut,2022-04-25,"Title 38a, Subtitle 459",synthetic guaranteed investment contracts,insurance department,,"Banking, Insurance, and Securities",10400004051,185,15532,161,0,6,0,18,68.0,8.57,66.21621621621621,38.18030150753769
Connecticut,2022-04-25,"Title 38a, Subtitle 465",viatical settlements,insurance department,,"Banking, Insurance, and Securities",10400004052,23,1382,20,0,0,1,2,56.0,7.77,54.16666666666666,34.33358490566038
Connecticut,2022-04-25,"Title 38a, Subtitle 472f",network adequacy,insurance department,,"Banking, Insurance, and Securities",10400004053,20,2245,13,0,0,0,7,55.0,7.9,42.5,40.47419804741981
Connecticut,2022-04-25,"Title 38a, Subtitle 474",submission and review of rates for medicare supplement insurance,insurance department,,"Banking, Insurance, and Securities",10400004054,31,1475,27,0,0,0,4,29.0,7.97,30.0,37.45669291338583
Connecticut,2022-04-25,"Title 38a, Subtitle 475",connecticut partnership for long term care,insurance department,,"Banking, Insurance, and Securities",10400004055,128,7264,110,0,0,0,18,36.0,8.8,29.381443298969074,36.28006239364719
Connecticut,2022-04-25,"Title 38a, Subtitle 478u",managed care,insurance department,,"Banking, Insurance, and Securities",10400004056,16,852,12,0,0,0,4,45.0,7.49,38.88888888888889,41.85953608247423
Connecticut,2022-04-25,"Title 38a, Subtitle 479aaa",requirements for pharmacy benefits managers applying for a certificate of registration to do business in the state of connecticut,insurance department,,"Banking, Insurance, and Securities",10400004057,12,1273,10,0,0,0,2,83.0,7.13,26.666666666666668,39.855230125523015
Connecticut,2022-04-25,"Title 38a, Subtitle 480",coordination of benefits,insurance department,,"Banking, Insurance, and Securities",10400004058,131,8675,101,14,3,1,12,24.0,8.73,28.08988764044944,32.15077552001924
Connecticut,2022-04-25,"Title 38a, Subtitle 481",approval of individual accident and health policy forms,insurance department,,"Banking, Insurance, and Securities",10400004060,92,3864,86,0,0,1,5,23.0,8.83,20.37037037037037,37.00054200542005
Connecticut,2022-04-25,"Title 38a, Subtitle 495",medicare supplement insurance minimum standards,insurance department,,"Banking, Insurance, and Securities",10400004061,112,7838,82,8,9,5,8,33.0,9.12,34.91379310344828,37.965449030726624
Connecticut,2022-04-25,"Title 38a, Subtitle 495a",medicare supplement insurance,insurance department,,"Banking, Insurance, and Securities",10400004062,388,31644,317,24,17,15,15,48.0,9.09,39.875389408099686,36.14996275479109
Connecticut,2022-04-25,"Title 38a, Subtitle 501",long term care insurance,insurance department,,"Banking, Insurance, and Securities",10400004063,168,9548,144,2,6,2,14,32.0,9.15,34.13793103448276,34.29907859078591
Connecticut,2022-04-25,"Title 38a, Subtitle 501a",short term care insurance,insurance department,,"Banking, Insurance, and Securities",10400004064,131,8152,113,1,6,2,9,31.0,9.09,31.92307692307692,34.50848309664446
Connecticut,2022-04-25,"Title 38a, Subtitle 504a",clinical trials,insurance department,,"Banking, Insurance, and Securities",10400004065,3,512,0,2,0,0,1,30.0,6.97,40.0,38.08760683760684
Connecticut,2022-04-25,"Title 38a, Subtitle 505",individual accident and sickness insurance minimum standards,insurance department,,"Banking, Insurance, and Securities",10400004066,179,12216,144,16,4,1,14,37.0,8.98,34.66257668711656,35.94451094391245
Connecticut,2022-04-25,"Title 38a, Subtitle 513",group specified disease health insurance minimum standards,insurance department,,"Banking, Insurance, and Securities",10400004067,164,9937,153,1,1,2,7,37.0,9.25,37.3134328358209,36.99394066025909
Connecticut,2022-04-25,"Title 38a, Subtitle 528",group long term care insurance,insurance department,,"Banking, Insurance, and Securities",10400004068,144,8403,121,4,6,2,11,30.0,9.1,31.73431734317343,35.774701146621126
Connecticut,2022-04-25,"Title 38a, Subtitle 528a",group short term care insurance,insurance department,,"Banking, Insurance, and Securities",10400004069,127,8411,109,1,6,2,9,35.0,9.04,34.59915611814346,35.96116386656927
Connecticut,2022-04-25,"Title 38a, Subtitle 53",statement of actuarial opinion,insurance department,,"Banking, Insurance, and Securities",10400004020,32,1431,23,1,0,0,8,50.0,7.67,25.0,37.31962481962482
Connecticut,2022-04-25,"Title 38a, Subtitle 54",annual audited financial reports,insurance department,,"Banking, Insurance, and Securities",10400004021,154,9286,121,2,1,0,30,48.0,8.64,33.86243386243386,39.31886381857748
Connecticut,2022-04-25,"Title 38a, Subtitle 546",group coverage discontinuance and replacement,insurance department,,"Banking, Insurance, and Securities",10400004070,31,2231,27,0,0,0,4,43.0,7.6,35.294117647058826,37.36778398510242
Connecticut,2022-04-25,"Title 38a, Subtitle 554",coordination of benefits,insurance department,,"Banking, Insurance, and Securities",10400004059,23,1534,23,0,0,0,0,76.0,7.0,70.0,29.8074616922052
Connecticut,2022-04-25,"Title 38a, Subtitle 591",utilization review grievances and external review,insurance department,,"Banking, Insurance, and Securities",10400004071,37,1595,33,0,0,1,3,36.0,7.83,23.25581395348837,41.95652173913044
Connecticut,2022-04-25,"Title 38a, Subtitle 640",approval of form of fraternal benefit society policies and contracts,insurance department,,"Banking, Insurance, and Securities",10400004072,33,1352,30,0,0,0,3,20.0,7.95,16.923076923076923,35.68909512761021
Connecticut,2022-04-25,"Title 38a, Subtitle 651",approval of credit life insurance and credit accident and health insurance policy forms,insurance department,,"Banking, Insurance, and Securities",10400004073,33,1416,30,0,0,0,3,21.0,8.04,18.461538461538463,36.21502209131075
Connecticut,2022-04-25,"Title 38a, Subtitle 676",approval of property and casualty insurance forms,insurance department,,"Banking, Insurance, and Securities",10400004074,51,2128,40,6,0,0,5,29.0,7.96,39.72602739726028,35.83792936623125
Connecticut,2022-04-25,"Title 38a, Subtitle 683",an accident prevention course for operators who have attained the age of sixty years,insurance department,,"Banking, Insurance, and Securities",10400004075,11,1007,11,0,0,0,0,51.0,7.06,31.57894736842105,40.51462621885157
Connecticut,2022-04-25,"Title 38a, Subtitle 686",territorial rating system for automobile insurance,insurance department,,"Banking, Insurance, and Securities",10400004076,22,1753,21,0,0,0,1,28.0,7.51,3.225806451612903,44.00950683303625
Connecticut,2022-04-25,"Title 38a, Subtitle 693",private passenger automobile insurance statistical data monitoring system,insurance department,,"Banking, Insurance, and Securities",10400004077,14,647,5,1,0,0,8,22.0,7.18,21.428571428571427,42.50498338870432
Connecticut,2022-04-25,"Title 38a, Subtitle 707",service fees to be charged by insurance producers and surplus lines brokers,insurance department,,"Banking, Insurance, and Securities",10400004078,6,687,6,0,0,0,0,40.0,6.91,31.25,35.14380165289256
Connecticut,2022-04-25,"Title 38a, Subtitle 72",risk based capital for insurers,insurance department,,"Banking, Insurance, and Securities",10400004022,72,5252,58,0,0,1,13,80.0,7.65,,34.69956905397086
Connecticut,2022-04-25,"Title 38a, Subtitle 72a",life reinsurance agreements,insurance department,,"Banking, Insurance, and Securities",10400004023,23,2313,18,2,0,0,3,46.0,8.4,32.6530612244898,39.19146005509642
Connecticut,2022-04-25,"Title 38a, Subtitle 740",surplus lines insurers,insurance department,,"Banking, Insurance, and Securities",10400004079,76,4866,66,1,0,0,9,50.0,8.48,50.0,36.44515036001694
Connecticut,2022-04-25,"Title 38a, Subtitle 78",connecticut standard valuation law actuarial opinion and memorandum,insurance department,,"Banking, Insurance, and Securities",10400004024,181,16758,146,6,5,0,24,40.0,9.16,32.68765133171913,36.36941191285732
Connecticut,2022-04-25,"Title 38a, Subtitle 782a",continuing education of insurance producers,insurance department,,"Banking, Insurance, and Securities",10400004081,61,3351,52,0,0,0,9,44.0,8.22,39.72602739726028,40.336389503635786
Connecticut,2022-04-25,"Title 38a, Subtitle 788",public adjusters,insurance department,,"Banking, Insurance, and Securities",10400004080,33,1423,28,4,0,1,0,30.0,7.81,23.91304347826087,35.57863935625457
Connecticut,2022-04-25,"Title 38a, Subtitle 790",conduct of motor vehicle physical damage appraisers,insurance department,,"Banking, Insurance, and Securities",10400004082,10,494,10,0,0,0,0,43.0,6.81,,35.87637969094923
Connecticut,2022-04-25,"Title 38a, Subtitle 792",casualty adjusters,insurance department,,"Banking, Insurance, and Securities",10400004083,4,407,2,0,0,0,2,66.0,6.82,,36.06493506493506
Connecticut,2022-04-25,"Title 38a, Subtitle 799",sale of insurance policies by car rental agencies,insurance department,,"Banking, Insurance, and Securities",10400004084,31,1919,25,0,1,0,5,53.0,7.49,45.71428571428572,36.04119638826185
Connecticut,2022-04-25,"Title 38a, Subtitle 8",organization and rules of practice,insurance department,,"Banking, Insurance, and Securities",10400004016,333,26895,260,0,4,1,68,47.0,9.42,47.95737122557727,38.494205460616776
Connecticut,2022-04-25,"Title 38a, Subtitle 819",unfair insurance practices advertisements of accident and sickness insurance,insurance department,,"Banking, Insurance, and Securities",10400004085,319,19051,269,15,1,4,30,34.0,9.49,36.39705882352941,36.561236752977166
Connecticut,2022-04-25,"Title 38a, Subtitle 824",regulations governing the availability of insurance on real property regardless of location,insurance department,,"Banking, Insurance, and Securities",10400004086,5,552,4,1,0,0,0,42.0,7.27,38.46153846153847,40.86742424242424
Connecticut,2022-04-25,"Title 38a, Subtitle 88",credit for reinsurance,insurance department,,"Banking, Insurance, and Securities",10400004025,273,18312,211,2,3,0,57,72.0,9.01,74.59677419354838,37.23642338291248
Connecticut,2022-04-25,"Title 3, Subtitle 11",description of organization rules of procedure,state elective officers,,Administration,10400002944,109,8479,89,0,0,0,20,27.0,9.02,21.49837133550489,38.00819468587037
Connecticut,2022-04-25,"Title 3, Subtitle 13j",disclosure of third party fees compensation related to contracts for investment services,state elective officers,,Administration,10400002945,9,701,8,0,0,0,1,57.0,7.06,41.66666666666667,34.62252663622527
Connecticut,2022-04-25,"Title 3, Subtitle 22h",connecticut higher education trust,state elective officers,,Administration,10400002946,47,3067,47,0,0,0,0,36.0,8.08,16.867469879518072,38.1552731020268
Connecticut,2022-04-25,"Title 3, Subtitle 27a",combined investment pool,state elective officers,,Administration,10400002947,23,724,23,0,0,0,0,29.0,7.04,33.33333333333333,38.22754491017964
Connecticut,2022-04-25,"Title 3, Subtitle 31b",combined investment fund,state elective officers,,Administration,10400002948,63,1989,63,0,0,0,0,29.0,7.65,38.23529411764706,33.63477801268499
Connecticut,2022-04-25,"Title 3, Subtitle 77",description of organization,state elective officers,,Administration,10400002949,75,5911,66,1,0,0,8,25.0,8.73,19.574468085106385,37.47236357255659
Connecticut,2022-04-25,"Title 3, Subtitle 90",state register and manual,state elective officers,,Administration,10400002950,8,525,7,0,1,0,0,18.0,6.99,3.571428571428571,30.07739307535641
Connecticut,2022-04-25,"Title 3, Subtitle 99a",expedited services,state elective officers,,Administration,10400002951,28,1194,28,0,0,0,0,34.0,7.38,39.39393939393939,36.47790055248619
Connecticut,2022-04-25,"Title 42a, Subtitle 9",article 9 of the uniform commercial code,uniform commercial code,,"Industry, Commerce, and Development",10400004096,30,2317,29,0,0,0,1,23.0,7.65,19.19191919191919,32.551410373066425
Connecticut,2022-04-25,"Title 42, Subtitle 110b",representations of guarantees,business selling trading and collection practices,,"Industry, Commerce, and Development",10400004087,117,9031,95,7,1,2,12,57.0,8.78,,32.44076535288726
Connecticut,2022-04-25,"Title 42, Subtitle 115j",the labeling packaging and sale of commodities,business selling trading and collection practices,,"Industry, Commerce, and Development",10400004088,0,142,0,0,0,0,0,69.0,5.51,0.0,40.291044776119406
Connecticut,2022-04-25,"Title 42, Subtitle 115m",packaging of meat and meat products,business selling trading and collection practices,,"Industry, Commerce, and Development",10400004089,18,874,17,1,0,0,0,36.0,7.0,21.73913043478261,25.654476670870118
Connecticut,2022-04-25,"Title 42, Subtitle 160",lien on motor vehicles abandoned at self service storage facilities,business selling trading and collection practices,,"Industry, Commerce, and Development",10400004090,39,1980,36,0,0,0,3,59.0,7.16,45.45454545454545,31.82278481012658
Connecticut,2022-04-25,"Title 42, Subtitle 179",written disclosure notice required on the resale of motor vehicles replaced or refunded by the manufacturer,business selling trading and collection practices,,"Industry, Commerce, and Development",10400004091,42,1772,35,1,2,0,4,33.0,7.7,11.76470588235294,35.67129071170084
Connecticut,2022-04-25,"Title 42, Subtitle 181",motor vehicle dispute settlement program,business selling trading and collection practices,,"Industry, Commerce, and Development",10400004092,34,1158,32,0,0,0,2,31.0,7.36,40.54054054054054,38.74955116696589
Connecticut,2022-04-25,"Title 42, Subtitle 231",emergency rationing,business selling trading and collection practices,,"Industry, Commerce, and Development",10400004093,18,851,18,0,0,0,0,38.0,7.23,18.181818181818183,34.4
Connecticut,2022-04-25,"Title 42, Subtitle 260",arbitration of extended warranty contracts,business selling trading and collection practices,,"Industry, Commerce, and Development",10400004094,35,1521,32,2,0,0,1,32.0,7.74,32.608695652173914,34.18181818181818
Connecticut,2022-04-25,"Title 42, Subtitle 295",sweepstakes,business selling trading and collection practices,,"Industry, Commerce, and Development",10400004095,1,247,1,0,0,0,0,,6.06,,29.15811965811966
Connecticut,2022-04-25,"Title 43, Subtitle 27",sale of hardwood pellets,weights and measures,,"Industry, Commerce, and Development",10400004100,5,256,5,0,0,0,0,31.0,6.72,0.0,34.21632653061224
Connecticut,2022-04-25,"Title 43, Subtitle 3",issuance of type approval for weights and measures devices,weights and measures,,"Industry, Commerce, and Development",10400004097,18,1193,16,1,0,0,1,37.0,7.63,22.58064516129032,40.095194922937445
Connecticut,2022-04-25,"Title 43, Subtitle 3a",method of sale of commodities,weights and measures,,"Industry, Commerce, and Development",10400004098,0,68,0,0,0,0,0,66.0,5.07,0.0,39.125
Connecticut,2022-04-25,"Title 43, Subtitle 42",temperature compensation in the sale of motor and heating fuels,weights and measures,,"Industry, Commerce, and Development",10400004101,1,108,1,0,0,0,0,,5.8,,42.92307692307692
Connecticut,2022-04-25,"Title 43, Subtitle 8a",last sale dates for retail products,weights and measures,,"Industry, Commerce, and Development",10400004099,2,100,1,0,0,0,1,32.0,5.72,0.0,36.41489361702128
Connecticut,2022-04-25,"Title 45a, Subtitle 651",conservator of person,probate courts and procedure,,"Security, Justice, and Corrections",10400004102,20,1286,20,0,0,0,0,29.0,7.72,21.428571428571427,37.06199021207178
Connecticut,2022-04-25,"Title 45a, Subtitle 728",adoption placement of children who have been identified or located by prospective adoptive parents,probate courts and procedure,,"Security, Justice, and Corrections",10400004103,63,3191,50,2,0,1,10,36.0,7.95,27.58620689655172,35.48133722817267
Connecticut,2022-04-25,"Title 46a, Subtitle 5",description of organization and rules of practice,human rights,,Administration,10400004104,25,1615,24,0,0,0,1,16.0,8.15,7.291666666666667,38.72240365774004
Connecticut,2022-04-25,"Title 46a, Subtitle 54",description of organization rules of practice and personal data regulations,human rights,,Administration,10400004105,498,26495,448,10,4,4,32,38.0,9.0,37.37075332348597,37.24833446363745
Connecticut,2022-04-25,"Title 46a, Subtitle 56",contract compliance minority business enterprise assistance fund,human rights,,Administration,10400004106,8,625,8,0,0,0,0,46.0,6.85,30.76923076923077,37.808905380333954
Connecticut,2022-04-25,"Title 46a, Subtitle 68",affirmative action plans by state government agencies equal employment opportunity in apprenticeship and training,human rights,,Administration,10400004107,265,14154,237,5,0,0,23,34.0,9.1,21.67487684729064,43.00082292212164
Connecticut,2022-04-25,"Title 46a, Subtitle 68j",contract compliance,human rights,,Administration,10400004108,187,9790,162,4,0,0,21,51.0,8.54,40.86021505376344,41.07916297608503
Connecticut,2022-04-25,"Title 46a, Subtitle 68k",approval of contract compliance programs by the commission on human rights and opportunities,human rights,,Administration,10400004109,43,2449,42,0,0,0,1,47.0,7.26,38.775510204081634,37.53098591549296
Connecticut,2022-04-25,"Title 46b, Subtitle 168a",title iv d child support enforcement program,family law,,"Security, Justice, and Corrections",10400004110,5,381,4,0,0,0,1,92.0,6.21,50.0,33.916666666666664
Connecticut,2022-04-25,"Title 46b, Subtitle 215a",child support and arrearage guidelines,family law,,"Security, Justice, and Corrections",10400004111,49,16350,46,0,0,0,3,40.0,9.44,34.9112426035503,33.13570399911377
Connecticut,2022-04-25,"Title 47, Subtitle 295",common interest community conversion,land and land titles,,"Environmental Protection, Public Utilities, and Natural Resources",10400004114,16,1082,13,0,0,0,3,20.0,7.26,13.20754716981132,34.93564356435643
Connecticut,2022-04-25,"Title 47, Subtitle 59b",organization and rules of practice of the indian affairs council membership in connecticut indian tribes and eligibility to reside on indian reservations,land and land titles,,"Environmental Protection, Public Utilities, and Natural Resources",10400004112,65,3040,60,0,0,1,4,34.0,8.28,40.22988505747127,36.27121579494285
Connecticut,2022-04-25,"Title 47, Subtitle 65",indians and indian reservations,land and land titles,,"Environmental Protection, Public Utilities, and Natural Resources",10400004113,22,674,18,1,1,1,1,31.0,6.93,14.285714285714285,34.537151702786375
Connecticut,2022-04-25,"Title 49, Subtitle 2b",payment of interest on funds in escrow by mortgagees,mortgages and liens,,"Banking, Insurance, and Securities",10400004115,5,540,3,0,0,0,2,64.0,7.09,12.5,33.80522088353413
Connecticut,2022-04-25,"Title 49, Subtitle 31j",protection from mortgage foreclosure,mortgages and liens,,"Banking, Insurance, and Securities",10400004116,11,553,11,0,0,0,0,76.0,6.68,14.285714285714285,37.984
Connecticut,2022-04-25,"Title 4a, Subtitle 100",prequalification and evaluation of contractors,administrative services,,Administration,10400002965,38,1773,37,0,0,0,1,43.0,7.67,2.5,46.30493000608643
Connecticut,2022-04-25,"Title 4a, Subtitle 101",evaluation of contractors,administrative services,,Administration,10400002966,12,846,11,0,0,0,1,59.0,6.92,7.142857142857142,47.497578692493946
Connecticut,2022-04-25,"Title 4a, Subtitle 12",legally liable relative s ability to pay,administrative services,,Administration,10400002961,21,1767,21,0,0,0,0,30.0,7.65,33.33333333333333,35.620464009518145
Connecticut,2022-04-25,"Title 4a, Subtitle 52",state purchasing procedures,administrative services,,Administration,10400002962,197,8664,134,40,1,2,20,29.0,9.14,29.45205479452055,35.94180144020777
Connecticut,2022-04-25,"Title 4a, Subtitle 60h",set aside program,administrative services,,Administration,10400002963,12,609,10,0,0,0,2,44.0,6.72,23.07692307692308,44.22702702702703
Connecticut,2022-04-25,"Title 4a, Subtitle 63",procedure for disqualification or suspension,administrative services,,Administration,10400002964,34,1930,33,1,0,0,0,18.0,8.0,14.563106796116504,38.54745308310992
Connecticut,2022-04-25,"Title 4b, Subtitle 100",procedure for alleged violation or violations of part ii chapter 60 of connecticut general statutes,state real property,,"Environmental Protection, Public Utilities, and Natural Resources",10400002970,28,1470,20,6,1,0,1,40.0,7.61,30.55555555555556,35.560115190784735
Connecticut,2022-04-25,"Title 4b, Subtitle 24",selection panels for design build teams and special legislation contractors,state real property,,"Environmental Protection, Public Utilities, and Natural Resources",10400002968,44,2215,38,0,0,0,6,49.0,7.46,32.55813953488372,39.222329627839535
Connecticut,2022-04-25,"Title 4b, Subtitle 3",appeals concerning compensation for outdoor advertising structures,state real property,,"Environmental Protection, Public Utilities, and Natural Resources",10400002967,114,5637,107,0,0,0,7,36.0,8.24,46.40522875816993,33.201699298116
Connecticut,2022-04-25,"Title 4b, Subtitle 53",purchases for state building works of art account,state real property,,"Environmental Protection, Public Utilities, and Natural Resources",10400002969,14,930,14,0,0,0,0,44.0,7.0,14.285714285714285,34.85888888888889
Connecticut,2022-04-25,"Title 4d, Subtitle 3",procurement of information and telecommunication systems,state information telecommunications systems,,Administration,10400002971,158,6186,139,5,1,1,12,37.0,8.81,28.915662650602407,35.794200966505585
Connecticut,2022-04-25,"Title 4, Subtitle 131a",art work in state buildings open to public use,management of state agencies,,Administration,10400002957,36,1627,30,0,1,0,5,33.0,7.75,22.916666666666664,34.09120102761721
Connecticut,2022-04-25,"Title 4, Subtitle 134e",selection of design professional firms,management of state agencies,,Administration,10400002958,36,1289,28,1,0,0,7,43.0,7.38,31.03448275862069,39.49918032786885
Connecticut,2022-04-25,"Title 4, Subtitle 157",rules of procedure,management of state agencies,,Administration,10400002959,26,1014,21,3,0,0,2,30.0,7.35,21.875,34.29695697796432
Connecticut,2022-04-25,"Title 4, Subtitle 236",state single audits,management of state agencies,,Administration,10400002960,96,4902,81,0,0,0,15,48.0,7.98,46.0,39.04928525709409
Connecticut,2022-04-25,"Title 4, Subtitle 23a",description of organization and rules of practice,management of state agencies,,Administration,10400002952,43,1632,40,0,0,1,2,28.0,7.96,37.93103448275862,35.6008911521324
Connecticut,2022-04-25,"Title 4, Subtitle 23b",personal data,management of state agencies,,Administration,10400002953,23,3836,20,1,0,0,2,29.0,8.23,13.076923076923078,41.14467145223633
Connecticut,2022-04-25,"Title 4, Subtitle 61dd",rules of practice for contested case proceedings under the whistleblower protection act,management of state agencies,,Administration,10400002955,78,4239,75,0,0,0,3,39.0,8.01,26.923076923076923,34.21652349671551
Connecticut,2022-04-25,"Title 4, Subtitle 65a",personal data,management of state agencies,,Administration,10400002954,48,4065,40,0,0,0,8,23.0,7.88,12.865497076023392,43.07620253164557
Connecticut,2022-04-25,"Title 4, Subtitle 66c",urban act program,management of state agencies,,Administration,10400002956,1,124,1,0,0,0,0,60.0,5.89,0.0,36.44827586206897
Connecticut,2022-04-25,"Title 51, Subtitle 275a",organization rules of procedure and appointment and removal of attorneys,courts,,"Security, Justice, and Corrections",10400004119,115,5189,110,5,0,0,0,25.0,8.18,29.55665024630542,33.47284345047923
Connecticut,2022-04-25,"Title 51, Subtitle 44a",merit selection of judges,courts,,"Security, Justice, and Corrections",10400004117,44,3241,38,0,0,0,6,26.0,8.19,12.295081967213116,38.41333773522615
Connecticut,2022-04-25,"Title 51, Subtitle 51k",organization and rules of procedure,courts,,"Security, Justice, and Corrections",10400004118,84,3725,79,0,1,3,1,41.0,7.84,42.22222222222222,34.90896513558384
Connecticut,2022-04-25,"Title 52, Subtitle 362d",title iv d child support enforcement actions,civil actions,,Administration,10400004120,33,1770,31,0,0,0,2,37.0,7.62,45.65217391304348,33.68810096153846
Connecticut,2022-04-25,"Title 52, Subtitle 362e",title iv d child support enforcement actions,civil actions,,Administration,10400004121,42,1812,40,1,0,0,1,36.0,7.45,50.0,31.309551208285384
Connecticut,2022-04-25,"Title 52, Subtitle 367a",execution against debts due from banking institutions,civil actions,,Administration,10400004122,2,117,2,0,0,0,0,58.0,5.25,50.0,29.76991150442478
Connecticut,2022-04-25,"Title 52, Subtitle 367b",execution against debts due from banking institutions,civil actions,,Administration,10400004123,2,117,2,0,0,0,0,58.0,5.25,50.0,29.76991150442478
Connecticut,2022-04-25,"Title 53, Subtitle 202b",olympic pistols,crimes,,"Security, Justice, and Corrections",10400004124,15,1222,12,1,0,0,2,70.0,7.31,17.647058823529413,40.923550087873465
Connecticut,2022-04-25,"Title 53, Subtitle 202d",applications for and issuance of certificates of possession for assault weapons,crimes,,"Security, Justice, and Corrections",10400004125,18,605,17,0,0,0,1,45.0,6.87,15.384615384615383,36.13811188811189
Connecticut,2022-04-25,"Title 53, Subtitle 278c",approval of the manufacture and transportation of gambling devices for use outside of connecticut,crimes,,"Security, Justice, and Corrections",10400004126,22,832,19,0,0,0,3,38.0,7.23,28.57142857142857,37.80310880829016
Connecticut,2022-04-25,"Title 53, Subtitle 345",soliciting for charities,crimes,,"Security, Justice, and Corrections",10400004127,1,73,1,0,0,0,0,71.0,5.12,,39.68571428571428
Connecticut,2022-04-25,"Title 54, Subtitle 102i",dna data bank,criminal procedure,,"Security, Justice, and Corrections",10400004129,4,155,4,0,0,0,0,38.0,5.7,25.0,39.44736842105263
Connecticut,2022-04-25,"Title 54, Subtitle 102j",dna data bank,criminal procedure,,"Security, Justice, and Corrections",10400004130,21,989,21,0,0,0,0,41.0,6.96,33.33333333333333,34.40794979079498
Connecticut,2022-04-25,"Title 54, Subtitle 124a",board of pardons and paroles concerning,criminal procedure,,"Security, Justice, and Corrections",10400004131,140,9276,130,1,1,1,7,33.0,8.92,28.57142857142857,37.36581760291108
Connecticut,2022-04-25,"Title 54, Subtitle 125a",statutory provisions for parole pursuant to public act 95 255,criminal procedure,,"Security, Justice, and Corrections",10400004132,24,1094,23,1,0,0,0,33.0,7.1,12.903225806451612,33.56303418803419
Connecticut,2022-04-25,"Title 54, Subtitle 222a",duties of peace officers,criminal procedure,,"Security, Justice, and Corrections",10400004133,8,279,8,0,0,0,0,38.0,5.81,57.14285714285714,36.56976744186046
Connecticut,2022-04-25,"Title 54, Subtitle 240a",address confidentiality program,criminal procedure,,"Security, Justice, and Corrections",10400004134,49,2452,48,1,0,0,0,24.0,7.31,8.91089108910891,38.54701588664663
Connecticut,2022-04-25,"Title 54, Subtitle 56g",requirements for approval operation and monitoring of alcohol education and treatment programs in the pretrial alcohol education system,criminal procedure,,"Security, Justice, and Corrections",10400004128,87,3881,72,7,0,0,8,38.0,8.17,18.62745098039216,38.354177754124535
Connecticut,2022-04-25,"Title 5, Subtitle 141c",reimbursement of state employees for expenses incurred in the performance of their duties,state employees,,Administration,10400002973,36,1436,27,2,0,0,7,32.0,7.58,23.25581395348837,39.08956328645448
Connecticut,2022-04-25,"Title 5, Subtitle 155",organization of the state employees retirement commission and procedures available to the public in the conduct of their business with the commission,state employees,,Administration,10400002974,17,1798,6,8,1,0,2,24.0,8.15,4.10958904109589,40.90005878894768
Connecticut,2022-04-25,"Title 5, Subtitle 155a",petitions for declaratory ruling,state employees,,Administration,10400002975,46,2075,42,0,0,0,4,33.0,7.8,30.15873015873016,33.8171513060621
Connecticut,2022-04-25,"Title 5, Subtitle 156c",criteria for waiver of overpayment,state employees,,Administration,10400002976,1,314,0,0,0,0,1,52.0,6.34,66.66666666666666,33.33993399339934
Connecticut,2022-04-25,"Title 5, Subtitle 158b",payment of retirement contributions by employees who elect plan c,state employees,,Administration,10400002977,8,473,5,2,0,0,1,56.0,6.59,,30.0894495412844
Connecticut,2022-04-25,"Title 5, Subtitle 165",election of optional form of retirement salary for state employees,state employees,,Administration,10400002978,38,1213,35,1,2,0,0,48.0,6.84,,31.386824324324323
Connecticut,2022-04-25,"Title 5, Subtitle 167",payment of retirement contributions by reemployed members for prior service,state employees,,Administration,10400002979,2,103,2,0,0,0,0,99.0,5.34,,31.96938775510204
Connecticut,2022-04-25,"Title 5, Subtitle 180",payment of retirement contributions by employees for military service,state employees,,Administration,10400002980,2,103,2,0,0,0,0,99.0,5.34,,31.96938775510204
Connecticut,2022-04-25,"Title 5, Subtitle 181",payment of retirement contributions by active employees for prior service,state employees,,Administration,10400002981,2,103,2,0,0,0,0,99.0,5.34,,31.96938775510204
Connecticut,2022-04-25,"Title 5, Subtitle 200",positions and compensation,state employees,,Administration,10400002982,1,45,1,0,0,0,0,43.0,4.11,0.0,49.71428571428572
Connecticut,2022-04-25,"Title 5, Subtitle 201",procedure for hearing appeals,state employees,,Administration,10400002983,94,4940,87,2,0,0,5,34.0,8.42,38.19444444444444,33.61473506438674
Connecticut,2022-04-25,"Title 5, Subtitle 213",longevity payment,state employees,,Administration,10400002984,1,59,1,0,0,0,0,56.0,4.71,,26.30188679245283
Connecticut,2022-04-25,"Title 5, Subtitle 223",eligibility for continuing examination,state employees,,Administration,10400002985,1,25,0,1,0,0,0,23.0,3.81,0.0,49.45454545454545
Connecticut,2022-04-25,"Title 5, Subtitle 224",veteran s examination credit open competitive examinations,state employees,,Administration,10400002986,4,94,2,2,0,0,0,23.0,5.4,25.0,41.89010989010989
Connecticut,2022-04-25,"Title 5, Subtitle 228",permanent appointments,state employees,,Administration,10400002987,2,127,1,1,0,0,0,41.0,5.47,33.33333333333333,36.76859504132232
Connecticut,2022-04-25,"Title 5, Subtitle 229",appointment refusal of appointment,state employees,,Administration,10400002988,1,105,1,0,0,0,0,34.0,5.43,,43.70707070707071
Connecticut,2022-04-25,"Title 5, Subtitle 230",working tests,state employees,,Administration,10400002989,3,62,3,0,0,0,0,15.0,4.73,25.0,34.56140350877193
Connecticut,2022-04-25,"Title 5, Subtitle 237",service rating,state employees,,Administration,10400002990,14,426,14,0,0,0,0,53.0,6.33,50.0,33.34928229665072
Connecticut,2022-04-25,"Title 5, Subtitle 238",work schedules,state employees,,Administration,10400002991,12,401,12,0,0,0,0,25.0,6.09,33.33333333333333,35.10582010582011
Connecticut,2022-04-25,"Title 5, Subtitle 239",transfers,state employees,,Administration,10400002992,24,1060,20,2,0,0,2,36.0,7.1,34.48275862068966,35.28806983511154
Connecticut,2022-04-25,"Title 5, Subtitle 240",reprimand suspension demotion and dismissal,state employees,,Administration,10400002993,40,2187,36,0,1,0,3,24.0,7.74,28.08988764044944,35.316138192143875
Connecticut,2022-04-25,"Title 5, Subtitle 241",reemployment lists,state employees,,Administration,10400002994,15,762,15,0,0,0,0,25.0,7.12,43.333333333333336,33.41767068273092
Connecticut,2022-04-25,"Title 5, Subtitle 243",resignation from state service,state employees,,Administration,10400002995,7,284,6,0,0,0,1,31.0,6.28,55.55555555555556,33.67391304347826
Connecticut,2022-04-25,"Title 5, Subtitle 244",infirmities,state employees,,Administration,10400002996,3,125,3,0,0,0,0,40.0,5.42,,48.04237288135593
Connecticut,2022-04-25,"Title 5, Subtitle 247",sick leave,state employees,,Administration,10400002997,31,1248,27,1,0,0,3,45.0,7.21,,32.01683501683502
Connecticut,2022-04-25,"Title 5, Subtitle 248",leave of absence,state employees,,Administration,10400002998,18,861,16,1,0,0,1,45.0,6.9,73.68421052631578,31.28846153846154
Connecticut,2022-04-25,"Title 5, Subtitle 248b",parental and medical leave,state employees,,Administration,10400002999,20,1168,18,1,1,0,0,38.0,7.11,16.666666666666664,31.14642857142857
Connecticut,2022-04-25,"Title 5, Subtitle 248c",voluntary schedule reduction program,state employees,,Administration,10400003000,23,728,20,0,0,0,3,31.0,7.21,26.08695652173913,33.42634560906516
Connecticut,2022-04-25,"Title 5, Subtitle 250",vacation leave,state employees,,Administration,10400003001,15,469,15,0,0,0,0,30.0,6.33,33.33333333333333,31.49433106575964
Connecticut,2022-04-25,"Title 5, Subtitle 254",holidays,state employees,,Administration,10400003002,10,293,8,0,0,0,2,31.0,5.91,66.66666666666666,27.377224199288257
Connecticut,2022-04-25,"Title 5, Subtitle 262",state employee campaign for charitable giving,state employees,,Administration,10400003003,65,2846,59,1,2,0,3,30.0,8.33,15.95744680851064,35.97609415226186
Connecticut,2022-04-25,"Title 5, Subtitle 263a",state suggestion program,state employees,,Administration,10400003004,69,2897,56,9,2,0,2,26.0,7.97,24.074074074074076,41.080029101491455
Connecticut,2022-04-25,"Title 5, Subtitle 266a",conflicts of interests,state employees,,Administration,10400003005,0,161,0,0,0,0,0,80.0,5.71,50.0,35.782051282051285
Connecticut,2022-04-25,"Title 5, Subtitle 266c",political activity of classified state employees,state employees,,Administration,10400003006,0,103,0,0,0,0,0,,5.55,,37.38
Connecticut,2022-04-25,"Title 5, Subtitle 273",collective bargaining for state employees,state employees,,Administration,10400003007,213,8458,195,2,0,11,5,33.0,8.67,33.33333333333333,32.93896248607156
Connecticut,2022-04-25,"Title 5, Subtitle 9",personnel department,state employees,,Administration,10400002972,0,16,0,0,0,0,0,7.0,3.64,0.0,39.55555555555556
Connecticut,2022-04-25,"Title 6, Subtitle 38b",professional standards including disciplinary process training and minimum fees,counties and county officers judicial and state marshals,,"Security, Justice, and Corrections",10400003008,143,7098,128,0,0,0,15,35.0,8.63,22.33502538071066,36.8076520699447
Connecticut,2022-04-25,"Title 7, Subtitle 169",operation of bingo games,municipalities,,Administration,10400003013,100,3858,79,4,0,3,14,34.0,8.3,36.93693693693694,34.02030319436925
Connecticut,2022-04-25,"Title 7, Subtitle 169c",amusement and recreation bingo,municipalities,,Administration,10400003014,25,1017,24,0,0,0,1,22.0,7.33,13.333333333333334,38.932502596054
Connecticut,2022-04-25,"Title 7, Subtitle 169e",amusement and recreation bingo for parent teacher associations,municipalities,,Administration,10400003015,23,960,21,0,0,0,2,28.0,7.09,12.12121212121212,38.62740656851642
Connecticut,2022-04-25,"Title 7, Subtitle 169h",manufacture distribution and sale of sealed tickets,municipalities,,Administration,10400003016,118,5692,105,1,0,2,10,35.0,8.02,36.70886075949368,36.96140542508648
Connecticut,2022-04-25,"Title 7, Subtitle 185",operation of bazaars and raffles,municipalities,,Administration,10400003017,176,7056,169,2,0,0,5,40.0,8.49,29.310344827586203,32.03132284382284
Connecticut,2022-04-25,"Title 7, Subtitle 186k",operation and conduct of games of chance,municipalities,,Administration,10400003018,74,3281,70,0,1,0,3,47.0,8.05,27.94117647058824,32.66347992351817
Connecticut,2022-04-25,"Title 7, Subtitle 22a",rules and regulations for certification of connecticut town clerks,municipalities,,Administration,10400003009,25,778,18,2,0,4,1,25.0,7.28,12.903225806451612,37.50935828877005
Connecticut,2022-04-25,"Title 7, Subtitle 294e",original certification lateral certification and comparative certification to the position of police officer,municipalities,,Administration,10400003019,150,7945,128,2,3,0,17,31.0,8.9,20.080321285140563,38.8135571168358
Connecticut,2022-04-25,"Title 7, Subtitle 323k",description of organization course of operation and rules of procedure,municipalities,,Administration,10400003020,58,4543,50,5,0,0,3,19.0,8.62,28.205128205128204,33.86107973797154
Connecticut,2022-04-25,"Title 7, Subtitle 323l",fire fighter qualification and certification policy and procedures rules and regulations,municipalities,,Administration,10400003021,200,7723,181,1,1,1,16,32.0,8.37,6.639004149377594,42.9052488070893
Connecticut,2022-04-25,"Title 7, Subtitle 35ee",real property electronic recording act,municipalities,,Administration,10400003010,35,1821,33,0,0,0,2,50.0,7.35,20.0,43.77931449188214
Connecticut,2022-04-25,"Title 7, Subtitle 392",municipal financial reporting by independent auditors,municipalities,,Administration,10400003022,9,407,5,0,0,0,4,37.0,6.92,54.54545454545454,43.346733668341706
Connecticut,2022-04-25,"Title 7, Subtitle 394a",monitoring municipalities in financial distress,municipalities,,Administration,10400003023,6,483,6,0,0,0,0,34.0,6.71,28.57142857142857,41.341252699784015
Connecticut,2022-04-25,"Title 7, Subtitle 425",definition,municipalities,,Administration,10400003024,2,115,2,0,0,0,0,,5.1,,30.73636363636364
Connecticut,2022-04-25,"Title 7, Subtitle 427",participation by municipalities,municipalities,,Administration,10400003025,5,227,5,0,0,0,0,,6.16,,40.37037037037037
Connecticut,2022-04-25,"Title 7, Subtitle 439a",method of payment under section 7 439a,municipalities,,Administration,10400003026,8,274,4,0,0,0,4,66.0,6.0,75.0,32.10852713178294
Connecticut,2022-04-25,"Title 7, Subtitle 442",transfer from fund a to fund b,municipalities,,Administration,10400003027,1,110,1,0,0,0,0,,5.24,,36.50485436893204
Connecticut,2022-04-25,"Title 7, Subtitle 442a",transfer of retirement credit between municipalities under section 7 442a,municipalities,,Administration,10400003028,7,411,7,0,0,0,0,43.0,6.11,33.33333333333333,36.57103825136612
Connecticut,2022-04-25,"Title 7, Subtitle 448",election of optional form of retirement salary for municipal employees,municipalities,,Administration,10400003029,29,1317,28,0,1,0,0,45.0,6.61,,30.580870917573872
Connecticut,2022-04-25,"Title 7, Subtitle 453",participation by municipalities in social security,municipalities,,Administration,10400003030,20,940,17,1,0,0,2,45.0,7.37,25.0,37.64165733482643
Connecticut,2022-04-25,"Title 7, Subtitle 471",municipal employee relations act,municipalities,,Administration,10400003031,229,9282,210,3,0,11,5,39.0,8.57,42.30769230769231,32.27041619797525
Connecticut,2022-04-25,"Title 7, Subtitle 53",procedures for creating and indexing confidential adoption records for adopted persons born in this state,municipalities,,Administration,10400003011,22,692,22,0,0,0,0,33.0,6.48,23.809523809523807,35.34319526627219
Connecticut,2022-04-25,"Title 7, Subtitle 572",assisting connecticut communities seeking economic stability,municipalities,,Administration,10400003032,28,1663,23,0,1,0,4,48.0,7.39,17.647058823529413,36.37213740458015
Connecticut,2022-04-25,"Title 7, Subtitle 62",pronouncement of death by a registered nurse,municipalities,,Administration,10400003012,7,382,6,0,1,0,0,37.0,6.35,40.0,41.56824512534819
Connecticut,2022-04-25,"Title 8, Subtitle 116a",waiting lists,zoning planning housing economic and community development,,"Industry, Commerce, and Development",10400003042,8,439,7,0,1,0,0,32.0,6.71,30.76923076923077,44.00765306122449
Connecticut,2022-04-25,"Title 8, Subtitle 119g",congregate housing for the elderly,zoning planning housing economic and community development,,"Industry, Commerce, and Development",10400003045,42,2786,29,2,1,0,10,26.0,8.44,16.19047619047619,40.20476911430735
Connecticut,2022-04-25,"Title 8, Subtitle 119jj",affordable housing program,zoning planning housing economic and community development,,"Industry, Commerce, and Development",10400003046,41,2318,30,7,1,0,3,38.0,8.33,33.33333333333333,39.88535031847134
Connecticut,2022-04-25,"Title 8, Subtitle 119kk",elderly rental assistance program,zoning planning housing economic and community development,,"Industry, Commerce, and Development",10400003047,34,1514,29,0,0,0,5,35.0,7.8,14.285714285714285,38.23023578363384
Connecticut,2022-04-25,"Title 8, Subtitle 119t",independent living for handicapped and developmentally disabled persons,zoning planning housing economic and community development,,"Industry, Commerce, and Development",10400003048,18,1237,17,0,0,0,1,40.0,7.75,20.0,46.83103448275862
Connecticut,2022-04-25,"Title 8, Subtitle 169w",urban homesteading loan fund,zoning planning housing economic and community development,,"Industry, Commerce, and Development",10400003049,34,2785,27,1,0,0,6,37.0,8.35,16.216216216216218,40.84761549925484
Connecticut,2022-04-25,"Title 8, Subtitle 198",municipal development projects,zoning planning housing economic and community development,,"Industry, Commerce, and Development",10400003050,60,2863,49,3,1,0,7,37.0,7.84,17.105263157894736,39.472242512783055
Connecticut,2022-04-25,"Title 8, Subtitle 206e",housing assistance and counseling program,zoning planning housing economic and community development,,"Industry, Commerce, and Development",10400003051,16,964,12,2,0,0,2,39.0,7.37,16.666666666666664,41.88721804511278
Connecticut,2022-04-25,"Title 8, Subtitle 214d",land bank land trust fund,zoning planning housing economic and community development,,"Industry, Commerce, and Development",10400003052,51,3189,39,6,0,0,6,45.0,8.12,35.714285714285715,37.16764898493778
Connecticut,2022-04-25,"Title 8, Subtitle 214h",limited equity cooperative mutual housing association program,zoning planning housing economic and community development,,"Industry, Commerce, and Development",10400003053,87,4952,77,3,1,0,6,39.0,8.63,28.000000000000004,36.09431578947368
Connecticut,2022-04-25,"Title 8, Subtitle 216b",state housing community development program,zoning planning housing economic and community development,,"Industry, Commerce, and Development",10400003054,30,2158,24,3,0,0,3,48.0,8.27,29.545454545454547,41.55512384652744
Connecticut,2022-04-25,"Title 8, Subtitle 218c",community housing development corporations,zoning planning housing economic and community development,,"Industry, Commerce, and Development",10400003055,84,5287,58,14,0,0,12,44.0,8.67,23.728813559322035,38.98295341922696
Connecticut,2022-04-25,"Title 8, Subtitle 219c",senior citizen emergency home repair and rehabilitation program,zoning planning housing economic and community development,,"Industry, Commerce, and Development",10400003056,23,1409,21,0,0,0,2,43.0,7.62,50.0,34.84136397331356
Connecticut,2022-04-25,"Title 8, Subtitle 219d",nonprofit corporations assistance program,zoning planning housing economic and community development,,"Industry, Commerce, and Development",10400003057,17,1327,14,1,0,0,2,46.0,7.83,21.428571428571427,42.03063629222309
Connecticut,2022-04-25,"Title 8, Subtitle 219e",hazardous material program,zoning planning housing economic and community development,,"Industry, Commerce, and Development",10400003058,56,2992,47,4,0,0,5,47.0,8.51,33.87096774193548,39.62407602956706
Connecticut,2022-04-25,"Title 8, Subtitle 273",relocation assistance appeal,zoning planning housing economic and community development,,"Industry, Commerce, and Development",10400003059,82,7129,43,9,11,0,19,48.0,8.76,62.06896551724138,34.653662182361735
Connecticut,2022-04-25,"Title 8, Subtitle 30g",affordable housing land use appeals procedures,zoning planning housing economic and community development,,"Industry, Commerce, and Development",10400003033,137,7405,115,10,1,0,11,45.0,8.54,25.31645569620253,38.95303270422129
Connecticut,2022-04-25,"Title 8, Subtitle 336f",connecticut housing partnership program,zoning planning housing economic and community development,,"Industry, Commerce, and Development",10400003060,19,1393,15,1,0,0,3,49.0,7.74,39.285714285714285,43.07298720842739
Connecticut,2022-04-25,"Title 8, Subtitle 336q",state housing trust fund program,zoning planning housing economic and community development,,"Industry, Commerce, and Development",10400003061,46,1509,41,0,0,0,5,49.0,7.79,16.666666666666664,39.90327169274538
Connecticut,2022-04-25,"Title 8, Subtitle 346",rental assistance for new units,zoning planning housing economic and community development,,"Industry, Commerce, and Development",10400003062,46,2238,40,0,1,0,5,36.0,8.02,18.0327868852459,34.11794871794872
Connecticut,2022-04-25,"Title 8, Subtitle 358",a demonstration program for the development of innovative housing for the homeless,zoning planning housing economic and community development,,"Industry, Commerce, and Development",10400003063,24,1563,17,5,1,0,1,37.0,8.09,12.195121951219512,40.59100067159167
Connecticut,2022-04-25,"Title 8, Subtitle 365",municipal housing trust fund program,zoning planning housing economic and community development,,"Industry, Commerce, and Development",10400003064,35,1920,33,0,0,0,2,38.0,7.98,12.0,36.47945945945946
Connecticut,2022-04-25,"Title 8, Subtitle 367a",tenant management assistance program,zoning planning housing economic and community development,,"Industry, Commerce, and Development",10400003065,20,1310,15,3,0,0,2,43.0,7.5,10.0,41.86033519553072
Connecticut,2022-04-25,"Title 8, Subtitle 37ee",fair housing regulations,zoning planning housing economic and community development,,"Industry, Commerce, and Development",10400003034,214,8663,196,0,3,1,14,31.0,9.26,27.573529411764707,37.74073179567685
Connecticut,2022-04-25,"Title 8, Subtitle 37r",personal data system,zoning planning housing economic and community development,,"Industry, Commerce, and Development",10400003035,51,2952,45,2,0,1,3,31.0,7.93,23.157894736842103,41.6541592920354
Connecticut,2022-04-25,"Title 8, Subtitle 37y",surplus property program,zoning planning housing economic and community development,,"Industry, Commerce, and Development",10400003036,79,4204,74,0,1,0,4,47.0,8.43,38.63636363636363,39.91979140799603
Connecticut,2022-04-25,"Title 8, Subtitle 381",housing development zone regulations,zoning planning housing economic and community development,,"Industry, Commerce, and Development",10400003066,27,1444,20,2,0,0,5,45.0,7.63,29.03225806451613,40.09663250366032
Connecticut,2022-04-25,"Title 8, Subtitle 388",housing infrastructure fund,zoning planning housing economic and community development,,"Industry, Commerce, and Development",10400003067,23,1319,19,1,0,0,3,36.0,7.9,28.57142857142857,41.68608414239482
Connecticut,2022-04-25,"Title 8, Subtitle 412",predevelopment costs,zoning planning housing economic and community development,,"Industry, Commerce, and Development",10400003068,31,2006,26,0,0,0,5,48.0,8.07,29.268292682926827,40.84260230849947
Connecticut,2022-04-25,"Title 8, Subtitle 416",septic system repair,zoning planning housing economic and community development,,"Industry, Commerce, and Development",10400003069,26,1243,21,1,0,0,4,34.0,7.46,31.428571428571427,35.61440677966102
Connecticut,2022-04-25,"Title 8, Subtitle 423",septic system for municipalities,zoning planning housing economic and community development,,"Industry, Commerce, and Development",10400003070,30,1041,26,0,0,0,4,27.0,7.35,21.62162162162162,40.16218905472637
Connecticut,2022-04-25,"Title 8, Subtitle 45",housing,zoning planning housing economic and community development,,"Industry, Commerce, and Development",10400003037,25,1705,25,0,0,0,0,46.0,7.95,13.88888888888889,33.223119950279674
Connecticut,2022-04-25,"Title 8, Subtitle 68d",housing stock report regulations,zoning planning housing economic and community development,,"Industry, Commerce, and Development",10400003038,6,427,5,0,0,0,1,46.0,6.76,11.11111111111111,38.08270676691729
Connecticut,2022-04-25,"Title 8, Subtitle 68f",tenant rights in state public housing,zoning planning housing economic and community development,,"Industry, Commerce, and Development",10400003039,154,6934,137,0,3,4,10,54.0,8.46,47.2,34.105622063949085
Connecticut,2022-04-25,"Title 8, Subtitle 68g",developers fee,zoning planning housing economic and community development,,"Industry, Commerce, and Development",10400003040,2,174,1,0,0,0,1,41.0,6.16,25.0,42.5859872611465
Connecticut,2022-04-25,"Title 8, Subtitle 72",waiting lists,zoning planning housing economic and community development,,"Industry, Commerce, and Development",10400003041,3,217,3,0,0,0,0,50.0,6.17,50.0,46.91935483870968
Connecticut,2022-04-25,"Title 8, Subtitle 79a",moderate rental housing program,zoning planning housing economic and community development,,"Industry, Commerce, and Development",10400003043,111,6906,86,15,1,0,9,44.0,8.85,28.205128205128204,37.53805012224939
Connecticut,2022-04-25,"Title 8, Subtitle 84",home ownership program,zoning planning housing economic and community development,,"Industry, Commerce, and Development",10400003044,69,3150,67,0,0,0,2,45.0,8.18,42.85714285714285,34.92240543161979
Connecticut,2022-04-25,"Title 9, Subtitle 174a",emergency contingency model plan for elections,elections,,Administration,10400003076,63,3763,61,1,0,0,1,30.0,7.89,60.97560975609756,36.10153583617748
Connecticut,2022-04-25,"Title 9, Subtitle 241",standards for approval of direct recording electronic voting machines,elections,,Administration,10400003077,165,5287,148,0,1,0,16,24.0,8.42,9.433962264150944,34.44080505130229
Connecticut,2022-04-25,"Title 9, Subtitle 242",standards for approval of marksense and punchcard voting machines,elections,,Administration,10400003078,162,5153,148,0,1,0,13,23.0,8.41,8.878504672897195,35.36372867587328
Connecticut,2022-04-25,"Title 9, Subtitle 242a",marksense voting tabulator,elections,,Administration,10400003079,277,7801,270,0,1,0,6,31.0,7.75,31.428571428571427,32.782654402102494
Connecticut,2022-04-25,"Title 9, Subtitle 32",registrars of voters canvass by mail,elections,,Administration,10400003073,39,1736,31,3,0,0,5,29.0,7.79,35.59322033898305,32.72355769230769
Connecticut,2022-04-25,"Title 9, Subtitle 333i",administration of petty cash funds,elections,,Administration,10400003080,3,153,2,0,1,0,0,49.0,5.63,66.66666666666666,30.604166666666668
Connecticut,2022-04-25,"Title 9, Subtitle 35",notice of removal and transfer on registry list,elections,,Administration,10400003074,21,930,18,2,0,0,1,46.0,7.16,25.0,33.754675467546754
Connecticut,2022-04-25,"Title 9, Subtitle 4",spanish translators,elections,,Administration,10400003071,3,184,3,0,0,0,0,59.0,5.97,33.33333333333333,34.61363636363637
Connecticut,2022-04-25,"Title 9, Subtitle 42",restoration to registry list,elections,,Administration,10400003075,18,856,17,0,0,0,1,37.0,6.73,26.08695652173913,33.17577197149644
Connecticut,2022-04-25,"Title 9, Subtitle 607",citizen s election program,elections,,Administration,10400003081,1,186,1,0,0,0,0,,5.99,,38.91954022988506
Connecticut,2022-04-25,"Title 9, Subtitle 702",citizen s election program,elections,,Administration,10400003082,1,86,1,0,0,0,0,42.0,4.88,50.0,38.63855421686747
Connecticut,2022-04-25,"Title 9, Subtitle 706",citizen s election program,elections,,Administration,10400003083,15,1519,12,0,0,0,3,35.0,7.92,50.0,43.339635854341736
Connecticut,2022-04-25,"Title 9, Subtitle 711",citizen s election program,elections,,Administration,10400003084,1,155,1,0,0,0,0,,5.32,,46.98639455782313
Connecticut,2022-04-25,"Title 9, Subtitle 712",citizen s election program,elections,,Administration,10400003085,2,184,1,0,0,0,1,58.0,5.29,0.0,45.36842105263158
Connecticut,2022-04-25,"Title 9, Subtitle 714",citizen s election program,elections,,Administration,10400003086,2,263,2,0,0,0,0,52.0,6.01,60.0,39.45736434108528
Connecticut,2022-04-25,"Title 9, Subtitle 7b",organization and rules of practice,elections,,Administration,10400003072,239,12219,208,1,1,1,28,38.0,8.76,35.714285714285715,35.48213040446304
Connecticut,2023-05-17,"Title 10a, Subtitle 169",student financial aid,state systems of higher education,,College and University,10400004341,14,883,13,0,0,0,1,24.0,7.59,11.11111111111111,38.84192037470726
Connecticut,2023-05-17,"Title 10a, Subtitle 170d",connecticut high technology graduate scholarship program,state systems of higher education,,College and University,10400004342,12,896,8,3,1,0,0,27.0,7.44,9.375,40.97596153846154
Connecticut,2023-05-17,"Title 10a, Subtitle 22k",approval of private occupational schools requiring certification,state systems of higher education,,College and University,10400004337,211,8255,190,6,0,0,15,33.0,8.83,33.06122448979592,37.825295151971865
Connecticut,2023-05-17,"Title 10a, Subtitle 22x",private occupational school student protection account,state systems of higher education,,College and University,10400004339,23,1235,16,5,0,0,2,35.0,7.57,28.57142857142857,33.78951747088186
Connecticut,2023-05-17,"Title 10a, Subtitle 34",licensure and accreditation of institutions and programs of higher learning,state systems of higher education,,College and University,10400004340,240,9051,211,5,1,0,23,25.0,8.81,12.429378531073446,42.8097645031591
Connecticut,2023-05-17,"Title 10a, Subtitle 5",organizational description and rules of practice,state systems of higher education,,College and University,10400004335,8,872,6,1,0,0,1,33.0,7.65,0.0,45.063604240282686
Connecticut,2023-05-17,"Title 10a, Subtitle 6",personal data systems,state systems of higher education,,College and University,10400004336,34,3844,28,1,0,1,4,17.0,8.55,13.953488372093023,38.87173135150014
Connecticut,2023-05-17,"Title 10a, Subtitle a",approval of private occupational schools requiring certification,state systems of higher education,,College and University,10400004338,13,604,12,0,0,0,1,100.0,6.99,33.33333333333333,39.32761578044597
Connecticut,2023-05-17,"Title 10, Subtitle 145d",standards for the issuance of a certificate for the position of school business administrator,education and culture,,Primary and Secondary Education,10400004305,1044,62474,840,2,13,0,189,55.0,8.9,30.672645739910315,41.519705260330994
Connecticut,2023-05-17,"Title 10, Subtitle 145g",reports of child abuse by a certified school employee,education and culture,,Primary and Secondary Education,10400004306,1,144,1,0,0,0,0,70.0,5.34,50.0,39.28888888888889
Connecticut,2023-05-17,"Title 10, Subtitle 153e",school board teacher negotiations,education and culture,,Primary and Secondary Education,10400004307,156,5598,144,1,0,9,2,34.0,8.39,33.54430379746836,31.565624414903574
Connecticut,2023-05-17,"Title 10, Subtitle 153f",impartial arbitrator selection,education and culture,,Primary and Secondary Education,10400004308,56,2244,38,12,0,0,6,26.0,8.06,15.476190476190476,43.44485981308412
Connecticut,2023-05-17,"Title 10, Subtitle 17h",programs of bilingual education,education and culture,,Primary and Secondary Education,10400004292,128,4062,82,1,0,0,45,35.0,7.76,31.30434782608696,35.77962577962578
Connecticut,2023-05-17,"Title 10, Subtitle 183aa",eligibility and determination of benefits under the teachers retirement board,education and culture,,Primary and Secondary Education,10400004309,3,150,1,0,0,0,2,50.0,5.36,0.0,33.95862068965517
Connecticut,2023-05-17,"Title 10, Subtitle 183l",eligibility and determination of benefits under the teachers retirement system,education and culture,,Primary and Secondary Education,10400004310,194,12672,168,8,2,0,16,29.0,9.09,24.193548387096776,33.32101372756072
Connecticut,2023-05-17,"Title 10, Subtitle 19m",the youth service bureau grant program,education and culture,,Primary and Secondary Education,10400004293,45,2009,43,0,1,0,1,30.0,8.1,15.625,39.74375332270069
Connecticut,2023-05-17,"Title 10, Subtitle 204a",school immunizations requirements,education and culture,,Primary and Secondary Education,10400004311,31,2167,26,4,0,0,1,49.0,7.53,45.45454545454545,37.07749627421759
Connecticut,2023-05-17,"Title 10, Subtitle 212",school nurses and nurse practitioners,education and culture,,Primary and Secondary Education,10400004312,10,724,9,0,0,0,1,62.0,7.01,27.27272727272727,37.84931506849315
Connecticut,2023-05-17,"Title 10, Subtitle 212a",administration of medication by school personnel and administration of medication during before and after school programs and school readiness programs,education and culture,,Primary and Secondary Education,10400004313,110,7238,96,3,2,0,9,85.0,8.2,61.44578313253012,40.65063731170336
Connecticut,2023-05-17,"Title 10, Subtitle 214",vision audiometric and postural screenings,education and culture,,Primary and Secondary Education,10400004314,41,1292,39,0,0,0,2,27.0,7.81,8.51063829787234,36.88487394957984
Connecticut,2023-05-17,"Title 10, Subtitle 214a",use of eye protective devices in schools,education and culture,,Primary and Secondary Education,10400004315,17,607,13,0,0,0,4,66.0,7.3,33.33333333333333,35.83876500857633
Connecticut,2023-05-17,"Title 10, Subtitle 215b",child feeding programs,education and culture,,Primary and Secondary Education,10400004316,3,183,3,0,0,0,0,36.0,5.52,0.0,29.491525423728813
Connecticut,2023-05-17,"Title 10, Subtitle 215d",nutrition standards for breakfasts and lunches,education and culture,,Primary and Secondary Education,10400004317,13,417,13,0,0,0,0,34.0,6.49,0.0,28.122194513715712
Connecticut,2023-05-17,"Title 10, Subtitle 220a",cooperating teacher and beginning educator support and assessment programs,education and culture,,Primary and Secondary Education,10400004318,84,4630,77,1,0,0,6,49.0,8.05,38.70967741935484,41.94010358027472
Connecticut,2023-05-17,"Title 10, Subtitle 226e",regulations to implement the racial imbalance law,education and culture,,Primary and Secondary Education,10400004319,46,2377,43,0,0,0,3,37.0,7.67,23.809523809523807,37.37104677060134
Connecticut,2023-05-17,"Title 10, Subtitle 261b",penalties and the waiver of penalties for failure to comply with certain state reporting requirements,education and culture,,Primary and Secondary Education,10400004320,17,465,7,3,0,0,7,51.0,6.87,33.33333333333333,31.80709534368071
Connecticut,2023-05-17,"Title 10, Subtitle 287c",school construction grants,education and culture,,Primary and Secondary Education,10400004321,82,4727,78,0,1,1,2,42.0,8.61,39.09090909090909,38.20013568521031
Connecticut,2023-05-17,"Title 10, Subtitle 293",agency organization practice and procedure,education and culture,,Primary and Secondary Education,10400004322,124,9136,116,2,0,0,6,38.0,9.12,24.57627118644068,36.9683734939759
Connecticut,2023-05-17,"Title 10, Subtitle 295",program for deaf blind adults,education and culture,,Primary and Secondary Education,10400004323,72,5628,58,7,1,0,6,31.0,8.95,27.11864406779661,36.43980117820324
Connecticut,2023-05-17,"Title 10, Subtitle 300a",labeling of goods made by blind persons,education and culture,,Primary and Secondary Education,10400004324,13,601,11,0,0,0,2,31.0,6.85,31.57894736842105,36.18165784832451
Connecticut,2023-05-17,"Title 10, Subtitle 303",vending facilities in public buildings,education and culture,,Primary and Secondary Education,10400004325,174,10934,155,9,1,0,9,51.0,9.15,29.85781990521327,35.12722035525684
Connecticut,2023-05-17,"Title 10, Subtitle 306",vocational rehabilitation services,education and culture,,Primary and Secondary Education,10400004303,144,11971,127,1,2,0,14,39.0,8.9,27.302631578947366,46.203152060962935
Connecticut,2023-05-17,"Title 10, Subtitle 308",vocational rehabilitation services,education and culture,,Primary and Secondary Education,10400004304,20,984,16,0,3,0,1,81.0,7.04,,44.23486430062631
Connecticut,2023-05-17,"Title 10, Subtitle 320j",historic homes rehabilitation tax credit,education and culture,,Primary and Secondary Education,10400004326,115,3114,107,1,0,0,7,29.0,7.44,35.57692307692308,38.46415222562012
Connecticut,2023-05-17,"Title 10, Subtitle 321",course and method of operation,education and culture,,Primary and Secondary Education,10400004327,37,1457,37,0,0,0,0,35.0,7.94,12.195121951219512,39.32434350603265
Connecticut,2023-05-17,"Title 10, Subtitle 324",categories of planning,education and culture,,Primary and Secondary Education,10400004328,4,272,4,0,0,0,0,42.0,6.26,0.0,44.11206896551724
Connecticut,2023-05-17,"Title 10, Subtitle 369",agency description and functions,education and culture,,Primary and Secondary Education,10400004329,16,1781,10,2,0,1,3,30.0,8.71,13.79310344827586,38.78922716627635
Connecticut,2023-05-17,"Title 10, Subtitle 384",state archaeological preserves,education and culture,,Primary and Secondary Education,10400004330,18,712,17,1,0,0,0,35.0,6.93,15.0,45.671575846833576
Connecticut,2023-05-17,"Title 10, Subtitle 386",archaeological permits,education and culture,,Primary and Secondary Education,10400004331,33,1232,28,1,0,0,4,36.0,7.63,41.17647058823529,45.65410385259632
Connecticut,2023-05-17,"Title 10, Subtitle 392",organization and rules of practice,education and culture,,Primary and Secondary Education,10400004332,131,7124,115,2,0,1,13,29.0,8.77,24.896265560165972,37.37183428487776
Connecticut,2023-05-17,"Title 10, Subtitle 3a",description of organization,education and culture,,Primary and Secondary Education,10400004288,0,512,0,0,0,0,0,28.0,6.79,5.555555555555555,44.6040404040404
Connecticut,2023-05-17,"Title 10, Subtitle 4",organization description rules of practice public inspection,education and culture,,Primary and Secondary Education,10400004289,128,12161,120,1,0,0,7,18.0,8.9,9.876543209876544,38.51492856531782
Connecticut,2023-05-17,"Title 10, Subtitle 416a",historic structures rehabilitation tax credits,education and culture,,Primary and Secondary Education,10400004333,171,6490,156,1,0,0,14,37.0,8.19,37.2093023255814,40.04711787564767
Connecticut,2023-05-17,"Title 10, Subtitle 416b",historic preservation tax credit,education and culture,,Primary and Secondary Education,10400004334,173,6542,158,1,0,0,14,38.0,8.24,37.8698224852071,39.98151422600868
Connecticut,2023-05-17,"Title 10, Subtitle 4b",procedures to implement section 10 4b of the connecticut general statutes as amended by pa 79 128 section 14,education and culture,,Primary and Secondary Education,10400004290,41,2598,41,0,0,0,0,35.0,7.64,41.0958904109589,34.394951140065146
Connecticut,2023-05-17,"Title 10, Subtitle 64",operating vocational agriculture programs,education and culture,,Primary and Secondary Education,10400004294,4,89,4,0,0,0,0,20.0,5.4,0.0,35.72289156626506
Connecticut,2023-05-17,"Title 10, Subtitle 65",operating vocational agriculture programs procedure,education and culture,,Primary and Secondary Education,10400004295,25,737,24,1,0,0,0,24.0,7.22,13.79310344827586,39.88936170212766
Connecticut,2023-05-17,"Title 10, Subtitle 66j",standards for the review and approval of regional educational service centers,education and culture,,Primary and Secondary Education,10400004296,23,829,22,0,0,0,1,43.0,7.07,21.052631578947366,36.224935732647815
Connecticut,2023-05-17,"Title 10, Subtitle 66mm",operation of a charter school,education and culture,,Primary and Secondary Education,10400004297,22,1028,22,0,0,0,0,34.0,6.92,16.666666666666664,39.10478128179044
Connecticut,2023-05-17,"Title 10, Subtitle 76a",children requiring special education,education and culture,,Primary and Secondary Education,10400004298,7,1048,6,0,0,0,1,37.0,7.43,22.22222222222222,38.30520833333333
Connecticut,2023-05-17,"Title 10, Subtitle 76b",children requiring special education,education and culture,,Primary and Secondary Education,10400004299,49,2869,44,0,0,0,5,48.0,7.82,44.82758620689656,34.96095526914329
Connecticut,2023-05-17,"Title 10, Subtitle 76d",children requiring special education,education and culture,,Primary and Secondary Education,10400004300,239,9738,217,0,0,0,22,37.0,8.35,36.25954198473282,36.57160990057119
Connecticut,2023-05-17,"Title 10, Subtitle 76h",children requiring special education,education and culture,,Primary and Secondary Education,10400004301,168,6898,163,0,0,1,4,32.0,8.34,31.100478468899524,32.612666566851324
Connecticut,2023-05-17,"Title 10, Subtitle 8a",exemption of educational institutions from licensing requirements by the department of children and youth services,education and culture,,Primary and Secondary Education,10400004291,77,3112,77,0,0,0,0,42.0,8.05,31.944444444444443,36.82196842458851
Connecticut,2023-05-17,"Title 10, Subtitle 94j",appointment of surrogate parents,education and culture,,Primary and Secondary Education,10400004302,27,1296,27,0,0,0,0,70.0,7.15,66.66666666666666,35.28768233387358
Connecticut,2023-05-17,"Title 11, Subtitle 1",minimum standards for principal public libraries and procedures for naming such libraries,libraries,,"Culture, Recreation, and the Arts",10400004343,0,13,0,0,0,0,0,9.0,2.86,0.0,64.0
Connecticut,2023-05-17,"Title 11, Subtitle 10b",minimum standards for the tier system of state law libraries,libraries,,"Culture, Recreation, and the Arts",10400004346,8,1056,8,0,0,0,0,,7.59,0.0,38.95960591133005
Connecticut,2023-05-17,"Title 11, Subtitle 24",grants to public libraries,libraries,,"Culture, Recreation, and the Arts",10400004347,9,268,7,0,0,0,2,43.0,5.78,0.0,31.770750988142293
Connecticut,2023-05-17,"Title 11, Subtitle 24b",state grant payment,libraries,,"Culture, Recreation, and the Arts",10400004348,26,1178,24,2,0,0,0,43.0,7.37,11.11111111111111,33.604524886877826
Connecticut,2023-05-17,"Title 11, Subtitle 24d",administration of library automation grants,libraries,,"Culture, Recreation, and the Arts",10400004349,19,1996,13,6,0,0,0,28.0,7.96,19.718309859154928,39.9768875192604
Connecticut,2023-05-17,"Title 11, Subtitle 26",certificates for head librarians of public libraries,libraries,,"Culture, Recreation, and the Arts",10400004350,11,704,8,0,1,0,2,36.0,6.82,31.57894736842105,36.84558823529412
Connecticut,2023-05-17,"Title 11, Subtitle 31c",procedures to govern the administration of the connecticard program,libraries,,"Culture, Recreation, and the Arts",10400004351,36,2005,28,4,1,0,3,28.0,7.35,30.985915492957744,33.76322547508988
Connecticut,2023-05-17,"Title 11, Subtitle 8",standard for fire resistive vaults and safes,libraries,,"Culture, Recreation, and the Arts",10400004344,135,4226,117,6,0,0,12,24.0,8.64,17.441860465116278,32.9675390035229
Connecticut,2023-05-17,"Title 11, Subtitle 8a",transferring archival records from the state library,libraries,,"Culture, Recreation, and the Arts",10400004345,18,936,16,2,0,0,0,23.0,7.38,21.951219512195124,41.03307607497244
Connecticut,2023-05-17,"Title 12, Subtitle 107d",policies and standards for evaluating land proposed for classification as forest land,taxation,,Taxes and Public Finance,10400004370,59,4168,52,0,2,0,5,56.0,8.22,42.465753424657535,35.2301848569258
Connecticut,2023-05-17,"Title 12, Subtitle 120",penalties and the waiver of penalties for failure to comply with certain state reporting requirements,taxation,,Taxes and Public Finance,10400004360,14,466,7,3,0,0,4,51.0,6.92,33.33333333333333,31.07300884955752
Connecticut,2023-05-17,"Title 12, Subtitle 129b",penalties and the waiver of penalties regarding certain elderly total disability tax relief programs,taxation,,Taxes and Public Finance,10400004367,14,527,7,3,0,0,4,58.0,7.04,33.33333333333333,32.25925925925926
Connecticut,2023-05-17,"Title 12, Subtitle 129d",penalties and the waiver of penalties regarding certain elderly total disability tax relief programs,taxation,,Taxes and Public Finance,10400004368,14,532,7,3,0,0,4,52.0,7.05,30.0,32.7027027027027
Connecticut,2023-05-17,"Title 12, Subtitle 130a",certification of assessors and tax collectors,taxation,,Taxes and Public Finance,10400004362,78,2322,72,0,1,0,5,29.0,7.7,18.181818181818183,39.36458807464725
Connecticut,2023-05-17,"Title 12, Subtitle 170aa",reimbursement to municipalities for tax reductions to elderly homeowners,taxation,,Taxes and Public Finance,10400004371,27,950,19,2,0,0,6,49.0,7.29,21.052631578947366,34.42265795206972
Connecticut,2023-05-17,"Title 12, Subtitle 170f",penalties and the waiver of penalties regarding certain elderly total disability tax relief programs,taxation,,Taxes and Public Finance,10400004369,14,523,7,3,0,0,4,57.0,7.03,33.33333333333333,32.080550098231825
Connecticut,2023-05-17,"Title 12, Subtitle 19b",penalties and the waiver of penalties for failure to comply with certain state reporting requirements,taxation,,Taxes and Public Finance,10400004358,14,465,7,3,0,0,4,51.0,6.88,33.33333333333333,31.082039911308204
Connecticut,2023-05-17,"Title 12, Subtitle 1b",certification of revaluation companies and their employees,taxation,,Taxes and Public Finance,10400004354,3,190,2,1,0,0,0,62.0,6.29,66.66666666666666,35.25136612021858
Connecticut,2023-05-17,"Title 12, Subtitle 2",description conferences and hearings procedure for requesting the promulgation amendment or repeal of a regulation petition for declaratory ruling regulations and forms,taxation,,Taxes and Public Finance,10400004352,78,4938,42,9,0,0,27,32.0,8.76,30.0,36.90170490423069
Connecticut,2023-05-17,"Title 12, Subtitle 204c",estimated tax payments for short years,taxation,,Taxes and Public Finance,10400004372,17,338,1,0,0,0,16,26.0,5.78,0.0,31.52068965517241
Connecticut,2023-05-17,"Title 12, Subtitle 20b",penalties and the waiver of penalties for failure to comply with certain state reporting requirements,taxation,,Taxes and Public Finance,10400004359,14,468,7,3,0,0,4,51.0,6.87,33.33333333333333,32.11233480176212
Connecticut,2023-05-17,"Title 12, Subtitle 213",corporation business tax,taxation,,Taxes and Public Finance,10400004373,9,543,3,0,0,1,5,59.0,6.99,22.22222222222222,34.211350293542075
Connecticut,2023-05-17,"Title 12, Subtitle 214",corporation business tax,taxation,,Taxes and Public Finance,10400004374,34,2510,26,0,0,0,8,50.0,7.56,36.734693877551024,32.60589239965841
Connecticut,2023-05-17,"Title 12, Subtitle 217",corporation business tax,taxation,,Taxes and Public Finance,10400004375,2,87,0,0,0,0,2,42.0,4.68,0.0,28.71951219512195
Connecticut,2023-05-17,"Title 12, Subtitle 217g",corporate tax credit in the machine tool and metal trade apprenticeships,taxation,,Taxes and Public Finance,10400004383,10,1314,1,5,1,0,3,30.0,7.82,9.523809523809524,39.65962632006499
Connecticut,2023-05-17,"Title 12, Subtitle 217jj",film production tax credit program,taxation,,Taxes and Public Finance,10400004384,82,4246,74,6,0,0,2,52.0,8.31,27.500000000000004,38.13254823352543
Connecticut,2023-05-17,"Title 12, Subtitle 217kk",film and digital media infrastructure tax credit program,taxation,,Taxes and Public Finance,10400004385,87,4377,75,5,1,0,6,47.0,8.11,25.274725274725277,39.91819941916747
Connecticut,2023-05-17,"Title 12, Subtitle 217ll",digital animation production company tax credit program,taxation,,Taxes and Public Finance,10400004386,70,3186,63,5,0,0,2,49.0,7.9,23.809523809523807,39.09791597750579
Connecticut,2023-05-17,"Title 12, Subtitle 217s",the traffic reduction tax credit program,taxation,,Taxes and Public Finance,10400004387,23,1939,22,0,0,0,1,48.0,7.67,33.33333333333333,37.91226096737908
Connecticut,2023-05-17,"Title 12, Subtitle 217y",hiring incentive tax credit program,taxation,,Taxes and Public Finance,10400004388,27,2228,24,1,0,0,2,52.0,7.85,52.38095238095239,34.56987724268178
Connecticut,2023-05-17,"Title 12, Subtitle 218",corporation business tax,taxation,,Taxes and Public Finance,10400004376,8,738,8,0,0,0,0,39.0,6.58,73.68421052631578,30.97087378640777
Connecticut,2023-05-17,"Title 12, Subtitle 219a",corporation business tax,taxation,,Taxes and Public Finance,10400004377,2,275,2,0,0,0,0,34.0,6.13,50.0,30.55925925925926
Connecticut,2023-05-17,"Title 12, Subtitle 221a",corporation business tax alternate method of apportionment under section 12 221a,taxation,,Taxes and Public Finance,10400004389,8,1071,5,2,0,0,1,34.0,7.16,54.83870967741935,39.73062015503876
Connecticut,2023-05-17,"Title 12, Subtitle 223a",corporation business tax,taxation,,Taxes and Public Finance,10400004378,8,891,8,0,0,0,0,63.0,6.19,35.714285714285715,28.48134328358209
Connecticut,2023-05-17,"Title 12, Subtitle 225",corporation business tax,taxation,,Taxes and Public Finance,10400004379,17,1062,14,0,0,2,1,37.0,7.03,21.428571428571427,34.306042884990255
Connecticut,2023-05-17,"Title 12, Subtitle 226a",corporation business tax adjustments by the commissioner under section 12 226a,taxation,,Taxes and Public Finance,10400004390,17,2491,12,1,1,0,3,31.0,7.88,31.64556962025317,35.92798353909465
Connecticut,2023-05-17,"Title 12, Subtitle 242",corporation business tax,taxation,,Taxes and Public Finance,10400004380,2,168,2,0,0,0,0,80.0,5.93,50.0,38.05128205128205
Connecticut,2023-05-17,"Title 12, Subtitle 242b",corporation business tax,taxation,,Taxes and Public Finance,10400004381,0,19,0,0,0,0,0,6.0,3.57,0.0,40.8
Connecticut,2023-05-17,"Title 12, Subtitle 242d",corporation business tax,taxation,,Taxes and Public Finance,10400004382,18,414,0,0,0,0,18,19.0,6.37,0.0,33.36914600550964
Connecticut,2023-05-17,"Title 12, Subtitle 289",cigarette tax,taxation,,Taxes and Public Finance,10400004391,16,594,7,0,0,0,9,26.0,6.12,36.36363636363637,31.75618374558304
Connecticut,2023-05-17,"Title 12, Subtitle 293a",cigarette tax,taxation,,Taxes and Public Finance,10400004392,10,351,6,0,0,0,4,56.0,6.2,,37.69592476489028
Connecticut,2023-05-17,"Title 12, Subtitle 2b",certification of revaluation companies and their employees,taxation,,Taxes and Public Finance,10400004353,95,3350,88,2,0,0,5,29.0,8.08,17.543859649122805,38.60841323847819
Connecticut,2023-05-17,"Title 12, Subtitle 300",cigarette tax,taxation,,Taxes and Public Finance,10400004393,15,638,13,0,2,0,0,79.0,5.89,,32.16693679092383
Connecticut,2023-05-17,"Title 12, Subtitle 302",cigarette tax,taxation,,Taxes and Public Finance,10400004394,2,39,2,0,0,0,0,18.0,4.06,0.0,35.30555555555556
Connecticut,2023-05-17,"Title 12, Subtitle 303",cigarette tax,taxation,,Taxes and Public Finance,10400004395,2,39,2,0,0,0,0,18.0,4.06,0.0,25.86111111111111
Connecticut,2023-05-17,"Title 12, Subtitle 313",cigarette taxes,taxation,,Taxes and Public Finance,10400004397,65,2700,48,0,2,0,15,50.0,7.75,34.61538461538461,34.598668754894284
Connecticut,2023-05-17,"Title 12, Subtitle 314a",cigarette tax,taxation,,Taxes and Public Finance,10400004396,6,384,6,0,0,0,0,64.0,6.21,,36.73458445040215
Connecticut,2023-05-17,"Title 12, Subtitle 330n",regulations required under 2000 conn pub acts 208,taxation,,Taxes and Public Finance,10400004398,27,857,17,0,0,0,10,35.0,6.71,17.391304347826086,32.97457627118644
Connecticut,2023-05-17,"Title 12, Subtitle 341b",value of taxable reversionary interest,taxation,,Taxes and Public Finance,10400004399,1,99,1,0,0,0,0,48.0,5.13,0.0,27.445652173913043
Connecticut,2023-05-17,"Title 12, Subtitle 359",succession tax,taxation,,Taxes and Public Finance,10400004400,1,193,1,0,0,0,0,,5.51,,26.26063829787234
Connecticut,2023-05-17,"Title 12, Subtitle 364",release of succession tax liens,taxation,,Taxes and Public Finance,10400004401,2,469,2,0,0,0,0,57.0,6.38,37.5,30.72429906542056
Connecticut,2023-05-17,"Title 12, Subtitle 366",release of succession tax liens,taxation,,Taxes and Public Finance,10400004402,2,225,2,0,0,0,0,45.0,5.85,40.0,29.23744292237443
Connecticut,2023-05-17,"Title 12, Subtitle 382",requirements for consents to transfer,taxation,,Taxes and Public Finance,10400004403,1,144,0,0,0,0,1,,5.89,,34.10144927536232
Connecticut,2023-05-17,"Title 12, Subtitle 398",release of estate tax liens,taxation,,Taxes and Public Finance,10400004404,2,191,2,0,0,0,0,38.0,5.65,40.0,28.53072625698324
Connecticut,2023-05-17,"Title 12, Subtitle 3a",waiver of certain penalties,taxation,,Taxes and Public Finance,10400004355,1,659,0,0,0,0,1,44.0,6.57,,32.2328125
Connecticut,2023-05-17,"Title 12, Subtitle 3b",guidelines for the abatement of taxes,taxation,,Taxes and Public Finance,10400004356,9,265,9,0,0,0,0,24.0,5.97,27.27272727272727,35.431372549019606
Connecticut,2023-05-17,"Title 12, Subtitle 407",enumerated services,taxation,,Taxes and Public Finance,10400004405,87,17426,81,1,2,0,3,33.0,8.56,45.55765595463138,36.81671302598095
Connecticut,2023-05-17,"Title 12, Subtitle 408",worthless accounts receivable,taxation,,Taxes and Public Finance,10400004408,3,376,2,1,0,0,0,41.0,6.33,22.22222222222222,29.88515406162465
Connecticut,2023-05-17,"Title 12, Subtitle 40a",certification of assessors and tax collectors,taxation,,Taxes and Public Finance,10400004361,94,2603,89,0,0,0,5,30.0,7.79,19.54022988505747,37.8640350877193
Connecticut,2023-05-17,"Title 12, Subtitle 410",enumerated services,taxation,,Taxes and Public Finance,10400004406,12,1243,4,0,7,0,1,45.0,6.46,48.14814814814815,34.64928511354079
Connecticut,2023-05-17,"Title 12, Subtitle 411",enumerated services,taxation,,Taxes and Public Finance,10400004407,1,46,1,0,0,0,0,15.0,4.44,0.0,28.92105263157895
Connecticut,2023-05-17,"Title 12, Subtitle 412",manufacturing,taxation,,Taxes and Public Finance,10400004409,61,8367,17,6,5,0,33,33.0,8.49,32.015810276679844,35.654120541205415
Connecticut,2023-05-17,"Title 12, Subtitle 426",sales and use tax,taxation,,Taxes and Public Finance,10400004410,135,15085,112,15,3,0,5,29.0,9.53,29.35420743639921,33.49379366479007
Connecticut,2023-05-17,"Title 12, Subtitle 431",presumed total purchase price of motor vehicle purchased other than from motor vehicle dealer,taxation,,Taxes and Public Finance,10400004411,1,293,0,0,0,0,1,18.0,5.94,0.0,33.869565217391305
Connecticut,2023-05-17,"Title 12, Subtitle 449",alcoholic beverages taxes,taxation,,Taxes and Public Finance,10400004412,43,1804,35,5,1,0,2,31.0,6.91,19.642857142857142,35.95285798467884
Connecticut,2023-05-17,"Title 12, Subtitle 455a",tables of equivalents for natural gas and propane for motor vehicle fuels tax purposes,taxation,,Taxes and Public Finance,10400004413,2,406,1,0,0,0,1,36.0,6.67,27.27272727272727,34.199438202247194
Connecticut,2023-05-17,"Title 12, Subtitle 480",motor carrier road tax,taxation,,Taxes and Public Finance,10400004414,17,559,13,0,0,0,4,79.0,6.05,,26.10575139146568
Connecticut,2023-05-17,"Title 12, Subtitle 484",motor carrier road tax,taxation,,Taxes and Public Finance,10400004415,4,192,3,0,0,0,1,37.0,5.93,40.0,30.97222222222222
Connecticut,2023-05-17,"Title 12, Subtitle 493",excise taxes,taxation,,Taxes and Public Finance,10400004416,0,95,0,0,0,0,0,45.0,5.0,0.0,38.04651162790697
Connecticut,2023-05-17,"Title 12, Subtitle 494",real estate conveyance tax,taxation,,Taxes and Public Finance,10400004417,3,1107,0,3,0,0,0,25.0,7.35,27.27272727272727,30.597701149425287
Connecticut,2023-05-17,"Title 12, Subtitle 562",administrative procedures,taxation,,Taxes and Public Finance,10400004418,186,12084,173,1,0,0,12,27.0,9.03,20.588235294117645,36.007920619723215
Connecticut,2023-05-17,"Title 12, Subtitle 568a",operation of lottery,taxation,,Taxes and Public Finance,10400004419,320,13061,298,0,1,2,19,25.0,9.02,17.227722772277225,36.36121491611672
Connecticut,2023-05-17,"Title 12, Subtitle 571",operation of off track betting,taxation,,Taxes and Public Finance,10400004420,0,23,0,0,0,0,0,5.0,2.92,0.0,33.4
Connecticut,2023-05-17,"Title 12, Subtitle 574",the operation of thoroughbred racing except as noted,taxation,,Taxes and Public Finance,10400004421,4037,146056,3474,296,12,77,178,23.0,10.07,23.345876450297897,32.041064921752685
Connecticut,2023-05-17,"Title 12, Subtitle 578",licensing and disclosure regulations,taxation,,Taxes and Public Finance,10400004423,1,32,1,0,0,0,0,14.0,3.79,0.0,42.96296296296296
Connecticut,2023-05-17,"Title 12, Subtitle 584",licensing and disclosure,taxation,,Taxes and Public Finance,10400004422,11,807,10,1,0,0,0,44.0,7.23,61.11111111111112,34.36409608091024
Connecticut,2023-05-17,"Title 12, Subtitle 585",licensing and disclosure regulations,taxation,,Taxes and Public Finance,10400004424,5,292,5,0,0,0,0,41.0,6.37,28.57142857142857,35.982394366197184
Connecticut,2023-05-17,"Title 12, Subtitle 602",petroleum company gross earnings tax,taxation,,Taxes and Public Finance,10400004425,3,850,3,0,0,0,0,37.0,7.93,17.391304347826086,34.51906519065191
Connecticut,2023-05-17,"Title 12, Subtitle 62f",minimum standards for computer assisted mass appraisal,taxation,,Taxes and Public Finance,10400004363,42,2680,33,0,0,0,9,66.0,8.61,10.256410256410255,36.59312210200928
Connecticut,2023-05-17,"Title 12, Subtitle 62i",performance based revaluation testing standards and certification of revaluations performed by towns,taxation,,Taxes and Public Finance,10400004364,61,3277,58,0,0,0,3,45.0,8.38,36.61971830985916,34.50859872611465
Connecticut,2023-05-17,"Title 12, Subtitle 638",neighborhood assistance act,taxation,,Taxes and Public Finance,10400004426,18,953,9,5,0,0,4,38.0,6.89,16.666666666666664,35.31450719822813
Connecticut,2023-05-17,"Title 12, Subtitle 666",credit for worthless accounts receivable for the tourism account surcharge,taxation,,Taxes and Public Finance,10400004427,1,320,0,1,0,0,0,45.0,6.24,28.57142857142857,32.619354838709675
Connecticut,2023-05-17,"Title 12, Subtitle 689",electronic funds transfer,taxation,,Taxes and Public Finance,10400004428,31,1749,25,1,0,0,5,32.0,7.17,27.77777777777778,32.33990442054958
Connecticut,2023-05-17,"Title 12, Subtitle 690",electronic filing of documents,taxation,,Taxes and Public Finance,10400004429,33,1338,19,0,0,0,14,40.0,6.69,48.48484848484848,34.724244771494966
Connecticut,2023-05-17,"Title 12, Subtitle 700",income tax,taxation,,Taxes and Public Finance,10400004434,11,2304,4,0,0,0,7,43.0,6.93,23.52941176470588,32.31930333817126
Connecticut,2023-05-17,"Title 12, Subtitle 701",income tax,taxation,,Taxes and Public Finance,10400004431,103,15001,59,0,6,22,16,19.0,8.43,19.318181818181817,34.25168397417906
Connecticut,2023-05-17,"Title 12, Subtitle 702",income tax,taxation,,Taxes and Public Finance,10400004439,59,3181,49,0,0,0,10,37.0,6.71,54.761904761904766,33.6961398878258
Connecticut,2023-05-17,"Title 12, Subtitle 704",income tax,taxation,,Taxes and Public Finance,10400004440,29,3832,19,0,0,0,10,51.0,7.2,52.05479452054794,32.76384180790961
Connecticut,2023-05-17,"Title 12, Subtitle 705",income tax,taxation,,Taxes and Public Finance,10400004444,228,11061,137,0,2,0,89,41.0,8.21,40.44943820224719,31.96213473644649
Connecticut,2023-05-17,"Title 12, Subtitle 706",income tax,taxation,,Taxes and Public Finance,10400004445,7,712,5,0,0,0,2,87.0,6.29,,29.73777777777778
Connecticut,2023-05-17,"Title 12, Subtitle 707",income tax,taxation,,Taxes and Public Finance,10400004446,65,2583,40,0,0,0,25,55.0,7.41,65.21739130434783,30.47020672882043
Connecticut,2023-05-17,"Title 12, Subtitle 708",income tax,taxation,,Taxes and Public Finance,10400004459,55,4236,40,0,1,0,14,5.0,7.27,4.822043628013777,33.668549422336326
Connecticut,2023-05-17,"Title 12, Subtitle 711",income tax,taxation,,Taxes and Public Finance,10400004432,66,14710,51,0,5,1,9,43.0,8.55,39.94082840236686,35.44575182270988
Connecticut,2023-05-17,"Title 12, Subtitle 712",income tax,taxation,,Taxes and Public Finance,10400004433,4,914,2,0,0,0,2,69.0,6.57,23.07692307692308,37.91958041958042
Connecticut,2023-05-17,"Title 12, Subtitle 713",income tax,taxation,,Taxes and Public Finance,10400004436,2,732,2,0,0,0,0,60.0,6.04,50.0,32.853073463268366
Connecticut,2023-05-17,"Title 12, Subtitle 714",income tax,taxation,,Taxes and Public Finance,10400004437,2,479,1,0,0,0,1,39.0,6.06,33.33333333333333,34.41280353200883
Connecticut,2023-05-17,"Title 12, Subtitle 715",income tax,taxation,,Taxes and Public Finance,10400004441,17,2255,14,0,0,0,3,59.0,6.76,55.26315789473685,33.791840519239685
Connecticut,2023-05-17,"Title 12, Subtitle 716",income tax,taxation,,Taxes and Public Finance,10400004438,16,1899,8,0,0,0,8,14.0,7.17,9.30232558139535,35.873993095512084
Connecticut,2023-05-17,"Title 12, Subtitle 717",income tax,taxation,,Taxes and Public Finance,10400004435,74,7009,57,0,0,0,17,18.0,7.77,17.50663129973475,34.13372889091739
Connecticut,2023-05-17,"Title 12, Subtitle 722",income tax,taxation,,Taxes and Public Finance,10400004443,65,2343,26,0,0,0,39,35.0,7.01,30.76923076923077,31.758317929759706
Connecticut,2023-05-17,"Title 12, Subtitle 723",income tax,taxation,,Taxes and Public Finance,10400004447,37,2544,32,0,0,0,5,37.0,7.34,52.94117647058824,29.80796060730406
Connecticut,2023-05-17,"Title 12, Subtitle 725",income tax,taxation,,Taxes and Public Finance,10400004448,38,2246,25,0,2,0,11,33.0,7.57,38.23529411764706,33.77176364456473
Connecticut,2023-05-17,"Title 12, Subtitle 726",income tax,taxation,,Taxes and Public Finance,10400004442,10,829,6,0,0,0,4,74.0,6.08,18.181818181818183,33.88197146562905
Connecticut,2023-05-17,"Title 12, Subtitle 727",income tax,taxation,,Taxes and Public Finance,10400004449,42,3314,28,0,1,0,13,68.0,7.36,,33.4743508549715
Connecticut,2023-05-17,"Title 12, Subtitle 728",income tax,taxation,,Taxes and Public Finance,10400004450,13,601,9,0,1,0,3,45.0,6.58,30.76923076923077,31.93895870736086
Connecticut,2023-05-17,"Title 12, Subtitle 731",income tax,taxation,,Taxes and Public Finance,10400004451,4,360,3,0,0,0,1,44.0,6.48,37.5,34.61224489795919
Connecticut,2023-05-17,"Title 12, Subtitle 732",income tax,taxation,,Taxes and Public Finance,10400004452,22,2986,16,0,1,0,5,45.0,7.26,65.625,31.03713141609028
Connecticut,2023-05-17,"Title 12, Subtitle 733",income tax,taxation,,Taxes and Public Finance,10400004453,6,557,3,0,0,0,3,68.0,6.49,75.0,29.8639846743295
Connecticut,2023-05-17,"Title 12, Subtitle 734",income tax,taxation,,Taxes and Public Finance,10400004454,2,198,2,0,0,0,0,64.0,5.75,0.0,26.063492063492063
Connecticut,2023-05-17,"Title 12, Subtitle 735",income tax,taxation,,Taxes and Public Finance,10400004455,25,1365,16,0,0,0,9,53.0,7.04,64.0,28.50079239302694
Connecticut,2023-05-17,"Title 12, Subtitle 736",income tax,taxation,,Taxes and Public Finance,10400004456,11,938,4,0,3,0,4,33.0,7.04,25.0,33.77903043968433
Connecticut,2023-05-17,"Title 12, Subtitle 739",income tax,taxation,,Taxes and Public Finance,10400004457,45,3430,14,1,2,0,28,77.0,7.2,54.54545454545454,33.534386617100374
Connecticut,2023-05-17,"Title 12, Subtitle 740",income tax,taxation,,Taxes and Public Finance,10400004430,68,5948,40,3,3,0,22,14.0,7.8,12.590799031477,33.993883792048926
Connecticut,2023-05-17,"Title 12, Subtitle 742",income tax,taxation,,Taxes and Public Finance,10400004458,3,232,3,0,0,0,0,57.0,5.87,25.0,37.84403669724771
Connecticut,2023-05-17,"Title 12, Subtitle 81g",additional veterans exemption eligibility and state reimbursement procedures,taxation,,Taxes and Public Finance,10400004365,40,1540,30,3,0,0,7,43.0,7.77,14.285714285714285,36.34307065217392
Connecticut,2023-05-17,"Title 12, Subtitle 865",online casino gaming retail and online sports wagering fantasy contests keno and online sale of lottery tickets,taxation,,Taxes and Public Finance,10400004460,986,44318,863,2,5,39,77,35.0,9.53,33.8748984565394,37.67690371889272
Connecticut,2023-05-17,"Title 12, Subtitle 9",penalties and the waiver of penalties for failure to comply with certain state reporting requirements,taxation,,Taxes and Public Finance,10400004357,14,457,7,3,0,0,4,50.0,6.88,33.33333333333333,31.372460496614
Connecticut,2023-05-17,"Title 12, Subtitle 94a",penalties and the waiver of penalties regarding certain elderly total disability tax relief programs,taxation,,Taxes and Public Finance,10400004366,14,533,7,3,0,0,4,53.0,7.02,30.0,32.63776493256262
Connecticut,2023-05-17,"Title 13a, Subtitle 123",outdoor advertising signs displays and devices adjacent to the national system of interstate and defense highways limited access federal aid primary highways other limited access state highways and non limited access federal aid primary highways,highways and bridges,,Transportation,10400004463,47,3949,37,2,2,6,0,50.0,8.08,45.33333333333333,33.23331553657234
Connecticut,2023-05-17,"Title 13a, Subtitle 124a",specific information signs and business signs on limited access highways,highways and bridges,,Transportation,10400004464,73,2757,60,3,0,0,10,31.0,8.2,38.63636363636363,37.221511846558855
Connecticut,2023-05-17,"Title 13a, Subtitle 143c",minimum requirements relative to traffic safety for any car wash facility for which a building permit is issued,highways and bridges,,Transportation,10400004465,5,185,4,0,0,0,1,42.0,6.05,0.0,38.67469879518072
Connecticut,2023-05-17,"Title 13a, Subtitle 165",certification of disadvantaged business enterprises,highways and bridges,,Transportation,10400004466,90,3964,72,12,0,0,6,40.0,8.45,24.742268041237114,38.889567294929655
Connecticut,2023-05-17,"Title 13a, Subtitle 175u",local bridge program,highways and bridges,,Transportation,10400004467,35,3507,31,1,0,0,3,43.0,8.3,22.5,37.81515601783061
Connecticut,2023-05-17,"Title 13a, Subtitle 253",use of state dock at east haddam,highways and bridges,,Transportation,10400004468,16,539,12,0,0,4,0,30.0,6.81,23.52941176470588,28.317813765182187
Connecticut,2023-05-17,"Title 13a, Subtitle 80",sale of excess residential property,highways and bridges,,Transportation,10400004461,13,652,9,1,0,0,3,48.0,6.53,38.46153846153847,36.29516129032258
Connecticut,2023-05-17,"Title 13a, Subtitle 97b",an adopt a highway program,highways and bridges,,Transportation,10400004462,18,807,18,0,0,0,0,31.0,6.99,8.0,45.63066666666667
Connecticut,2023-05-17,"Title 13b, Subtitle 17",encroachment permit regulations,transportation,,Transportation,10400004469,479,21740,391,43,1,5,39,32.0,9.83,33.181126331811264,35.809768021472394
Connecticut,2023-05-17,"Title 13b, Subtitle 283",maintenance and repair of orphan bridges,transportation,,Transportation,10400004477,36,2074,32,2,0,0,2,30.0,8.21,23.52941176470588,39.28365878725591
Connecticut,2023-05-17,"Title 13b, Subtitle 29",use of dot commuter parking facilities,transportation,,Transportation,10400004470,7,269,5,0,0,2,0,63.0,6.13,50.0,42.206225680933855
Connecticut,2023-05-17,"Title 13b, Subtitle 31c",designation of scenic roads,transportation,,Transportation,10400004471,15,994,12,3,0,0,0,26.0,7.56,5.263157894736842,41.19162303664921
Connecticut,2023-05-17,"Title 13b, Subtitle 31e",designation of scenic roads,transportation,,Transportation,10400004472,22,1190,18,1,2,0,1,29.0,7.78,36.58536585365854,40.42918825561313
Connecticut,2023-05-17,"Title 13b, Subtitle 354a",removal of debris from railroad rights of way,transportation,,Transportation,10400004478,8,267,7,1,0,0,0,23.0,6.61,18.181818181818183,41.004149377593365
Connecticut,2023-05-17,"Title 13b, Subtitle 38o",employee commute option program,transportation,,Transportation,10400004473,11,635,11,0,0,0,0,60.0,6.75,0.0,40.46725663716814
Connecticut,2023-05-17,"Title 13b, Subtitle 50p",complaints concerning aircraft landings and takeoffs at unlicensed air navigation facilities,transportation,,Transportation,10400004474,10,708,10,0,0,0,0,21.0,7.28,18.75,35.9609022556391
Connecticut,2023-05-17,"Title 13b, Subtitle 96",taxicab rules of operation,transportation,,Transportation,10400004475,232,9209,218,0,0,1,13,43.0,9.04,30.288461538461537,35.60120009231479
Connecticut,2023-05-17,"Title 13b, Subtitle 99",minimum requirements for the inspection and repair of taxicabs,transportation,,Transportation,10400004476,32,1231,28,0,0,0,4,40.0,7.42,20.0,39.0335339638865
Connecticut,2023-05-17,"Title 14, Subtitle 100",safety glass standard,motor vehicles use of the highway by vehicles gasoline,,Transportation,10400004522,0,47,0,0,0,0,0,42.0,4.65,0.0,37.41025641025641
Connecticut,2023-05-17,"Title 14, Subtitle 100a",child passenger restraint systems,motor vehicles use of the highway by vehicles gasoline,,Transportation,10400004523,4,88,2,0,0,0,2,84.0,5.32,,41.9
Connecticut,2023-05-17,"Title 14, Subtitle 103d",use of pressurized gases as motor vehicle fuels,motor vehicles use of the highway by vehicles gasoline,,Transportation,10400004524,27,1000,21,0,0,0,6,44.0,7.46,50.0,31.37737843551797
Connecticut,2023-05-17,"Title 14, Subtitle 111g",standards and procedures for retraining of motor vehicle operators,motor vehicles use of the highway by vehicles gasoline,,Transportation,10400004525,107,3869,101,0,0,0,6,42.0,7.98,17.97752808988764,38.64787581699346
Connecticut,2023-05-17,"Title 14, Subtitle 111i",standards and procedures for participation in the driver license agreement,motor vehicles use of the highway by vehicles gasoline,,Transportation,10400004526,28,1635,25,0,0,0,3,64.0,7.71,56.00000000000001,36.74736842105264
Connecticut,2023-05-17,"Title 14, Subtitle 11a",issuance and use of suppressed motor vehicle licenses,motor vehicles use of the highway by vehicles gasoline,,Transportation,10400004480,36,1349,35,0,0,0,1,36.0,6.78,30.55555555555556,41.62432223082882
Connecticut,2023-05-17,"Title 14, Subtitle 11d",fire apparatus,motor vehicles use of the highway by vehicles gasoline,,Transportation,10400004481,13,728,12,0,0,0,1,48.0,7.02,28.57142857142857,37.34094368340944
Connecticut,2023-05-17,"Title 14, Subtitle 12",scooters and motor equipped bicycles,motor vehicles use of the highway by vehicles gasoline,,Transportation,10400004482,13,607,7,0,0,0,6,73.0,6.61,50.0,43.56887298747764
Connecticut,2023-05-17,"Title 14, Subtitle 12i",automobile insurance enforcement account,motor vehicles use of the highway by vehicles gasoline,,Transportation,10400004483,13,480,12,0,1,0,0,46.0,6.85,10.0,40.37053571428572
Connecticut,2023-05-17,"Title 14, Subtitle 137",radar detecting devices,motor vehicles use of the highway by vehicles gasoline,,Transportation,10400004527,320,17332,249,20,2,0,49,29.0,9.44,21.14384748700173,36.24833825701625
Connecticut,2023-05-17,"Title 14, Subtitle 137a",assessment of points against an operator s license for motor vehicle law violations,motor vehicles use of the highway by vehicles gasoline,,Transportation,10400004528,20,1495,20,0,0,0,0,21.0,7.54,22.058823529411764,30.564181398923903
Connecticut,2023-05-17,"Title 14, Subtitle 15",leasing or renting of motor vehicles,motor vehicles use of the highway by vehicles gasoline,,Transportation,10400004484,33,1568,27,0,0,0,6,52.0,7.35,34.48275862068966,35.75
Connecticut,2023-05-17,"Title 14, Subtitle 150",hearings procedures for motor vehicles taken into custody pursuant to section 14 150,motor vehicles use of the highway by vehicles gasoline,,Transportation,10400004529,63,3598,58,1,0,0,4,57.0,7.65,63.934426229508205,34.71772754312909
Connecticut,2023-05-17,"Title 14, Subtitle 151a",report of stolen motor vehicles,motor vehicles use of the highway by vehicles gasoline,,Transportation,10400004530,7,126,6,0,0,0,1,18.0,5.52,0.0,27.611570247933884
Connecticut,2023-05-17,"Title 14, Subtitle 159",operators licenses or registration fees refunds,motor vehicles use of the highway by vehicles gasoline,,Transportation,10400004531,0,56,0,0,0,0,0,54.0,4.45,0.0,28.867924528301888
Connecticut,2023-05-17,"Title 14, Subtitle 15a",transfer of special registration number plates to leased motor vehicles,motor vehicles use of the highway by vehicles gasoline,,Transportation,10400004485,2,368,2,0,0,0,0,20.0,6.19,5.88235294117647,37.39873417721519
Connecticut,2023-05-17,"Title 14, Subtitle 15d",electronic applications for registration or certificate of title,motor vehicles use of the highway by vehicles gasoline,,Transportation,10400004487,14,724,8,0,0,0,6,59.0,6.77,8.333333333333332,41.13284671532847
Connecticut,2023-05-17,"Title 14, Subtitle 163c",motor carrier safety regulations,motor vehicles use of the highway by vehicles gasoline,,Transportation,10400004532,23,2157,20,0,0,0,3,65.0,7.65,16.129032258064516,38.0559261159569
Connecticut,2023-05-17,"Title 14, Subtitle 164a",minimum safety requirements for motor vehicle racing or exhibitions of speed or skill,motor vehicles use of the highway by vehicles gasoline,,Transportation,10400004533,19,652,15,2,0,0,2,34.0,7.29,42.10526315789473,33.40031397174254
Connecticut,2023-05-17,"Title 14, Subtitle 164c",periodic motor vehicle emissions inspection and maintenance,motor vehicles use of the highway by vehicles gasoline,,Transportation,10400004534,193,8806,165,2,1,0,25,38.0,8.43,23.660714285714285,37.86121081598469
Connecticut,2023-05-17,"Title 14, Subtitle 164i",diesel powered commercial motor vehicle emissions standards,motor vehicles use of the highway by vehicles gasoline,,Transportation,10400004535,75,3558,62,5,0,0,8,33.0,7.85,9.70873786407767,39.60803571428571
Connecticut,2023-05-17,"Title 14, Subtitle 166",titling of motor vehicles manufactured prior to 1981,motor vehicles use of the highway by vehicles gasoline,,Transportation,10400004536,5,372,5,0,0,0,0,91.0,6.19,,35.70505617977528
Connecticut,2023-05-17,"Title 14, Subtitle 16c",submission of copies of titles for totalled motor vehicles and the transfer of totalled motor vehicles on the original certificate of title appraiser s damage report,motor vehicles use of the highway by vehicles gasoline,,Transportation,10400004486,23,593,20,0,0,0,3,45.0,6.58,7.6923076923076925,33.00704225352113
Connecticut,2023-05-17,"Title 14, Subtitle 174",branding of motor vehicle titles,motor vehicles use of the highway by vehicles gasoline,,Transportation,10400004537,7,1233,4,0,0,0,3,66.0,7.45,27.77777777777778,35.374679213002565
Connecticut,2023-05-17,"Title 14, Subtitle 19a",standards for the issuance of special number plates,motor vehicles use of the highway by vehicles gasoline,,Transportation,10400004488,49,2218,41,0,0,0,8,42.0,7.53,33.33333333333333,37.60689004247286
Connecticut,2023-05-17,"Title 14, Subtitle 217",taking possession of operators licenses by certain state and local authorities,motor vehicles use of the highway by vehicles gasoline,,Transportation,10400004538,1,128,1,0,0,0,0,,5.65,,30.96
Connecticut,2023-05-17,"Title 14, Subtitle 21e",fees and standards for issuing long island sound commemorative number plates and donations and contributions to the lighthouse preservation account,motor vehicles use of the highway by vehicles gasoline,,Transportation,10400004489,26,1069,24,0,0,0,2,54.0,7.07,10.526315789473683,35.89340101522843
Connecticut,2023-05-17,"Title 14, Subtitle 21f",fees and standards for issuing keep kids safe motor vehicle number plates,motor vehicles use of the highway by vehicles gasoline,,Transportation,10400004490,18,781,16,0,0,0,2,50.0,6.79,6.666666666666667,30.850914205344584
Connecticut,2023-05-17,"Title 14, Subtitle 21h",standards for issuing animal population commemorative number plates,motor vehicles use of the highway by vehicles gasoline,,Transportation,10400004491,23,876,17,0,0,0,6,35.0,6.76,4.166666666666666,38.1575
Connecticut,2023-05-17,"Title 14, Subtitle 21i",standards for issuing greenways commemorative number plates,motor vehicles use of the highway by vehicles gasoline,,Transportation,10400004492,16,697,12,0,0,0,4,55.0,6.67,8.333333333333332,38.86185243328101
Connecticut,2023-05-17,"Title 14, Subtitle 21j",standards for issuing amistad commemorative number plates,motor vehicles use of the highway by vehicles gasoline,,Transportation,10400004493,17,691,13,0,0,0,4,47.0,6.6,7.142857142857142,37.0740157480315
Connecticut,2023-05-17,"Title 14, Subtitle 227a",measurement of alcohol in blood breath or urine,motor vehicles use of the highway by vehicles gasoline,,Transportation,10400004539,177,8510,161,0,0,0,16,51.0,8.69,30.06134969325153,37.47916146743199
Connecticut,2023-05-17,"Title 14, Subtitle 227b",administrative procedures for per se suspension of motor vehicle operator s license,motor vehicles use of the highway by vehicles gasoline,,Transportation,10400004540,87,3612,78,0,0,1,8,40.0,7.76,36.36363636363637,33.3593009478673
Connecticut,2023-05-17,"Title 14, Subtitle 253a",special license plates and placards for persons who are blind or persons with disabilities,motor vehicles use of the highway by vehicles gasoline,,Transportation,10400004541,69,3274,63,0,1,0,5,42.0,7.5,23.684210526315788,37.50696643445219
Connecticut,2023-05-17,"Title 14, Subtitle 26",public service motor vehicles,motor vehicles use of the highway by vehicles gasoline,,Transportation,10400004494,3,102,3,0,0,0,0,32.0,5.58,33.33333333333333,35.11827956989247
Connecticut,2023-05-17,"Title 14, Subtitle 261",towed motor vehicles,motor vehicles use of the highway by vehicles gasoline,,Transportation,10400004542,1,163,1,0,0,0,0,31.0,5.9,20.0,40.358108108108105
Connecticut,2023-05-17,"Title 14, Subtitle 270",oversize overweight vehicle permit regulations,motor vehicles use of the highway by vehicles gasoline,,Transportation,10400004543,54,3710,36,6,1,0,11,26.0,8.85,29.28571428571429,32.58807056846822
Connecticut,2023-05-17,"Title 14, Subtitle 271a",frame weakening standards,motor vehicles use of the highway by vehicles gasoline,,Transportation,10400004544,9,548,8,1,0,0,0,30.0,6.63,50.0,32.784615384615385
Connecticut,2023-05-17,"Title 14, Subtitle 275a",minimum requirements for type ii type 2 school bus construction and equipment,motor vehicles use of the highway by vehicles gasoline,,Transportation,10400004545,436,11994,402,12,2,0,20,22.0,9.37,18.90359168241966,29.866125760649087
Connecticut,2023-05-17,"Title 14, Subtitle 275b",minimum requirements for type i school bus construction and equipment,motor vehicles use of the highway by vehicles gasoline,,Transportation,10400004546,147,4163,138,3,0,0,6,33.0,8.7,32.231404958677686,34.64356941958578
Connecticut,2023-05-17,"Title 14, Subtitle 275c",minimum requirements for inspection maintenance and repair of school buses and student transportation vehicles,motor vehicles use of the highway by vehicles gasoline,,Transportation,10400004547,232,9014,191,2,1,5,33,40.0,9.04,30.316742081447963,34.68030001171921
Connecticut,2023-05-17,"Title 14, Subtitle 275d",exemption procedures for school bus construction and equipment standards,motor vehicles use of the highway by vehicles gasoline,,Transportation,10400004548,4,201,4,0,0,0,0,48.0,6.25,50.0,38.288770053475936
Connecticut,2023-05-17,"Title 14, Subtitle 276a",school bus and student transportation vehicle driver training requirements,motor vehicles use of the highway by vehicles gasoline,,Transportation,10400004549,44,2136,33,0,0,0,11,45.0,7.64,15.555555555555555,40.45459373340415
Connecticut,2023-05-17,"Title 14, Subtitle 280",standards for the construction and attachment of portable signs on vehicles transporting children,motor vehicles use of the highway by vehicles gasoline,,Transportation,10400004550,15,627,11,0,0,0,4,47.0,6.86,,29.43355481727575
Connecticut,2023-05-17,"Title 14, Subtitle 283a",uniform statewide pursuit policy,motor vehicles use of the highway by vehicles gasoline,,Transportation,10400004551,52,1869,50,0,0,1,1,27.0,7.69,58.82352941176471,37.49888888888889
Connecticut,2023-05-17,"Title 14, Subtitle 289d",protection of vision for motorcycle operators,motor vehicles use of the highway by vehicles gasoline,,Transportation,10400004552,14,320,12,0,0,0,2,26.0,6.46,0.0,28.661341853035143
Connecticut,2023-05-17,"Title 14, Subtitle 289j",proper use of mini motorcycles,motor vehicles use of the highway by vehicles gasoline,,Transportation,10400004553,13,493,12,0,0,1,0,29.0,6.5,43.75,31.286624203821656
Connecticut,2023-05-17,"Title 14, Subtitle 293b",responsibility of a motor vehicle operator when approaching a person riding a horse,motor vehicles use of the highway by vehicles gasoline,,Transportation,10400004554,2,85,1,0,0,1,0,40.0,5.19,,30.518987341772156
Connecticut,2023-05-17,"Title 14, Subtitle 298",state traffic administration,motor vehicles use of the highway by vehicles gasoline,,Transportation,10400004555,90,4203,75,2,0,10,3,38.0,8.45,24.52830188679245,38.17115730048756
Connecticut,2023-05-17,"Title 14, Subtitle 3",personal data,motor vehicles use of the highway by vehicles gasoline,,Transportation,10400004479,32,2404,27,1,0,0,4,21.0,7.85,17.117117117117118,39.63597612958227
Connecticut,2023-05-17,"Title 14, Subtitle 307",notice required to owners and lienholders of motor vehicles upon towing by police or traffic authority and upon sale or other disposition of motor vehicles,motor vehicles use of the highway by vehicles gasoline,,Transportation,10400004556,24,1281,24,0,0,0,0,48.0,7.37,19.230769230769237,31.36798679867987
Connecticut,2023-05-17,"Title 14, Subtitle 312",certificate of operation,motor vehicles use of the highway by vehicles gasoline,,Transportation,10400004557,4,91,3,0,0,0,1,42.0,5.48,0.0,34.9390243902439
Connecticut,2023-05-17,"Title 14, Subtitle 327d",motor fuel quality testing standards,motor vehicles use of the highway by vehicles gasoline,,Transportation,10400004558,101,5663,94,2,0,0,5,47.0,9.09,25.0,35.71374764595104
Connecticut,2023-05-17,"Title 14, Subtitle 33",municipal parking tickets program,motor vehicles use of the highway by vehicles gasoline,,Transportation,10400004495,16,645,16,0,0,0,0,32.0,6.99,10.526315789473683,42.891938250428815
Connecticut,2023-05-17,"Title 14, Subtitle 332",sale of gasoline and motor oil,motor vehicles use of the highway by vehicles gasoline,,Transportation,10400004559,17,610,14,0,0,2,1,37.0,7.32,43.75,33.97207678883071
Connecticut,2023-05-17,"Title 14, Subtitle 344c",operation of retail service stations by producers or refiners for limited time periods,motor vehicles use of the highway by vehicles gasoline,,Transportation,10400004560,2,207,2,0,0,0,0,50.0,5.47,75.0,33.13131313131313
Connecticut,2023-05-17,"Title 14, Subtitle 34a",international registration plan,motor vehicles use of the highway by vehicles gasoline,,Transportation,10400004496,265,10937,232,15,2,1,15,32.0,9.21,23.59882005899705,38.254612546125465
Connecticut,2023-05-17,"Title 14, Subtitle 35",general distinguishing numbers,motor vehicles use of the highway by vehicles gasoline,,Transportation,10400004497,9,822,7,0,1,0,1,53.0,7.07,46.66666666666666,36.741772151898736
Connecticut,2023-05-17,"Title 14, Subtitle 36",application of minor for operator s license and registration,motor vehicles use of the highway by vehicles gasoline,,Transportation,10400004499,8,632,8,0,0,0,0,48.0,6.84,23.07692307692308,33.90359477124183
Connecticut,2023-05-17,"Title 14, Subtitle 36a",restrictions on drivers licenses and commercial drivers licenses,motor vehicles use of the highway by vehicles gasoline,,Transportation,10400004500,0,674,0,0,0,0,0,,6.38,,35.66306027820711
Connecticut,2023-05-17,"Title 14, Subtitle 36f",driver s education in secondary schools,motor vehicles use of the highway by vehicles gasoline,,Transportation,10400004501,166,6902,146,0,0,0,20,46.0,8.21,29.86111111111111,38.01969230769231
Connecticut,2023-05-17,"Title 14, Subtitle 36g",teen driving exemptions for single parents under eighteen years of age,motor vehicles use of the highway by vehicles gasoline,,Transportation,10400004502,2,142,2,0,0,0,0,67.0,5.73,0.0,36.152
Connecticut,2023-05-17,"Title 14, Subtitle 37a",special operator s permits,motor vehicles use of the highway by vehicles gasoline,,Transportation,10400004503,65,3678,48,2,0,0,15,64.0,7.84,58.92857142857143,35.96344945745288
Connecticut,2023-05-17,"Title 14, Subtitle 389",snowmobiles,motor vehicles use of the highway by vehicles gasoline,,Transportation,10400004561,19,533,16,0,0,0,3,47.0,6.99,45.45454545454545,34.40392156862745
Connecticut,2023-05-17,"Title 14, Subtitle 44",minimum physical standards for operators of public service motor vehicles and service buses,motor vehicles use of the highway by vehicles gasoline,,Transportation,10400004504,42,3251,33,1,0,0,8,61.0,8.44,58.82352941176471,36.76114324600204
Connecticut,2023-05-17,"Title 14, Subtitle 45a",health standards for licensing decisions for operators of motor vehicles,motor vehicles use of the highway by vehicles gasoline,,Transportation,10400004505,58,4213,45,2,0,0,11,18.0,8.71,18.4549356223176,38.0275620145327
Connecticut,2023-05-17,"Title 14, Subtitle 48c",registration of motor vehicles engaged in seasonal operations,motor vehicles use of the highway by vehicles gasoline,,Transportation,10400004506,15,584,14,0,0,0,1,30.0,6.53,21.052631578947366,40.00557620817844
Connecticut,2023-05-17,"Title 14, Subtitle 49",the operation of federally owned vehicles consigned to the connecticut national guard,motor vehicles use of the highway by vehicles gasoline,,Transportation,10400004507,51,1574,45,0,0,0,6,32.0,7.96,41.66666666666667,31.050980392156863
Connecticut,2023-05-17,"Title 14, Subtitle 63",motor vehicle dealers and repairers licensing and operation,motor vehicles use of the highway by vehicles gasoline,,Transportation,10400004508,156,8423,135,0,0,0,21,40.0,8.79,43.90243902439025,35.42405463513342
Connecticut,2023-05-17,"Title 14, Subtitle 65",motor vehicle auctions,motor vehicles use of the highway by vehicles gasoline,,Transportation,10400004509,41,1612,34,0,0,0,7,35.0,7.42,33.33333333333333,33.134715025906736
Connecticut,2023-05-17,"Title 14, Subtitle 65d",concerning the signs required to be displayed by motor vehicle repairers,motor vehicles use of the highway by vehicles gasoline,,Transportation,10400004510,10,314,7,0,0,0,3,29.0,6.33,40.0,30.98913043478261
Connecticut,2023-05-17,"Title 14, Subtitle 65j",signs required to be displayed by motor vehicle repairers,motor vehicles use of the highway by vehicles gasoline,,Transportation,10400004511,15,597,14,0,0,0,1,26.0,7.43,18.181818181818183,27.773062730627306
Connecticut,2023-05-17,"Title 14, Subtitle 66",identification of motor vehicle wreckers,motor vehicles use of the highway by vehicles gasoline,,Transportation,10400004512,1,53,1,0,0,0,0,50.0,4.91,0.0,33.61702127659574
Connecticut,2023-05-17,"Title 14, Subtitle 67a",availability of motor vehicle replacement parts,motor vehicles use of the highway by vehicles gasoline,,Transportation,10400004513,9,502,7,0,0,0,2,44.0,6.77,18.181818181818183,37.05508474576271
Connecticut,2023-05-17,"Title 14, Subtitle 67d",general distinguishing numbers,motor vehicles use of the highway by vehicles gasoline,,Transportation,10400004498,12,614,10,0,0,0,2,43.0,6.83,28.57142857142857,40.80546075085324
Connecticut,2023-05-17,"Title 14, Subtitle 67l",supplemental identification for special marker plates,motor vehicles use of the highway by vehicles gasoline,,Transportation,10400004514,5,228,5,0,0,0,0,45.0,6.24,20.0,37.21658986175115
Connecticut,2023-05-17,"Title 14, Subtitle 67q",motor vehicle recyclers,motor vehicles use of the highway by vehicles gasoline,,Transportation,10400004515,37,1451,31,1,0,2,3,59.0,7.58,29.166666666666668,32.677443056576045
Connecticut,2023-05-17,"Title 14, Subtitle 78",commercial driving schools,motor vehicles use of the highway by vehicles gasoline,,Transportation,10400004516,232,8631,204,0,1,0,27,41.0,8.47,25.12315270935961,37.00690590701689
Connecticut,2023-05-17,"Title 14, Subtitle 80",brakes,motor vehicles use of the highway by vehicles gasoline,,Transportation,10400004517,32,1734,26,1,0,0,5,22.0,8.11,20.77922077922078,31.68894440974391
Connecticut,2023-05-17,"Title 14, Subtitle 80a",maximum permissible noise levels for vehicles,motor vehicles use of the highway by vehicles gasoline,,Transportation,10400004518,46,2892,39,7,0,0,0,39.0,8.74,35.13513513513514,31.3010878010878
Connecticut,2023-05-17,"Title 14, Subtitle 96aa",auxiliary lighting on motor vehicles equipped for snow removal,motor vehicles use of the highway by vehicles gasoline,,Transportation,10400004519,3,168,3,0,0,0,0,41.0,6.02,0.0,28.15
Connecticut,2023-05-17,"Title 14, Subtitle 98a",tires,motor vehicles use of the highway by vehicles gasoline,,Transportation,10400004520,6,345,6,0,0,0,0,55.0,6.35,50.0,26.003115264797508
Connecticut,2023-05-17,"Title 14, Subtitle 99g",requirements for approval for aftermarket tinted or reflectorized glazing,motor vehicles use of the highway by vehicles gasoline,,Transportation,10400004521,37,1859,35,0,0,0,2,45.0,7.72,40.0,37.99651770168311
Connecticut,2023-05-17,"Title 15, Subtitle 121",boating safety,navigation and aeronautics,,Transportation,10400004568,379,17300,352,4,0,8,15,44.0,9.56,32.98969072164948,32.06950226244344
Connecticut,2023-05-17,"Title 15, Subtitle 14",rates of pilotage,navigation and aeronautics,,Transportation,10400004563,29,1821,27,1,0,0,1,38.0,7.87,13.333333333333334,30.122884012539185
Connecticut,2023-05-17,"Title 15, Subtitle 140e",exemption from safe boating certificate,navigation and aeronautics,,Transportation,10400004571,2,113,2,0,0,0,0,54.0,5.35,0.0,35.009433962264154
Connecticut,2023-05-17,"Title 15, Subtitle 140f",boating safety,navigation and aeronautics,,Transportation,10400004569,67,2283,54,0,0,0,13,38.0,7.42,11.864406779661016,38.917422867513615
Connecticut,2023-05-17,"Title 15, Subtitle 140j",boating safety,navigation and aeronautics,,Transportation,10400004570,41,1454,32,1,0,0,8,37.0,6.8,5.263157894736842,42.756186317321685
Connecticut,2023-05-17,"Title 15, Subtitle 140r",forensic chemical testing under an act concerning boating safety,navigation and aeronautics,,Transportation,10400004572,72,2721,69,0,0,0,3,36.0,7.98,26.666666666666668,40.161912104857365
Connecticut,2023-05-17,"Title 15, Subtitle 144",issuance of vessel registrations by marine dealers,navigation and aeronautics,,Transportation,10400004573,17,918,13,2,0,0,2,49.0,7.18,22.22222222222222,39.28891509433962
Connecticut,2023-05-17,"Title 15, Subtitle 15a",navigable waters marine pilots,navigation and aeronautics,,Transportation,10400004564,128,5029,117,0,0,1,10,38.0,8.78,21.37404580152672,34.865194532071506
Connecticut,2023-05-17,"Title 15, Subtitle 229",department of motor vehicles,navigation and aeronautics,,Transportation,10400004574,3,399,3,0,0,0,0,65.0,6.07,50.0,36.373655913978496
Connecticut,2023-05-17,"Title 15, Subtitle 41",aircraft registration,navigation and aeronautics,,Transportation,10400004565,260,13822,221,8,0,3,28,36.0,9.52,22.22222222222222,35.8314457549012
Connecticut,2023-05-17,"Title 15, Subtitle 74b",new construction and changes to present public service company overhead lines within an airport runway clear zone,navigation and aeronautics,,Transportation,10400004566,3,818,3,0,0,0,0,42.0,6.93,36.84210526315789,33.233289646133684
Connecticut,2023-05-17,"Title 15, Subtitle 9",hearing process contesting removal of a vessel,navigation and aeronautics,,Transportation,10400004562,13,656,13,0,0,0,0,42.0,7.13,40.0,34.60229132569558
Connecticut,2023-05-17,"Title 15, Subtitle 99",aerial application of insecticides fungicides herbicides and fertilizers,navigation and aeronautics,,Transportation,10400004567,0,24,0,0,0,0,0,4.0,4.06,0.0,28.75
Connecticut,2023-05-17,Title 16,termination of electric gas water and sewage utility service,public service companies,,Administration,10400004578,10,1517,7,3,0,0,0,24.0,8.15,26.984126984126984,31.029992684711047
Connecticut,2023-05-17,"Title 16a, Subtitle 14",eligibility of nonresidential solar energy electricity generating systems for the purpose of authorized property tax exemption,planning and energy policy,,"Environmental Protection, Public Utilities, and Natural Resources",10400004625,35,5479,31,1,0,0,3,38.0,8.62,39.86013986013986,36.534348239771646
Connecticut,2023-05-17,"Title 16a, Subtitle 14b",voluntary testing and certification program for energy related products,planning and energy policy,,"Environmental Protection, Public Utilities, and Natural Resources",10400004626,27,1183,25,2,0,0,0,29.0,7.01,32.5,40.11820534943917
Connecticut,2023-05-17,"Title 16a, Subtitle 15",signs retail gasoline outlets,planning and energy policy,,"Environmental Protection, Public Utilities, and Natural Resources",10400004627,49,1759,39,5,0,1,4,26.0,8.11,14.925373134328357,30.656565656565657
Connecticut,2023-05-17,"Title 16a, Subtitle 15a",posting of signs at gasoline service stations,planning and energy policy,,"Environmental Protection, Public Utilities, and Natural Resources",10400004628,26,865,26,0,0,0,0,36.0,7.1,34.78260869565217,28.67361963190184
Connecticut,2023-05-17,"Title 16a, Subtitle 22c",petroleum product definitions,planning and energy policy,,"Environmental Protection, Public Utilities, and Natural Resources",10400004629,1,1085,0,0,0,0,1,16.0,7.75,4.6875,37.846908734053
Connecticut,2023-05-17,"Title 16a, Subtitle 23a",defining standards and substandard anthracite,planning and energy policy,,"Environmental Protection, Public Utilities, and Natural Resources",10400004630,8,504,8,0,0,0,0,2.0,6.78,0.3717472118959107,36.88095238095238
Connecticut,2023-05-17,"Title 16a, Subtitle 32",interim change process to the conservation and development policies plan,planning and energy policy,,"Environmental Protection, Public Utilities, and Natural Resources",10400004631,29,1525,29,0,0,0,0,36.0,7.64,19.047619047619047,33.570360299116246
Connecticut,2023-05-17,"Title 16a, Subtitle 37c",shared energy savings program,planning and energy policy,,"Environmental Protection, Public Utilities, and Natural Resources",10400004632,16,844,8,6,0,0,2,33.0,7.38,16.0,37.98150431565968
Connecticut,2023-05-17,"Title 16a, Subtitle 38e",designation of priority energy projects,planning and energy policy,,"Environmental Protection, Public Utilities, and Natural Resources",10400004633,7,385,2,5,0,0,0,19.0,6.72,35.0,39.08196721311475
Connecticut,2023-05-17,"Title 16a, Subtitle 38k",establishment of high performance building construction standards for state funded buildings,planning and energy policy,,"Environmental Protection, Public Utilities, and Natural Resources",10400004634,241,12150,204,10,0,0,27,34.0,9.27,22.318840579710145,38.131759129213485
Connecticut,2023-05-17,"Title 16a, Subtitle 39",lighting efficiency standards for public buildings,planning and energy policy,,"Environmental Protection, Public Utilities, and Natural Resources",10400004635,8,734,8,0,0,0,0,26.0,7.37,14.814814814814811,39.40116279069768
Connecticut,2023-05-17,"Title 16a, Subtitle 40b",energy conservation material standards for residential buildings,planning and energy policy,,"Environmental Protection, Public Utilities, and Natural Resources",10400004636,80,4397,66,9,0,0,5,30.0,8.77,20.833333333333336,37.18173145719056
Connecticut,2023-05-17,"Title 16a, Subtitle 41",energy assistance programs,planning and energy policy,,"Environmental Protection, Public Utilities, and Natural Resources",10400004637,208,11015,154,34,2,2,16,28.0,9.32,18.251928020565558,36.5821520312054
Connecticut,2023-05-17,"Title 16a, Subtitle 43",business emergency relief loan program and small home heating oil dealers loan program,planning and energy policy,,"Environmental Protection, Public Utilities, and Natural Resources",10400004638,61,2540,51,2,2,0,6,50.0,7.76,44.0,34.61920129084308
Connecticut,2023-05-17,"Title 16a, Subtitle 48",procedures for establishing energy efficiency standards for certain appliances and products,planning and energy policy,,"Environmental Protection, Public Utilities, and Natural Resources",10400004639,85,5835,74,7,0,0,4,68.0,9.14,36.25,34.99640071985603
Connecticut,2023-05-17,"Title 16a, Subtitle 49",contract procedures for private power producers and providers,planning and energy policy,,"Environmental Protection, Public Utilities, and Natural Resources",10400004640,15,985,12,1,0,0,2,74.0,7.06,38.46153846153847,37.66985138004247
Connecticut,2023-05-17,"Title 16, Subtitle 1",rules of practice,public service companies,,Administration,10400004575,342,16889,306,1,1,0,34,32.0,9.2,32.34714003944773,35.442402036887536
Connecticut,2023-05-17,"Title 16, Subtitle 10a",excessive rates pursuant to public act 94 219,public service companies,,Administration,10400004581,3,471,0,3,0,0,0,37.0,6.91,25.0,37.576470588235296
Connecticut,2023-05-17,"Title 16, Subtitle 11",gas companies operating within the state of connecticut,public service companies,,Administration,10400004582,666,22224,620,2,1,0,43,37.0,9.4,42.465753424657535,33.72120984407289
Connecticut,2023-05-17,"Title 16, Subtitle 140",clearances on railroads with reference to overhead and side structures and parallel tracks,public service companies,,Administration,10400004597,5,332,5,0,0,0,0,29.0,6.4,18.181818181818183,27.96815286624204
Connecticut,2023-05-17,"Title 16, Subtitle 16",requirements of public service companies and electric suppliers to report accidents,public service companies,,Administration,10400004583,19,1485,15,0,0,0,4,56.0,7.71,,35.48919308357349
Connecticut,2023-05-17,"Title 16, Subtitle 19d",promotion or marketing of efficient gas or electric equipment,public service companies,,Administration,10400004584,19,964,16,0,0,0,3,55.0,7.44,23.52941176470588,39.20392584514722
Connecticut,2023-05-17,"Title 16, Subtitle 2",description of organization,public service companies,,Administration,10400004576,39,4289,32,3,0,1,3,33.0,8.95,16.666666666666664,42.32078239608802
Connecticut,2023-05-17,"Title 16, Subtitle 235",petitions and applications,public service companies,,Administration,10400004598,4,309,4,0,0,0,0,,6.61,,34.50173010380623
Connecticut,2023-05-17,"Title 16, Subtitle 243",construction and maintenance standards governing traffic signals attached to public service company poles,public service companies,,Administration,10400004600,42,1744,37,1,0,0,4,34.0,7.95,28.000000000000004,37.93292682926829
Connecticut,2023-05-17,"Title 16, Subtitle 243a",contract procedures pertaining to electric public service companies for private power producers and private power providers,public service companies,,Administration,10400004601,34,1581,29,0,0,0,5,40.0,7.22,39.47368421052632,37.00748299319728
Connecticut,2023-05-17,"Title 16, Subtitle 244c",competitive bidding process for electric distribution companies procurement of default and back up electric generation services,public service companies,,Administration,10400004602,66,3335,53,2,1,1,9,60.0,7.68,22.22222222222222,36.48149329929802
Connecticut,2023-05-17,"Title 16, Subtitle 244h",code of conduct for electric distribution companies,public service companies,,Administration,10400004603,119,6189,109,0,1,4,5,50.0,7.84,38.84297520661157,43.57919863597613
Connecticut,2023-05-17,"Title 16, Subtitle 245",licensing electric suppliers,public service companies,,Administration,10400004604,41,2872,34,0,0,0,7,83.0,8.16,58.82352941176471,38.66592756836659
Connecticut,2023-05-17,"Title 16, Subtitle 245a",administration of renewable energy portfolio requirements,public service companies,,Administration,10400004605,45,2266,35,0,0,0,10,41.0,7.4,5.555555555555555,40.33134738771769
Connecticut,2023-05-17,"Title 16, Subtitle 245c",municipal electric utilities to become participating municipal electric utilities,public service companies,,Administration,10400004606,6,989,6,0,0,0,0,,7.16,50.0,42.73576799140709
Connecticut,2023-05-17,"Title 16, Subtitle 245d",standard billing format for electric distribution companies,public service companies,,Administration,10400004607,30,1876,29,0,0,0,1,52.0,7.33,22.22222222222222,38.786026200873366
Connecticut,2023-05-17,"Title 16, Subtitle 247c",ancillary specialized telecommunications services,public service companies,,Administration,10400004608,36,2723,31,0,0,0,5,44.0,8.33,24.59016393442623,42.65774155995344
Connecticut,2023-05-17,"Title 16, Subtitle 247d",compensation to owners of occupied buildings,public service companies,,Administration,10400004609,18,823,17,0,0,0,1,37.0,6.88,9.523809523809524,45.48754914809961
Connecticut,2023-05-17,"Title 16, Subtitle 247g",quality of service regulations for connecticut telephone and certified telecommunications providers,public service companies,,Administration,10400004610,32,1575,29,2,0,0,1,33.0,7.91,10.869565217391305,43.35397039030956
Connecticut,2023-05-17,"Title 16, Subtitle 250b",conditions standards and procedures for regulating cellular mobile telephone service,public service companies,,Administration,10400004611,42,1759,41,0,0,0,1,35.0,7.69,26.0,38.51279000594884
Connecticut,2023-05-17,"Title 16, Subtitle 258b",registration of electric generators,public service companies,,Administration,10400004612,6,504,6,0,0,0,0,61.0,6.92,62.5,42.191897654584224
Connecticut,2023-05-17,"Title 16, Subtitle 261",petitions and applications,public service companies,,Administration,10400004599,1,152,1,0,0,0,0,,5.59,,37.708333333333336
Connecticut,2023-05-17,"Title 16, Subtitle 262j",security deposits required by gas or electric companies,public service companies,,Administration,10400004613,19,1455,15,0,1,0,3,54.0,7.87,70.37037037037037,33.42547235829251
Connecticut,2023-05-17,"Title 16, Subtitle 262m",certificates of convenience and necessity for small water companies,public service companies,,Administration,10400004614,230,9570,179,20,2,0,29,51.0,9.3,58.7912087912088,35.88424717145344
Connecticut,2023-05-17,"Title 16, Subtitle 262o",rate surcharges for water company acquisitions,public service companies,,Administration,10400004615,48,2585,41,1,0,0,6,57.0,7.8,29.545454545454547,38.04139344262295
Connecticut,2023-05-17,"Title 16, Subtitle 27",uniform system of accounts,public service companies,,Administration,10400004585,1279,53330,1229,24,0,0,26,16.0,9.31,14.566236811254395,37.56072598253275
Connecticut,2023-05-17,"Title 16, Subtitle 3",termination of electric gas water and sewage utility service,public service companies,,Administration,10400004577,237,13878,203,11,5,1,17,43.0,8.72,63.125,33.66260712674786
Connecticut,2023-05-17,"Title 16, Subtitle 304",motor carriers,public service companies,,Administration,10400004616,94,5234,83,0,2,0,9,40.0,8.85,28.8,34.89166159464394
Connecticut,2023-05-17,"Title 16, Subtitle 325",livery service,public service companies,,Administration,10400004617,65,2149,62,2,0,0,1,33.0,8.13,22.58064516129032,32.07779980178395
Connecticut,2023-05-17,"Title 16, Subtitle 32a",filing of procurement policies and practices,public service companies,,Administration,10400004586,1,48,1,0,0,0,0,46.0,5.17,0.0,39.84090909090909
Connecticut,2023-05-17,"Title 16, Subtitle 32g",electric company line maintenance,public service companies,,Administration,10400004587,10,349,9,0,0,0,1,34.0,6.23,0.0,39.651651651651655
Connecticut,2023-05-17,"Title 16, Subtitle 331a",community access support,public service companies,,Administration,10400004618,60,3176,50,3,0,0,7,51.0,8.4,40.98360655737705,38.95366666666666
Connecticut,2023-05-17,"Title 16, Subtitle 333",construction and maintenance standards and terms and conditions of operation of community antenna television systems,public service companies,,Administration,10400004619,245,11622,219,8,0,0,18,42.0,9.26,26.838235294117645,36.87193014371476
Connecticut,2023-05-17,"Title 16, Subtitle 333b",waiver of time requirement for underground installation of catv service lines,public service companies,,Administration,10400004620,6,461,5,0,0,0,1,32.0,7.07,35.714285714285715,38.63532110091743
Connecticut,2023-05-17,"Title 16, Subtitle 333e",viewing time reliability standards and schedules for credits or refunds for catv service,public service companies,,Administration,10400004621,13,987,13,0,0,0,0,49.0,7.37,,33.724409448818896
Connecticut,2023-05-17,"Title 16, Subtitle 333f",planned programming change and rate change notification,public service companies,,Administration,10400004622,11,458,6,2,0,0,3,56.0,6.76,50.0,36.64896073903002
Connecticut,2023-05-17,"Title 16, Subtitle 333i",substandard catv service,public service companies,,Administration,10400004623,0,141,0,0,0,0,0,34.0,5.94,25.0,33.3203125
Connecticut,2023-05-17,"Title 16, Subtitle 345",excavation near underground utility facilities,public service companies,,Administration,10400004624,138,8247,124,0,0,0,14,72.0,8.78,,38.37026647966339
Connecticut,2023-05-17,"Title 16, Subtitle 35",appeal bond,public service companies,,Administration,10400004588,2,58,1,0,0,0,1,54.0,5.09,0.0,34.23529411764706
Connecticut,2023-05-17,"Title 16, Subtitle 43",approval by the department of public utility control for the disposition of certain assets of public service companies,public service companies,,Administration,10400004589,20,2113,19,1,0,0,0,31.0,8.22,44.11764705882353,35.778317938745744
Connecticut,2023-05-17,"Title 16, Subtitle 46",petitions and applications sec 16 46 gen stat,public service companies,,Administration,10400004590,1,168,1,0,0,0,0,27.0,5.76,0.0,36.80503144654088
Connecticut,2023-05-17,"Title 16, Subtitle 47",petitions and applications sec 16 47 gen stat,public service companies,,Administration,10400004591,13,1081,6,0,0,0,7,,7.35,,40.99232981783317
Connecticut,2023-05-17,"Title 16, Subtitle 47a",gas code of conduct,public service companies,,Administration,10400004592,173,8276,154,1,0,7,11,49.0,8.4,37.12574850299401,36.407771827126666
Connecticut,2023-05-17,"Title 16, Subtitle 50j",community antenna television and telecommunications towers,public service companies,,Administration,10400004593,326,22382,299,0,0,0,27,43.0,9.27,37.99212598425197,37.33392631431113
Connecticut,2023-05-17,"Title 16, Subtitle 50l",applications,public service companies,,Administration,10400004594,20,992,17,1,1,0,1,32.0,7.67,26.666666666666668,36.21698113207548
Connecticut,2023-05-17,"Title 16, Subtitle 50v",rules of practice fees,public service companies,,Administration,10400004595,13,605,12,0,0,0,1,48.0,6.79,25.0,36.13761467889909
Connecticut,2023-05-17,"Title 16, Subtitle 50z",acquisition of real property,public service companies,,Administration,10400004596,11,719,11,0,0,0,0,58.0,6.92,25.0,34.36731634182909
Connecticut,2023-05-17,"Title 16, Subtitle 8",generally accepted management audit standards,public service companies,,Administration,10400004579,120,3903,103,8,0,0,9,30.0,8.54,24.031007751937985,41.5785882970349
Connecticut,2023-05-17,"Title 16, Subtitle 8a",protection of whistle blowers,public service companies,,Administration,10400004580,25,1600,25,0,0,0,0,43.0,7.91,30.55555555555556,37.88750817527796
Connecticut,2023-05-17,"Title 17a, Subtitle 101k",child abuse and neglect registry,social and human services and resources,,Social Assistance,10400004679,90,6246,87,0,0,0,3,67.0,8.29,67.03296703296702,36.99428090832632
Connecticut,2023-05-17,"Title 17a, Subtitle 11",voluntary admissions to the department of a child or youth in residential facilities administered by or under contract with or otherwise available to the department,social and human services and resources,,Social Assistance,10400004674,85,4480,79,0,0,0,6,46.0,7.91,37.89473684210527,33.659234921379955
Connecticut,2023-05-17,"Title 17a, Subtitle 116",subsidized adoption of special needs children,social and human services and resources,,Social Assistance,10400004680,23,1524,19,3,0,0,1,29.0,7.69,25.49019607843137,35.4894053315106
Connecticut,2023-05-17,"Title 17a, Subtitle 120",medical expense subsidy for adoptive parents,social and human services and resources,,Social Assistance,10400004681,20,1036,19,1,0,0,0,32.0,7.35,25.0,36.52988855116514
Connecticut,2023-05-17,"Title 17a, Subtitle 126",subsidized guardianship,social and human services and resources,,Social Assistance,10400004682,91,4796,85,0,1,0,5,46.0,8.46,46.07843137254902,35.23427812223206
Connecticut,2023-05-17,"Title 17a, Subtitle 145",operation of child caring agencies and facilities,social and human services and resources,,Social Assistance,10400004683,260,9339,252,1,0,0,7,32.0,8.91,24.65277777777778,36.15080609046127
Connecticut,2023-05-17,"Title 17a, Subtitle 147",licensing of extended day treatment programs,social and human services and resources,,Social Assistance,10400004684,187,5254,177,4,0,0,6,27.0,8.71,16.93121693121693,38.55254370457671
Connecticut,2023-05-17,"Title 17a, Subtitle 150",child placing agency licensing and responsibilities,social and human services and resources,,Social Assistance,10400004685,236,9695,218,4,0,0,14,40.0,8.58,30.638297872340424,35.18752711496746
Connecticut,2023-05-17,"Title 17a, Subtitle 16",rights of children and youth under the supervision of the commissioner of children and families,social and human services and resources,,Social Assistance,10400004675,31,1423,27,3,0,1,0,36.0,7.36,33.33333333333333,31.25402635431918
Connecticut,2023-05-17,"Title 17a, Subtitle 17",single cost accounting system for payment of room and board and educational expenses,social and human services and resources,,Social Assistance,10400004676,62,4353,39,18,0,0,5,29.0,8.46,20.54794520547945,38.4262683736368
Connecticut,2023-05-17,"Title 17a, Subtitle 20",department assistance to psychiatric clinics and community health facilities,social and human services and resources,,Social Assistance,10400004677,267,7411,256,2,0,0,9,28.0,9.0,22.04724409448819,38.51331923890064
Connecticut,2023-05-17,"Title 17a, Subtitle 210",administration of medications residential facilities respite centers day programs community training homes and individual and family supports,social and human services and resources,,Social Assistance,10400004686,155,9845,133,3,1,5,13,35.0,8.76,24.54212454212454,42.51856917411889
Connecticut,2023-05-17,"Title 17a, Subtitle 212",criteria for determining eligibility for services criteria used in selecting which eligible persons will receive services and in selecting private sector service providers,social and human services and resources,,Social Assistance,10400004687,16,1301,16,0,0,0,0,36.0,7.56,16.666666666666664,42.69117647058823
Connecticut,2023-05-17,"Title 17a, Subtitle 212a",placement and care of clients who pose a serious threat to others,social and human services and resources,,Social Assistance,10400004688,19,1416,19,0,0,0,0,42.0,7.68,15.151515151515152,41.83139534883721
Connecticut,2023-05-17,"Title 17a, Subtitle 218",community based housing subsidy program for eligible clients of the department of mental retardation,social and human services and resources,,Social Assistance,10400004689,44,2432,37,4,0,0,3,31.0,8.21,32.89473684210527,37.86741282823935
Connecticut,2023-05-17,"Title 17a, Subtitle 22",department aid to day treatment centers for emotionally disturbed mentally ill and autistic children and youth,social and human services and resources,,Social Assistance,10400004678,17,707,14,1,0,0,2,49.0,7.36,21.428571428571427,36.69868995633188
Connecticut,2023-05-17,"Title 17a, Subtitle 227",licensing of community living arrangements residential schools and habilitative nursing facilities,social and human services and resources,,Social Assistance,10400004690,298,11997,267,12,1,2,16,30.0,9.32,18.9873417721519,39.5627481443121
Connecticut,2023-05-17,"Title 17a, Subtitle 230",funding program for privately operated community residences for mentally retarded persons,social and human services and resources,,Social Assistance,10400004691,157,6595,151,1,2,0,3,38.0,8.4,24.85549132947977,38.857411469758695
Connecticut,2023-05-17,"Title 17a, Subtitle 238",rights of persons under the supervision of the commissioner of mental retardation,social and human services and resources,,Social Assistance,10400004692,77,3935,73,0,0,3,1,36.0,8.45,25.0,40.48155030528272
Connecticut,2023-05-17,"Title 17a, Subtitle 247e",abuse and neglect registry,social and human services and resources,,Social Assistance,10400004693,46,2633,43,0,0,1,2,42.0,7.75,22.950819672131143,38.95526636844246
Connecticut,2023-05-17,"Title 17a, Subtitle 248",early intervention services for infants and toddlers and their families,social and human services and resources,,Social Assistance,10400004694,106,5581,95,0,0,0,11,41.0,8.41,43.51145038167939,36.1863425925926
Connecticut,2023-05-17,"Title 17a, Subtitle 301",promotion of independent living for the elderly program,social and human services and resources,,Social Assistance,10400004695,57,3743,43,8,0,0,6,32.0,8.77,36.84210526315789,35.92896781354051
Connecticut,2023-05-17,"Title 17a, Subtitle 306",community services policy manual for title iii programs of the older americans act,social and human services and resources,,Social Assistance,10400004696,203,21027,125,44,5,0,29,32.0,9.8,18.009478672985782,37.45314692323111
Connecticut,2023-05-17,"Title 17a, Subtitle 392",a patient s right to certain information prior to treatment by a physician establishing the connecticut medicare assignment program and a task force to develop a medicare supplementary catastrophic health coverage plan,social and human services and resources,,Social Assistance,10400004697,35,2489,23,8,0,1,3,24.0,8.41,20.0,38.161654135338345
Connecticut,2023-05-17,"Title 17a, Subtitle 451",personal data,social and human services and resources,,Social Assistance,10400004698,105,6980,101,1,0,0,3,34.0,8.46,35.175879396984925,36.58747753145596
Connecticut,2023-05-17,"Title 17a, Subtitle 453a",general assistance behavioral health program,social and human services and resources,,Social Assistance,10400004699,329,21931,304,1,1,0,23,74.0,8.84,67.59581881533101,42.69670298301537
Connecticut,2023-05-17,"Title 17a, Subtitle 543",treatment by prayer alone,social and human services and resources,,Social Assistance,10400004700,8,440,6,2,0,0,0,61.0,6.6,42.85714285714285,34.54216867469879
Connecticut,2023-05-17,"Title 17a, Subtitle 581",general operations and procedures,social and human services and resources,,Social Assistance,10400004701,157,9341,135,13,0,0,9,28.0,8.87,25.835866261398177,35.33729888964423
Connecticut,2023-05-17,"Title 17a, Subtitle 6",administration of medication in day programs and residential facilities by trained persons,social and human services and resources,,Social Assistance,10400004673,11,897,10,1,0,0,0,34.0,7.22,15.384615384615383,45.87310826542491
Connecticut,2023-05-17,"Title 17a, Subtitle 636",maintenance and disclosure of personal data,social and human services and resources,,Social Assistance,10400004702,162,8590,146,4,0,0,12,29.0,8.92,25.874125874125877,36.74575860397479
Connecticut,2023-05-17,"Title 17a, Subtitle 647",group homes for recovering substance abusers,social and human services and resources,,Social Assistance,10400004703,40,1516,39,0,0,0,1,26.0,7.59,21.052631578947366,32.791147994467494
Connecticut,2023-05-17,"Title 17a, Subtitle 854",national family caregiver support program,social and human services and resources,,Social Assistance,10400004704,36,2166,34,0,0,0,2,31.0,7.67,17.647058823529413,35.191953465826465
Connecticut,2023-05-17,"Title 17b, Subtitle 10",uniform policy manual,social services,,Social Assistance,10400004706,0,249,0,0,0,0,0,41.0,6.95,0.0,46.02678571428572
Connecticut,2023-05-17,"Title 17b, Subtitle 102",requirements for providing financial incentive for the reporting of vendor fraud,social services,,Social Assistance,10400004710,8,530,7,0,0,0,1,57.0,6.87,55.55555555555556,36.29303278688525
Connecticut,2023-05-17,"Title 17b, Subtitle 112f",safety net services account,social services,,Social Assistance,10400004711,4,133,4,0,0,0,0,26.0,5.48,0.0,38.36363636363637
Connecticut,2023-05-17,"Title 17b, Subtitle 179",title iv d child support enforcement program,social services,,Social Assistance,10400004712,282,15587,234,2,1,0,45,46.0,9.03,45.59270516717325,36.93712212817413
Connecticut,2023-05-17,"Title 17b, Subtitle 179b",title iv d child support enforcement program,social services,,Social Assistance,10400004713,42,3069,39,0,0,0,3,51.0,8.08,44.06779661016949,39.58940852819807
Connecticut,2023-05-17,"Title 17b, Subtitle 198",the state administered general assistance program,social services,,Social Assistance,10400004714,622,36451,546,5,4,2,65,53.0,9.28,70.73529411764706,35.20827721661055
Connecticut,2023-05-17,"Title 17b, Subtitle 262",requirements for payment of home health agencies,social services,,Social Assistance,10400004715,2322,132517,1989,10,11,2,310,46.0,9.63,33.72591006423983,38.71046468729448
Connecticut,2023-05-17,"Title 17b, Subtitle 27",hospital based acknowledgment of paternity,social services,,Social Assistance,10400004707,24,1078,19,0,0,0,5,37.0,7.01,28.57142857142857,43.3063872255489
Connecticut,2023-05-17,"Title 17b, Subtitle 34",electronic health records incentive program,social services,,Social Assistance,10400004708,34,2734,30,0,0,0,4,69.0,8.03,44.73684210526316,37.69547657512116
Connecticut,2023-05-17,"Title 17b, Subtitle 342",connecticut home care program for elders standards for access agencies and assisted living service agencies program requirements,social services,,Social Assistance,10400004716,300,16960,273,8,0,0,19,40.0,8.9,40.82125603864734,37.30324144198728
Connecticut,2023-05-17,"Title 17b, Subtitle 349e",connecticut statewide respite care program,social services,,Social Assistance,10400004717,48,2622,41,0,1,0,6,47.0,8.17,31.48148148148148,41.10008038585209
Connecticut,2023-05-17,"Title 17b, Subtitle 363a",return of drug products to pharmacies,social services,,Social Assistance,10400004718,14,509,12,0,0,0,2,38.0,6.33,30.76923076923077,35.3979797979798
Connecticut,2023-05-17,"Title 17b, Subtitle 4",community based services,social services,,Social Assistance,10400004705,36,3203,34,2,0,0,0,32.0,8.68,31.313131313131315,37.745301360985096
Connecticut,2023-05-17,"Title 17b, Subtitle 411",office of the state long term care ombudsman,social services,,Social Assistance,10400004719,127,7702,117,0,1,0,9,46.0,8.51,35.36585365853659,38.27765756018393
Connecticut,2023-05-17,"Title 17b, Subtitle 423",title iii of the older americans act,social services,,Social Assistance,10400004720,270,16118,245,1,8,2,14,37.0,9.41,25.352112676056336,36.83939742116686
Connecticut,2023-05-17,"Title 17b, Subtitle 461",protective services for the elderly,social services,,Social Assistance,10400004721,49,2664,42,1,0,0,6,42.0,8.1,64.51612903225806,36.73686244204018
Connecticut,2023-05-17,"Title 17b, Subtitle 533",management of continuing care facilities,social services,,Social Assistance,10400004722,122,5962,96,5,1,0,20,40.0,8.79,40.41095890410959,36.57666898470097
Connecticut,2023-05-17,"Title 17b, Subtitle 616",family support grant program,social services,,Social Assistance,10400004723,38,2375,29,9,0,0,0,35.0,8.35,27.27272727272727,37.698306595365416
Connecticut,2023-05-17,"Title 17b, Subtitle 653",bureau of rehabilitation services,social services,,Social Assistance,10400004724,203,14893,187,0,0,1,15,45.0,9.14,40.24767801857585,40.08945353289245
Connecticut,2023-05-17,"Title 17b, Subtitle 666",employment opportunities,social services,,Social Assistance,10400004725,11,1100,11,0,0,0,0,51.0,7.44,23.809523809523807,40.17000955109837
Connecticut,2023-05-17,"Title 17b, Subtitle 749",child care assistance program,social services,,Social Assistance,10400004726,837,31612,762,0,1,0,74,37.0,9.13,62.38095238095238,36.393868078708245
Connecticut,2023-05-17,"Title 17b, Subtitle 78",the general assistance policy manual,social services,,Social Assistance,10400004709,0,82,0,0,0,0,0,19.0,5.59,0.0,37.60294117647059
Connecticut,2023-05-17,"Title 17b, Subtitle 800",emergency shelter services,social services,,Social Assistance,10400004727,85,3298,83,1,1,0,0,48.0,8.4,52.23880597014925,34.429158760278305
Connecticut,2023-05-17,"Title 17b, Subtitle 802",security deposit program,social services,,Social Assistance,10400004728,60,3700,59,0,0,0,1,53.0,8.12,36.231884057971016,35.79441624365482
Connecticut,2023-05-17,"Title 17b, Subtitle 811a",transitionary rental assistance program,social services,,Social Assistance,10400004729,105,4549,99,0,1,0,5,43.0,8.06,36.19047619047619,35.85395306447938
Connecticut,2023-05-17,"Title 17b, Subtitle 812",rental assistance program,social services,,Social Assistance,10400004730,87,5040,83,0,1,0,3,52.0,8.39,32.29166666666667,37.30164609053498
Connecticut,2023-05-17,"Title 17, Subtitle 109a",safeguarding resident s personal funds handled by licensed homes for the aged,public assistance and welfare services,,Social Assistance,10400004653,68,1804,63,2,1,1,1,26.0,7.78,30.0,29.83133218982276
Connecticut,2023-05-17,"Title 17, Subtitle 12a",food stamp basis of issuance and allotment reduction,public assistance and welfare services,,Social Assistance,10400004645,16,2730,1,11,1,1,2,35.0,8.15,49.35064935064935,37.95397963032818
Connecticut,2023-05-17,"Title 17, Subtitle 134d",medical assistance,public assistance and welfare services,,Social Assistance,10400004654,476,37788,219,160,7,0,90,34.0,9.72,27.08333333333333,37.73433693718352
Connecticut,2023-05-17,"Title 17, Subtitle 174",licensure of private dwellings as community residences for the mentally retarded,public assistance and welfare services,,Social Assistance,10400004655,31,1015,29,0,0,0,2,25.0,7.68,20.0,36.44108446298228
Connecticut,2023-05-17,"Title 17, Subtitle 183",reporting of statistics by private facilities,public assistance and welfare services,,Social Assistance,10400004656,10,314,10,0,0,0,0,31.0,6.46,60.0,31.956666666666667
Connecticut,2023-05-17,"Title 17, Subtitle 2",public assistance,public assistance and welfare services,,Social Assistance,10400004641,118,6020,53,57,1,1,6,18.0,9.24,22.52252252252252,34.05012140131807
Connecticut,2023-05-17,"Title 17, Subtitle 205a",transportation of mentally ill or alcohol dependent persons,public assistance and welfare services,,Social Assistance,10400004657,17,1084,9,6,0,0,2,30.0,7.48,22.857142857142858,40.22873900293255
Connecticut,2023-05-17,"Title 17, Subtitle 210a",rules of practice,public assistance and welfare services,,Social Assistance,10400004658,94,4449,85,0,0,1,8,33.0,8.49,34.090909090909086,36.51012805587893
Connecticut,2023-05-17,"Title 17, Subtitle 21t",disclosures by professional solicitors,public assistance and welfare services,,Social Assistance,10400004646,1,93,1,0,0,0,0,91.0,5.3,,41.977777777777774
Connecticut,2023-05-17,"Title 17, Subtitle 226b",minimum standards for eligibility to receive state funds,public assistance and welfare services,,Social Assistance,10400004659,31,1749,28,3,0,0,0,35.0,8.14,16.3265306122449,36.91857659831122
Connecticut,2023-05-17,"Title 17, Subtitle 226d",minimum standards of eligibility for commission funding for private nonprofit organizations and municipalities,public assistance and welfare services,,Social Assistance,10400004660,502,18389,438,19,0,1,44,41.0,9.12,35.57046979865772,36.6666293768878
Connecticut,2023-05-17,"Title 17, Subtitle 226l",regional mental health boards,public assistance and welfare services,,Social Assistance,10400004661,22,1025,15,7,0,0,0,42.0,7.35,25.0,32.87941787941788
Connecticut,2023-05-17,"Title 17, Subtitle 227",licensure of hospitals for mentally ill persons,public assistance and welfare services,,Social Assistance,10400004662,92,3013,84,3,0,0,5,28.0,8.45,7.476635514018691,39.354347073086245
Connecticut,2023-05-17,"Title 17, Subtitle 2a",fair hearings,public assistance and welfare services,,Social Assistance,10400004642,21,947,20,0,0,0,1,25.0,7.06,37.83783783783784,33.06673960612692
Connecticut,2023-05-17,"Title 17, Subtitle 311",cost related reimbursement system for long term care facilities t,public assistance and welfare services,,Social Assistance,10400004663,496,27992,386,65,10,1,34,36.0,9.63,32.06307490144547,35.53596114328414
Connecticut,2023-05-17,"Title 17, Subtitle 312",title xix payments to hospitals including principles of hospital cost reimbursement and rates of payment for administratively necessary days,public assistance and welfare services,,Social Assistance,10400004664,24,3070,17,6,0,0,1,32.0,8.15,13.978494623655912,35.25442176870748
Connecticut,2023-05-17,"Title 17, Subtitle 313",establishment of rates for community living arrangements licensed by the department of mental retardation,public assistance and welfare services,,Social Assistance,10400004666,6,665,2,2,1,0,1,36.0,7.09,5.555555555555555,41.40967741935484
Connecticut,2023-05-17,"Title 17, Subtitle 313b",establishment of rates for community living arrangements licensed by the department of mental retardation,public assistance and welfare services,,Social Assistance,10400004665,132,7069,119,5,1,0,7,32.0,8.53,19.444444444444446,38.61202917969332
Connecticut,2023-05-17,"Title 17, Subtitle 31aa",before and after school child day care program,public assistance and welfare services,,Social Assistance,10400004647,4,444,4,0,0,0,0,33.0,6.8,0.0,37.73508353221957
Connecticut,2023-05-17,"Title 17, Subtitle 31ee",loans to corporations for child care facilities,public assistance and welfare services,,Social Assistance,10400004648,45,1521,40,0,1,0,4,40.0,7.64,16.216216216216218,34.389002036659875
Connecticut,2023-05-17,"Title 17, Subtitle 31k",shelter services for victims of household abuse,public assistance and welfare services,,Social Assistance,10400004649,6,424,5,1,0,0,0,23.0,6.77,5.555555555555555,40.46882793017456
Connecticut,2023-05-17,"Title 17, Subtitle 31kk",assistance to homeless persons with aids pilot program,public assistance and welfare services,,Social Assistance,10400004650,24,1475,21,1,0,0,2,35.0,8.07,7.317073170731707,40.17706821480407
Connecticut,2023-05-17,"Title 17, Subtitle 31z",bond fund grants to establish child care facilities for children of municipal and state employees,public assistance and welfare services,,Social Assistance,10400004651,22,1455,19,0,0,0,3,30.0,8.26,8.51063829787234,40.71211022480058
Connecticut,2023-05-17,"Title 17, Subtitle 3a",provision of emergency shelter services to general assistance applicants and recipients by the towns,public assistance and welfare services,,Social Assistance,10400004644,0,214,0,0,0,0,0,39.0,4.17,0.0,52.77777777777778
Connecticut,2023-05-17,"Title 17, Subtitle 411",organization of department of children and youth services,public assistance and welfare services,,Social Assistance,10400004667,11,1369,7,2,0,0,2,44.0,7.71,6.666666666666667,42.64871016691958
Connecticut,2023-05-17,"Title 17, Subtitle 415",employee personnel files,public assistance and welfare services,,Social Assistance,10400004668,32,5743,27,0,0,0,5,24.0,8.1,12.12121212121212,38.80212922173275
Connecticut,2023-05-17,"Title 17, Subtitle 470",community action agencies,public assistance and welfare services,,Social Assistance,10400004669,31,2861,27,1,0,0,3,50.0,8.48,37.5,39.39102099927589
Connecticut,2023-05-17,"Title 17, Subtitle 603",fair hearings,public assistance and welfare services,,Social Assistance,10400004643,60,3319,57,1,0,0,2,39.0,8.04,40.2439024390244,33.62324393358876
Connecticut,2023-05-17,"Title 17, Subtitle 606a",an assistive technology revolving fund,public assistance and welfare services,,Social Assistance,10400004670,67,2613,65,0,0,0,2,30.0,8.41,15.294117647058824,39.5808502185141
Connecticut,2023-05-17,"Title 17, Subtitle 615",child day care business firm tax credits,public assistance and welfare services,,Social Assistance,10400004671,31,1693,21,8,0,0,2,30.0,7.42,7.272727272727272,32.52798507462686
Connecticut,2023-05-17,"Title 17, Subtitle 619",eviction prevention,public assistance and welfare services,,Social Assistance,10400004672,48,2864,46,0,1,0,1,34.0,8.43,29.629629629629623,35.24729578515479
Connecticut,2023-05-17,"Title 17, Subtitle 83k",administrative sanctions to be invoked against vendors and or providers of goods and services under the title xix medicaid program,public assistance and welfare services,,Social Assistance,10400004652,22,1773,18,2,0,0,2,35.0,8.1,26.0,38.09332545776728
Connecticut,2023-05-17,"Title 18, Subtitle 101i",community input into the comprehensive state community correction plan,correctional institutions and department of correction,,"Security, Justice, and Corrections",10400004736,1,539,1,0,0,0,0,25.0,6.96,0.0,42.63723608445297
Connecticut,2023-05-17,"Title 18, Subtitle 101k",formula and procedures for the application review and award or denial of requests for funds and providing for the waiver or amendment of such formula,correctional institutions and department of correction,,"Security, Justice, and Corrections",10400004737,21,1209,17,0,0,0,4,23.0,7.55,8.0,43.044117647058826
Connecticut,2023-05-17,"Title 18, Subtitle 81",department organization and its general course of method and operation,correctional institutions and department of correction,,"Security, Justice, and Corrections",10400004731,193,9159,178,4,3,4,4,24.0,9.27,18.351063829787236,41.67057617854703
Connecticut,2023-05-17,"Title 18, Subtitle 81i",storage of weapons by the department of correction,correctional institutions and department of correction,,"Security, Justice, and Corrections",10400004732,3,164,3,0,0,0,0,32.0,5.71,40.0,40.7515923566879
Connecticut,2023-05-17,"Title 18, Subtitle 81kk",access to records by persons who were injured while in the custody of the commissioner of correction,correctional institutions and department of correction,,"Security, Justice, and Corrections",10400004734,14,983,11,0,0,1,2,45.0,7.53,52.38095238095239,37.650442477876105
Connecticut,2023-05-17,"Title 18, Subtitle 81q",return of drug products from correctional institutions,correctional institutions and department of correction,,"Security, Justice, and Corrections",10400004733,14,504,12,0,0,0,2,33.0,6.37,26.666666666666668,35.79713114754098
Connecticut,2023-05-17,"Title 18, Subtitle 85a",assessed cost of incarceration,correctional institutions and department of correction,,"Security, Justice, and Corrections",10400004735,14,659,14,0,0,0,0,30.0,6.9,19.047619047619047,38.64763458401305
Connecticut,2023-05-17,"Title 19a, Subtitle 102a",the sale of turtles,public health and well being,,Health Services,10400004778,10,546,10,0,0,0,0,41.0,7.34,30.76923076923077,31.51434034416826
Connecticut,2023-05-17,"Title 19a, Subtitle 111",lead poisoning prevention and control,public health and well being,,Health Services,10400004779,165,8999,139,15,2,0,9,33.0,9.22,29.21348314606741,36.94534625715287
Connecticut,2023-05-17,"Title 19a, Subtitle 113a",requiring lifeguards to be certified in cardiopulmonary resuscitation,public health and well being,,Health Services,10400004780,4,197,4,0,0,0,0,18.0,6.23,0.0,49.18817204301075
Connecticut,2023-05-17,"Title 19a, Subtitle 116",regulations on abortions,public health and well being,,Health Services,10400004781,25,847,23,0,0,0,2,40.0,7.65,61.90476190476191,38.020833333333336
Connecticut,2023-05-17,"Title 19a, Subtitle 127n",adverse event reporting for hospitals and outpatient surgical facilities,public health and well being,,Health Services,10400004782,16,1097,15,0,0,0,1,90.0,7.54,33.33333333333333,37.12463768115942
Connecticut,2023-05-17,"Title 19a, Subtitle 14",evaluation of candidates with previous licensure,public health and well being,,Health Services,10400004762,46,1950,32,12,0,0,2,36.0,8.38,44.230769230769226,40.380796508456086
Connecticut,2023-05-17,"Title 19a, Subtitle 167g",fy 1990 hospital budget review,public health and well being,,Health Services,10400004783,161,10916,108,37,2,0,14,27.0,8.64,15.284974093264248,35.141092689440306
Connecticut,2023-05-17,"Title 19a, Subtitle 177",statewide trauma system,public health and well being,,Health Services,10400004784,75,4021,71,1,0,1,2,41.0,8.65,26.31578947368421,37.34628693106202
Connecticut,2023-05-17,"Title 19a, Subtitle 178b",equipment grants for emergency medical services,public health and well being,,Health Services,10400004785,40,2165,38,1,1,0,0,53.0,7.64,20.51282051282051,38.93471659919028
Connecticut,2023-05-17,"Title 19a, Subtitle 179",office of emergency medical services,public health and well being,,Health Services,10400004786,269,13329,234,10,1,1,23,26.0,9.4,11.646586345381529,38.06212265649825
Connecticut,2023-05-17,"Title 19a, Subtitle 180",need for emergency medical services,public health and well being,,Health Services,10400004787,37,1862,34,0,0,0,3,46.0,7.82,30.76923076923077,37.14749430523918
Connecticut,2023-05-17,"Title 19a, Subtitle 25",disclosure of health data,public health and well being,,Health Services,10400004763,13,1225,8,0,1,0,4,50.0,7.51,50.0,41.130102040816325
Connecticut,2023-05-17,"Title 19a, Subtitle 279l",anatomical gifts,public health and well being,,Health Services,10400004788,10,743,10,0,0,0,0,56.0,7.29,69.23076923076923,31.008486562942007
Connecticut,2023-05-17,"Title 19a, Subtitle 2a",personal data,public health and well being,,Health Services,10400004757,176,15570,162,1,2,0,11,23.0,9.03,12.575757575757576,38.52236563545721
Connecticut,2023-05-17,"Title 19a, Subtitle 32a",aids research education fund,public health and well being,,Health Services,10400004764,8,364,8,0,0,0,0,31.0,6.53,9.090909090909092,37.32937685459941
Connecticut,2023-05-17,"Title 19a, Subtitle 32b",breast cancer research and education fund,public health and well being,,Health Services,10400004765,1,160,1,0,0,0,0,51.0,5.73,33.33333333333333,39.74496644295302
Connecticut,2023-05-17,"Title 19a, Subtitle 332a",standards for asbestos abatement,public health and well being,,Health Services,10400004789,110,4880,102,2,0,0,6,39.0,8.84,39.66942148760331,37.15731785944552
Connecticut,2023-05-17,"Title 19a, Subtitle 332e",licensure and training requirements for persons engaged in asbestos abatement and consultation services,public health and well being,,Health Services,10400004790,5,821,5,0,0,0,0,44.0,6.94,17.647058823529413,46.86219081272085
Connecticut,2023-05-17,"Title 19a, Subtitle 333",asbestos containing materials in schools,public health and well being,,Health Services,10400004791,148,10689,123,4,1,0,20,64.0,8.77,67.28395061728395,37.95697226882464
Connecticut,2023-05-17,"Title 19a, Subtitle 36",reportable diseases and laboratory findings,public health and well being,,Health Services,10400004766,410,19306,362,7,2,10,29,42.0,9.53,39.4273127753304,37.7941603484433
Connecticut,2023-05-17,"Title 19a, Subtitle 36h",model food code implementation,public health and well being,,Health Services,10400004767,53,3183,45,0,1,0,7,54.0,7.77,47.368421052631575,34.75768967874231
Connecticut,2023-05-17,"Title 19a, Subtitle 37a",fire sprinkler regulations,public health and well being,,Health Services,10400004768,2,67,2,0,0,0,0,32.0,4.82,0.0,39.016129032258064
Connecticut,2023-05-17,"Title 19a, Subtitle 401",operation of commission on medicolegal investigations reports of death suicide notes and personal data,public health and well being,,Health Services,10400004792,115,5274,103,0,0,0,12,33.0,8.72,24.203821656050955,37.48680527788884
Connecticut,2023-05-17,"Title 19a, Subtitle 403",fees to be charged for the services of the chief medical examiner and the professional staff of the office of the chief medical examiner as experts,public health and well being,,Health Services,10400004793,9,852,9,0,0,0,0,34.0,6.75,28.000000000000004,32.56123662306778
Connecticut,2023-05-17,"Title 19a, Subtitle 41",birth certificates filing requirements and access,public health and well being,,Health Services,10400004769,115,6257,112,1,0,0,2,38.0,8.54,37.19512195121951,37.81059096945551
Connecticut,2023-05-17,"Title 19a, Subtitle 428",youth camp licensing regulations,public health and well being,,Health Services,10400004794,292,10355,269,1,0,0,22,44.0,8.89,33.33333333333333,36.71358073430714
Connecticut,2023-05-17,"Title 19a, Subtitle 487b",mobile field hospital,public health and well being,,Health Services,10400004795,15,614,15,0,0,0,0,38.0,6.86,31.25,36.97979797979798
Connecticut,2023-05-17,"Title 19a, Subtitle 490k",medical protocol for the administration of influenza and pneumococcal polysaccharide vaccines for patients in hospitals,public health and well being,,Health Services,10400004796,5,418,5,0,0,0,0,100.0,6.53,25.0,41.17766497461929
Connecticut,2023-05-17,"Title 19a, Subtitle 495",licensure of private freestanding mental health day treatment facilities intermediate treatment facilities and psychiatric outpatient clinics for adults,public health and well being,,Health Services,10400004797,1945,63716,1848,18,5,3,71,31.0,9.93,18.257874015748037,38.233648915821455
Connecticut,2023-05-17,"Title 19a, Subtitle 497",strike contingency plans for health care facilities,public health and well being,,Health Services,10400004798,19,2155,18,0,0,0,1,,7.65,,36.43522561863173
Connecticut,2023-05-17,"Title 19a, Subtitle 504c",discharge planning,public health and well being,,Health Services,10400004799,7,205,5,2,0,0,0,25.0,5.69,12.5,35.995049504950494
Connecticut,2023-05-17,"Title 19a, Subtitle 519",nursing home administrator educational licensure requirements,public health and well being,,Health Services,10400004800,33,1791,25,5,0,0,3,40.0,8.16,13.636363636363637,42.07781649245064
Connecticut,2023-05-17,"Title 19a, Subtitle 527",civil penalty violations for chronic and convalescent nursing homes and rest homes with nursing supervision,public health and well being,,Health Services,10400004801,8,552,8,0,0,0,0,,5.87,0.0,31.245562130177515
Connecticut,2023-05-17,"Title 19a, Subtitle 55",newborn infant health screening,public health and well being,,Health Services,10400004770,21,626,21,0,0,0,0,34.0,7.06,33.33333333333333,36.06890756302521
Connecticut,2023-05-17,"Title 19a, Subtitle 580d",recognition and transfer of do not resuscitate orders,public health and well being,,Health Services,10400004802,21,1155,21,0,0,0,0,33.0,7.08,23.52941176470588,36.75636363636364
Connecticut,2023-05-17,"Title 19a, Subtitle 586",informed consent for an hiv related test,public health and well being,,Health Services,10400004803,7,1074,5,0,0,0,2,26.0,7.67,35.0,32.19370229007634
Connecticut,2023-05-17,"Title 19a, Subtitle 589",aids related testing and medical information and confidentiality,public health and well being,,Health Services,10400004804,16,1891,13,1,0,0,2,,7.91,,34.877405167674546
Connecticut,2023-05-17,"Title 19a, Subtitle 59",newborn hearing screening program,public health and well being,,Health Services,10400004771,12,407,12,0,0,0,0,57.0,6.82,71.42857142857143,38.41624365482234
Connecticut,2023-05-17,"Title 19a, Subtitle 59c",special supplemental nutrition program for women infants and children,public health and well being,,Health Services,10400004772,243,12323,221,1,5,1,15,31.0,9.4,21.649484536082475,37.01599664991625
Connecticut,2023-05-17,"Title 19a, Subtitle 6",rules of practice,public health and well being,,Health Services,10400004761,2,73,2,0,0,0,0,24.0,4.94,0.0,37.88405797101449
Connecticut,2023-05-17,"Title 19a, Subtitle 613",office of healthcare access division,public health and well being,,Health Services,10400004805,1,245,1,0,0,0,0,26.0,6.39,11.11111111111111,36.82648401826484
Connecticut,2023-05-17,"Title 19a, Subtitle 630",definitions applicable to sections 19a 630 1 through 19a 653 4 inclusive of the regulations of connecticut state agencies,public health and well being,,Health Services,10400004806,1,709,1,0,0,0,0,,7.47,,41.62857142857143
Connecticut,2023-05-17,"Title 19a, Subtitle 638",certificate of need determination request policies concerning outpatient operating room increases cardiac services and imaging equipment replacement,public health and well being,,Health Services,10400004807,8,296,6,0,0,0,2,32.0,6.28,0.0,40.4963768115942
Connecticut,2023-05-17,"Title 19a, Subtitle 639a",certificate of need application process,public health and well being,,Health Services,10400004808,31,1304,29,1,0,0,1,39.0,7.29,30.303030303030305,35.955465587044536
Connecticut,2023-05-17,"Title 19a, Subtitle 639b",certificate of need expiration extension and non transferability,public health and well being,,Health Services,10400004809,8,314,7,0,1,0,0,38.0,6.6,25.0,41.51170568561873
Connecticut,2023-05-17,"Title 19a, Subtitle 639c",healthcare facility relocation certificate of need,public health and well being,,Health Services,10400004810,6,204,5,0,0,0,1,40.0,5.72,0.0,35.0360824742268
Connecticut,2023-05-17,"Title 19a, Subtitle 639e",termination of healthcare facility or services certificate of need,public health and well being,,Health Services,10400004811,9,447,8,0,0,0,1,55.0,5.55,50.0,32.470449172576835
Connecticut,2023-05-17,"Title 19a, Subtitle 643",administrative regulations and rules of practice description of organization,public health and well being,,Health Services,10400004812,59,6180,47,3,0,0,9,87.0,9.07,52.85714285714286,37.515987142615465
Connecticut,2023-05-17,"Title 19a, Subtitle 653",civil penalties assessed by the office of healthcare access,public health and well being,,Health Services,10400004813,9,388,7,0,0,0,2,42.0,6.39,11.11111111111111,31.82872928176796
Connecticut,2023-05-17,"Title 19a, Subtitle 7",confidentiality of health care data,public health and well being,,Health Services,10400004758,4,636,1,0,1,0,2,,6.86,25.0,42.05882352941177
Connecticut,2023-05-17,"Title 19a, Subtitle 72",72,public health and well being,,Health Services,10400004773,19,928,16,0,0,0,3,47.0,7.42,31.57894736842105,40.45842956120092
Connecticut,2023-05-17,"Title 19a, Subtitle 76",per capita grants for part time health departments,public health and well being,,Health Services,10400004774,18,991,18,0,0,0,0,42.0,7.26,13.043478260869565,42.22041259500543
Connecticut,2023-05-17,"Title 19a, Subtitle 79",child day care centers group day care homes,public health and well being,,Health Services,10400004775,509,20726,466,6,0,5,32,46.0,9.31,33.55555555555556,34.619422175162605
Connecticut,2023-05-17,"Title 19a, Subtitle 7h",reporting information to and releasing information from the connecticut immunization registry and tracking system,public health and well being,,Health Services,10400004759,32,1854,31,0,0,0,1,48.0,7.5,28.947368421052637,38.526942711287575
Connecticut,2023-05-17,"Title 19a, Subtitle 87b",family day care homes,public health and well being,,Health Services,10400004776,451,18380,420,2,0,0,29,43.0,9.17,33.0188679245283,36.38707143257954
Connecticut,2023-05-17,"Title 19a, Subtitle 88",retired licensure for nurses,public health and well being,,Health Services,10400004777,16,940,12,1,0,0,3,39.0,7.08,17.391304347826086,41.55827505827506
Connecticut,2023-05-17,"Title 19a, Subtitle 9",rules of practice,public health and well being,,Health Services,10400004760,79,4029,76,0,0,0,3,31.0,8.19,30.15873015873016,34.100053078556265
Connecticut,2023-05-17,"Title 19, Subtitle 13",13 b,public health and safety,,Health Services,10400004741,6150,246774,5448,57,20,26,599,34.0,10.26,27.959590210586228,36.058182786518
Connecticut,2023-05-17,"Title 19, Subtitle 2",reporting use of production of carcinogenic substances,public health and safety,,Health Services,10400004739,2,40,1,0,0,0,1,37.0,4.59,0.0,28.87878787878788
Connecticut,2023-05-17,"Title 19, Subtitle 24",radiation sources and radioactive materials,public health and safety,,Health Services,10400004742,97,6508,88,0,0,0,9,18.0,8.78,11.731843575418994,34.77651643510674
Connecticut,2023-05-17,"Title 19, Subtitle 25a",x ray devices used for diagnosis and therapy,public health and safety,,Health Services,10400004743,14,364,13,0,0,0,1,28.0,6.24,16.666666666666664,40.77134146341464
Connecticut,2023-05-17,"Title 19, Subtitle 25d",x ray devices used for diagnosis and therapy,public health and safety,,Health Services,10400004744,143,3930,128,1,0,0,14,24.0,8.21,31.0126582278481,34.18060379374833
Connecticut,2023-05-17,"Title 19, Subtitle 293",insecticides and fungicides,public health and safety,,Health Services,10400004747,0,25,0,0,0,0,0,3.0,4.11,0.0,29.692307692307693
Connecticut,2023-05-17,"Title 19, Subtitle 297",sodium fluoroacetate,public health and safety,,Health Services,10400004748,0,23,0,0,0,0,0,3.0,4.26,0.0,31.83333333333333
Connecticut,2023-05-17,"Title 19, Subtitle 301",labeling of hazardous substances,public health and safety,,Health Services,10400004749,10,1138,8,0,0,0,2,22.0,8.01,20.0,27.013477088948783
Connecticut,2023-05-17,"Title 19, Subtitle 394a",the use of christmas trees and decorative material in all premises under the regulatory authority of the labor commissioner,public health and safety,,Health Services,10400004750,38,921,34,0,1,1,2,22.0,7.68,20.0,33.70634920634921
Connecticut,2023-05-17,"Title 19, Subtitle 395a",making buildings accessible to and usable by the physically handicapped,public health and safety,,Health Services,10400004751,19,547,18,0,0,0,1,20.0,7.3,22.22222222222222,34.61333333333334
Connecticut,2023-05-17,"Title 19, Subtitle 399",connecticut board of materials review,public health and safety,,Health Services,10400004752,40,1446,37,1,0,0,2,29.0,7.6,8.333333333333332,34.59553903345725
Connecticut,2023-05-17,"Title 19, Subtitle 4",minimum standards for approval of public health laboratories,public health and safety,,Health Services,10400004740,3,630,2,0,0,0,1,,6.8,66.66666666666666,35.41100323624595
Connecticut,2023-05-17,"Title 19, Subtitle 409d",transport of radioactive material,public health and safety,,Health Services,10400004753,16,1319,13,1,0,0,2,21.0,8.08,9.523809523809524,39.41434262948207
Connecticut,2023-05-17,"Title 19, Subtitle 411",vertical wheelchair iifts,public health and safety,,Health Services,10400004754,137,3952,131,2,0,1,3,20.0,8.48,20.634920634920636,31.076470588235296
Connecticut,2023-05-17,"Title 19, Subtitle 488",standards for certification of the community treatment programs which may administer controlled drugs,public health and safety,,Health Services,10400004755,49,1711,43,1,0,2,3,36.0,8.05,13.043478260869565,41.89460784313726
Connecticut,2023-05-17,"Title 19, Subtitle 48B",standards for certification of the community treatment programs which may administer controlled drugs,public health and safety,,Health Services,10400004756,3,70,3,0,0,0,0,23.0,4.87,0.0,44.0
Connecticut,2023-05-17,"Title 19, Subtitle 49",transportation of bodies of deceased persons,public health and safety,,Health Services,10400004745,8,212,5,0,0,0,3,52.0,6.56,25.0,38.10891089108911
Connecticut,2023-05-17,"Title 19, Subtitle 570",rules of practice,public health and safety,,Health Services,10400004738,119,5801,107,0,0,1,11,32.0,8.64,37.28813559322034,35.25630403458213
Connecticut,2023-05-17,"Title 19, Subtitle 66c",compressed air used in self contained underwater breathing apparatus,public health and safety,,Health Services,10400004746,4,901,2,0,0,0,2,21.0,7.76,14.285714285714285,34.92982456140351
Connecticut,2023-05-17,"Title 1, Subtitle 1h",identity card issued to persons who do not possess motor vehicle operator licenses,provisions of general application,,Administration,10400004135,17,712,12,3,0,0,2,32.0,6.91,27.27272727272727,36.014749262536874
Connecticut,2023-05-17,"Title 1, Subtitle 1j",payment for license fees by credit card charge card or debit card,provisions of general application,,Administration,10400004136,8,931,7,0,0,0,1,62.0,6.91,66.66666666666666,32.40465631929047
Connecticut,2023-05-17,"Title 1, Subtitle 21j",organization and rules of practice,provisions of general application,,Administration,10400004137,243,11188,218,2,0,2,21,36.0,8.61,35.85526315789473,35.24165267673941
Connecticut,2023-05-17,"Title 1, Subtitle 264",license by electronic means,provisions of general application,,Administration,10400004140,3,206,3,0,0,0,0,34.0,5.66,16.666666666666664,40.64039408866995
Connecticut,2023-05-17,"Title 1, Subtitle 81",code of ethics,provisions of general application,,Administration,10400004138,138,7886,103,3,4,11,17,46.0,8.5,43.03030303030303,35.97023330651649
Connecticut,2023-05-17,"Title 1, Subtitle 92",description of organization and rules of practice,provisions of general application,,Administration,10400004139,352,23483,268,24,3,2,55,42.0,9.32,37.45454545454546,35.8728449231042
Connecticut,2023-05-17,"Title 20, Subtitle 10",medical educational requirements,professional and occupational licensing certification,,"Industry, Commerce, and Development",10400004814,29,2280,27,0,0,0,2,60.0,7.7,35.13513513513514,40.88111568358482
Connecticut,2023-05-17,"Title 20, Subtitle 104",dentists,professional and occupational licensing certification,,"Industry, Commerce, and Development",10400004823,1,35,1,0,0,0,0,16.0,4.33,0.0,42.1875
Connecticut,2023-05-17,"Title 20, Subtitle 123b",administration and use of anesthesia and conscious sedation in dentistry,professional and occupational licensing certification,,"Industry, Commerce, and Development",10400004824,29,2507,24,1,0,0,4,63.0,8.44,26.31578947368421,42.6381974248927
Connecticut,2023-05-17,"Title 20, Subtitle 128",state board of examiners in optometry,professional and occupational licensing certification,,"Industry, Commerce, and Development",10400004825,4,147,4,0,0,0,0,72.0,6.22,0.0,47.88721804511278
Connecticut,2023-05-17,"Title 20, Subtitle 13d",reporting actions taken against physicians,professional and occupational licensing certification,,"Industry, Commerce, and Development",10400004815,2,89,2,0,0,0,0,43.0,5.31,0.0,35.69047619047619
Connecticut,2023-05-17,"Title 20, Subtitle 141",commission of opticians,professional and occupational licensing certification,,"Industry, Commerce, and Development",10400004826,49,2778,38,0,0,0,11,39.0,8.31,17.391304347826086,38.99516369047619
Connecticut,2023-05-17,"Title 20, Subtitle 146",continuing education for opticians,professional and occupational licensing certification,,"Industry, Commerce, and Development",10400004827,20,994,18,0,0,0,2,29.0,7.3,9.090909090909092,44.29665587918015
Connecticut,2023-05-17,"Title 20, Subtitle 188",psychology licensing requirements,professional and occupational licensing certification,,"Industry, Commerce, and Development",10400004828,90,2799,79,2,0,0,9,34.0,8.08,16.25,45.23604992657856
Connecticut,2023-05-17,"Title 20, Subtitle 195a",marital and family therapists,professional and occupational licensing certification,,"Industry, Commerce, and Development",10400004829,23,924,20,1,0,0,2,39.0,7.48,34.78260869565217,44.71153846153846
Connecticut,2023-05-17,"Title 20, Subtitle 195c",continuing education for marital and family therapists,professional and occupational licensing certification,,"Industry, Commerce, and Development",10400004830,25,1532,24,0,0,0,1,48.0,7.67,19.35483870967742,42.78863478863479
Connecticut,2023-05-17,"Title 20, Subtitle 195cc",continuing education for professional counselors,professional and occupational licensing certification,,"Industry, Commerce, and Development",10400004831,26,1599,24,0,0,0,2,48.0,7.71,25.0,43.64838070059484
Connecticut,2023-05-17,"Title 20, Subtitle 196",rules of practice,professional and occupational licensing certification,,"Industry, Commerce, and Development",10400004816,64,1690,53,6,0,0,5,19.0,8.07,12.5,34.72498465316145
Connecticut,2023-05-17,"Title 20, Subtitle 211",embalmers,professional and occupational licensing certification,,"Industry, Commerce, and Development",10400004832,20,822,18,0,0,2,0,39.0,7.35,25.0,35.526727509778354
Connecticut,2023-05-17,"Title 20, Subtitle 269",board of examiners of hypertrichologists,professional and occupational licensing certification,,"Industry, Commerce, and Development",10400004833,13,460,10,1,0,0,2,31.0,7.15,14.285714285714285,44.1943793911007
Connecticut,2023-05-17,"Title 20, Subtitle 275b",continuing education for electrologists,professional and occupational licensing certification,,"Industry, Commerce, and Development",10400004834,25,1514,24,0,0,0,1,50.0,7.74,20.689655172413797,43.37526352775826
Connecticut,2023-05-17,"Title 20, Subtitle 280",issuance of certified public accountant certificate by written examination,professional and occupational licensing certification,,"Industry, Commerce, and Development",10400004835,188,11594,160,5,4,0,19,35.0,9.48,28.08641975308642,39.19264495347173
Connecticut,2023-05-17,"Title 20, Subtitle 281",require that permit holders as a condition for the renewal of a permit to practice undergo a quality review,professional and occupational licensing certification,,"Industry, Commerce, and Development",10400004836,62,3019,44,5,0,0,13,53.0,7.45,48.21428571428572,33.46853388658368
Connecticut,2023-05-17,"Title 20, Subtitle 289",architect licensure,professional and occupational licensing certification,,"Industry, Commerce, and Development",10400004837,76,3760,70,0,1,0,5,22.0,8.42,20.51282051282051,36.45004174784303
Connecticut,2023-05-17,"Title 20, Subtitle 300",professional engineers and land surveyors,professional and occupational licensing certification,,"Industry, Commerce, and Development",10400004838,216,9119,200,1,3,0,12,33.0,8.81,19.776119402985078,36.99216087252897
Connecticut,2023-05-17,"Title 20, Subtitle 300b",minimum standards of accuracy content and certification for surveys and maps,professional and occupational licensing certification,,"Industry, Commerce, and Development",10400004839,95,4389,90,0,0,0,5,34.0,8.66,30.64516129032258,35.26884360422293
Connecticut,2023-05-17,"Title 20, Subtitle 314",passing scores on examinations for real estate broker s license and real estate salesman s license,professional and occupational licensing certification,,"Industry, Commerce, and Development",10400004840,2,104,0,2,0,0,0,50.0,5.09,0.0,30.70833333333333
Connecticut,2023-05-17,"Title 20, Subtitle 314a",real estate licensing,professional and occupational licensing certification,,"Industry, Commerce, and Development",10400004841,40,1279,37,1,0,0,2,50.0,7.67,40.0,39.24576271186441
Connecticut,2023-05-17,"Title 20, Subtitle 319",continuing education for real estate brokers and salesmen,professional and occupational licensing certification,,"Industry, Commerce, and Development",10400004842,44,1536,40,2,1,1,0,34.0,7.92,20.454545454545457,37.91736111111111
Connecticut,2023-05-17,"Title 20, Subtitle 325c",fees charged by real estate brokers and salesmen,professional and occupational licensing certification,,"Industry, Commerce, and Development",10400004843,12,491,10,0,0,0,2,40.0,6.67,25.0,33.7478813559322
Connecticut,2023-05-17,"Title 20, Subtitle 325d",real estate brokers and salesmen,professional and occupational licensing certification,,"Industry, Commerce, and Development",10400004844,27,1949,17,1,2,0,7,35.0,7.26,36.36363636363637,33.72029442691903
Connecticut,2023-05-17,"Title 20, Subtitle 327b",residential property condition disclosure report,professional and occupational licensing certification,,"Industry, Commerce, and Development",10400004846,5,1588,2,0,0,0,3,12.0,8.17,45.66929133858268,32.012402088772845
Connecticut,2023-05-17,"Title 20, Subtitle 328",real estate brokers and salesmen,professional and occupational licensing certification,,"Industry, Commerce, and Development",10400004845,69,3448,65,2,0,0,2,49.0,7.78,42.028985507246375,33.5367734282325
Connecticut,2023-05-17,"Title 20, Subtitle 329m",disposition advertising sale or exchange in this state of real estate located in another state or jurisdiction,professional and occupational licensing certification,,"Industry, Commerce, and Development",10400004847,35,1856,32,0,0,0,3,67.0,7.75,48.14814814814815,33.92338028169014
Connecticut,2023-05-17,"Title 20, Subtitle 32b",continuing education for chiropractors,professional and occupational licensing certification,,"Industry, Commerce, and Development",10400004817,19,1282,18,0,0,0,1,35.0,7.51,11.428571428571429,42.40886287625418
Connecticut,2023-05-17,"Title 20, Subtitle 332",occupational licensing,professional and occupational licensing certification,,"Industry, Commerce, and Development",10400004848,176,11473,147,13,7,1,8,28.0,8.51,13.30049261083744,37.68978962640551
Connecticut,2023-05-17,"Title 20, Subtitle 334d",continuing education requirements for the electrical and plumbing trades,professional and occupational licensing certification,,"Industry, Commerce, and Development",10400004849,58,1614,53,1,0,1,3,24.0,7.72,6.0606060606060606,37.87307692307692
Connecticut,2023-05-17,"Title 20, Subtitle 340d",swimming pool builders and contractors,professional and occupational licensing certification,,"Industry, Commerce, and Development",10400004850,12,752,12,0,0,0,0,83.0,7.17,44.44444444444444,41.83734087694484
Connecticut,2023-05-17,"Title 20, Subtitle 340e",swimming pool assembler s license,professional and occupational licensing certification,,"Industry, Commerce, and Development",10400004851,9,350,7,0,0,0,2,49.0,6.45,57.14285714285714,38.73952095808383
Connecticut,2023-05-17,"Title 20, Subtitle 341gg",registration of major contractors,professional and occupational licensing certification,,"Industry, Commerce, and Development",10400004852,17,1337,15,0,0,1,1,59.0,8.03,36.36363636363637,38.30438247011952
Connecticut,2023-05-17,"Title 20, Subtitle 344",licensing and regulations of the tv service business,professional and occupational licensing certification,,"Industry, Commerce, and Development",10400004853,72,3066,67,3,0,0,2,41.0,8.0,31.506849315068493,34.354903943377145
Connecticut,2023-05-17,"Title 20, Subtitle 368",examination and licensure,professional and occupational licensing certification,,"Industry, Commerce, and Development",10400004854,70,2974,65,0,1,0,4,41.0,8.36,33.33333333333333,40.76223533495314
Connecticut,2023-05-17,"Title 20, Subtitle 377t",interior designers,professional and occupational licensing certification,,"Industry, Commerce, and Development",10400004855,4,303,2,2,0,0,0,100.0,6.73,33.33333333333333,40.86111111111112
Connecticut,2023-05-17,"Title 20, Subtitle 381",ambulance services,professional and occupational licensing certification,,"Industry, Commerce, and Development",10400004856,3,224,3,0,0,0,0,70.0,6.22,33.33333333333333,38.70854271356784
Connecticut,2023-05-17,"Title 20, Subtitle 406",hearing aid dealers,professional and occupational licensing certification,,"Industry, Commerce, and Development",10400004857,53,2015,45,0,0,1,7,44.0,7.86,22.22222222222222,35.54811715481171
Connecticut,2023-05-17,"Title 20, Subtitle 416",licensure of speech pathologists and audiologists,professional and occupational licensing certification,,"Industry, Commerce, and Development",10400004858,24,955,23,0,0,0,1,35.0,7.3,14.814814814814811,47.28854625550661
Connecticut,2023-05-17,"Title 20, Subtitle 417aa",limited swimming pool licenses,professional and occupational licensing certification,,"Industry, Commerce, and Development",10400004859,4,241,3,0,0,0,1,29.0,5.82,12.5,36.937219730941706
Connecticut,2023-05-17,"Title 20, Subtitle 430",registration as home improvement contractors and salesmen,professional and occupational licensing certification,,"Industry, Commerce, and Development",10400004860,8,475,8,0,0,0,0,52.0,6.16,55.55555555555556,40.330357142857146
Connecticut,2023-05-17,"Title 20, Subtitle 44",permits to physicians to serve as interns or residents in hospitals in this state for the purpose of extending their education,professional and occupational licensing certification,,"Industry, Commerce, and Development",10400004818,4,512,4,0,0,0,0,42.0,7.18,58.333333333333336,32.898
Connecticut,2023-05-17,"Title 20, Subtitle 440",licensure and training requirements for persons engaged in asbestos abatement and consultation services,professional and occupational licensing certification,,"Industry, Commerce, and Development",10400004861,170,10985,144,0,0,2,24,49.0,9.29,19.90950226244344,44.45726897069872
Connecticut,2023-05-17,"Title 20, Subtitle 441",licensing and training requirements for persons engaged in asbestos abatement and consultation services,professional and occupational licensing certification,,"Industry, Commerce, and Development",10400004862,60,1956,49,0,0,0,11,28.0,7.61,4.285714285714286,41.14891416752844
Connecticut,2023-05-17,"Title 20, Subtitle 452",452,professional and occupational licensing certification,,"Industry, Commerce, and Development",10400004863,0,56,0,0,0,0,0,53.0,4.96,0.0,42.44
Connecticut,2023-05-17,"Title 20, Subtitle 453",453,professional and occupational licensing certification,,"Industry, Commerce, and Development",10400004864,27,1041,24,0,0,0,3,38.0,7.11,18.51851851851852,40.42173479561316
Connecticut,2023-05-17,"Title 20, Subtitle 461",community association managers,professional and occupational licensing certification,,"Industry, Commerce, and Development",10400004865,15,770,11,1,0,0,3,68.0,7.08,72.72727272727273,35.84289617486339
Connecticut,2023-05-17,"Title 20, Subtitle 478",standards for licensure and certification of lead abatement contractors lead consultants and lead abatement personnel,professional and occupational licensing certification,,"Industry, Commerce, and Development",10400004866,31,2311,22,0,1,0,8,42.0,7.73,33.33333333333333,42.79223744292238
Connecticut,2023-05-17,"Title 20, Subtitle 491",home inspectors,professional and occupational licensing certification,,"Industry, Commerce, and Development",10400004867,122,5084,88,1,1,0,32,40.0,8.9,22.76422764227642,39.15749172185431
Connecticut,2023-05-17,"Title 20, Subtitle 504",real estate appraisers,professional and occupational licensing certification,,"Industry, Commerce, and Development",10400004868,100,5384,84,0,0,0,16,46.0,8.65,22.41379310344828,42.31996105160662
Connecticut,2023-05-17,"Title 20, Subtitle 512",real estate appraisers,professional and occupational licensing certification,,"Industry, Commerce, and Development",10400004869,69,2652,63,1,0,1,4,38.0,8.12,14.492753623188406,39.16547901821061
Connecticut,2023-05-17,"Title 20, Subtitle 529e",appraisal management companies,professional and occupational licensing certification,,"Industry, Commerce, and Development",10400004870,94,4375,82,0,0,1,11,46.0,8.24,22.82608695652174,41.667312818027625
Connecticut,2023-05-17,"Title 20, Subtitle 576",the practice of pharmacy,professional and occupational licensing certification,,"Industry, Commerce, and Development",10400004871,275,14735,229,13,1,2,30,60.0,8.92,51.69491525423729,41.419033886085074
Connecticut,2023-05-17,"Title 20, Subtitle 576a",576a,professional and occupational licensing certification,,"Industry, Commerce, and Development",10400004872,101,3790,88,0,0,1,12,45.0,8.28,20.73170731707317,40.26631344116007
Connecticut,2023-05-17,"Title 20, Subtitle 614",electronic data intermediaries,professional and occupational licensing certification,,"Industry, Commerce, and Development",10400004873,10,550,10,0,0,0,0,35.0,7.04,26.666666666666668,47.776679841897234
Connecticut,2023-05-17,"Title 20, Subtitle 631",collaborative drug therapy management,professional and occupational licensing certification,,"Industry, Commerce, and Development",10400004874,6,322,4,0,0,0,2,78.0,6.63,75.0,46.68027210884354
Connecticut,2023-05-17,"Title 20, Subtitle 633",administration of vaccine by pharmacists,professional and occupational licensing certification,,"Industry, Commerce, and Development",10400004875,8,463,8,0,0,0,0,55.0,6.88,62.5,50.271844660194176
Connecticut,2023-05-17,"Title 20, Subtitle 635",quality assurance programs for pharmacies,professional and occupational licensing certification,,"Industry, Commerce, and Development",10400004876,21,605,20,0,0,0,1,29.0,6.69,20.0,40.9347442680776
Connecticut,2023-05-17,"Title 20, Subtitle 654",shorthand reporters,professional and occupational licensing certification,,"Industry, Commerce, and Development",10400004877,19,1215,19,0,0,0,0,51.0,7.73,8.695652173913043,38.21716287215411
Connecticut,2023-05-17,"Title 20, Subtitle 670",registration of homemaker companion agencies,professional and occupational licensing certification,,"Industry, Commerce, and Development",10400004878,14,577,14,0,0,0,0,40.0,7.15,14.285714285714285,36.66308243727599
Connecticut,2023-05-17,"Title 20, Subtitle 74i",continued competency requirements for biennial license renewal by occupational therapists and occupational therapy assistants,professional and occupational licensing certification,,"Industry, Commerce, and Development",10400004819,34,2074,29,0,0,0,5,39.0,7.85,23.07692307692308,45.42943244600704
Connecticut,2023-05-17,"Title 20, Subtitle 74o",criteria and procedures for substance abuse counselor certification,professional and occupational licensing certification,,"Industry, Commerce, and Development",10400004820,50,1707,45,2,0,0,3,26.0,7.7,15.384615384615383,39.26483180428134
Connecticut,2023-05-17,"Title 20, Subtitle 74s",certification and licensure standards for alcohol and drug counselors,professional and occupational licensing certification,,"Industry, Commerce, and Development",10400004821,31,1172,23,0,0,0,8,72.0,7.2,,39.6452205882353
Connecticut,2023-05-17,"Title 20, Subtitle 90",the board of examiners for nursing and requirements for registration of professional nurses and certification of licensed practical nurses,professional and occupational licensing certification,,"Industry, Commerce, and Development",10400004822,107,5088,93,12,0,0,2,47.0,8.65,23.58490566037736,41.14327062228654
Connecticut,2023-05-17,Title 21a,connecticut food drug and cosmetic act,consumer protection,,"Industry, Commerce, and Development",10400004901,0,623,0,0,0,0,0,6.0,6.15,0.9259259259259258,22.396793587174347
Connecticut,2023-05-17,"Title 21a, Subtitle 1",description of organization,consumer protection,,"Industry, Commerce, and Development",10400004885,67,5619,61,2,0,1,3,31.0,8.9,25.842696629213485,37.85692995529061
Connecticut,2023-05-17,"Title 21a, Subtitle 10",schedule for license renewal,consumer protection,,"Industry, Commerce, and Development",10400004887,1,752,1,0,0,0,0,57.0,6.67,0.0,41.08124076809453
Connecticut,2023-05-17,"Title 21a, Subtitle 100",labeling of cuts of meat sold by food establishments,consumer protection,,"Industry, Commerce, and Development",10400004898,72,5297,61,5,1,3,2,33.0,8.88,13.291139240506327,28.605562083822957
Connecticut,2023-05-17,"Title 21a, Subtitle 101",sanitary standards for food establishments,consumer protection,,"Industry, Commerce, and Development",10400004899,22,909,22,0,0,0,0,35.0,7.51,12.0,39.38488372093023
Connecticut,2023-05-17,"Title 21a, Subtitle 115",connecticut food drug and cosmetic act,consumer protection,,"Industry, Commerce, and Development",10400004900,385,17870,334,0,3,3,45,35.0,9.32,41.733870967741936,32.26047851390277
Connecticut,2023-05-17,"Title 21a, Subtitle 12",use of chemicals in removing soot from boilers furnaces chimneys and flues,consumer protection,,"Industry, Commerce, and Development",10400004888,6,174,6,0,0,0,0,10.0,5.94,0.0,34.67901234567901
Connecticut,2023-05-17,"Title 21a, Subtitle 12a",guidelines for public playground equipment,consumer protection,,"Industry, Commerce, and Development",10400004889,1,169,1,0,0,0,0,40.0,6.09,0.0,42.62025316455696
Connecticut,2023-05-17,"Title 21a, Subtitle 143",dietary beverages,consumer protection,,"Industry, Commerce, and Development",10400004902,9,353,7,1,0,0,1,58.0,6.81,16.666666666666664,39.26453488372093
Connecticut,2023-05-17,"Title 21a, Subtitle 147",the manufacture of apple cider and apple juice,consumer protection,,"Industry, Commerce, and Development",10400004903,31,642,30,0,0,1,0,25.0,7.27,24.0,30.99836333878887
Connecticut,2023-05-17,"Title 21a, Subtitle 156",bakeshops and bakery products,consumer protection,,"Industry, Commerce, and Development",10400004904,4,376,4,0,0,0,0,29.0,7.01,8.333333333333332,36.74853801169591
Connecticut,2023-05-17,"Title 21a, Subtitle 190k",the solicitation of charitable funds,consumer protection,,"Industry, Commerce, and Development",10400004905,36,2247,26,0,0,0,10,91.0,7.56,,37.150756143667294
Connecticut,2023-05-17,"Title 21a, Subtitle 196",boxing and sparring,consumer protection,,"Industry, Commerce, and Development",10400004906,0,549,0,0,0,0,0,,4.47,0.0,45.55555555555556
Connecticut,2023-05-17,"Title 21a, Subtitle 224",health clubs,consumer protection,,"Industry, Commerce, and Development",10400004907,25,1329,24,0,0,0,1,46.0,6.86,46.42857142857143,28.74613003095975
Connecticut,2023-05-17,"Title 21a, Subtitle 235",bedding and upholstered furniture,consumer protection,,"Industry, Commerce, and Development",10400004908,310,12710,283,0,3,0,24,25.0,9.21,24.16502946954813,31.52805917350056
Connecticut,2023-05-17,"Title 21a, Subtitle 243",designation of controlled drugs,consumer protection,,"Industry, Commerce, and Development",10400004909,27,5338,25,1,0,0,1,77.0,8.8,,51.55636283575517
Connecticut,2023-05-17,"Title 21a, Subtitle 244",storage and retrieval of prescription information for controlled substances,consumer protection,,"Industry, Commerce, and Development",10400004910,34,1579,23,10,0,0,1,51.0,7.48,50.0,37.71883289124669
Connecticut,2023-05-17,"Title 21a, Subtitle 244a",electronic drug records maintained by hospital and medical practitioners,consumer protection,,"Industry, Commerce, and Development",10400004911,15,640,13,0,0,0,2,51.0,6.7,25.0,41.68971332209106
Connecticut,2023-05-17,"Title 21a, Subtitle 254",record keeping for controlled drugs,consumer protection,,"Industry, Commerce, and Development",10400004912,24,1093,17,0,0,0,7,48.0,7.62,27.27272727272727,42.757726819541375
Connecticut,2023-05-17,"Title 21a, Subtitle 262",minimum security and safeguard requirements for storage and handling of controlled substances,consumer protection,,"Industry, Commerce, and Development",10400004913,147,4728,109,15,0,0,23,35.0,8.47,35.11450381679389,39.83168534388047
Connecticut,2023-05-17,"Title 21a, Subtitle 29",compliance with flour enrichment standards,consumer protection,,"Industry, Commerce, and Development",10400004890,6,287,4,0,0,0,2,38.0,6.01,14.285714285714285,39.32941176470588
Connecticut,2023-05-17,"Title 21a, Subtitle 326",registration of practitioners for controlled substances,consumer protection,,"Industry, Commerce, and Development",10400004914,22,1054,18,1,0,0,3,31.0,7.63,6.0606060606060606,48.07631318136769
Connecticut,2023-05-17,"Title 21a, Subtitle 336",banned hazardous substances,consumer protection,,"Industry, Commerce, and Development",10400004915,1,263,1,0,0,0,0,86.0,6.67,0.0,35.4375
Connecticut,2023-05-17,"Title 21a, Subtitle 340f",residential stair lift technician s license,consumer protection,,"Industry, Commerce, and Development",10400004916,3,309,3,0,0,0,0,43.0,6.52,14.285714285714285,40.74914089347079
Connecticut,2023-05-17,"Title 21a, Subtitle 342",repurchase of banned hazardous substances,consumer protection,,"Industry, Commerce, and Development",10400004917,32,1988,29,0,0,0,3,39.0,7.65,29.411764705882355,35.758371973209684
Connecticut,2023-05-17,"Title 21a, Subtitle 408",palliative use of marijuana,consumer protection,,"Industry, Commerce, and Development",10400004918,582,31205,536,0,1,4,41,61.0,9.26,55.8,40.267920965675366
Connecticut,2023-05-17,"Title 21a, Subtitle 58",frozen dessert products standards and regulations,consumer protection,,"Industry, Commerce, and Development",10400004891,310,13515,250,13,2,1,44,27.0,8.97,30.353430353430355,32.93549397213089
Connecticut,2023-05-17,"Title 21a, Subtitle 61",frozen food regulations,consumer protection,,"Industry, Commerce, and Development",10400004892,286,6964,276,1,1,3,5,22.0,9.1,20.0,34.87040907733652
Connecticut,2023-05-17,"Title 21a, Subtitle 63",specifications and test standards for clinical thermometers,consumer protection,,"Industry, Commerce, and Development",10400004893,19,825,18,0,0,0,1,36.0,7.25,18.181818181818183,39.36103896103896
Connecticut,2023-05-17,"Title 21a, Subtitle 66",safe handling and disposal of hypodermic needles and syringes,consumer protection,,"Industry, Commerce, and Development",10400004894,20,759,20,0,0,0,0,57.0,7.47,53.84615384615385,42.23796423658872
Connecticut,2023-05-17,"Title 21a, Subtitle 75",unit pricing of consumer commodities,consumer protection,,"Industry, Commerce, and Development",10400004895,35,2694,21,5,2,0,7,63.0,7.98,,29.44978838014621
Connecticut,2023-05-17,"Title 21a, Subtitle 79",universal product coding marking of retail price,consumer protection,,"Industry, Commerce, and Development",10400004896,21,1068,17,2,0,0,2,52.0,7.34,45.0,32.52238805970149
Connecticut,2023-05-17,"Title 21a, Subtitle 86a",plumbing fixtures,consumer protection,,"Industry, Commerce, and Development",10400004897,56,1965,52,1,1,0,2,30.0,7.89,46.875,38.85940803382664
Connecticut,2023-05-17,"Title 21a, Subtitle 9",uniform rules of procedure concerning boards and commissions within its jurisdiction,consumer protection,,"Industry, Commerce, and Development",10400004886,34,2195,33,0,0,0,1,39.0,8.05,43.63636363636363,34.89814374107568
Connecticut,2023-05-17,"Title 21, Subtitle 70",mobile manufactured home parks,licenses,,"Industry, Commerce, and Development",10400004879,9,272,8,0,0,0,1,33.0,5.92,37.5,34.70866141732284
Connecticut,2023-05-17,"Title 21, Subtitle 78",choice of vendors by residents,licenses,,"Industry, Commerce, and Development",10400004881,1,30,1,0,0,0,0,28.0,4.04,0.0,29.22222222222222
Connecticut,2023-05-17,"Title 21, Subtitle 79",resident s right to sell,licenses,,"Industry, Commerce, and Development",10400004882,14,680,13,0,0,0,1,39.0,6.87,52.94117647058824,31.696969696969692
Connecticut,2023-05-17,"Title 21, Subtitle 82",mobile home parks,licenses,,"Industry, Commerce, and Development",10400004883,44,1624,37,2,0,1,4,48.0,7.95,,32.87820512820513
Connecticut,2023-05-17,"Title 21, Subtitle 83e",complaint resolution,licenses,,"Industry, Commerce, and Development",10400004884,1,33,1,0,0,0,0,31.0,4.28,,52.23333333333333
Connecticut,2023-05-17,"Title 21, Subtitle 84",mobile manufactured home parks,licenses,,"Industry, Commerce, and Development",10400004880,33,2832,24,4,2,0,3,45.0,8.28,69.84126984126983,31.309915843395537
Connecticut,2023-05-17,Title 22a,solid waste management,environmental protection,,"Environmental Protection, Public Utilities, and Natural Resources",10400005002,36,2676,30,4,0,0,2,23.0,8.8,21.428571428571427,39.35325419566107
Connecticut,2023-05-17,"Title 22a, Subtitle 1",description of organization,environmental protection,,"Environmental Protection, Public Utilities, and Natural Resources",10400004965,0,659,0,0,0,0,0,34.0,7.52,5.263157894736842,44.76152623211447
Connecticut,2023-05-17,"Title 22a, Subtitle 116",hazardous waste facilities siting,environmental protection,,"Environmental Protection, Public Utilities, and Natural Resources",10400004987,104,5651,88,1,1,0,14,37.0,8.76,23.178807947019862,38.81252322556671
Connecticut,2023-05-17,"Title 22a, Subtitle 122",hazardous waste minimum distance requirements,environmental protection,,"Environmental Protection, Public Utilities, and Natural Resources",10400004988,14,591,8,0,0,0,6,42.0,7.16,35.714285714285715,40.08521739130435
Connecticut,2023-05-17,"Title 22a, Subtitle 133f",superfund priority score,environmental protection,,"Environmental Protection, Public Utilities, and Natural Resources",10400004989,27,3157,27,0,0,0,0,1.0,8.4,0.9629272989889264,35.36218057921636
Connecticut,2023-05-17,"Title 22a, Subtitle 133k",remediation standard,environmental protection,,"Environmental Protection, Public Utilities, and Natural Resources",10400004990,398,35223,331,0,6,7,54,76.0,9.54,67.11711711711712,39.798090974100674
Connecticut,2023-05-17,"Title 22a, Subtitle 133m",urban site remediation program,environmental protection,,"Environmental Protection, Public Utilities, and Natural Resources",10400004992,10,1124,10,0,0,0,0,45.0,7.29,45.83333333333333,42.82748815165877
Connecticut,2023-05-17,"Title 22a, Subtitle 133q",remediation standard,environmental protection,,"Environmental Protection, Public Utilities, and Natural Resources",10400004991,405,25246,316,0,1,4,84,55.0,9.07,59.95575221238938,35.879120424051685
Connecticut,2023-05-17,"Title 22a, Subtitle 133v",state board of examiners of environmental professionals,environmental protection,,"Environmental Protection, Public Utilities, and Natural Resources",10400004993,316,16350,290,0,3,0,23,41.0,9.16,45.26854219948849,35.769585544604496
Connecticut,2023-05-17,"Title 22a, Subtitle 135",reporting of nuclear incidents,environmental protection,,"Environmental Protection, Public Utilities, and Natural Resources",10400004994,1,97,1,0,0,0,0,92.0,5.79,,43.40229885057471
Connecticut,2023-05-17,"Title 22a, Subtitle 163f",low level radioactive waste management facility siting regulations,environmental protection,,"Environmental Protection, Public Utilities, and Natural Resources",10400004995,78,4524,67,2,0,0,9,43.0,8.59,26.47058823529412,38.41039139391165
Connecticut,2023-05-17,"Title 22a, Subtitle 163l",low level radioactive waste management facility siting regulations,environmental protection,,"Environmental Protection, Public Utilities, and Natural Resources",10400004996,15,844,9,0,0,1,5,49.0,7.71,47.05882352941176,37.067650676506766
Connecticut,2023-05-17,"Title 22a, Subtitle 163t",low level radioactive waste management facility siting regulations,environmental protection,,"Environmental Protection, Public Utilities, and Natural Resources",10400004997,16,1004,16,0,0,0,0,33.0,7.06,43.333333333333336,33.37670514165792
Connecticut,2023-05-17,"Title 22a, Subtitle 174",abatement of air pollution,environmental protection,,"Environmental Protection, Public Utilities, and Natural Resources",10400004998,3611,272993,3104,39,11,8,449,46.0,10.51,33.746770025839794,36.47994433399602
Connecticut,2023-05-17,"Title 22a, Subtitle 1a",connecticut environmental policy act,environmental protection,,"Environmental Protection, Public Utilities, and Natural Resources",10400004968,110,5306,93,0,0,0,17,39.0,8.17,34.84848484848485,41.34807502467917
Connecticut,2023-05-17,"Title 22a, Subtitle 2",description of organization,environmental protection,,"Environmental Protection, Public Utilities, and Natural Resources",10400004966,3,2262,3,0,0,0,0,29.0,8.22,3.896103896103896,47.26813590449954
Connecticut,2023-05-17,"Title 22a, Subtitle 208a",solid waste permit fee,environmental protection,,"Environmental Protection, Public Utilities, and Natural Resources",10400004999,29,2728,17,0,0,0,12,36.0,7.9,26.02739726027397,36.09587923296613
Connecticut,2023-05-17,"Title 22a, Subtitle 208i",composting of leaves,environmental protection,,"Environmental Protection, Public Utilities, and Natural Resources",10400005000,25,2623,24,0,0,0,1,38.0,8.41,26.47058823529412,36.02025416997617
Connecticut,2023-05-17,"Title 22a, Subtitle 209",solid waste management,environmental protection,,"Environmental Protection, Public Utilities, and Natural Resources",10400005001,628,29584,548,22,3,7,48,37.0,9.5,31.98992443324937,36.06504437244682
Connecticut,2023-05-17,"Title 22a, Subtitle 228",state solid waste management plan,environmental protection,,"Environmental Protection, Public Utilities, and Natural Resources",10400005003,43,2152,43,0,0,0,0,40.0,7.37,35.84905660377358,35.67800670819358
Connecticut,2023-05-17,"Title 22a, Subtitle 231",qualifications of operators and inspectors of resources recovery facilities,environmental protection,,"Environmental Protection, Public Utilities, and Natural Resources",10400005004,58,2568,54,2,0,0,2,32.0,7.77,13.750000000000002,39.36521388216303
Connecticut,2023-05-17,"Title 22a, Subtitle 238",qualifications of operators and inspectors of resources recovery facilities,environmental protection,,"Environmental Protection, Public Utilities, and Natural Resources",10400005005,23,869,19,0,0,0,4,30.0,7.48,34.48275862068966,42.31641086186541
Connecticut,2023-05-17,"Title 22a, Subtitle 241b",designated recycling,environmental protection,,"Environmental Protection, Public Utilities, and Natural Resources",10400005006,31,2184,28,0,0,0,3,35.0,8.29,26.666666666666668,38.33801452784503
Connecticut,2023-05-17,"Title 22a, Subtitle 245",beverage container deposit and redemption,environmental protection,,"Environmental Protection, Public Utilities, and Natural Resources",10400004986,12,570,10,0,0,0,2,40.0,6.94,50.0,38.28284671532847
Connecticut,2023-05-17,"Title 22a, Subtitle 255b",plastic bottle coding,environmental protection,,"Environmental Protection, Public Utilities, and Natural Resources",10400005007,10,585,10,0,0,0,0,26.0,6.76,4.545454545454546,38.28277153558052
Connecticut,2023-05-17,"Title 22a, Subtitle 27l",administer the distribution and expenditure of funds in the endangered species natural area preserve and watchable wildlife account,environmental protection,,"Environmental Protection, Public Utilities, and Natural Resources",10400004972,5,478,5,0,0,0,0,42.0,6.64,0.0,43.84777517564403
Connecticut,2023-05-17,"Title 22a, Subtitle 2a",delegation of authority,environmental protection,,"Environmental Protection, Public Utilities, and Natural Resources",10400004969,86,4161,80,2,1,0,3,35.0,8.24,33.61344537815126,37.698322644301925
Connecticut,2023-05-17,"Title 22a, Subtitle 3",description of organization,environmental protection,,"Environmental Protection, Public Utilities, and Natural Resources",10400004967,1,295,0,0,0,1,0,22.0,6.52,61.53846153846154,40.91756272401434
Connecticut,2023-05-17,"Title 22a, Subtitle 30",tidal wetlands,environmental protection,,"Environmental Protection, Public Utilities, and Natural Resources",10400004973,53,5895,45,1,0,0,7,63.0,8.85,52.17391304347826,37.66326164874552
Connecticut,2023-05-17,"Title 22a, Subtitle 315",soil and water conservation district and council on soil and water conservation,environmental protection,,"Environmental Protection, Public Utilities, and Natural Resources",10400005008,103,4411,99,2,0,0,2,32.0,8.3,5.925925925925927,34.94072474202064
Connecticut,2023-05-17,"Title 22a, Subtitle 339d",grants to municipalities and lake associations to improve the water quality of recreational lakes,environmental protection,,"Environmental Protection, Public Utilities, and Natural Resources",10400005009,88,5274,69,8,1,1,9,29.0,9.09,21.34831460674157,43.007388178913736
Connecticut,2023-05-17,"Title 22a, Subtitle 354b",level a mapping,environmental protection,,"Environmental Protection, Public Utilities, and Natural Resources",10400005010,220,8841,194,3,1,0,22,42.0,8.87,33.980582524271846,35.543821006260146
Connecticut,2023-05-17,"Title 22a, Subtitle 354i",aquifer protection areas land use controls,environmental protection,,"Environmental Protection, Public Utilities, and Natural Resources",10400005011,116,8422,97,2,2,4,11,,8.63,,40.189117535664685
Connecticut,2023-05-17,"Title 22a, Subtitle 372",water diversion,environmental protection,,"Environmental Protection, Public Utilities, and Natural Resources",10400005012,1,55,1,0,0,0,0,49.0,4.67,0.0,42.54545454545455
Connecticut,2023-05-17,"Title 22a, Subtitle 377",water diversion,environmental protection,,"Environmental Protection, Public Utilities, and Natural Resources",10400005013,61,5076,49,0,6,0,6,61.0,8.57,60.49382716049383,38.104737624814106
Connecticut,2023-05-17,"Title 22a, Subtitle 39",inland wetlands and water courses regulations of the connecticut department of environmental protection,environmental protection,,"Environmental Protection, Public Utilities, and Natural Resources",10400004974,138,7457,114,3,0,1,20,15.0,8.93,13.79310344827586,36.971276748527934
Connecticut,2023-05-17,"Title 22a, Subtitle 3a",rules of practice,environmental protection,,"Environmental Protection, Public Utilities, and Natural Resources",10400004970,292,13866,276,2,1,0,13,40.0,8.6,60.99706744868036,34.37992140579818
Connecticut,2023-05-17,"Title 22a, Subtitle 409",dams and similar structures,environmental protection,,"Environmental Protection, Public Utilities, and Natural Resources",10400005014,64,3287,49,0,0,0,15,35.0,8.47,31.18279569892473,36.59072132189387
Connecticut,2023-05-17,"Title 22a, Subtitle 411a",dams and similar structures,environmental protection,,"Environmental Protection, Public Utilities, and Natural Resources",10400005015,34,2711,30,0,0,0,4,30.0,8.3,30.0,34.83166023166023
Connecticut,2023-05-17,"Title 22a, Subtitle 416",wastewater treatment facility operator certification,environmental protection,,"Environmental Protection, Public Utilities, and Natural Resources",10400005016,96,6398,85,0,2,0,9,52.0,8.2,42.5,40.192415962907766
Connecticut,2023-05-17,"Title 22a, Subtitle 426",connecticut water quality standards,environmental protection,,"Environmental Protection, Public Utilities, and Natural Resources",10400005017,153,18061,129,0,4,2,18,41.0,9.57,25.17814726840855,39.82365499573015
Connecticut,2023-05-17,"Title 22a, Subtitle 42d",inland wetlands,environmental protection,,"Environmental Protection, Public Utilities, and Natural Resources",10400004975,17,1217,16,0,0,0,1,50.0,7.4,25.0,39.39500860585198
Connecticut,2023-05-17,"Title 22a, Subtitle 430",water pollution control,environmental protection,,"Environmental Protection, Public Utilities, and Natural Resources",10400005018,609,45514,452,12,3,2,140,36.0,9.71,35.87848932676519,39.453420810536
Connecticut,2023-05-17,"Title 22a, Subtitle 439",funding assistance to connecticut municipalities and state agencies for planning design and construction of pollution abatement facilities,environmental protection,,"Environmental Protection, Public Utilities, and Natural Resources",10400005019,468,29153,312,95,11,1,49,25.0,9.7,22.48263888888889,40.12671509281679
Connecticut,2023-05-17,"Title 22a, Subtitle 449",hazardous waste management,environmental protection,,"Environmental Protection, Public Utilities, and Natural Resources",10400005020,1429,98898,1182,53,6,8,180,48.0,9.92,42.91417165668663,36.33017328116266
Connecticut,2023-05-17,"Title 22a, Subtitle 449e",underground storage tank petroleum clean up fund,environmental protection,,"Environmental Protection, Public Utilities, and Natural Resources",10400005021,52,3357,42,0,0,0,10,58.0,8.4,26.31578947368421,37.35839753466872
Connecticut,2023-05-17,"Title 22a, Subtitle 450",department of energy and environmental protection concerning,environmental protection,,"Environmental Protection, Public Utilities, and Natural Resources",10400005022,49,6948,30,0,0,2,17,89.0,9.74,,42.64788978025811
Connecticut,2023-05-17,"Title 22a, Subtitle 454",permit fees for hazardous materials management,environmental protection,,"Environmental Protection, Public Utilities, and Natural Resources",10400005023,17,782,11,0,0,0,6,36.0,7.05,19.047619047619047,34.40983606557377
Connecticut,2023-05-17,"Title 22a, Subtitle 462",sewage system additives and detergents,environmental protection,,"Environmental Protection, Public Utilities, and Natural Resources",10400005024,20,862,17,0,0,0,3,37.0,7.19,30.434782608695656,35.001204819277106
Connecticut,2023-05-17,"Title 22a, Subtitle 471",grants to municipalities and water companies for potable water supplies,environmental protection,,"Environmental Protection, Public Utilities, and Natural Resources",10400005025,77,3854,56,11,0,0,10,30.0,8.81,24.6031746031746,39.87176025917927
Connecticut,2023-05-17,"Title 22a, Subtitle 472",oil and gas exploration and production,environmental protection,,"Environmental Protection, Public Utilities, and Natural Resources",10400005026,34,2017,30,2,0,0,2,57.0,7.98,45.71428571428572,32.97704081632653
Connecticut,2023-05-17,"Title 22a, Subtitle 482",clean water fund,environmental protection,,"Environmental Protection, Public Utilities, and Natural Resources",10400005027,526,30732,435,28,12,1,50,29.0,9.79,24.92753623188406,40.2801790366758
Connecticut,2023-05-17,"Title 22a, Subtitle 49",use of pesticides,environmental protection,,"Environmental Protection, Public Utilities, and Natural Resources",10400004976,1,21,1,0,0,0,0,19.0,3.66,0.0,42.72222222222222
Connecticut,2023-05-17,"Title 22a, Subtitle 50",pesticide registration and classification,environmental protection,,"Environmental Protection, Public Utilities, and Natural Resources",10400004978,15,1212,15,0,0,0,0,35.0,7.77,48.48484848484848,34.13019891500904
Connecticut,2023-05-17,"Title 22a, Subtitle 54",application of pesticides from the air,environmental protection,,"Environmental Protection, Public Utilities, and Natural Resources",10400004979,21,955,20,0,0,0,1,52.0,7.58,44.44444444444444,42.15929203539823
Connecticut,2023-05-17,"Title 22a, Subtitle 56",fees for examination and registration of pesticide distributors,environmental protection,,"Environmental Protection, Public Utilities, and Natural Resources",10400004980,1,42,1,0,0,0,0,38.0,4.54,0.0,46.94285714285714
Connecticut,2023-05-17,"Title 22a, Subtitle 630",annual registration renewal fee for manufacturers,environmental protection,,"Environmental Protection, Public Utilities, and Natural Resources",10400005028,27,829,27,0,0,0,0,25.0,6.99,25.0,36.996231155778894
Connecticut,2023-05-17,"Title 22a, Subtitle 638",recycling of covered electronic devices,environmental protection,,"Environmental Protection, Public Utilities, and Natural Resources",10400005029,348,18833,313,0,1,0,34,49.0,9.02,44.935064935064936,37.48081730246712
Connecticut,2023-05-17,"Title 22a, Subtitle 65",discarding of pesticides and containers,environmental protection,,"Environmental Protection, Public Utilities, and Natural Resources",10400004981,2,54,1,0,0,1,0,26.0,4.78,0.0,34.333333333333336
Connecticut,2023-05-17,"Title 22a, Subtitle 66",use of pesticides,environmental protection,,"Environmental Protection, Public Utilities, and Natural Resources",10400004977,78,3888,63,4,0,1,10,32.0,8.88,41.52542372881356,36.11512717536814
Connecticut,2023-05-17,"Title 22a, Subtitle 66a",posting and notification of outdoor pesticide applications,environmental protection,,"Environmental Protection, Public Utilities, and Natural Resources",10400004982,91,3319,68,6,0,0,17,49.0,7.82,37.87878787878788,34.308915211970074
Connecticut,2023-05-17,"Title 22a, Subtitle 66l",application of pesticides by state agencies,environmental protection,,"Environmental Protection, Public Utilities, and Natural Resources",10400004983,9,674,9,0,0,0,0,74.0,6.75,44.44444444444444,40.72894333843798
Connecticut,2023-05-17,"Title 22a, Subtitle 66z",application of chemicals to state waters,environmental protection,,"Environmental Protection, Public Utilities, and Natural Resources",10400004984,18,454,15,0,0,0,3,28.0,6.81,18.75,32.84101382488479
Connecticut,2023-05-17,"Title 22a, Subtitle 69",control of noise,environmental protection,,"Environmental Protection, Public Utilities, and Natural Resources",10400004985,96,5899,85,1,1,0,9,29.0,9.42,33.6734693877551,37.408910533910536
Connecticut,2023-05-17,"Title 22a, Subtitle 6b",assessment of civil penalties,environmental protection,,"Environmental Protection, Public Utilities, and Natural Resources",10400004971,57,6669,46,0,1,0,10,43.0,8.95,27.7027027027027,39.74405640268897
Connecticut,2023-05-17,"Title 22, Subtitle 111c",registration fees,agriculture domestic animals,,"Industry, Commerce, and Development",10400004930,4,84,4,0,0,0,0,20.0,5.33,0.0,39.37974683544304
Connecticut,2023-05-17,"Title 22, Subtitle 111e",establishment of certain inspection registration production and marketing fees for the distribution of fertilizer commercial feeds milk and milk products,agriculture domestic animals,,"Industry, Commerce, and Development",10400004936,1,95,1,0,0,0,0,90.0,5.49,,39.2183908045977
Connecticut,2023-05-17,"Title 22, Subtitle 111j",sale and distribution of fertilizers,agriculture domestic animals,,"Industry, Commerce, and Development",10400004939,26,923,26,0,0,0,0,29.0,7.42,27.58620689655172,38.10653409090909
Connecticut,2023-05-17,"Title 22, Subtitle 118q",establishment of certain inspection registration production and marketing fees for the distribution of fertilizer commercial feeds milk and milk products,agriculture domestic animals,,"Industry, Commerce, and Development",10400004937,1,131,1,0,0,0,0,41.0,5.99,0.0,43.29059829059829
Connecticut,2023-05-17,"Title 22, Subtitle 128a",establishment of certain inspection registration production and marketing fees for the distribution of fertilizer commercial feeds milk and milk products,agriculture domestic animals,,"Industry, Commerce, and Development",10400004938,2,66,1,0,0,0,1,64.0,5.25,0.0,49.43333333333333
Connecticut,2023-05-17,"Title 22, Subtitle 133",the production handling and distribution of milk and milk products certified milk,agriculture domestic animals,,"Industry, Commerce, and Development",10400004940,135,4642,130,1,0,1,3,32.0,8.38,11.188811188811188,35.700484205672126
Connecticut,2023-05-17,"Title 22, Subtitle 136",a schedule of fees for various license examinations laboratory registrations permits and laboratory analysis,agriculture domestic animals,,"Industry, Commerce, and Development",10400004941,4,108,4,0,0,0,0,17.0,5.55,0.0,31.23711340206185
Connecticut,2023-05-17,"Title 22, Subtitle 150",a schedule of fees for various license examinations laboratory registrations permits and laboratory analysis,agriculture domestic animals,,"Industry, Commerce, and Development",10400004942,3,68,1,1,0,0,1,22.0,5.35,0.0,42.131147540983605
Connecticut,2023-05-17,"Title 22, Subtitle 165",a schedule of fees for various license examinations laboratory registrations permits and laboratory analysis,agriculture domestic animals,,"Industry, Commerce, and Development",10400004943,1,69,1,0,0,0,0,65.0,4.59,0.0,27.84375
Connecticut,2023-05-17,"Title 22, Subtitle 17a",living quarters of agricultural workers and migratory farm workers,agriculture domestic animals,,"Industry, Commerce, and Development",10400004921,144,3031,143,0,0,0,1,17.0,8.56,16.86046511627907,29.27897435897436
Connecticut,2023-05-17,"Title 22, Subtitle 195",standards and criteria concerning the use of polycarbonate returnable containers,agriculture domestic animals,,"Industry, Commerce, and Development",10400004944,35,1407,18,13,0,0,4,25.0,7.72,5.555555555555555,38.52023988005997
Connecticut,2023-05-17,"Title 22, Subtitle 203c",testing of milk milk products for the presence of antibiotic residues or other inhibitory substances,agriculture domestic animals,,"Industry, Commerce, and Development",10400004945,29,1357,28,0,0,0,1,53.0,7.33,8.0,37.09020217729393
Connecticut,2023-05-17,"Title 22, Subtitle 203h",standards for bulk milk transport tankers and the transportation of milk and milk products,agriculture domestic animals,,"Industry, Commerce, and Development",10400004946,15,682,12,0,0,0,3,35.0,6.78,21.052631578947366,33.34477611940299
Connecticut,2023-05-17,"Title 22, Subtitle 26gg",agricultural lands preservation,agriculture domestic animals,,"Industry, Commerce, and Development",10400004922,60,2992,52,5,0,0,3,25.0,8.45,10.344827586206897,40.17593930635838
Connecticut,2023-05-17,"Title 22, Subtitle 27",poultry and poultry products,agriculture domestic animals,,"Industry, Commerce, and Development",10400004923,31,1689,29,0,0,1,1,21.0,8.02,18.75,29.689180737961227
Connecticut,2023-05-17,"Title 22, Subtitle 277",livestock commission sales,agriculture domestic animals,,"Industry, Commerce, and Development",10400004947,11,446,6,0,0,0,5,48.0,6.45,33.33333333333333,34.733021077283375
Connecticut,2023-05-17,"Title 22, Subtitle 278",notification testing transportation and importation requirements for captive cervidae,agriculture domestic animals,,"Industry, Commerce, and Development",10400004948,75,4672,70,1,0,2,2,45.0,8.53,27.450980392156865,36.169537016327446
Connecticut,2023-05-17,"Title 22, Subtitle 280",uniform fee schedule for cattle and goat tests,agriculture domestic animals,,"Industry, Commerce, and Development",10400004949,9,338,7,0,0,0,2,23.0,6.55,35.714285714285715,30.593650793650795
Connecticut,2023-05-17,"Title 22, Subtitle 308",importation of cattle into connecticut,agriculture domestic animals,,"Industry, Commerce, and Development",10400004950,3,186,2,0,0,0,1,42.0,5.93,75.0,34.66463414634146
Connecticut,2023-05-17,"Title 22, Subtitle 319",control of diseases in swine,agriculture domestic animals,,"Industry, Commerce, and Development",10400004951,21,556,19,2,0,0,0,28.0,7.13,31.57894736842105,35.56870229007634
Connecticut,2023-05-17,"Title 22, Subtitle 320f",treating of garbage fed to swine,agriculture domestic animals,,"Industry, Commerce, and Development",10400004952,18,538,16,0,0,0,2,26.0,6.79,26.31578947368421,32.14545454545455
Connecticut,2023-05-17,"Title 22, Subtitle 323a",intensive poultry farming,agriculture domestic animals,,"Industry, Commerce, and Development",10400004953,14,566,13,1,0,0,0,31.0,7.02,16.666666666666664,35.41423357664234
Connecticut,2023-05-17,"Title 22, Subtitle 323b",inspection of intensive poultry operations,agriculture domestic animals,,"Industry, Commerce, and Development",10400004954,5,198,4,0,0,0,1,32.0,5.9,50.0,36.40860215053763
Connecticut,2023-05-17,"Title 22, Subtitle 324",control of avian disease,agriculture domestic animals,,"Industry, Commerce, and Development",10400004955,145,6261,134,6,0,5,0,32.0,9.01,29.25531914893617,35.19719016557953
Connecticut,2023-05-17,"Title 22, Subtitle 324a",disposal of dead poultry,agriculture domestic animals,,"Industry, Commerce, and Development",10400004957,12,272,12,0,0,0,0,24.0,6.53,9.090909090909092,29.150375939849624
Connecticut,2023-05-17,"Title 22, Subtitle 326c",control of avian disease,agriculture domestic animals,,"Industry, Commerce, and Development",10400004956,9,315,6,2,0,0,1,37.0,6.23,50.0,30.344827586206897
Connecticut,2023-05-17,"Title 22, Subtitle 33",grading and marketing of farm products,agriculture domestic animals,,"Industry, Commerce, and Development",10400004924,86,2807,65,19,1,0,1,20.0,8.6,13.043478260869565,34.54331590739358
Connecticut,2023-05-17,"Title 22, Subtitle 332b",use of living dogs for medical or biological teaching research or study,agriculture domestic animals,,"Industry, Commerce, and Development",10400004958,48,1744,45,0,0,0,3,35.0,8.08,31.25,37.01797483523068
Connecticut,2023-05-17,"Title 22, Subtitle 336",dog pounds,agriculture domestic animals,,"Industry, Commerce, and Development",10400004959,60,1866,55,5,0,0,0,28.0,7.71,4.6875,30.06227967097532
Connecticut,2023-05-17,"Title 22, Subtitle 344",operations and maintenance of commercial kennels,agriculture domestic animals,,"Industry, Commerce, and Development",10400004960,197,6133,184,0,0,4,9,45.0,8.98,50.0,33.85294622917024
Connecticut,2023-05-17,"Title 22, Subtitle 349",surveys for unlicensed dogs,agriculture domestic animals,,"Industry, Commerce, and Development",10400004961,10,278,8,1,0,0,1,33.0,6.07,12.5,33.007751937984494
Connecticut,2023-05-17,"Title 22, Subtitle 359",control of rabies in public settings,agriculture domestic animals,,"Industry, Commerce, and Development",10400004962,8,809,8,0,0,0,0,35.0,7.1,18.181818181818183,37.32436069986541
Connecticut,2023-05-17,"Title 22, Subtitle 37",shipment of live poultry,agriculture domestic animals,,"Industry, Commerce, and Development",10400004925,19,855,18,0,0,0,1,31.0,7.37,26.923076923076923,33.83563362609787
Connecticut,2023-05-17,"Title 22, Subtitle 380m",animal population control program,agriculture domestic animals,,"Industry, Commerce, and Development",10400004963,28,1713,22,3,0,0,3,39.0,8.04,27.906976744186046,39.27009646302251
Connecticut,2023-05-17,"Title 22, Subtitle 38a",joint venture program,agriculture domestic animals,,"Industry, Commerce, and Development",10400004926,10,349,7,3,0,0,0,23.0,6.48,6.666666666666667,33.13813813813814
Connecticut,2023-05-17,"Title 22, Subtitle 39g",produce safety standards,agriculture domestic animals,,"Industry, Commerce, and Development",10400004927,51,2215,49,0,0,0,2,40.0,7.72,25.925925925925924,36.44681884409908
Connecticut,2023-05-17,"Title 22, Subtitle 415",transportation of equines,agriculture domestic animals,,"Industry, Commerce, and Development",10400004964,13,543,11,1,0,1,0,28.0,7.29,36.84210526315789,32.29469548133595
Connecticut,2023-05-17,"Title 22, Subtitle 54u",honey and maple syrup,agriculture domestic animals,,"Industry, Commerce, and Development",10400004928,43,1962,33,0,0,0,10,35.0,7.87,27.77777777777778,36.34130434782609
Connecticut,2023-05-17,"Title 22, Subtitle 57",registration fees,agriculture domestic animals,,"Industry, Commerce, and Development",10400004929,3,62,2,0,0,0,1,30.0,4.91,50.0,35.44827586206897
Connecticut,2023-05-17,"Title 22, Subtitle 59",connecticut seed law,agriculture domestic animals,,"Industry, Commerce, and Development",10400004931,35,1966,29,0,0,5,1,31.0,8.33,29.03225806451613,30.82096317280453
Connecticut,2023-05-17,"Title 22, Subtitle 64",use and operation of the regional market at hartford,agriculture domestic animals,,"Industry, Commerce, and Development",10400004932,55,2344,48,3,0,2,2,25.0,8.24,17.582417582417584,31.706636155606407
Connecticut,2023-05-17,"Title 22, Subtitle 6e",procedures to apply for use of vacant public land for gardening or agricultural use establishment of fees for permits and requirements for the use of such lands,agriculture domestic animals,,"Industry, Commerce, and Development",10400004919,20,1325,20,0,0,0,0,27.0,7.51,14.583333333333334,35.35391923990499
Connecticut,2023-05-17,"Title 22, Subtitle 7",description of organization and rules of practice,agriculture domestic animals,,"Industry, Commerce, and Development",10400004920,103,5335,89,2,0,3,9,28.0,8.77,25.0,36.48120740019474
Connecticut,2023-05-17,"Title 22, Subtitle 79",organization and rules of practice,agriculture domestic animals,,"Industry, Commerce, and Development",10400004933,27,1929,26,0,0,0,1,25.0,7.97,20.0,37.41900647948164
Connecticut,2023-05-17,"Title 22, Subtitle 84",the connecticut agricultural experiment station,agriculture domestic animals,,"Industry, Commerce, and Development",10400004934,32,2855,26,0,0,2,4,39.0,8.31,27.77777777777778,40.16255068190196
Connecticut,2023-05-17,"Title 22, Subtitle 86",the connecticut agricultural experiment station,agriculture domestic animals,,"Industry, Commerce, and Development",10400004935,0,127,0,0,0,0,0,,6.71,0.0,51.483870967741936
Connecticut,2023-05-17,"Title 23, Subtitle 101",greenways small grants,parks forests and public shade trees,,"Environmental Protection, Public Utilities, and Natural Resources",10400005037,29,2708,27,1,0,1,0,,8.1,,36.5494333724111
Connecticut,2023-05-17,"Title 23, Subtitle 26",fees at recreational boating facilities,parks forests and public shade trees,,"Environmental Protection, Public Utilities, and Natural Resources",10400005032,27,1838,21,0,0,0,6,73.0,7.73,66.66666666666666,30.595757575757577
Connecticut,2023-05-17,"Title 23, Subtitle 37b",forest fire fighting equipment fund,parks forests and public shade trees,,"Environmental Protection, Public Utilities, and Natural Resources",10400005033,8,356,6,1,0,0,1,27.0,6.48,15.384615384615383,36.11834319526627
Connecticut,2023-05-17,"Title 23, Subtitle 4",state park rules,parks forests and public shade trees,,"Environmental Protection, Public Utilities, and Natural Resources",10400005030,231,11678,182,7,8,28,6,30.0,9.07,33.68983957219251,31.90018315018315
Connecticut,2023-05-17,"Title 23, Subtitle 5c",management of state natural area preserves,parks forests and public shade trees,,"Environmental Protection, Public Utilities, and Natural Resources",10400005031,44,1812,43,0,0,1,0,24.0,8.03,28.947368421052637,38.63733183856503
Connecticut,2023-05-17,"Title 23, Subtitle 61a",tree protection examining board,parks forests and public shade trees,,"Environmental Protection, Public Utilities, and Natural Resources",10400005034,29,1097,28,0,0,0,1,29.0,7.45,27.77777777777778,38.90243902439025
Connecticut,2023-05-17,"Title 23, Subtitle 65h",certification of forest practitioners,parks forests and public shade trees,,"Environmental Protection, Public Utilities, and Natural Resources",10400005035,56,1614,47,1,0,0,8,37.0,7.78,18.6046511627907,42.57418111753372
Connecticut,2023-05-17,"Title 23, Subtitle 65j",forest practices,parks forests and public shade trees,,"Environmental Protection, Public Utilities, and Natural Resources",10400005036,3,715,2,0,0,0,1,,6.85,,38.54758418740849
Connecticut,2023-05-17,"Title 25, Subtitle 128",description of organization rules of practice and regulations for the well drilling industry,water resources flood and erosion control,,"Environmental Protection, Public Utilities, and Natural Resources",10400005047,199,9219,185,0,1,0,13,31.0,9.15,21.180555555555557,32.707509416195855
Connecticut,2023-05-17,"Title 25, Subtitle 129",well casing extension,water resources flood and erosion control,,"Environmental Protection, Public Utilities, and Natural Resources",10400005048,25,1723,25,0,0,0,0,43.0,6.92,31.57894736842105,39.53448275862069
Connecticut,2023-05-17,"Title 25, Subtitle 130",well drilling and geothermal systems,water resources flood and erosion control,,"Environmental Protection, Public Utilities, and Natural Resources",10400005049,15,679,14,0,0,0,1,37.0,6.96,27.77777777777778,35.7416918429003
Connecticut,2023-05-17,"Title 25, Subtitle 32",qualifications of operators of water treatment plants,water resources flood and erosion control,,"Environmental Protection, Public Utilities, and Natural Resources",10400005038,60,3845,45,6,0,0,9,30.0,7.69,22.131147540983605,38.10467706013363
Connecticut,2023-05-17,"Title 25, Subtitle 32d",source water protection measures,water resources flood and erosion control,,"Environmental Protection, Public Utilities, and Natural Resources",10400005039,171,10624,148,0,1,1,21,52.0,9.21,37.12871287128713,38.20042872454448
Connecticut,2023-05-17,"Title 25, Subtitle 32e",civil penalties for violation of certain drinking water laws,water resources flood and erosion control,,"Environmental Protection, Public Utilities, and Natural Resources",10400005040,12,2155,9,0,0,0,3,27.0,7.23,8.0,36.36767895878525
Connecticut,2023-05-17,"Title 25, Subtitle 33b",program of loans and grants to private and municipal water companies,water resources flood and erosion control,,"Environmental Protection, Public Utilities, and Natural Resources",10400005041,31,2582,22,4,0,0,5,37.0,7.97,18.84057971014493,37.89514170040486
Connecticut,2023-05-17,"Title 25, Subtitle 33h",connecticut plan for public water supply coordination,water resources flood and erosion control,,"Environmental Protection, Public Utilities, and Natural Resources",10400005042,82,4700,76,0,1,0,5,30.0,7.99,11.03896103896104,39.84487291849255
Connecticut,2023-05-17,"Title 25, Subtitle 37c",establishment of criteria and performance standards for classification water company lands and department of health services review of disposition and use of such lands,water resources flood and erosion control,,"Environmental Protection, Public Utilities, and Natural Resources",10400005043,1,1412,0,0,0,0,1,28.0,7.47,6.122448979591836,34.19583023082651
Connecticut,2023-05-17,"Title 25, Subtitle 37d",water company land permits,water resources flood and erosion control,,"Environmental Protection, Public Utilities, and Natural Resources",10400005044,69,3281,60,1,1,0,7,40.0,8.39,39.50617283950617,36.99185973700689
Connecticut,2023-05-17,"Title 25, Subtitle 54cc",terminals for the loading or discharge of petroleum or chemical liquids or products from vessels,water resources flood and erosion control,,"Environmental Protection, Public Utilities, and Natural Resources",10400005045,13,952,13,0,0,0,0,61.0,6.47,28.57142857142857,30.58321060382916
Connecticut,2023-05-17,"Title 25, Subtitle 68h",flood management regulations for state agencies,water resources flood and erosion control,,"Environmental Protection, Public Utilities, and Natural Resources",10400005046,107,3849,102,2,0,2,1,27.0,8.93,29.496402877697843,38.68657534246575
Connecticut,2023-05-17,"Title 26, Subtitle 102",fish spawning areas and refuges,fisheries and game,,"Environmental Protection, Public Utilities, and Natural Resources",10400005070,2,59,2,0,0,0,0,19.0,4.9,0.0,33.57142857142857
Connecticut,2023-05-17,"Title 26, Subtitle 108",inland waters and marine district defined,fisheries and game,,"Environmental Protection, Public Utilities, and Natural Resources",10400005071,3,1020,3,0,0,0,0,,5.67,0.0,34.60645812310797
Connecticut,2023-05-17,"Title 26, Subtitle 112",sport fishing in the inland district,fisheries and game,,"Environmental Protection, Public Utilities, and Natural Resources",10400005054,361,14670,271,1,2,85,2,26.0,8.78,17.142857142857142,31.445121951219512
Connecticut,2023-05-17,"Title 26, Subtitle 114",prohibited acts,fisheries and game,,"Environmental Protection, Public Utilities, and Natural Resources",10400005072,4,158,3,0,0,1,0,51.0,5.84,66.66666666666666,30.32450331125828
Connecticut,2023-05-17,"Title 26, Subtitle 131",private waters,fisheries and game,,"Environmental Protection, Public Utilities, and Natural Resources",10400005073,4,194,4,0,0,0,0,38.0,5.94,20.0,29.07853403141361
Connecticut,2023-05-17,"Title 26, Subtitle 132",privately stocked waters,fisheries and game,,"Environmental Protection, Public Utilities, and Natural Resources",10400005074,3,162,2,0,0,0,1,53.0,5.84,66.66666666666666,30.2948717948718
Connecticut,2023-05-17,"Title 26, Subtitle 141a",minimum stream flow standards,fisheries and game,,"Environmental Protection, Public Utilities, and Natural Resources",10400005075,48,2457,39,0,0,0,9,45.0,8.43,42.5925925925926,38.30971128608924
Connecticut,2023-05-17,"Title 26, Subtitle 141b",stream flow standards and regulations,fisheries and game,,"Environmental Protection, Public Utilities, and Natural Resources",10400005076,120,9739,89,0,0,0,31,89.0,8.83,68.51851851851852,37.42764368438143
Connecticut,2023-05-17,"Title 26, Subtitle 142a",commercial fishing in the inland and marine districts,fisheries and game,,"Environmental Protection, Public Utilities, and Natural Resources",10400005077,103,6268,97,0,0,4,2,42.0,8.95,39.72602739726028,30.353365384615383
Connecticut,2023-05-17,"Title 26, Subtitle 149",commercial hatcheries,fisheries and game,,"Environmental Protection, Public Utilities, and Natural Resources",10400005078,6,461,6,0,0,0,0,56.0,6.54,25.0,32.84563758389262
Connecticut,2023-05-17,"Title 26, Subtitle 157b",reports to the commissioner,fisheries and game,,"Environmental Protection, Public Utilities, and Natural Resources",10400005080,20,852,20,0,0,0,0,42.0,6.95,10.0,29.52318668252081
Connecticut,2023-05-17,"Title 26, Subtitle 157c",taking of lobsters,fisheries and game,,"Environmental Protection, Public Utilities, and Natural Resources",10400005079,73,5572,61,2,6,3,1,39.0,8.43,26.95035460992908,30.87855897733876
Connecticut,2023-05-17,"Title 26, Subtitle 159a",sport fishing in the marine district,fisheries and game,,"Environmental Protection, Public Utilities, and Natural Resources",10400005081,249,13534,224,3,1,15,6,51.0,8.82,42.24806201550388,34.540066382171645
Connecticut,2023-05-17,"Title 26, Subtitle 16",public use of state facilities and waters,fisheries and game,,"Environmental Protection, Public Utilities, and Natural Resources",10400005050,59,1186,41,5,0,13,0,22.0,7.71,41.50943396226416,31.040412725709373
Connecticut,2023-05-17,"Title 26, Subtitle 194",shellfish grounds leasing,fisheries and game,,"Environmental Protection, Public Utilities, and Natural Resources",10400005082,16,678,15,0,1,0,0,48.0,7.05,14.285714285714285,32.06666666666667
Connecticut,2023-05-17,"Title 26, Subtitle 27b",migratory bird conservation stamp,fisheries and game,,"Environmental Protection, Public Utilities, and Natural Resources",10400005051,6,103,5,0,0,0,1,25.0,5.23,0.0,37.09090909090909
Connecticut,2023-05-17,"Title 26, Subtitle 306",endangered and threatened species and species of special concern,fisheries and game,,"Environmental Protection, Public Utilities, and Natural Resources",10400005083,9,4422,8,0,0,0,1,95.0,10.23,4.545454545454546,50.69186448490436
Connecticut,2023-05-17,"Title 26, Subtitle 31",instructions in trapping hunting and archery,fisheries and game,,"Environmental Protection, Public Utilities, and Natural Resources",10400005052,2,48,2,0,0,0,0,22.0,4.52,50.0,37.48837209302326
Connecticut,2023-05-17,"Title 26, Subtitle 40d",sport fishing in the inland district,fisheries and game,,"Environmental Protection, Public Utilities, and Natural Resources",10400005053,6,318,4,0,0,0,2,52.0,6.09,0.0,38.18092105263158
Connecticut,2023-05-17,"Title 26, Subtitle 42",raw fur dealers,fisheries and game,,"Environmental Protection, Public Utilities, and Natural Resources",10400005055,0,78,0,0,0,0,0,38.0,5.19,0.0,25.21917808219178
Connecticut,2023-05-17,"Title 26, Subtitle 47",nuisance wildlife control operators,fisheries and game,,"Environmental Protection, Public Utilities, and Natural Resources",10400005056,8,372,8,0,0,0,0,28.0,7.18,7.6923076923076925,41.58516483516483
Connecticut,2023-05-17,"Title 26, Subtitle 48",private shooting preserves,fisheries and game,,"Environmental Protection, Public Utilities, and Natural Resources",10400005057,32,1029,31,0,0,0,1,30.0,7.41,15.151515151515152,32.54761904761905
Connecticut,2023-05-17,"Title 26, Subtitle 48a",hunting and trapping,fisheries and game,,"Environmental Protection, Public Utilities, and Natural Resources",10400005058,35,1054,30,0,0,0,5,33.0,7.46,25.806451612903224,31.726
Connecticut,2023-05-17,"Title 26, Subtitle 49",hunting dogs,fisheries and game,,"Environmental Protection, Public Utilities, and Natural Resources",10400005060,21,519,21,0,0,0,0,34.0,6.93,53.333333333333336,30.603174603174605
Connecticut,2023-05-17,"Title 26, Subtitle 51",dog training non shooting field dog trials,fisheries and game,,"Environmental Protection, Public Utilities, and Natural Resources",10400005061,9,227,8,1,0,0,0,22.0,6.15,30.0,26.620535714285715
Connecticut,2023-05-17,"Title 26, Subtitle 52",shooting field dog trials,fisheries and game,,"Environmental Protection, Public Utilities, and Natural Resources",10400005062,15,467,13,1,0,1,0,33.0,6.76,35.714285714285715,28.96086956521739
Connecticut,2023-05-17,"Title 26, Subtitle 54",wildlife pen specifications,fisheries and game,,"Environmental Protection, Public Utilities, and Natural Resources",10400005063,4,91,3,0,0,0,1,28.0,4.8,0.0,46.5375
Connecticut,2023-05-17,"Title 26, Subtitle 55",importation of fish birds and quadrupeds,fisheries and game,,"Environmental Protection, Public Utilities, and Natural Resources",10400005064,89,7050,68,4,0,7,10,68.0,9.56,,37.19795021961933
Connecticut,2023-05-17,"Title 26, Subtitle 57",hunting and transportation of wildlife,fisheries and game,,"Environmental Protection, Public Utilities, and Natural Resources",10400005065,2,105,2,0,0,0,0,51.0,5.63,0.0,36.57425742574257
Connecticut,2023-05-17,"Title 26, Subtitle 59",permits for tanning curing or mounting wild birds and wild quadrupeds,fisheries and game,,"Environmental Protection, Public Utilities, and Natural Resources",10400005066,14,425,10,1,0,0,3,52.0,6.85,25.0,34.48418491484185
Connecticut,2023-05-17,"Title 26, Subtitle 66",hunting and trapping,fisheries and game,,"Environmental Protection, Public Utilities, and Natural Resources",10400005059,237,8748,200,2,2,22,11,36.0,9.24,22.08333333333333,30.823606013969457
Connecticut,2023-05-17,"Title 26, Subtitle 67e",implementation of a falconry program,fisheries and game,,"Environmental Protection, Public Utilities, and Natural Resources",10400005067,99,6888,95,0,1,1,2,58.0,8.71,50.43478260869565,33.63560885608856
Connecticut,2023-05-17,"Title 26, Subtitle 78",possession and sale of game and furbearing animals,fisheries and game,,"Environmental Protection, Public Utilities, and Natural Resources",10400005068,3,165,2,0,0,0,1,81.0,5.47,,25.771604938271604
Connecticut,2023-05-17,"Title 26, Subtitle 86a",deer hunting,fisheries and game,,"Environmental Protection, Public Utilities, and Natural Resources",10400005069,88,4199,83,0,0,2,3,36.0,8.01,26.08695652173913,32.65033573737876
Connecticut,2023-05-17,"Title 27, Subtitle 100a",military relief fund,armed forces and veterans,,"Security, Justice, and Corrections",10400005087,34,1107,28,1,0,0,5,31.0,7.09,20.588235294117645,34.672147001934235
Connecticut,2023-05-17,"Title 27, Subtitle 102l",administration programs and patient rights and obligations,armed forces and veterans,,"Security, Justice, and Corrections",10400005088,510,27476,442,0,28,11,29,37.0,9.58,42.876344086021504,35.959492231906026
Connecticut,2023-05-17,"Title 27, Subtitle 140c",veterans bonus division,armed forces and veterans,,"Security, Justice, and Corrections",10400005089,21,1925,15,4,0,0,2,29.0,8.1,47.69230769230769,33.03627504060639
Connecticut,2023-05-17,"Title 27, Subtitle 20",organization and responsibilities,armed forces and veterans,,"Security, Justice, and Corrections",10400005084,2,705,1,0,0,0,1,28.0,7.28,8.0,43.24224519940916
Connecticut,2023-05-17,"Title 27, Subtitle 39",rental of armories,armed forces and veterans,,"Security, Justice, and Corrections",10400005085,32,2519,22,1,0,1,8,24.0,8.31,33.663366336633665,34.18757815756565
Connecticut,2023-05-17,"Title 27, Subtitle 61a",additional pay for active service on or after september 11 2001,armed forces and veterans,,"Security, Justice, and Corrections",10400005086,5,505,5,0,0,0,0,43.0,6.96,9.090909090909092,34.32236842105263
Connecticut,2023-05-17,"Title 28, Subtitle 24",enhanced 9 1 1 telecommunications fund regulations,civil preparedness and emergency services,,"Security, Justice, and Corrections",10400005091,98,4662,92,0,0,0,6,41.0,8.27,27.102803738317757,34.96845878136201
Connecticut,2023-05-17,"Title 28, Subtitle 27",establishment and operation of public safety answering points and private safety answering points,civil preparedness and emergency services,,"Security, Justice, and Corrections",10400005092,78,3122,74,0,0,0,4,34.0,7.79,11.76470588235294,41.63551736484067
Connecticut,2023-05-17,"Title 28, Subtitle 27a",final enhanced 9 1 1 service utilization plan,civil preparedness and emergency services,,"Security, Justice, and Corrections",10400005093,27,897,25,0,0,0,2,70.0,7.16,16.666666666666664,36.81226533166458
Connecticut,2023-05-17,"Title 28, Subtitle 30",emergency telecommunicator training and certification,civil preparedness and emergency services,,"Security, Justice, and Corrections",10400005094,40,2894,36,1,0,0,3,41.0,8.4,11.76470588235294,53.85992509363296
Connecticut,2023-05-17,"Title 28, Subtitle 5",public warning of official state civil defense operation or test operation and taking of cover,civil preparedness and emergency services,,"Security, Justice, and Corrections",10400005090,4,342,3,0,0,1,0,55.0,5.89,,36.50155763239876
Connecticut,2023-05-17,Title 29,boiler design construction installation repair use and operation,public safety and state police,,"Security, Justice, and Corrections",10400005112,0,104,0,0,0,0,0,12.0,5.4,0.0,43.734042553191486
Connecticut,2023-05-17,"Title 29, Subtitle 109",motion picture theaters,public safety and state police,,"Security, Justice, and Corrections",10400005100,23,1066,17,0,0,0,6,37.0,7.33,10.714285714285714,39.40060544904137
Connecticut,2023-05-17,"Title 29, Subtitle 136",safety regulations for amusement rides and devices,public safety and state police,,"Security, Justice, and Corrections",10400005101,122,4588,114,0,0,0,8,32.0,8.42,26.05633802816901,37.28276175334999
Connecticut,2023-05-17,"Title 29, Subtitle 140",outdoor amusements under tents and portable shelters,public safety and state police,,"Security, Justice, and Corrections",10400005102,20,1620,20,0,0,0,0,23.0,7.95,10.9375,39.32878679109835
Connecticut,2023-05-17,"Title 29, Subtitle 143j",boxing and mixed martial arts,public safety and state police,,"Security, Justice, and Corrections",10400005103,418,16397,384,1,0,7,26,35.0,9.13,33.480176211453745,34.754951283194295
Connecticut,2023-05-17,"Title 29, Subtitle 152o",bail enforcement agent,public safety and state police,,"Security, Justice, and Corrections",10400005105,21,1109,21,0,0,0,0,41.0,7.3,19.230769230769237,33.62657613967022
Connecticut,2023-05-17,"Title 29, Subtitle 161",private detective and private detective agency,public safety and state police,,"Security, Justice, and Corrections",10400005106,23,1352,21,0,0,0,2,57.0,7.76,56.52173913043478,38.52260111022998
Connecticut,2023-05-17,"Title 29, Subtitle 161x",security services and security officers,public safety and state police,,"Security, Justice, and Corrections",10400005107,35,1394,32,0,0,0,3,41.0,7.78,27.27272727272727,38.15437262357415
Connecticut,2023-05-17,"Title 29, Subtitle 161z",permit requirements for armed security personnel firearms safety courses,public safety and state police,,"Security, Justice, and Corrections",10400005108,20,730,19,0,0,0,1,41.0,7.17,47.05882352941176,38.765739385065885
Connecticut,2023-05-17,"Title 29, Subtitle 192",elevators and escalators,public safety and state police,,"Security, Justice, and Corrections",10400005109,18,908,16,0,0,0,2,22.0,7.25,8.571428571428571,43.18402282453638
Connecticut,2023-05-17,"Title 29, Subtitle 2",procedures for hearings,public safety and state police,,"Security, Justice, and Corrections",10400005095,28,2009,27,0,0,0,1,38.0,7.97,40.38461538461539,34.468041237113404
Connecticut,2023-05-17,"Title 29, Subtitle 203",passenger tramway safety,public safety and state police,,"Security, Justice, and Corrections",10400005110,1,179,1,0,0,0,0,31.0,5.89,0.0,48.35416666666666
Connecticut,2023-05-17,"Title 29, Subtitle 223",state examining board for crane operators,public safety and state police,,"Security, Justice, and Corrections",10400005111,272,7230,260,0,1,0,11,28.0,8.99,34.12698412698413,37.00488816471634
Connecticut,2023-05-17,"Title 29, Subtitle 232",boiler design construction installation repair use and operation,public safety and state police,,"Security, Justice, and Corrections",10400005113,483,16922,449,4,1,3,26,30.0,9.17,39.37728937728938,31.57236153040478
Connecticut,2023-05-17,"Title 29, Subtitle 23a",operation of a rotational system for summoning wreckers,public safety and state police,,"Security, Justice, and Corrections",10400005097,88,3662,76,0,1,0,11,39.0,8.13,56.17977528089888,34.58493310063991
Connecticut,2023-05-17,"Title 29, Subtitle 251",procedure of the codes and standards committee,public safety and state police,,"Security, Justice, and Corrections",10400005114,66,1971,64,0,0,0,2,31.0,7.56,12.903225806451612,35.11828540423223
Connecticut,2023-05-17,"Title 29, Subtitle 251c",assessment of education fee,public safety and state police,,"Security, Justice, and Corrections",10400005115,12,581,11,0,0,0,1,40.0,6.86,7.142857142857142,39.01254480286738
Connecticut,2023-05-17,"Title 29, Subtitle 252",connecticut state building code,public safety and state police,,"Security, Justice, and Corrections",10400005116,501,20614,424,0,1,3,73,22.0,9.84,16.7032967032967,35.04845791099789
Connecticut,2023-05-17,"Title 29, Subtitle 262",building official licensure,public safety and state police,,"Security, Justice, and Corrections",10400005117,26,2589,26,0,0,0,0,72.0,7.75,14.285714285714285,45.97209684037751
Connecticut,2023-05-17,"Title 29, Subtitle 276b",standards for testing of construction materials,public safety and state police,,"Security, Justice, and Corrections",10400005118,19,876,17,0,0,0,2,72.0,6.69,58.333333333333336,45.389021479713605
Connecticut,2023-05-17,"Title 29, Subtitle 291a",connecticut state fire prevention code,public safety and state police,,"Security, Justice, and Corrections",10400005119,316,16963,248,0,1,4,63,22.0,9.34,14.78770131771596,37.9788508988368
Connecticut,2023-05-17,"Title 29, Subtitle 292",connecticut state fire safety code,public safety and state police,,"Security, Justice, and Corrections",10400005120,1141,45990,936,0,0,8,197,20.0,9.38,20.285714285714285,34.79921239965669
Connecticut,2023-05-17,"Title 29, Subtitle 298",classes of certification and standards of qualification for local fire marshals deputy fire marshals fire inspectors and other local fire officials,public safety and state police,,"Security, Justice, and Corrections",10400005121,9,898,5,0,0,0,4,44.0,6.17,5.263157894736842,34.65151515151515
Connecticut,2023-05-17,"Title 29, Subtitle 313",portable fire extinguishers,public safety and state police,,"Security, Justice, and Corrections",10400005122,1,76,1,0,0,0,0,36.0,5.06,0.0,44.13235294117647
Connecticut,2023-05-17,"Title 29, Subtitle 315",sprinklers in hotels and motels,public safety and state police,,"Security, Justice, and Corrections",10400005123,1,80,1,0,0,0,0,78.0,5.26,0.0,34.32
Connecticut,2023-05-17,"Title 29, Subtitle 325",dry cleaning plants,public safety and state police,,"Security, Justice, and Corrections",10400005124,1,68,1,0,0,0,0,32.0,4.94,0.0,42.083333333333336
Connecticut,2023-05-17,"Title 29, Subtitle 32b",organization of the board rules of practice of or before the board and declaratory rulings of the board,public safety and state police,,"Security, Justice, and Corrections",10400005098,24,1101,23,1,0,0,0,28.0,7.42,21.052631578947366,32.503428011753186
Connecticut,2023-05-17,"Title 29, Subtitle 349",storage transportation and use of explosives and blasting agents,public safety and state police,,"Security, Justice, and Corrections",10400005125,619,19299,546,13,1,43,16,28.0,9.64,32.713178294573645,36.48070925262793
Connecticut,2023-05-17,"Title 29, Subtitle 357",sale use transportation and storage of fireworks and special effects,public safety and state police,,"Security, Justice, and Corrections",10400005126,259,8676,221,14,2,8,14,29.0,9.4,28.719723183391004,33.04355336212215
Connecticut,2023-05-17,"Title 29, Subtitle 359",pyrotechnics,public safety and state police,,"Security, Justice, and Corrections",10400005128,1,52,1,0,0,0,0,47.0,4.86,0.0,41.36363636363637
Connecticut,2023-05-17,"Title 29, Subtitle 367",connecticut model rocketry code,public safety and state police,,"Security, Justice, and Corrections",10400005127,1,234,1,0,0,0,0,29.0,6.09,0.0,47.37912087912088
Connecticut,2023-05-17,"Title 29, Subtitle 36m",weapons,public safety and state police,,"Security, Justice, and Corrections",10400005099,115,5964,109,0,0,1,5,37.0,8.37,22.29299363057325,33.276595744680854
Connecticut,2023-05-17,"Title 29, Subtitle 401",state demolition code,public safety and state police,,"Security, Justice, and Corrections",10400005129,33,1179,26,4,0,0,3,30.0,7.49,25.64102564102564,37.24717145343777
Connecticut,2023-05-17,"Title 29, Subtitle 43j",boxing and mixed martial arts,public safety and state police,,"Security, Justice, and Corrections",10400005104,1,62,1,0,0,0,0,59.0,4.97,0.0,36.517857142857146
Connecticut,2023-05-17,"Title 29, Subtitle 7h",firearms evidence databank,public safety and state police,,"Security, Justice, and Corrections",10400005096,39,1099,39,0,0,0,0,25.0,7.47,6.976744186046512,36.36837121212121
Connecticut,2023-05-17,"Title 2, Subtitle 88",organization operation and rules of procedure,general assembly and legislative agencies,,Administration,10400004143,22,569,21,0,0,0,1,35.0,6.55,12.5,35.6605504587156
Connecticut,2023-05-17,"Title 2, Subtitle 8d",payment by participants of the general assembly pension system who elect to purchase service under section 2 8d of the general statutes,general assembly and legislative agencies,,Administration,10400004141,3,193,3,0,0,0,0,94.0,5.88,,32.41621621621621
Connecticut,2023-05-17,"Title 2, Subtitle 8e",payment by participants of the general assembly pension system who elect to purchase service under section 2 8e of the general statutes,general assembly and legislative agencies,,Administration,10400004142,3,184,3,0,0,0,0,90.0,5.76,,33.429378531073446
Connecticut,2023-05-17,"Title 30, Subtitle 6",6,intoxicating liquors,,"Industry, Commerce, and Development",10400005130,516,19907,471,9,5,14,17,35.0,9.49,38.68092691622103,32.734110005670395
Connecticut,2023-05-17,"Title 30, Subtitle 6a",keg purchases,intoxicating liquors,,"Industry, Commerce, and Development",10400005131,19,811,14,1,0,1,3,61.0,7.83,46.15384615384615,38.57528957528957
Connecticut,2023-05-17,Title 31,employment of illegal aliens,labor,,Labor and Workforce Development,10400005143,12,839,4,5,0,0,3,17.0,8.14,2.083333333333333,35.45685279187817
Connecticut,2023-05-17,"Title 31, Subtitle 1",establishment of rules of procedure for hearings in contested cases to be conducted by the labor commissioner,labor,,Labor and Workforce Development,10400005132,70,5025,55,6,0,0,9,36.0,8.26,31.11111111111111,34.65693430656934
Connecticut,2023-05-17,"Title 31, Subtitle 101",connecticut state labor relations act,labor,,Labor and Workforce Development,10400005154,195,8623,188,1,0,1,5,38.0,8.54,39.01345291479821,32.008618596746786
Connecticut,2023-05-17,"Title 31, Subtitle 11a",dislocation allowance and reemployment assistance program,labor,,Labor and Workforce Development,10400005135,39,2256,33,4,0,1,1,24.0,7.89,17.582417582417584,43.41634799235182
Connecticut,2023-05-17,"Title 31, Subtitle 222",unemployment compensation,labor,,Labor and Workforce Development,10400005155,91,5040,83,0,0,0,8,37.0,8.65,35.82089552238806,35.476414131100675
Connecticut,2023-05-17,"Title 31, Subtitle 225",foreign contractors required to file bond with the administrator unemployment compensation prior to construction activity in this state,labor,,Labor and Workforce Development,10400005156,2,103,2,0,0,0,0,50.0,5.5,0.0,38.23711340206186
Connecticut,2023-05-17,"Title 31, Subtitle 227",voluntary withholding of income tax,labor,,Labor and Workforce Development,10400005157,17,837,14,0,0,0,3,28.0,7.0,3.333333333333333,40.21788413098237
Connecticut,2023-05-17,"Title 31, Subtitle 23",employment of minors,labor,,Labor and Workforce Development,10400005136,6,828,3,0,0,3,0,75.0,7.99,54.54545454545454,44.427696078431374
Connecticut,2023-05-17,"Title 31, Subtitle 230",alternate base period,labor,,Labor and Workforce Development,10400005158,14,974,14,0,0,0,0,56.0,6.9,41.17647058823529,39.92803437164339
Connecticut,2023-05-17,"Title 31, Subtitle 231a",compensation weekly benefit rate for construction workers,labor,,Labor and Workforce Development,10400005159,6,686,5,1,0,0,0,39.0,7.1,41.17647058823529,44.52099533437014
Connecticut,2023-05-17,"Title 31, Subtitle 235",eligibility for unemployment compensation,labor,,Labor and Workforce Development,10400005160,51,4694,42,5,0,0,4,51.0,8.27,53.93258426966292,39.06654553713377
Connecticut,2023-05-17,"Title 31, Subtitle 236",eligibility for unemployment compensation,labor,,Labor and Workforce Development,10400005161,145,11432,109,23,1,0,12,54.0,8.82,60.97560975609756,36.82353477349376
Connecticut,2023-05-17,"Title 31, Subtitle 236b",guidelines for approval by the labor commissioner of job training programs job retraining programs and claimants under sec 31 236b cgs,labor,,Labor and Workforce Development,10400005162,4,241,3,0,0,0,1,59.0,6.38,25.0,39.4078947368421
Connecticut,2023-05-17,"Title 31, Subtitle 237g",proceedings on disputed matters pertaining to unemployment compensation claims,labor,,Labor and Workforce Development,10400005163,501,34983,466,17,3,0,15,47.0,8.86,57.63411279229711,33.304938454693755
Connecticut,2023-05-17,"Title 31, Subtitle 244",appeals and hearing procedures,labor,,Labor and Workforce Development,10400005164,36,2075,34,0,2,0,0,39.0,7.74,37.25490196078432,40.06377678126557
Connecticut,2023-05-17,"Title 31, Subtitle 250",personal data,labor,,Labor and Workforce Development,10400005165,71,15107,57,4,0,3,7,41.0,8.9,11.666666666666666,40.7616741611899
Connecticut,2023-05-17,"Title 31, Subtitle 255",interstate reciprocal agreement relating to transfer of contributions between the states of new york and connecticut,labor,,Labor and Workforce Development,10400005166,12,609,9,0,0,0,3,37.0,6.38,31.25,33.37264957264957
Connecticut,2023-05-17,"Title 31, Subtitle 272",registration and rules of conduct for authorized agents providing representation for a fee,labor,,Labor and Workforce Development,10400005167,85,4510,75,6,1,1,2,32.0,8.27,25.179856115107917,34.34178082191781
Connecticut,2023-05-17,"Title 31, Subtitle 273",collection of overpayments of unemployment compensation benefits,labor,,Labor and Workforce Development,10400005168,109,8540,106,0,2,0,1,71.0,8.12,74.35897435897436,38.541671873047605
Connecticut,2023-05-17,"Title 31, Subtitle 275",preliminary acts in preparation for work and employee s place of abode,labor,,Labor and Workforce Development,10400005169,6,461,0,1,0,0,5,65.0,6.99,,33.60180995475113
Connecticut,2023-05-17,"Title 31, Subtitle 279",assignment and postponement of hearings and the authority of claims personnel,labor,,Labor and Workforce Development,10400005170,90,4398,78,2,0,0,10,47.0,8.57,26.881720430107524,37.81349206349206
Connecticut,2023-05-17,"Title 31, Subtitle 280",approved physicians and other practitioners,labor,,Labor and Workforce Development,10400005171,40,1813,37,1,1,0,1,34.0,8.16,21.153846153846157,43.28887594641817
Connecticut,2023-05-17,"Title 31, Subtitle 283a",structure and operation of workers rehabilitation programs,labor,,Labor and Workforce Development,10400005172,27,1926,23,0,0,0,4,28.0,8.11,19.402985074626866,41.62150301700494
Connecticut,2023-05-17,"Title 31, Subtitle 284",self insurance certification,labor,,Labor and Workforce Development,10400005173,71,2974,60,0,1,0,10,25.0,8.39,23.893805309734518,37.57142857142857
Connecticut,2023-05-17,"Title 31, Subtitle 296",filing of voluntary agreements,labor,,Labor and Workforce Development,10400005174,10,369,10,0,0,0,0,33.0,6.68,27.27272727272727,35.861111111111114
Connecticut,2023-05-17,"Title 31, Subtitle 301",appeal from compensation commissioner,labor,,Labor and Workforce Development,10400005175,18,1108,16,2,0,0,0,47.0,7.18,65.21739130434783,32.07342007434944
Connecticut,2023-05-17,"Title 31, Subtitle 313",rehabilitation of employees who have suffered compensable injuries,labor,,Labor and Workforce Development,10400005176,7,518,7,0,0,0,0,34.0,6.88,33.33333333333333,36.52941176470589
Connecticut,2023-05-17,"Title 31, Subtitle 316",filing of accident reports,labor,,Labor and Workforce Development,10400005177,1,71,1,0,0,0,0,23.0,5.19,0.0,36.76923076923077
Connecticut,2023-05-17,"Title 31, Subtitle 349g",second injury fund assessment on employers,labor,,Labor and Workforce Development,10400005178,36,1908,35,0,0,0,1,35.0,7.65,11.538461538461538,36.54494064443188
Connecticut,2023-05-17,"Title 31, Subtitle 354",second injury fund,labor,,Labor and Workforce Development,10400005179,64,4151,57,0,0,0,7,32.0,8.55,25.78125,33.886743886743886
Connecticut,2023-05-17,"Title 31, Subtitle 371",occupational safety and health,labor,,Labor and Workforce Development,10400005180,125,6039,121,0,1,0,3,37.0,8.38,47.53086419753087,37.39415184678523
Connecticut,2023-05-17,"Title 31, Subtitle 372",occupational safety and health,labor,,Labor and Workforce Development,10400005181,104,19872,93,1,2,0,8,39.0,9.24,11.24401913875598,44.45923128193735
Connecticut,2023-05-17,"Title 31, Subtitle 374",occupational safety and health,labor,,Labor and Workforce Development,10400005182,11,587,7,0,0,0,4,43.0,6.75,15.384615384615383,41.35755258126195
Connecticut,2023-05-17,"Title 31, Subtitle 376",rules of procedure,labor,,Labor and Workforce Development,10400005153,195,8079,178,5,3,1,8,31.0,8.69,35.177865612648226,33.689864428663654
Connecticut,2023-05-17,"Title 31, Subtitle 379",discrimination against employees exercising rights under the connecticut occupational safety and health act of 1973,labor,,Labor and Workforce Development,10400005183,24,2988,11,7,0,4,2,31.0,8.32,30.107526881720432,40.23303730017762
Connecticut,2023-05-17,"Title 31, Subtitle 38a",sanitary lighting and heating facilities for employees of railroad companies as defined in section 16 1 of the general statutes,labor,,Labor and Workforce Development,10400005137,101,3082,94,1,0,4,2,24.0,8.22,24.8,31.449430676490287
Connecticut,2023-05-17,"Title 31, Subtitle 390",emergency municipal public works employment program,labor,,Labor and Workforce Development,10400005184,1,261,1,0,0,0,0,41.0,6.45,16.666666666666664,41.64159292035398
Connecticut,2023-05-17,"Title 31, Subtitle 3g",provision of assistance within existing resources to and access to programs specific to the job training and placement needs of displaced homemakers,labor,,Labor and Workforce Development,10400005133,15,679,15,0,0,0,0,35.0,6.99,15.789473684210526,44.407523510971785
Connecticut,2023-05-17,"Title 31, Subtitle 3s",subsidized transitional employment program,labor,,Labor and Workforce Development,10400005134,13,2042,11,0,0,0,2,34.0,8.01,22.033898305084744,39.02972834443875
Connecticut,2023-05-17,"Title 31, Subtitle 401",approval of a medical facility other than a general hospital as an auxiliary occupational health clinic,labor,,Labor and Workforce Development,10400005185,6,480,6,0,0,0,0,46.0,6.7,0.0,49.48275862068966
Connecticut,2023-05-17,"Title 31, Subtitle 40v",establishment and administration of safety and health committees at work sites,labor,,Labor and Workforce Development,10400005138,17,992,15,0,1,0,1,33.0,7.24,25.0,37.6443468715697
Connecticut,2023-05-17,"Title 31, Subtitle 422",initial opt out period,labor,,Labor and Workforce Development,10400005186,3,321,3,0,0,0,0,39.0,6.04,0.0,36.3864406779661
Connecticut,2023-05-17,"Title 31, Subtitle 424",distribution of funds,labor,,Labor and Workforce Development,10400005187,2,418,0,0,0,0,2,20.0,6.52,0.0,40.39294710327456
Connecticut,2023-05-17,"Title 31, Subtitle 49p",49p,labor,,Labor and Workforce Development,10400005139,56,3930,56,0,0,0,0,44.0,8.01,44.31818181818182,34.97272245762712
Connecticut,2023-05-17,"Title 31, Subtitle 51d",commissioner of labor s work training standards for apprenticeship and training programs,labor,,Labor and Workforce Development,10400005140,57,3847,43,3,1,0,10,44.0,8.59,43.67816091954023,41.88962765957447
Connecticut,2023-05-17,"Title 31, Subtitle 51ddd",individual development accounts program,labor,,Labor and Workforce Development,10400005141,64,3356,60,0,0,0,4,50.0,7.82,39.0625,41.13232514177694
Connecticut,2023-05-17,"Title 31, Subtitle 51k",employment of illegal aliens,labor,,Labor and Workforce Development,10400005142,4,227,4,0,0,0,0,37.0,6.45,0.0,39.036199095022624
Connecticut,2023-05-17,"Title 31, Subtitle 51qq",the family and medical leave act,labor,,Labor and Workforce Development,10400005144,307,29351,196,3,32,3,73,38.0,8.92,54.448871181938905,34.329973213026925
Connecticut,2023-05-17,"Title 31, Subtitle 51rr",family and medical leave for school paraprofessionals,labor,,Labor and Workforce Development,10400005145,339,37268,101,90,45,4,99,38.0,9.03,52.81249999999999,33.60410321723241
Connecticut,2023-05-17,"Title 31, Subtitle 51x",designation by the labor commissioner of occupations as high risk or safety sensitive occupations subject to random urinalysis drug testing,labor,,Labor and Workforce Development,10400005146,16,751,16,0,0,0,0,31.0,7.07,13.043478260869565,42.83076923076923
Connecticut,2023-05-17,"Title 31, Subtitle 53a",identification of parties subject to debarment from the award of contracts by the state or any of its political subdivisions,labor,,Labor and Workforce Development,10400005147,4,520,4,0,0,0,0,56.0,7.17,0.0,35.14049586776859
Connecticut,2023-05-17,"Title 31, Subtitle 53b",construction safety,labor,,Labor and Workforce Development,10400005148,13,1201,9,0,0,0,4,,7.08,70.0,41.18051831992851
Connecticut,2023-05-17,"Title 31, Subtitle 60",minimum wages,labor,,Labor and Workforce Development,10400005149,123,7265,93,0,2,1,27,66.0,8.58,54.629629629629626,31.76334239519245
Connecticut,2023-05-17,"Title 31, Subtitle 62",minimum wages,labor,,Labor and Workforce Development,10400005150,71,4241,55,1,2,0,13,48.0,8.66,41.37931034482759,33.01136925358379
Connecticut,2023-05-17,"Title 31, Subtitle 71h",civil penalties for wage violations,labor,,Labor and Workforce Development,10400005151,18,858,18,0,0,0,0,42.0,6.9,50.0,32.981155778894475
Connecticut,2023-05-17,"Title 31, Subtitle 91",rules of procedure,labor,,Labor and Workforce Development,10400005152,133,5128,120,4,1,0,8,28.0,8.38,40.11299435028249,31.589858012170385
Connecticut,2023-05-17,"Title 32, Subtitle 13",insuring of industrial mortgages,commerce and economic and community development,,"Industry, Commerce, and Development",10400005197,168,6695,161,0,2,0,5,44.0,8.3,44.29530201342282,34.1063107545132
Connecticut,2023-05-17,"Title 32, Subtitle 141",issuance of private activity bonds,commerce and economic and community development,,"Industry, Commerce, and Development",10400005206,12,770,10,2,0,0,0,44.0,6.62,29.411764705882355,33.21497919556172
Connecticut,2023-05-17,"Title 32, Subtitle 167",organization of department of commerce,commerce and economic and community development,,"Industry, Commerce, and Development",10400005207,1,546,0,0,0,0,1,23.0,7.2,0.0,47.34160305343512
Connecticut,2023-05-17,"Title 32, Subtitle 176",small business innovation research assistance grants,commerce and economic and community development,,"Industry, Commerce, and Development",10400005208,8,802,6,2,0,0,0,27.0,7.23,0.0,39.47549668874172
Connecticut,2023-05-17,"Title 32, Subtitle 1c",personal data,commerce and economic and community development,,"Industry, Commerce, and Development",10400005188,24,1870,23,0,0,0,1,22.0,7.69,18.823529411764707,38.8707182320442
Connecticut,2023-05-17,"Title 32, Subtitle 23o",small contractor loan program,commerce and economic and community development,,"Industry, Commerce, and Development",10400005198,40,1352,34,2,1,0,3,48.0,7.56,39.285714285714285,33.40275650842266
Connecticut,2023-05-17,"Title 32, Subtitle 23z",business environmental clean up revolving loan fund program,commerce and economic and community development,,"Industry, Commerce, and Development",10400005199,36,1978,33,0,0,0,3,58.0,8.15,52.94117647058824,36.54297693920336
Connecticut,2023-05-17,"Title 32, Subtitle 290",entrepreneur program,commerce and economic and community development,,"Industry, Commerce, and Development",10400005209,5,690,5,0,0,0,0,42.0,7.66,25.0,44.72585669781932
Connecticut,2023-05-17,"Title 32, Subtitle 36",implementation of the connecticut product development corporation act,commerce and economic and community development,,"Industry, Commerce, and Development",10400005200,33,1107,33,0,0,0,0,39.0,6.86,10.714285714285714,37.96654275092937
Connecticut,2023-05-17,"Title 32, Subtitle 5a",standards for repayment of loans or grants made to business organizations that relocate out of state,commerce and economic and community development,,"Industry, Commerce, and Development",10400005189,12,898,9,0,0,0,3,52.0,7.32,47.05882352941176,36.994172494172496
Connecticut,2023-05-17,"Title 32, Subtitle 6a",proposed regulations for the implementation of the restoration of historic assets in connecticut fund,commerce and economic and community development,,"Industry, Commerce, and Development",10400005190,20,965,17,1,0,0,2,26.0,7.53,22.22222222222222,37.3083511777302
Connecticut,2023-05-17,"Title 32, Subtitle 70",enterprise zone designation,commerce and economic and community development,,"Industry, Commerce, and Development",10400005201,2,234,2,0,0,0,0,58.0,6.12,25.0,39.297777777777775
Connecticut,2023-05-17,"Title 32, Subtitle 75",enterprise zone program non eligible businesses,commerce and economic and community development,,"Industry, Commerce, and Development",10400005202,3,257,3,0,0,0,0,83.0,6.24,0.0,42.64853556485355
Connecticut,2023-05-17,"Title 32, Subtitle 75a",railroad depot zone designation,commerce and economic and community development,,"Industry, Commerce, and Development",10400005203,14,1041,13,0,0,0,1,78.0,7.75,38.46153846153847,41.11946446961895
Connecticut,2023-05-17,"Title 32, Subtitle 75c",qualified manufacturing plant designation,commerce and economic and community development,,"Industry, Commerce, and Development",10400005204,13,927,12,0,0,0,1,75.0,7.51,33.33333333333333,43.71212121212121
Connecticut,2023-05-17,"Title 32, Subtitle 76",entertainment district designation,commerce and economic and community development,,"Industry, Commerce, and Development",10400005205,15,1353,13,1,0,0,1,51.0,8.32,26.923076923076923,47.939178515007896
Connecticut,2023-05-17,"Title 32, Subtitle 9f",small contractors set aside program,commerce and economic and community development,,"Industry, Commerce, and Development",10400005191,77,2120,62,8,1,0,6,34.0,7.89,22.950819672131143,34.42425718460789
Connecticut,2023-05-17,"Title 32, Subtitle 9l",job incentive grant program,commerce and economic and community development,,"Industry, Commerce, and Development",10400005192,47,2877,41,6,0,0,0,43.0,7.95,20.0,38.40910733646549
Connecticut,2023-05-17,"Title 32, Subtitle 9p",financial assistance and tax incentives to encourage industrial and business growth in areas of high unemployment,commerce and economic and community development,,"Industry, Commerce, and Development",10400005193,31,6372,13,12,4,0,2,40.0,8.99,35.6687898089172,40.89849377865095
Connecticut,2023-05-17,"Title 32, Subtitle 9q",implementation of employment incentive loan program and economic development loan program under section 32 9q of the general statutes,commerce and economic and community development,,"Industry, Commerce, and Development",10400005194,32,1373,29,0,0,0,3,37.0,7.56,27.77777777777778,37.86999244142101
Connecticut,2023-05-17,"Title 32, Subtitle 9qq",business outreach center challenge grant program,commerce and economic and community development,,"Industry, Commerce, and Development",10400005195,13,1618,11,1,0,0,1,58.0,7.71,22.22222222222222,38.78535031847134
Connecticut,2023-05-17,"Title 32, Subtitle 9s",penalties and the waiver of penalties for failure to comply with certain state reporting requirements,commerce and economic and community development,,"Industry, Commerce, and Development",10400005196,16,632,9,3,0,0,4,56.0,7.21,27.27272727272727,33.72454090150251
Connecticut,2023-05-17,"Title 36a, Subtitle 1",administrative procedures,the banking law of connecticut,,"Banking, Insurance, and Securities",10400005210,209,14118,190,0,0,2,17,38.0,8.98,31.868131868131865,37.85925321060055
Connecticut,2023-05-17,"Title 36a, Subtitle 126",conversion of mutual connecticut banks to capital stock connecticut banks,the banking law of connecticut,,"Banking, Insurance, and Securities",10400005215,0,198,0,0,0,0,0,48.0,5.68,,38.348958333333336
Connecticut,2023-05-17,"Title 36a, Subtitle 136",conversion of mutual connecticut banks to capital stock connecticut banks,the banking law of connecticut,,"Banking, Insurance, and Securities",10400005214,218,13019,199,4,0,2,13,51.0,8.59,45.564516129032256,39.32998867130603
Connecticut,2023-05-17,"Title 36a, Subtitle 145",community reinvestment act compliance consumer protection law compliance and community reinvestment plan requirements for certain transaction applications,the banking law of connecticut,,"Banking, Insurance, and Securities",10400005212,5,341,4,0,0,0,1,,6.24,,39.4240506329114
Connecticut,2023-05-17,"Title 36a, Subtitle 34",community reinvestment act compliance consumer protection law compliance and community reinvestment plan requirements for certain transaction applications,the banking law of connecticut,,"Banking, Insurance, and Securities",10400005211,37,2629,27,0,0,0,10,80.0,7.56,,38.92662721893491
Connecticut,2023-05-17,"Title 36a, Subtitle 40",retention of records by connecticut banks and connecticut credit unions,the banking law of connecticut,,"Banking, Insurance, and Securities",10400005213,25,3809,8,0,0,0,17,,7.96,,39.52375189107413
Connecticut,2023-05-17,"Title 36a, Subtitle 428",foreign banks,the banking law of connecticut,,"Banking, Insurance, and Securities",10400005216,3,127,3,0,0,0,0,40.0,4.84,0.0,31.135593220338983
Connecticut,2023-05-17,"Title 36a, Subtitle 428c",foreign banks,the banking law of connecticut,,"Banking, Insurance, and Securities",10400005217,87,4432,73,0,0,0,14,57.0,7.97,39.47368421052632,35.314352392065345
Connecticut,2023-05-17,"Title 36a, Subtitle 428g",foreign banks,the banking law of connecticut,,"Banking, Insurance, and Securities",10400005218,3,113,3,0,0,0,0,36.0,4.95,0.0,39.53846153846154
Connecticut,2023-05-17,"Title 36a, Subtitle 428n",foreign banks,the banking law of connecticut,,"Banking, Insurance, and Securities",10400005219,10,721,10,0,0,0,0,72.0,6.94,,31.0028129395218
Connecticut,2023-05-17,"Title 36a, Subtitle 456",payment of interest refunds by connecticut credit unions,the banking law of connecticut,,"Banking, Insurance, and Securities",10400005220,7,501,6,0,0,0,1,48.0,6.54,30.0,35.75330396475771
Connecticut,2023-05-17,"Title 36a, Subtitle 570",small loan licensees,the banking law of connecticut,,"Banking, Insurance, and Securities",10400005221,110,4416,97,2,1,1,9,31.0,8.41,47.10144927536232,33.09413145539906
Connecticut,2023-05-17,"Title 36a, Subtitle 585",maximum check cashing fees,the banking law of connecticut,,"Banking, Insurance, and Securities",10400005222,3,123,3,0,0,0,0,60.0,5.23,0.0,26.403508771929825
Connecticut,2023-05-17,"Title 36a, Subtitle 588",licensing of check cashing services,the banking law of connecticut,,"Banking, Insurance, and Securities",10400005223,9,620,7,0,0,0,2,55.0,7.09,9.090909090909092,32.16247906197655
Connecticut,2023-05-17,"Title 36a, Subtitle 647",collection practices of creditors,the banking law of connecticut,,"Banking, Insurance, and Securities",10400005224,17,2667,15,1,0,1,0,67.0,7.86,,36.42194258749508
Connecticut,2023-05-17,"Title 36a, Subtitle 744",home mortgage disclosure act,the banking law of connecticut,,"Banking, Insurance, and Securities",10400005225,36,2437,29,0,0,2,5,42.0,8.03,30.909090909090907,38.415069103878736
Connecticut,2023-05-17,"Title 36a, Subtitle 809",consumer collection agencies,the banking law of connecticut,,"Banking, Insurance, and Securities",10400005226,41,3544,40,0,0,1,0,46.0,7.92,50.0,35.403715718077265
Connecticut,2023-05-17,"Title 36b, Subtitle 31",connecticut uniform securities act,connecticut securities law and business opportunity investment act,,"Banking, Insurance, and Securities",10400005227,387,24964,308,1,0,3,75,63.0,9.14,52.48041775456919,36.68554288631722
Connecticut,2023-05-17,Title 38a,organization and rules of practice,insurance department,,"Banking, Insurance, and Securities",10400005229,32,11521,17,1,1,0,13,30.0,9.68,31.14754098360656,33.0673762639702
Connecticut,2023-05-17,"Title 38a, Subtitle 10",arbitration procedure for automobile physical damage and property damage claims,insurance department,,"Banking, Insurance, and Securities",10400005230,23,1121,20,2,0,0,1,37.0,7.57,16.666666666666664,34.66049953746531
Connecticut,2023-05-17,"Title 38a, Subtitle 124",insider trading of domestic stock insurance company equity securities,insurance department,,"Banking, Insurance, and Securities",10400005238,146,9498,122,0,0,0,24,48.0,8.58,42.487046632124354,33.465188127551585
Connecticut,2023-05-17,"Title 38a, Subtitle 138",insurance holding company act,insurance department,,"Banking, Insurance, and Securities",10400005239,154,12468,97,4,0,0,53,41.0,9.21,37.66666666666666,38.14106004696411
Connecticut,2023-05-17,"Title 38a, Subtitle 147",proxies consents and authorizations of domestic stock insurers,insurance department,,"Banking, Insurance, and Securities",10400005240,54,3222,46,0,0,0,8,63.0,7.72,52.0,33.873316228351506
Connecticut,2023-05-17,"Title 38a, Subtitle 192",high deductible health plans for health care centers,insurance department,,"Banking, Insurance, and Securities",10400005241,6,471,4,1,0,0,1,50.0,6.84,22.22222222222222,35.725352112676056
Connecticut,2023-05-17,"Title 38a, Subtitle 193",risk based capital requirements for health care centers,insurance department,,"Banking, Insurance, and Securities",10400005242,53,5332,43,0,0,1,9,92.0,7.3,,34.91975806451613
Connecticut,2023-05-17,"Title 38a, Subtitle 199",standards for approval of clinics,insurance department,,"Banking, Insurance, and Securities",10400005243,33,1529,31,0,0,0,2,31.0,8.05,10.416666666666668,38.979944674965424
Connecticut,2023-05-17,"Title 38a, Subtitle 214",reserve requirements for medical service corporations,insurance department,,"Banking, Insurance, and Securities",10400005244,11,922,9,0,0,0,2,33.0,7.52,18.51851851851852,39.28128587830081
Connecticut,2023-05-17,"Title 38a, Subtitle 272",reporting requirements for licensees seeking to do business with certain unauthorized multiple employer welfare arrangements,insurance department,,"Banking, Insurance, and Securities",10400005245,22,1943,5,0,0,5,12,47.0,7.77,35.0,38.23123620309051
Connecticut,2023-05-17,"Title 38a, Subtitle 288",insurance on motor vehicles sold under installment contracts or pledged for a loan,insurance department,,"Banking, Insurance, and Securities",10400005246,34,1210,32,0,0,2,0,38.0,7.33,48.38709677419355,34.66215071972904
Connecticut,2023-05-17,"Title 38a, Subtitle 297",height and style of type to be used in insurance policies,insurance department,,"Banking, Insurance, and Securities",10400005247,10,493,6,2,0,0,2,23.0,7.16,15.0,37.06681514476615
Connecticut,2023-05-17,"Title 38a, Subtitle 327",claims made liability insurance policies,insurance department,,"Banking, Insurance, and Securities",10400005248,23,1732,18,3,1,0,1,51.0,7.51,69.6969696969697,34.1570648878108
Connecticut,2023-05-17,"Title 38a, Subtitle 328",connecticut fair plan,insurance department,,"Banking, Insurance, and Securities",10400005249,78,3251,70,2,0,0,6,9.0,8.53,6.104651162790697,35.84188447886415
Connecticut,2023-05-17,"Title 38a, Subtitle 334",minimum provisions for automobile liability insurance policies covering motor vehicles,insurance department,,"Banking, Insurance, and Securities",10400005250,47,3280,39,2,2,0,4,54.0,8.13,33.89830508474576,32.48480972177806
Connecticut,2023-05-17,"Title 38a, Subtitle 347",connecticut motor vehicle insurance safe driver classification plan,insurance department,,"Banking, Insurance, and Securities",10400005251,6,207,5,0,0,0,1,33.0,5.99,0.0,38.37433155080214
Connecticut,2023-05-17,"Title 38a, Subtitle 357",reports to the national insurance crime bureau,insurance department,,"Banking, Insurance, and Securities",10400005252,22,1270,21,0,0,0,1,41.0,7.62,26.666666666666668,33.93481848184818
Connecticut,2023-05-17,"Title 38a, Subtitle 372",connecticut motor vehicle insurance,insurance department,,"Banking, Insurance, and Securities",10400005253,6,154,3,0,0,0,3,35.0,5.93,0.0,46.88805970149254
Connecticut,2023-05-17,"Title 38a, Subtitle 41",requirements for insurance companies applying for a license to do business in the state of connecticut,insurance department,,"Banking, Insurance, and Securities",10400005231,16,915,13,2,1,0,0,32.0,7.74,17.857142857142858,40.822784810126585
Connecticut,2023-05-17,"Title 38a, Subtitle 424a",title insurance coverage real property subject to indian land claims,insurance department,,"Banking, Insurance, and Securities",10400005254,12,1276,11,0,0,0,1,42.0,7.1,48.27586206896552,30.660392798690676
Connecticut,2023-05-17,"Title 38a, Subtitle 430",approval of form of life insurance and annuity policies and contracts,insurance department,,"Banking, Insurance, and Securities",10400005255,34,1410,31,0,0,0,3,21.0,7.99,19.696969696969692,35.8121301775148
Connecticut,2023-05-17,"Title 38a, Subtitle 432a",suitability in annuity transactions,insurance department,,"Banking, Insurance, and Securities",10400005256,67,5300,52,0,2,1,12,63.0,8.59,40.2439024390244,41.13270990847592
Connecticut,2023-05-17,"Title 38a, Subtitle 432b",use of senior specific certifications and professional designations in the sale of life insurance and annuities,insurance department,,"Banking, Insurance, and Securities",10400005257,7,705,3,0,0,3,1,86.0,7.3,50.0,44.42182890855457
Connecticut,2023-05-17,"Title 38a, Subtitle 433",variable life insurance,insurance department,,"Banking, Insurance, and Securities",10400005258,299,16374,226,33,2,0,38,46.0,8.82,44.2528735632184,35.862898149313864
Connecticut,2023-05-17,"Title 38a, Subtitle 435",requirements for the replacement of life insurance and annuities,insurance department,,"Banking, Insurance, and Securities",10400005259,45,4029,36,0,0,0,9,65.0,8.14,73.33333333333333,36.004233924318605
Connecticut,2023-05-17,"Title 38a, Subtitle 439",mortality tables minimum nonforfeiture benefits,insurance department,,"Banking, Insurance, and Securities",10400005260,9,2704,8,0,0,0,1,47.0,7.38,21.818181818181817,34.50816993464052
Connecticut,2023-05-17,"Title 38a, Subtitle 457",accelerated benefits of life insurance,insurance department,,"Banking, Insurance, and Securities",10400005261,40,1964,36,0,3,0,1,34.0,7.77,31.57894736842105,36.58191489361702
Connecticut,2023-05-17,"Title 38a, Subtitle 458",life insurance providing long term care benefits,insurance department,,"Banking, Insurance, and Securities",10400005262,30,1438,27,0,2,0,1,30.0,7.23,35.55555555555556,34.62326261887345
Connecticut,2023-05-17,"Title 38a, Subtitle 459",synthetic guaranteed investment contracts,insurance department,,"Banking, Insurance, and Securities",10400005263,185,15532,161,0,6,0,18,68.0,8.57,66.21621621621621,38.18030150753769
Connecticut,2023-05-17,"Title 38a, Subtitle 465",viatical settlements,insurance department,,"Banking, Insurance, and Securities",10400005264,23,1382,20,0,0,1,2,56.0,7.77,54.16666666666666,34.33358490566038
Connecticut,2023-05-17,"Title 38a, Subtitle 472f",network adequacy,insurance department,,"Banking, Insurance, and Securities",10400005265,20,2245,13,0,0,0,7,55.0,7.9,42.5,40.47419804741981
Connecticut,2023-05-17,"Title 38a, Subtitle 474",submission and review of rates for medicare supplement insurance,insurance department,,"Banking, Insurance, and Securities",10400005266,31,1475,27,0,0,0,4,29.0,7.97,30.0,37.45669291338583
Connecticut,2023-05-17,"Title 38a, Subtitle 475",connecticut partnership for long term care,insurance department,,"Banking, Insurance, and Securities",10400005267,128,7264,110,0,0,0,18,36.0,8.8,29.381443298969074,36.28006239364719
Connecticut,2023-05-17,"Title 38a, Subtitle 478u",managed care,insurance department,,"Banking, Insurance, and Securities",10400005268,16,852,12,0,0,0,4,45.0,7.49,38.88888888888889,41.85953608247423
Connecticut,2023-05-17,"Title 38a, Subtitle 479aaa",requirements for pharmacy benefits managers applying for a certificate of registration to do business in the state of connecticut,insurance department,,"Banking, Insurance, and Securities",10400005269,12,1273,10,0,0,0,2,83.0,7.13,26.666666666666668,39.855230125523015
Connecticut,2023-05-17,"Title 38a, Subtitle 480",coordination of benefits,insurance department,,"Banking, Insurance, and Securities",10400005270,131,8675,101,14,3,1,12,24.0,8.73,28.08988764044944,32.15077552001924
Connecticut,2023-05-17,"Title 38a, Subtitle 481",approval of individual accident and health policy forms,insurance department,,"Banking, Insurance, and Securities",10400005272,92,3864,86,0,0,1,5,23.0,8.83,20.37037037037037,37.00054200542005
Connecticut,2023-05-17,"Title 38a, Subtitle 495",medicare supplement insurance minimum standards,insurance department,,"Banking, Insurance, and Securities",10400005273,112,7838,82,8,9,5,8,33.0,9.12,34.91379310344828,37.965449030726624
Connecticut,2023-05-17,"Title 38a, Subtitle 495a",medicare supplement insurance,insurance department,,"Banking, Insurance, and Securities",10400005274,388,31644,317,24,17,15,15,48.0,9.09,39.875389408099686,36.14996275479109
Connecticut,2023-05-17,"Title 38a, Subtitle 501",long term care insurance,insurance department,,"Banking, Insurance, and Securities",10400005275,168,9548,144,2,6,2,14,32.0,9.15,34.13793103448276,34.29907859078591
Connecticut,2023-05-17,"Title 38a, Subtitle 501a",short term care insurance,insurance department,,"Banking, Insurance, and Securities",10400005276,131,8152,113,1,6,2,9,31.0,9.09,31.92307692307692,34.50848309664446
Connecticut,2023-05-17,"Title 38a, Subtitle 504a",clinical trials,insurance department,,"Banking, Insurance, and Securities",10400005277,3,512,0,2,0,0,1,30.0,6.97,40.0,38.08760683760684
Connecticut,2023-05-17,"Title 38a, Subtitle 505",individual accident and sickness insurance minimum standards,insurance department,,"Banking, Insurance, and Securities",10400005278,179,12216,144,16,4,1,14,37.0,8.98,34.66257668711656,35.94451094391245
Connecticut,2023-05-17,"Title 38a, Subtitle 513",group specified disease health insurance minimum standards,insurance department,,"Banking, Insurance, and Securities",10400005279,164,9937,153,1,1,2,7,37.0,9.25,37.3134328358209,36.99394066025909
Connecticut,2023-05-17,"Title 38a, Subtitle 528",group long term care insurance,insurance department,,"Banking, Insurance, and Securities",10400005280,144,8403,121,4,6,2,11,30.0,9.1,31.73431734317343,35.774701146621126
Connecticut,2023-05-17,"Title 38a, Subtitle 528a",group short term care insurance,insurance department,,"Banking, Insurance, and Securities",10400005281,127,8411,109,1,6,2,9,35.0,9.04,34.59915611814346,35.96116386656927
Connecticut,2023-05-17,"Title 38a, Subtitle 53",statement of actuarial opinion,insurance department,,"Banking, Insurance, and Securities",10400005232,32,1431,23,1,0,0,8,50.0,7.67,25.0,37.31962481962482
Connecticut,2023-05-17,"Title 38a, Subtitle 54",annual audited financial reports,insurance department,,"Banking, Insurance, and Securities",10400005233,154,9286,121,2,1,0,30,48.0,8.64,33.86243386243386,39.31886381857748
Connecticut,2023-05-17,"Title 38a, Subtitle 546",group coverage discontinuance and replacement,insurance department,,"Banking, Insurance, and Securities",10400005282,31,2231,27,0,0,0,4,43.0,7.6,35.294117647058826,37.36778398510242
Connecticut,2023-05-17,"Title 38a, Subtitle 554",coordination of benefits,insurance department,,"Banking, Insurance, and Securities",10400005271,23,1534,23,0,0,0,0,76.0,7.0,70.0,29.8074616922052
Connecticut,2023-05-17,"Title 38a, Subtitle 591",utilization review grievances and external review,insurance department,,"Banking, Insurance, and Securities",10400005283,37,1595,33,0,0,1,3,36.0,7.83,23.25581395348837,41.95652173913044
Connecticut,2023-05-17,"Title 38a, Subtitle 640",approval of form of fraternal benefit society policies and contracts,insurance department,,"Banking, Insurance, and Securities",10400005284,33,1352,30,0,0,0,3,20.0,7.95,16.923076923076923,35.68909512761021
Connecticut,2023-05-17,"Title 38a, Subtitle 651",approval of credit life insurance and credit accident and health insurance policy forms,insurance department,,"Banking, Insurance, and Securities",10400005285,33,1416,30,0,0,0,3,21.0,8.04,18.461538461538463,36.21502209131075
Connecticut,2023-05-17,"Title 38a, Subtitle 676",approval of property and casualty insurance forms,insurance department,,"Banking, Insurance, and Securities",10400005286,51,2128,40,6,0,0,5,29.0,7.96,39.72602739726028,35.83792936623125
Connecticut,2023-05-17,"Title 38a, Subtitle 683",an accident prevention course for operators who have attained the age of sixty years,insurance department,,"Banking, Insurance, and Securities",10400005287,11,1007,11,0,0,0,0,51.0,7.06,31.57894736842105,40.51462621885157
Connecticut,2023-05-17,"Title 38a, Subtitle 686",territorial rating system for automobile insurance,insurance department,,"Banking, Insurance, and Securities",10400005288,22,1753,21,0,0,0,1,28.0,7.51,3.225806451612903,44.00950683303625
Connecticut,2023-05-17,"Title 38a, Subtitle 693",private passenger automobile insurance statistical data monitoring system,insurance department,,"Banking, Insurance, and Securities",10400005289,14,647,5,1,0,0,8,22.0,7.18,21.428571428571427,42.50498338870432
Connecticut,2023-05-17,"Title 38a, Subtitle 707",service fees to be charged by insurance producers and surplus lines brokers,insurance department,,"Banking, Insurance, and Securities",10400005290,6,687,6,0,0,0,0,40.0,6.91,31.25,35.14380165289256
Connecticut,2023-05-17,"Title 38a, Subtitle 72",risk based capital for insurers,insurance department,,"Banking, Insurance, and Securities",10400005234,72,5252,58,0,0,1,13,80.0,7.65,,34.69956905397086
Connecticut,2023-05-17,"Title 38a, Subtitle 72a",life reinsurance agreements,insurance department,,"Banking, Insurance, and Securities",10400005235,23,2313,18,2,0,0,3,46.0,8.4,32.6530612244898,39.19146005509642
Connecticut,2023-05-17,"Title 38a, Subtitle 740",surplus lines insurers,insurance department,,"Banking, Insurance, and Securities",10400005291,76,4866,66,1,0,0,9,50.0,8.48,50.0,36.44515036001694
Connecticut,2023-05-17,"Title 38a, Subtitle 78",connecticut standard valuation law actuarial opinion and memorandum,insurance department,,"Banking, Insurance, and Securities",10400005236,181,16758,146,6,5,0,24,40.0,9.16,32.68765133171913,36.36941191285732
Connecticut,2023-05-17,"Title 38a, Subtitle 782a",continuing education of insurance producers,insurance department,,"Banking, Insurance, and Securities",10400005293,61,3351,52,0,0,0,9,44.0,8.22,39.72602739726028,40.336389503635786
Connecticut,2023-05-17,"Title 38a, Subtitle 788",public adjusters,insurance department,,"Banking, Insurance, and Securities",10400005292,33,1423,28,4,0,1,0,30.0,7.81,23.91304347826087,35.57863935625457
Connecticut,2023-05-17,"Title 38a, Subtitle 790",conduct of motor vehicle physical damage appraisers,insurance department,,"Banking, Insurance, and Securities",10400005294,10,494,10,0,0,0,0,43.0,6.81,,35.87637969094923
Connecticut,2023-05-17,"Title 38a, Subtitle 792",casualty adjusters,insurance department,,"Banking, Insurance, and Securities",10400005295,4,407,2,0,0,0,2,66.0,6.82,,36.06493506493506
Connecticut,2023-05-17,"Title 38a, Subtitle 799",sale of insurance policies by car rental agencies,insurance department,,"Banking, Insurance, and Securities",10400005296,31,1919,25,0,1,0,5,53.0,7.49,45.71428571428572,36.04119638826185
Connecticut,2023-05-17,"Title 38a, Subtitle 8",organization and rules of practice,insurance department,,"Banking, Insurance, and Securities",10400005228,333,26895,260,0,4,1,68,47.0,9.42,47.95737122557727,38.494205460616776
Connecticut,2023-05-17,"Title 38a, Subtitle 819",unfair insurance practices advertisements of accident and sickness insurance,insurance department,,"Banking, Insurance, and Securities",10400005297,319,19051,269,15,1,4,30,34.0,9.49,36.39705882352941,36.561236752977166
Connecticut,2023-05-17,"Title 38a, Subtitle 824",regulations governing the availability of insurance on real property regardless of location,insurance department,,"Banking, Insurance, and Securities",10400005298,5,552,4,1,0,0,0,42.0,7.27,38.46153846153847,40.86742424242424
Connecticut,2023-05-17,"Title 38a, Subtitle 88",credit for reinsurance,insurance department,,"Banking, Insurance, and Securities",10400005237,300,20919,236,3,3,0,58,72.0,9.02,74.3859649122807,37.63877962682804
Connecticut,2023-05-17,"Title 3, Subtitle 11",description of organization rules of procedure,state elective officers,,Administration,10400004144,109,8479,89,0,0,0,20,27.0,9.02,21.49837133550489,38.00819468587037
Connecticut,2023-05-17,"Title 3, Subtitle 13j",disclosure of third party fees compensation related to contracts for investment services,state elective officers,,Administration,10400004145,9,701,8,0,0,0,1,57.0,7.06,41.66666666666667,34.62252663622527
Connecticut,2023-05-17,"Title 3, Subtitle 22h",connecticut higher education trust,state elective officers,,Administration,10400004146,47,3067,47,0,0,0,0,36.0,8.08,16.867469879518072,38.1552731020268
Connecticut,2023-05-17,"Title 3, Subtitle 27a",combined investment pool,state elective officers,,Administration,10400004147,23,724,23,0,0,0,0,29.0,7.04,33.33333333333333,38.22754491017964
Connecticut,2023-05-17,"Title 3, Subtitle 31b",combined investment fund,state elective officers,,Administration,10400004148,63,1989,63,0,0,0,0,29.0,7.65,38.23529411764706,33.63477801268499
Connecticut,2023-05-17,"Title 3, Subtitle 77",description of organization,state elective officers,,Administration,10400004149,75,5911,66,1,0,0,8,25.0,8.73,19.574468085106385,37.47236357255659
Connecticut,2023-05-17,"Title 3, Subtitle 90",state register and manual,state elective officers,,Administration,10400004150,8,525,7,0,1,0,0,18.0,6.99,3.571428571428571,30.07739307535641
Connecticut,2023-05-17,"Title 3, Subtitle 99a",expedited services,state elective officers,,Administration,10400004151,28,1194,28,0,0,0,0,34.0,7.38,39.39393939393939,36.47790055248619
Connecticut,2023-05-17,"Title 42a, Subtitle 9",article 9 of the uniform commercial code,uniform commercial code,,"Industry, Commerce, and Development",10400005308,30,2317,29,0,0,0,1,23.0,7.65,19.19191919191919,32.551410373066425
Connecticut,2023-05-17,"Title 42, Subtitle 110b",representations of guarantees,business selling trading and collection practices,,"Industry, Commerce, and Development",10400005299,117,9031,95,7,1,2,12,57.0,8.78,,32.44076535288726
Connecticut,2023-05-17,"Title 42, Subtitle 115j",the labeling packaging and sale of commodities,business selling trading and collection practices,,"Industry, Commerce, and Development",10400005300,0,142,0,0,0,0,0,69.0,5.51,0.0,40.291044776119406
Connecticut,2023-05-17,"Title 42, Subtitle 115m",packaging of meat and meat products,business selling trading and collection practices,,"Industry, Commerce, and Development",10400005301,18,874,17,1,0,0,0,36.0,7.0,21.73913043478261,25.654476670870118
Connecticut,2023-05-17,"Title 42, Subtitle 160",lien on motor vehicles abandoned at self service storage facilities,business selling trading and collection practices,,"Industry, Commerce, and Development",10400005302,39,1980,36,0,0,0,3,59.0,7.16,45.45454545454545,31.82278481012658
Connecticut,2023-05-17,"Title 42, Subtitle 179",written disclosure notice required on the resale of motor vehicles replaced or refunded by the manufacturer,business selling trading and collection practices,,"Industry, Commerce, and Development",10400005303,42,1772,35,1,2,0,4,33.0,7.7,11.76470588235294,35.67129071170084
Connecticut,2023-05-17,"Title 42, Subtitle 181",motor vehicle dispute settlement program,business selling trading and collection practices,,"Industry, Commerce, and Development",10400005304,34,1158,32,0,0,0,2,31.0,7.36,40.54054054054054,38.74955116696589
Connecticut,2023-05-17,"Title 42, Subtitle 231",emergency rationing,business selling trading and collection practices,,"Industry, Commerce, and Development",10400005305,18,851,18,0,0,0,0,38.0,7.23,18.181818181818183,34.4
Connecticut,2023-05-17,"Title 42, Subtitle 260",arbitration of extended warranty contracts,business selling trading and collection practices,,"Industry, Commerce, and Development",10400005306,35,1521,32,2,0,0,1,32.0,7.74,32.608695652173914,34.18181818181818
Connecticut,2023-05-17,"Title 42, Subtitle 295",sweepstakes,business selling trading and collection practices,,"Industry, Commerce, and Development",10400005307,1,247,1,0,0,0,0,,6.06,,29.15811965811966
Connecticut,2023-05-17,"Title 43, Subtitle 27",sale of hardwood pellets,weights and measures,,"Industry, Commerce, and Development",10400005312,5,256,5,0,0,0,0,31.0,6.72,0.0,34.21632653061224
Connecticut,2023-05-17,"Title 43, Subtitle 3",issuance of type approval for weights and measures devices,weights and measures,,"Industry, Commerce, and Development",10400005309,18,1193,16,1,0,0,1,37.0,7.63,22.58064516129032,40.095194922937445
Connecticut,2023-05-17,"Title 43, Subtitle 3a",method of sale of commodities,weights and measures,,"Industry, Commerce, and Development",10400005310,0,68,0,0,0,0,0,66.0,5.07,0.0,39.125
Connecticut,2023-05-17,"Title 43, Subtitle 42",temperature compensation in the sale of motor and heating fuels,weights and measures,,"Industry, Commerce, and Development",10400005313,1,108,1,0,0,0,0,,5.8,,42.92307692307692
Connecticut,2023-05-17,"Title 43, Subtitle 8a",last sale dates for retail products,weights and measures,,"Industry, Commerce, and Development",10400005311,2,100,1,0,0,0,1,32.0,5.72,0.0,36.41489361702128
Connecticut,2023-05-17,"Title 45a, Subtitle 651",conservator of person,probate courts and procedure,,"Security, Justice, and Corrections",10400005314,20,1286,20,0,0,0,0,29.0,7.72,21.428571428571427,37.06199021207178
Connecticut,2023-05-17,"Title 45a, Subtitle 728",adoption placement of children who have been identified or located by prospective adoptive parents,probate courts and procedure,,"Security, Justice, and Corrections",10400005315,63,3191,50,2,0,1,10,36.0,7.95,27.58620689655172,35.48133722817267
Connecticut,2023-05-17,"Title 46a, Subtitle 5",description of organization and rules of practice,human rights,,Administration,10400005316,25,1615,24,0,0,0,1,16.0,8.15,7.291666666666667,38.72240365774004
Connecticut,2023-05-17,"Title 46a, Subtitle 54",description of organization rules of practice and personal data regulations,human rights,,Administration,10400005317,498,26495,448,10,4,4,32,38.0,9.0,37.37075332348597,37.24833446363745
Connecticut,2023-05-17,"Title 46a, Subtitle 56",contract compliance minority business enterprise assistance fund,human rights,,Administration,10400005318,8,625,8,0,0,0,0,46.0,6.85,30.76923076923077,37.808905380333954
Connecticut,2023-05-17,"Title 46a, Subtitle 68",affirmative action plans by state government agencies equal employment opportunity in apprenticeship and training,human rights,,Administration,10400005319,265,14154,237,5,0,0,23,34.0,9.1,21.67487684729064,43.00082292212164
Connecticut,2023-05-17,"Title 46a, Subtitle 68j",contract compliance,human rights,,Administration,10400005320,187,9790,162,4,0,0,21,51.0,8.54,40.86021505376344,41.07916297608503
Connecticut,2023-05-17,"Title 46a, Subtitle 68k",approval of contract compliance programs by the commission on human rights and opportunities,human rights,,Administration,10400005321,43,2449,42,0,0,0,1,47.0,7.26,38.775510204081634,37.53098591549296
Connecticut,2023-05-17,"Title 46b, Subtitle 168a",title iv d child support enforcement program,family law,,"Security, Justice, and Corrections",10400005322,5,381,4,0,0,0,1,92.0,6.21,50.0,33.916666666666664
Connecticut,2023-05-17,"Title 46b, Subtitle 215a",child support and arrearage guidelines,family law,,"Security, Justice, and Corrections",10400005323,49,16350,46,0,0,0,3,40.0,9.44,34.9112426035503,33.13570399911377
Connecticut,2023-05-17,"Title 47, Subtitle 295",common interest community conversion,land and land titles,,"Environmental Protection, Public Utilities, and Natural Resources",10400005326,16,1082,13,0,0,0,3,20.0,7.26,13.20754716981132,34.93564356435643
Connecticut,2023-05-17,"Title 47, Subtitle 59b",organization and rules of practice of the indian affairs council membership in connecticut indian tribes and eligibility to reside on indian reservations,land and land titles,,"Environmental Protection, Public Utilities, and Natural Resources",10400005324,65,3040,60,0,0,1,4,34.0,8.28,40.22988505747127,36.27121579494285
Connecticut,2023-05-17,"Title 47, Subtitle 65",indians and indian reservations,land and land titles,,"Environmental Protection, Public Utilities, and Natural Resources",10400005325,22,674,18,1,1,1,1,31.0,6.93,14.285714285714285,34.537151702786375
Connecticut,2023-05-17,"Title 49, Subtitle 2b",payment of interest on funds in escrow by mortgagees,mortgages and liens,,"Banking, Insurance, and Securities",10400005327,5,540,3,0,0,0,2,64.0,7.09,12.5,33.80522088353413
Connecticut,2023-05-17,"Title 49, Subtitle 31j",protection from mortgage foreclosure,mortgages and liens,,"Banking, Insurance, and Securities",10400005328,11,553,11,0,0,0,0,76.0,6.68,14.285714285714285,37.984
Connecticut,2023-05-17,"Title 4a, Subtitle 100",prequalification and evaluation of contractors,administrative services,,Administration,10400004165,38,1773,37,0,0,0,1,43.0,7.67,2.5,46.30493000608643
Connecticut,2023-05-17,"Title 4a, Subtitle 101",evaluation of contractors,administrative services,,Administration,10400004166,12,846,11,0,0,0,1,59.0,6.92,7.142857142857142,47.497578692493946
Connecticut,2023-05-17,"Title 4a, Subtitle 12",legally liable relative s ability to pay,administrative services,,Administration,10400004161,21,1767,21,0,0,0,0,30.0,7.65,33.33333333333333,35.620464009518145
Connecticut,2023-05-17,"Title 4a, Subtitle 52",state purchasing procedures,administrative services,,Administration,10400004162,197,8664,134,40,1,2,20,29.0,9.14,29.45205479452055,35.94180144020777
Connecticut,2023-05-17,"Title 4a, Subtitle 60h",set aside program,administrative services,,Administration,10400004163,12,609,10,0,0,0,2,44.0,6.72,23.07692307692308,44.22702702702703
Connecticut,2023-05-17,"Title 4a, Subtitle 63",procedure for disqualification or suspension,administrative services,,Administration,10400004164,34,1930,33,1,0,0,0,18.0,8.0,14.563106796116504,38.54745308310992
Connecticut,2023-05-17,"Title 4b, Subtitle 100",procedure for alleged violation or violations of part ii chapter 60 of connecticut general statutes,state real property,,"Environmental Protection, Public Utilities, and Natural Resources",10400004170,28,1470,20,6,1,0,1,40.0,7.61,30.55555555555556,35.560115190784735
Connecticut,2023-05-17,"Title 4b, Subtitle 24",selection panels for design build teams and special legislation contractors,state real property,,"Environmental Protection, Public Utilities, and Natural Resources",10400004168,44,2215,38,0,0,0,6,49.0,7.46,32.55813953488372,39.222329627839535
Connecticut,2023-05-17,"Title 4b, Subtitle 3",appeals concerning compensation for outdoor advertising structures,state real property,,"Environmental Protection, Public Utilities, and Natural Resources",10400004167,114,5637,107,0,0,0,7,36.0,8.24,46.40522875816993,33.201699298116
Connecticut,2023-05-17,"Title 4b, Subtitle 53",purchases for state building works of art account,state real property,,"Environmental Protection, Public Utilities, and Natural Resources",10400004169,14,930,14,0,0,0,0,44.0,7.0,14.285714285714285,34.85888888888889
Connecticut,2023-05-17,"Title 4d, Subtitle 3",procurement of information and telecommunication systems,state information telecommunications systems,,Administration,10400004171,158,6186,139,5,1,1,12,37.0,8.81,28.915662650602407,35.794200966505585
Connecticut,2023-05-17,"Title 4, Subtitle 131a",art work in state buildings open to public use,management of state agencies,,Administration,10400004157,36,1627,30,0,1,0,5,33.0,7.75,22.916666666666664,34.09120102761721
Connecticut,2023-05-17,"Title 4, Subtitle 134e",selection of design professional firms,management of state agencies,,Administration,10400004158,36,1289,28,1,0,0,7,43.0,7.38,31.03448275862069,39.49918032786885
Connecticut,2023-05-17,"Title 4, Subtitle 157",rules of procedure,management of state agencies,,Administration,10400004159,26,1014,21,3,0,0,2,30.0,7.35,21.875,34.29695697796432
Connecticut,2023-05-17,"Title 4, Subtitle 236",state single audits,management of state agencies,,Administration,10400004160,96,4902,81,0,0,0,15,48.0,7.98,46.0,39.04928525709409
Connecticut,2023-05-17,"Title 4, Subtitle 23a",description of organization and rules of practice,management of state agencies,,Administration,10400004152,43,1632,40,0,0,1,2,28.0,7.96,37.93103448275862,35.6008911521324
Connecticut,2023-05-17,"Title 4, Subtitle 23b",personal data,management of state agencies,,Administration,10400004153,23,3836,20,1,0,0,2,29.0,8.23,13.076923076923078,41.14467145223633
Connecticut,2023-05-17,"Title 4, Subtitle 61dd",rules of practice for contested case proceedings under the whistleblower protection act,management of state agencies,,Administration,10400004155,78,4239,75,0,0,0,3,39.0,8.01,26.923076923076923,34.21652349671551
Connecticut,2023-05-17,"Title 4, Subtitle 65a",personal data,management of state agencies,,Administration,10400004154,48,4065,40,0,0,0,8,23.0,7.88,12.865497076023392,43.07620253164557
Connecticut,2023-05-17,"Title 4, Subtitle 66c",urban act program,management of state agencies,,Administration,10400004156,1,124,1,0,0,0,0,60.0,5.89,0.0,36.44827586206897
Connecticut,2023-05-17,"Title 51, Subtitle 275a",organization rules of procedure and appointment and removal of attorneys,courts,,"Security, Justice, and Corrections",10400005331,115,5189,110,5,0,0,0,25.0,8.18,29.55665024630542,33.47284345047923
Connecticut,2023-05-17,"Title 51, Subtitle 44a",merit selection of judges,courts,,"Security, Justice, and Corrections",10400005329,44,3241,38,0,0,0,6,26.0,8.19,12.295081967213116,38.41333773522615
Connecticut,2023-05-17,"Title 51, Subtitle 51k",organization and rules of procedure,courts,,"Security, Justice, and Corrections",10400005330,84,3725,79,0,1,3,1,41.0,7.84,42.22222222222222,34.90896513558384
Connecticut,2023-05-17,"Title 52, Subtitle 362d",title iv d child support enforcement actions,civil actions,,Administration,10400005332,33,1770,31,0,0,0,2,37.0,7.62,45.65217391304348,33.68810096153846
Connecticut,2023-05-17,"Title 52, Subtitle 362e",title iv d child support enforcement actions,civil actions,,Administration,10400005333,42,1812,40,1,0,0,1,36.0,7.45,50.0,31.309551208285384
Connecticut,2023-05-17,"Title 52, Subtitle 367a",execution against debts due from banking institutions,civil actions,,Administration,10400005334,2,117,2,0,0,0,0,58.0,5.25,50.0,29.76991150442478
Connecticut,2023-05-17,"Title 52, Subtitle 367b",execution against debts due from banking institutions,civil actions,,Administration,10400005335,2,117,2,0,0,0,0,58.0,5.25,50.0,29.76991150442478
Connecticut,2023-05-17,"Title 53, Subtitle 202b",olympic pistols,crimes,,"Security, Justice, and Corrections",10400005336,15,1222,12,1,0,0,2,70.0,7.31,17.647058823529413,40.923550087873465
Connecticut,2023-05-17,"Title 53, Subtitle 202d",applications for and issuance of certificates of possession for assault weapons,crimes,,"Security, Justice, and Corrections",10400005337,18,605,17,0,0,0,1,45.0,6.87,15.384615384615383,36.13811188811189
Connecticut,2023-05-17,"Title 53, Subtitle 278c",approval of the manufacture and transportation of gambling devices for use outside of connecticut,crimes,,"Security, Justice, and Corrections",10400005338,22,832,19,0,0,0,3,38.0,7.23,28.57142857142857,37.80310880829016
Connecticut,2023-05-17,"Title 53, Subtitle 345",soliciting for charities,crimes,,"Security, Justice, and Corrections",10400005339,1,73,1,0,0,0,0,71.0,5.12,,39.68571428571428
Connecticut,2023-05-17,"Title 54, Subtitle 102i",dna data bank,criminal procedure,,"Security, Justice, and Corrections",10400005341,4,155,4,0,0,0,0,38.0,5.7,25.0,39.44736842105263
Connecticut,2023-05-17,"Title 54, Subtitle 102j",dna data bank,criminal procedure,,"Security, Justice, and Corrections",10400005342,21,989,21,0,0,0,0,41.0,6.96,33.33333333333333,34.40794979079498
Connecticut,2023-05-17,"Title 54, Subtitle 124a",board of pardons and paroles concerning,criminal procedure,,"Security, Justice, and Corrections",10400005343,140,9276,130,1,1,1,7,33.0,8.92,28.57142857142857,37.36581760291108
Connecticut,2023-05-17,"Title 54, Subtitle 125a",statutory provisions for parole pursuant to public act 95 255,criminal procedure,,"Security, Justice, and Corrections",10400005344,24,1094,23,1,0,0,0,33.0,7.1,12.903225806451612,33.56303418803419
Connecticut,2023-05-17,"Title 54, Subtitle 222a",duties of peace officers,criminal procedure,,"Security, Justice, and Corrections",10400005345,8,279,8,0,0,0,0,38.0,5.81,57.14285714285714,36.56976744186046
Connecticut,2023-05-17,"Title 54, Subtitle 240a",address confidentiality program,criminal procedure,,"Security, Justice, and Corrections",10400005346,49,2452,48,1,0,0,0,24.0,7.31,8.91089108910891,38.54701588664663
Connecticut,2023-05-17,"Title 54, Subtitle 56g",requirements for approval operation and monitoring of alcohol education and treatment programs in the pretrial alcohol education system,criminal procedure,,"Security, Justice, and Corrections",10400005340,87,3881,72,7,0,0,8,38.0,8.17,18.62745098039216,38.354177754124535
Connecticut,2023-05-17,"Title 5, Subtitle 141c",reimbursement of state employees for expenses incurred in the performance of their duties,state employees,,Administration,10400004173,36,1436,27,2,0,0,7,32.0,7.58,23.25581395348837,39.08956328645448
Connecticut,2023-05-17,"Title 5, Subtitle 155",organization of the state employees retirement commission and procedures available to the public in the conduct of their business with the commission,state employees,,Administration,10400004174,17,1798,6,8,1,0,2,24.0,8.15,4.10958904109589,40.90005878894768
Connecticut,2023-05-17,"Title 5, Subtitle 155a",petitions for declaratory ruling,state employees,,Administration,10400004175,46,2075,42,0,0,0,4,33.0,7.8,30.15873015873016,33.8171513060621
Connecticut,2023-05-17,"Title 5, Subtitle 156c",criteria for waiver of overpayment,state employees,,Administration,10400004176,1,314,0,0,0,0,1,52.0,6.34,66.66666666666666,33.33993399339934
Connecticut,2023-05-17,"Title 5, Subtitle 158b",payment of retirement contributions by employees who elect plan c,state employees,,Administration,10400004177,8,473,5,2,0,0,1,56.0,6.59,,30.0894495412844
Connecticut,2023-05-17,"Title 5, Subtitle 165",election of optional form of retirement salary for state employees,state employees,,Administration,10400004178,38,1213,35,1,2,0,0,48.0,6.84,,31.386824324324323
Connecticut,2023-05-17,"Title 5, Subtitle 167",payment of retirement contributions by reemployed members for prior service,state employees,,Administration,10400004179,2,103,2,0,0,0,0,99.0,5.34,,31.96938775510204
Connecticut,2023-05-17,"Title 5, Subtitle 180",payment of retirement contributions by employees for military service,state employees,,Administration,10400004180,2,103,2,0,0,0,0,99.0,5.34,,31.96938775510204
Connecticut,2023-05-17,"Title 5, Subtitle 181",payment of retirement contributions by active employees for prior service,state employees,,Administration,10400004181,2,103,2,0,0,0,0,99.0,5.34,,31.96938775510204
Connecticut,2023-05-17,"Title 5, Subtitle 200",positions and compensation,state employees,,Administration,10400004182,1,45,1,0,0,0,0,43.0,4.11,0.0,49.71428571428572
Connecticut,2023-05-17,"Title 5, Subtitle 201",procedure for hearing appeals,state employees,,Administration,10400004183,94,4940,87,2,0,0,5,34.0,8.42,38.19444444444444,33.61473506438674
Connecticut,2023-05-17,"Title 5, Subtitle 213",longevity payment,state employees,,Administration,10400004184,1,59,1,0,0,0,0,56.0,4.71,,26.30188679245283
Connecticut,2023-05-17,"Title 5, Subtitle 223",eligibility for continuing examination,state employees,,Administration,10400004185,1,25,0,1,0,0,0,23.0,3.81,0.0,49.45454545454545
Connecticut,2023-05-17,"Title 5, Subtitle 224",veteran s examination credit open competitive examinations,state employees,,Administration,10400004186,4,94,2,2,0,0,0,23.0,5.4,25.0,41.89010989010989
Connecticut,2023-05-17,"Title 5, Subtitle 228",permanent appointments,state employees,,Administration,10400004187,2,127,1,1,0,0,0,41.0,5.47,33.33333333333333,36.76859504132232
Connecticut,2023-05-17,"Title 5, Subtitle 229",appointment refusal of appointment,state employees,,Administration,10400004188,1,105,1,0,0,0,0,34.0,5.43,,43.70707070707071
Connecticut,2023-05-17,"Title 5, Subtitle 230",working tests,state employees,,Administration,10400004189,3,62,3,0,0,0,0,15.0,4.73,25.0,34.56140350877193
Connecticut,2023-05-17,"Title 5, Subtitle 237",service rating,state employees,,Administration,10400004190,14,426,14,0,0,0,0,53.0,6.33,50.0,33.34928229665072
Connecticut,2023-05-17,"Title 5, Subtitle 238",work schedules,state employees,,Administration,10400004191,12,401,12,0,0,0,0,25.0,6.09,33.33333333333333,35.10582010582011
Connecticut,2023-05-17,"Title 5, Subtitle 239",transfers,state employees,,Administration,10400004192,24,1060,20,2,0,0,2,36.0,7.1,34.48275862068966,35.28806983511154
Connecticut,2023-05-17,"Title 5, Subtitle 240",reprimand suspension demotion and dismissal,state employees,,Administration,10400004193,40,2187,36,0,1,0,3,24.0,7.74,28.08988764044944,35.316138192143875
Connecticut,2023-05-17,"Title 5, Subtitle 241",reemployment lists,state employees,,Administration,10400004194,15,762,15,0,0,0,0,25.0,7.12,43.333333333333336,33.41767068273092
Connecticut,2023-05-17,"Title 5, Subtitle 243",resignation from state service,state employees,,Administration,10400004195,7,284,6,0,0,0,1,31.0,6.28,55.55555555555556,33.67391304347826
Connecticut,2023-05-17,"Title 5, Subtitle 244",infirmities,state employees,,Administration,10400004196,3,125,3,0,0,0,0,40.0,5.42,,48.04237288135593
Connecticut,2023-05-17,"Title 5, Subtitle 247",sick leave,state employees,,Administration,10400004197,31,1248,27,1,0,0,3,45.0,7.21,,32.01683501683502
Connecticut,2023-05-17,"Title 5, Subtitle 248",leave of absence,state employees,,Administration,10400004198,18,861,16,1,0,0,1,45.0,6.9,73.68421052631578,31.28846153846154
Connecticut,2023-05-17,"Title 5, Subtitle 248b",parental and medical leave,state employees,,Administration,10400004199,20,1168,18,1,1,0,0,38.0,7.11,16.666666666666664,31.14642857142857
Connecticut,2023-05-17,"Title 5, Subtitle 248c",voluntary schedule reduction program,state employees,,Administration,10400004200,23,728,20,0,0,0,3,31.0,7.21,26.08695652173913,33.42634560906516
Connecticut,2023-05-17,"Title 5, Subtitle 250",vacation leave,state employees,,Administration,10400004201,15,469,15,0,0,0,0,30.0,6.33,33.33333333333333,31.49433106575964
Connecticut,2023-05-17,"Title 5, Subtitle 254",holidays,state employees,,Administration,10400004202,10,293,8,0,0,0,2,31.0,5.91,66.66666666666666,27.377224199288257
Connecticut,2023-05-17,"Title 5, Subtitle 262",state employee campaign for charitable giving,state employees,,Administration,10400004203,65,2846,59,1,2,0,3,30.0,8.33,15.95744680851064,35.97609415226186
Connecticut,2023-05-17,"Title 5, Subtitle 263a",state suggestion program,state employees,,Administration,10400004204,69,2897,56,9,2,0,2,26.0,7.97,24.074074074074076,41.080029101491455
Connecticut,2023-05-17,"Title 5, Subtitle 266a",conflicts of interests,state employees,,Administration,10400004205,0,161,0,0,0,0,0,80.0,5.71,50.0,35.782051282051285
Connecticut,2023-05-17,"Title 5, Subtitle 266c",political activity of classified state employees,state employees,,Administration,10400004206,0,103,0,0,0,0,0,,5.55,,37.38
Connecticut,2023-05-17,"Title 5, Subtitle 273",collective bargaining for state employees,state employees,,Administration,10400004207,213,8458,195,2,0,11,5,33.0,8.67,33.33333333333333,32.93896248607156
Connecticut,2023-05-17,"Title 5, Subtitle 9",personnel department,state employees,,Administration,10400004172,0,16,0,0,0,0,0,7.0,3.64,0.0,39.55555555555556
Connecticut,2023-05-17,"Title 6, Subtitle 38b",professional standards including disciplinary process training and minimum fees,counties and county officers judicial and state marshals,,"Security, Justice, and Corrections",10400004208,143,7098,128,0,0,0,15,35.0,8.63,22.33502538071066,36.8076520699447
Connecticut,2023-05-17,"Title 7, Subtitle 169",operation of bingo games,municipalities,,Administration,10400004213,100,3858,79,4,0,3,14,34.0,8.3,36.93693693693694,34.02030319436925
Connecticut,2023-05-17,"Title 7, Subtitle 169c",amusement and recreation bingo,municipalities,,Administration,10400004214,25,1017,24,0,0,0,1,22.0,7.33,13.333333333333334,38.932502596054
Connecticut,2023-05-17,"Title 7, Subtitle 169e",amusement and recreation bingo for parent teacher associations,municipalities,,Administration,10400004215,23,960,21,0,0,0,2,28.0,7.09,12.12121212121212,38.62740656851642
Connecticut,2023-05-17,"Title 7, Subtitle 169h",manufacture distribution and sale of sealed tickets,municipalities,,Administration,10400004216,118,5692,105,1,0,2,10,35.0,8.02,36.70886075949368,36.96140542508648
Connecticut,2023-05-17,"Title 7, Subtitle 185",operation of bazaars and raffles,municipalities,,Administration,10400004217,176,7056,169,2,0,0,5,40.0,8.49,29.310344827586203,32.03132284382284
Connecticut,2023-05-17,"Title 7, Subtitle 186k",operation and conduct of games of chance,municipalities,,Administration,10400004218,74,3281,70,0,1,0,3,47.0,8.05,27.94117647058824,32.66347992351817
Connecticut,2023-05-17,"Title 7, Subtitle 22a",rules and regulations for certification of connecticut town clerks,municipalities,,Administration,10400004209,25,778,18,2,0,4,1,25.0,7.28,12.903225806451612,37.50935828877005
Connecticut,2023-05-17,"Title 7, Subtitle 294e",original certification lateral certification and comparative certification to the position of police officer,municipalities,,Administration,10400004219,150,7945,128,2,3,0,17,31.0,8.9,20.080321285140563,38.8135571168358
Connecticut,2023-05-17,"Title 7, Subtitle 323k",description of organization course of operation and rules of procedure,municipalities,,Administration,10400004220,58,4543,50,5,0,0,3,19.0,8.62,28.205128205128204,33.86107973797154
Connecticut,2023-05-17,"Title 7, Subtitle 323l",fire fighter qualification and certification policy and procedures rules and regulations,municipalities,,Administration,10400004221,200,7723,181,1,1,1,16,32.0,8.37,6.639004149377594,42.9052488070893
Connecticut,2023-05-17,"Title 7, Subtitle 35ee",real property electronic recording act,municipalities,,Administration,10400004210,35,1821,33,0,0,0,2,50.0,7.35,20.0,43.77931449188214
Connecticut,2023-05-17,"Title 7, Subtitle 392",municipal financial reporting by independent auditors,municipalities,,Administration,10400004222,9,407,5,0,0,0,4,37.0,6.92,54.54545454545454,43.346733668341706
Connecticut,2023-05-17,"Title 7, Subtitle 394a",monitoring municipalities in financial distress,municipalities,,Administration,10400004223,6,483,6,0,0,0,0,34.0,6.71,28.57142857142857,41.341252699784015
Connecticut,2023-05-17,"Title 7, Subtitle 425",definition,municipalities,,Administration,10400004224,2,115,2,0,0,0,0,,5.1,,30.73636363636364
Connecticut,2023-05-17,"Title 7, Subtitle 427",participation by municipalities,municipalities,,Administration,10400004225,5,227,5,0,0,0,0,,6.16,,40.37037037037037
Connecticut,2023-05-17,"Title 7, Subtitle 438",reemployment with state or participating municipality,municipalities,,Administration,10400004226,10,670,8,0,0,2,0,39.0,6.99,23.52941176470588,42.61722488038278
Connecticut,2023-05-17,"Title 7, Subtitle 439a",method of payment under section 7 439a,municipalities,,Administration,10400004227,8,274,4,0,0,0,4,66.0,6.0,75.0,32.10852713178294
Connecticut,2023-05-17,"Title 7, Subtitle 442",transfer from fund a to fund b,municipalities,,Administration,10400004228,1,110,1,0,0,0,0,,5.24,,36.50485436893204
Connecticut,2023-05-17,"Title 7, Subtitle 442a",transfer of retirement credit between municipalities under section 7 442a,municipalities,,Administration,10400004229,7,411,7,0,0,0,0,43.0,6.11,33.33333333333333,36.57103825136612
Connecticut,2023-05-17,"Title 7, Subtitle 448",election of optional form of retirement salary for municipal employees,municipalities,,Administration,10400004230,29,1317,28,0,1,0,0,45.0,6.61,,30.580870917573872
Connecticut,2023-05-17,"Title 7, Subtitle 453",participation by municipalities in social security,municipalities,,Administration,10400004231,20,940,17,1,0,0,2,45.0,7.37,25.0,37.64165733482643
Connecticut,2023-05-17,"Title 7, Subtitle 471",municipal employee relations act,municipalities,,Administration,10400004232,229,9282,210,3,0,11,5,39.0,8.57,42.30769230769231,32.27041619797525
Connecticut,2023-05-17,"Title 7, Subtitle 53",procedures for creating and indexing confidential adoption records for adopted persons born in this state,municipalities,,Administration,10400004211,22,692,22,0,0,0,0,33.0,6.48,23.809523809523807,35.34319526627219
Connecticut,2023-05-17,"Title 7, Subtitle 572",assisting connecticut communities seeking economic stability,municipalities,,Administration,10400004233,28,1663,23,0,1,0,4,48.0,7.39,17.647058823529413,36.37213740458015
Connecticut,2023-05-17,"Title 7, Subtitle 62",pronouncement of death by a registered nurse,municipalities,,Administration,10400004212,7,382,6,0,1,0,0,37.0,6.35,40.0,41.56824512534819
Connecticut,2023-05-17,"Title 8, Subtitle 116a",waiting lists,zoning planning housing economic and community development,,"Industry, Commerce, and Development",10400004243,8,439,7,0,1,0,0,32.0,6.71,30.76923076923077,44.00765306122449
Connecticut,2023-05-17,"Title 8, Subtitle 119g",congregate housing for the elderly,zoning planning housing economic and community development,,"Industry, Commerce, and Development",10400004246,42,2786,29,2,1,0,10,26.0,8.44,16.19047619047619,40.20476911430735
Connecticut,2023-05-17,"Title 8, Subtitle 119jj",affordable housing program,zoning planning housing economic and community development,,"Industry, Commerce, and Development",10400004247,41,2318,30,7,1,0,3,38.0,8.33,33.33333333333333,39.88535031847134
Connecticut,2023-05-17,"Title 8, Subtitle 119kk",elderly rental assistance program,zoning planning housing economic and community development,,"Industry, Commerce, and Development",10400004248,34,1514,29,0,0,0,5,35.0,7.8,14.285714285714285,38.23023578363384
Connecticut,2023-05-17,"Title 8, Subtitle 119t",independent living for handicapped and developmentally disabled persons,zoning planning housing economic and community development,,"Industry, Commerce, and Development",10400004249,18,1237,17,0,0,0,1,40.0,7.75,20.0,46.83103448275862
Connecticut,2023-05-17,"Title 8, Subtitle 169w",urban homesteading loan fund,zoning planning housing economic and community development,,"Industry, Commerce, and Development",10400004250,34,2785,27,1,0,0,6,37.0,8.35,16.216216216216218,40.84761549925484
Connecticut,2023-05-17,"Title 8, Subtitle 198",municipal development projects,zoning planning housing economic and community development,,"Industry, Commerce, and Development",10400004251,60,2863,49,3,1,0,7,37.0,7.84,17.105263157894736,39.472242512783055
Connecticut,2023-05-17,"Title 8, Subtitle 206e",housing assistance and counseling program,zoning planning housing economic and community development,,"Industry, Commerce, and Development",10400004252,16,964,12,2,0,0,2,39.0,7.37,16.666666666666664,41.88721804511278
Connecticut,2023-05-17,"Title 8, Subtitle 214d",land bank land trust fund,zoning planning housing economic and community development,,"Industry, Commerce, and Development",10400004253,51,3189,39,6,0,0,6,45.0,8.12,35.714285714285715,37.16764898493778
Connecticut,2023-05-17,"Title 8, Subtitle 214h",limited equity cooperative mutual housing association program,zoning planning housing economic and community development,,"Industry, Commerce, and Development",10400004254,87,4952,77,3,1,0,6,39.0,8.63,28.000000000000004,36.09431578947368
Connecticut,2023-05-17,"Title 8, Subtitle 216b",state housing community development program,zoning planning housing economic and community development,,"Industry, Commerce, and Development",10400004255,30,2158,24,3,0,0,3,48.0,8.27,29.545454545454547,41.55512384652744
Connecticut,2023-05-17,"Title 8, Subtitle 218c",community housing development corporations,zoning planning housing economic and community development,,"Industry, Commerce, and Development",10400004256,84,5287,58,14,0,0,12,44.0,8.67,23.728813559322035,38.98295341922696
Connecticut,2023-05-17,"Title 8, Subtitle 219c",senior citizen emergency home repair and rehabilitation program,zoning planning housing economic and community development,,"Industry, Commerce, and Development",10400004257,23,1409,21,0,0,0,2,43.0,7.62,50.0,34.84136397331356
Connecticut,2023-05-17,"Title 8, Subtitle 219d",nonprofit corporations assistance program,zoning planning housing economic and community development,,"Industry, Commerce, and Development",10400004258,17,1327,14,1,0,0,2,46.0,7.83,21.428571428571427,42.03063629222309
Connecticut,2023-05-17,"Title 8, Subtitle 219e",hazardous material program,zoning planning housing economic and community development,,"Industry, Commerce, and Development",10400004259,56,2992,47,4,0,0,5,47.0,8.51,33.87096774193548,39.62407602956706
Connecticut,2023-05-17,"Title 8, Subtitle 273",relocation assistance appeal,zoning planning housing economic and community development,,"Industry, Commerce, and Development",10400004260,82,7129,43,9,11,0,19,48.0,8.76,62.06896551724138,34.653662182361735
Connecticut,2023-05-17,"Title 8, Subtitle 30g",affordable housing land use appeals procedures,zoning planning housing economic and community development,,"Industry, Commerce, and Development",10400004234,137,7405,115,10,1,0,11,45.0,8.54,25.31645569620253,38.95303270422129
Connecticut,2023-05-17,"Title 8, Subtitle 336f",connecticut housing partnership program,zoning planning housing economic and community development,,"Industry, Commerce, and Development",10400004261,19,1393,15,1,0,0,3,49.0,7.74,39.285714285714285,43.07298720842739
Connecticut,2023-05-17,"Title 8, Subtitle 336q",state housing trust fund program,zoning planning housing economic and community development,,"Industry, Commerce, and Development",10400004262,46,1509,41,0,0,0,5,49.0,7.79,16.666666666666664,39.90327169274538
Connecticut,2023-05-17,"Title 8, Subtitle 346",rental assistance for new units,zoning planning housing economic and community development,,"Industry, Commerce, and Development",10400004263,46,2238,40,0,1,0,5,36.0,8.02,18.0327868852459,34.11794871794872
Connecticut,2023-05-17,"Title 8, Subtitle 358",a demonstration program for the development of innovative housing for the homeless,zoning planning housing economic and community development,,"Industry, Commerce, and Development",10400004264,24,1563,17,5,1,0,1,37.0,8.09,12.195121951219512,40.59100067159167
Connecticut,2023-05-17,"Title 8, Subtitle 365",municipal housing trust fund program,zoning planning housing economic and community development,,"Industry, Commerce, and Development",10400004265,35,1920,33,0,0,0,2,38.0,7.98,12.0,36.47945945945946
Connecticut,2023-05-17,"Title 8, Subtitle 367a",tenant management assistance program,zoning planning housing economic and community development,,"Industry, Commerce, and Development",10400004266,20,1310,15,3,0,0,2,43.0,7.5,10.0,41.86033519553072
Connecticut,2023-05-17,"Title 8, Subtitle 37ee",fair housing regulations,zoning planning housing economic and community development,,"Industry, Commerce, and Development",10400004235,214,8663,196,0,3,1,14,31.0,9.26,27.573529411764707,37.74073179567685
Connecticut,2023-05-17,"Title 8, Subtitle 37r",personal data system,zoning planning housing economic and community development,,"Industry, Commerce, and Development",10400004236,51,2952,45,2,0,1,3,31.0,7.93,23.157894736842103,41.6541592920354
Connecticut,2023-05-17,"Title 8, Subtitle 37y",surplus property program,zoning planning housing economic and community development,,"Industry, Commerce, and Development",10400004237,79,4204,74,0,1,0,4,47.0,8.43,38.63636363636363,39.91979140799603
Connecticut,2023-05-17,"Title 8, Subtitle 381",housing development zone regulations,zoning planning housing economic and community development,,"Industry, Commerce, and Development",10400004267,27,1444,20,2,0,0,5,45.0,7.63,29.03225806451613,40.09663250366032
Connecticut,2023-05-17,"Title 8, Subtitle 388",housing infrastructure fund,zoning planning housing economic and community development,,"Industry, Commerce, and Development",10400004268,23,1319,19,1,0,0,3,36.0,7.9,28.57142857142857,41.68608414239482
Connecticut,2023-05-17,"Title 8, Subtitle 412",predevelopment costs,zoning planning housing economic and community development,,"Industry, Commerce, and Development",10400004269,31,2006,26,0,0,0,5,48.0,8.07,29.268292682926827,40.84260230849947
Connecticut,2023-05-17,"Title 8, Subtitle 416",septic system repair,zoning planning housing economic and community development,,"Industry, Commerce, and Development",10400004270,26,1243,21,1,0,0,4,34.0,7.46,31.428571428571427,35.61440677966102
Connecticut,2023-05-17,"Title 8, Subtitle 423",septic system for municipalities,zoning planning housing economic and community development,,"Industry, Commerce, and Development",10400004271,30,1041,26,0,0,0,4,27.0,7.35,21.62162162162162,40.16218905472637
Connecticut,2023-05-17,"Title 8, Subtitle 45",housing,zoning planning housing economic and community development,,"Industry, Commerce, and Development",10400004238,25,1705,25,0,0,0,0,46.0,7.95,13.88888888888889,33.223119950279674
Connecticut,2023-05-17,"Title 8, Subtitle 68d",housing stock report regulations,zoning planning housing economic and community development,,"Industry, Commerce, and Development",10400004239,6,427,5,0,0,0,1,46.0,6.76,11.11111111111111,38.08270676691729
Connecticut,2023-05-17,"Title 8, Subtitle 68f",tenant rights in state public housing,zoning planning housing economic and community development,,"Industry, Commerce, and Development",10400004240,154,6934,137,0,3,4,10,54.0,8.46,47.2,34.105622063949085
Connecticut,2023-05-17,"Title 8, Subtitle 68g",developers fee,zoning planning housing economic and community development,,"Industry, Commerce, and Development",10400004241,2,174,1,0,0,0,1,41.0,6.16,25.0,42.5859872611465
Connecticut,2023-05-17,"Title 8, Subtitle 72",waiting lists,zoning planning housing economic and community development,,"Industry, Commerce, and Development",10400004242,3,217,3,0,0,0,0,50.0,6.17,50.0,46.91935483870968
Connecticut,2023-05-17,"Title 8, Subtitle 79a",moderate rental housing program,zoning planning housing economic and community development,,"Industry, Commerce, and Development",10400004244,111,6906,86,15,1,0,9,44.0,8.85,28.205128205128204,37.53805012224939
Connecticut,2023-05-17,"Title 8, Subtitle 84",home ownership program,zoning planning housing economic and community development,,"Industry, Commerce, and Development",10400004245,69,3150,67,0,0,0,2,45.0,8.18,42.85714285714285,34.92240543161979
Connecticut,2023-05-17,"Title 9, Subtitle 174a",emergency contingency model plan for elections,elections,,Administration,10400004277,63,3763,61,1,0,0,1,30.0,7.89,60.97560975609756,36.10153583617748
Connecticut,2023-05-17,"Title 9, Subtitle 241",standards for approval of direct recording electronic voting machines,elections,,Administration,10400004278,165,5287,148,0,1,0,16,24.0,8.42,9.433962264150944,34.44080505130229
Connecticut,2023-05-17,"Title 9, Subtitle 242",standards for approval of marksense and punchcard voting machines,elections,,Administration,10400004279,162,5153,148,0,1,0,13,23.0,8.41,8.878504672897195,35.36372867587328
Connecticut,2023-05-17,"Title 9, Subtitle 242a",marksense voting tabulator,elections,,Administration,10400004280,277,7801,270,0,1,0,6,31.0,7.75,31.428571428571427,32.782654402102494
Connecticut,2023-05-17,"Title 9, Subtitle 32",registrars of voters canvass by mail,elections,,Administration,10400004274,39,1736,31,3,0,0,5,29.0,7.79,35.59322033898305,32.72355769230769
Connecticut,2023-05-17,"Title 9, Subtitle 333i",administration of petty cash funds,elections,,Administration,10400004281,3,153,2,0,1,0,0,49.0,5.63,66.66666666666666,30.604166666666668
Connecticut,2023-05-17,"Title 9, Subtitle 35",notice of removal and transfer on registry list,elections,,Administration,10400004275,21,930,18,2,0,0,1,46.0,7.16,25.0,33.754675467546754
Connecticut,2023-05-17,"Title 9, Subtitle 4",spanish translators,elections,,Administration,10400004272,3,184,3,0,0,0,0,59.0,5.97,33.33333333333333,34.61363636363637
Connecticut,2023-05-17,"Title 9, Subtitle 42",restoration to registry list,elections,,Administration,10400004276,18,856,17,0,0,0,1,37.0,6.73,26.08695652173913,33.17577197149644
Connecticut,2023-05-17,"Title 9, Subtitle 607",citizen s election program,elections,,Administration,10400004282,1,186,1,0,0,0,0,,5.99,,38.91954022988506
Connecticut,2023-05-17,"Title 9, Subtitle 702",citizen s election program,elections,,Administration,10400004283,1,86,1,0,0,0,0,42.0,4.88,50.0,38.63855421686747
Connecticut,2023-05-17,"Title 9, Subtitle 706",citizen s election program,elections,,Administration,10400004284,16,1559,12,0,0,0,4,35.0,7.93,48.837209302325576,43.55365686944634
Connecticut,2023-05-17,"Title 9, Subtitle 711",citizen s election program,elections,,Administration,10400004285,1,155,1,0,0,0,0,,5.32,,46.98639455782313
Connecticut,2023-05-17,"Title 9, Subtitle 712",citizen s election program,elections,,Administration,10400004286,2,184,1,0,0,0,1,58.0,5.29,0.0,45.36842105263158
Connecticut,2023-05-17,"Title 9, Subtitle 714",citizen s election program,elections,,Administration,10400004287,2,263,2,0,0,0,0,52.0,6.01,60.0,39.45736434108528
Connecticut,2023-05-17,"Title 9, Subtitle 7b",organization and rules of practice,elections,,Administration,10400004273,239,12219,208,1,1,1,28,38.0,8.76,35.714285714285715,35.48213040446304
