jurisdiction_name,date_collected,document_reference,document_name,agency_name,parent_agency_name,cluster_name,document_id,restrictions,words,shall,must,may_not,prohibited,required,sentence_length,shannon_entropy,conditionals_per_100_sentences,long_word_score_sq
Indiana,2020-06-03,"Title 100, Article 3",airports,department of transportation,,Transportation,3500000164,0,151,0,0,0,0,0,16.0,5.2,0.0,53.93396226415094
Indiana,2020-06-03,"Title 105, Article 1",procedural requirements,indiana department of transportation,,Transportation,3500000165,35,3165,23,8,0,0,4,26.0,7.83,19.166666666666668,34.087990487514865
Indiana,2020-06-03,"Title 105, Article 10",oversize and or overweight vehicular permits for highways,indiana department of transportation,,Transportation,3500000173,57,4887,53,3,1,0,0,30.0,8.11,8.176100628930817,32.76493814161621
Indiana,2020-06-03,"Title 105, Article 11",prequalification of contractors and bidding,indiana department of transportation,,Transportation,3500000174,126,16772,51,51,6,2,16,32.0,8.44,28.235294117647054,35.66714135811722
Indiana,2020-06-03,"Title 105, Article 12",procurement of supplies and services,indiana department of transportation,,Transportation,3500000175,64,9821,35,15,2,1,11,34.0,7.5,15.302491103202849,33.048411270983216
Indiana,2020-06-03,"Title 105, Article 13",utility facility relocations on construction contracts,indiana department of transportation,,Transportation,3500000176,52,4771,41,1,0,0,10,26.0,7.5,18.64406779661017,35.13773796192609
Indiana,2020-06-03,"Title 105, Article 14",105 14 toll roads,indiana department of transportation,,Transportation,3500000177,0,26,0,0,0,0,0,6.0,4.37,0.0,44.294117647058826
Indiana,2020-06-03,"Title 105, Article 2",aircraft operation,indiana department of transportation,,Transportation,3500000166,14,1618,12,0,0,0,2,27.0,6.81,1.7241379310344829,37.51341350601295
Indiana,2020-06-03,"Title 105, Article 3",airports,indiana department of transportation,,Transportation,3500000167,156,15456,99,38,2,1,16,36.0,8.38,15.402843601895736,36.36185961410512
Indiana,2020-06-03,"Title 105, Article 4",lighter than air aircraft,indiana department of transportation,,Transportation,3500000168,19,1199,14,1,0,0,4,28.0,7.34,11.904761904761903,34.58064516129032
Indiana,2020-06-03,"Title 105, Article 5",railroads,indiana department of transportation,,Transportation,3500000169,341,32713,292,17,7,0,25,32.0,8.53,19.262295081967213,35.10871948990781
Indiana,2020-06-03,"Title 105, Article 6",general provisions for highways,indiana department of transportation,,Transportation,3500000170,9,586,4,0,0,2,3,32.0,7.04,22.22222222222222,38.84375
Indiana,2020-06-03,"Title 105, Article 7",permits for highways,indiana department of transportation,,Transportation,3500000171,317,36590,239,31,5,8,34,25.0,9.2,14.49067431850789,30.99798707834161
Indiana,2020-06-03,"Title 105, Article 9",traffic control devices for highways,indiana department of transportation,,Transportation,3500000172,99,15065,60,27,2,6,4,13.0,8.2,4.055299539170507,32.735033885542165
Indiana,2020-06-03,"Title 10, Article 1-5",unclaimed property,office of attorney general for the state,,"Security, Justice, and Corrections",3500000001,82,8565,52,19,2,1,8,35.0,7.8,23.93162393162393,30.51812101415461
Indiana,2020-06-03,"Title 10, Article 2",contract approval,office of attorney general for the state,,"Security, Justice, and Corrections",3500000002,14,2200,6,6,0,0,2,43.0,7.42,20.0,35.187930121757546
Indiana,2020-06-03,"Title 10, Article 3",tort claims,office of attorney general for the state,,"Security, Justice, and Corrections",3500000003,7,1754,4,3,0,0,0,31.0,8.37,45.614035087719294,32.65765171503958
Indiana,2020-06-03,"Title 10, Article 4",athlete agents,office of attorney general for the state,,"Security, Justice, and Corrections",3500000004,8,1173,7,0,0,0,1,25.0,6.23,2.272727272727273,31.25578034682081
Indiana,2020-06-03,"Title 10, Article 5",release of social security numbers by state agencies,office of attorney general for the state,,"Security, Justice, and Corrections",3500000005,2,1037,2,0,0,0,0,24.0,6.78,4.651162790697675,33.318548387096776
Indiana,2020-06-03,"Title 10, Article 6",tobacco enforcement,office of attorney general for the state,,"Security, Justice, and Corrections",3500000006,19,1897,10,4,0,1,4,27.0,6.92,10.44776119402985,37.11361981063365
Indiana,2020-06-03,"Title 10, Article 7",tax sale blight registry,office of attorney general for the state,,"Security, Justice, and Corrections",3500000007,8,1305,7,0,0,1,0,21.0,6.51,1.694915254237288,33.39774011299435
Indiana,2020-06-03,"Title 11, Article 1",telephone solicitations,consumer protection division of the office of the attorney general,,"Security, Justice, and Corrections",3500000008,12,2593,6,2,0,0,4,39.0,7.0,4.761904761904762,33.46021751574127
Indiana,2020-06-03,"Title 11, Article 2",provision of listing of telephone numbers not to be solicited,consumer protection division of the office of the attorney general,,"Security, Justice, and Corrections",3500000009,30,4062,24,1,1,2,2,39.0,6.87,9.090909090909092,32.74173628768616
Indiana,2020-06-03,"Title 11, Article 3",professional fundraiser consultants and professional solicitors,consumer protection division of the office of the attorney general,,"Security, Justice, and Corrections",3500000010,19,3971,10,4,0,1,4,38.0,6.68,16.666666666666664,34.53338306602014
Indiana,2020-06-03,"Title 120, Article 2",permits,department of highways,,Transportation,3500000178,3,1586,0,0,0,1,2,14.0,5.42,0.9259259259259258,46.7940234791889
Indiana,2020-06-03,"Title 120, Article 4",traffic control devices,department of highways,,Transportation,3500000179,0,196,0,0,0,0,0,19.0,5.49,0.0,44.58955223880597
Indiana,2020-06-03,"Title 130, Article 2",applicability and definitions,ports of indiana,,Transportation,3500000180,1,1440,1,0,0,0,0,28.0,6.37,2.0,30.65509259259259
Indiana,2020-06-03,"Title 130, Article 3",traffic control,ports of indiana,,Transportation,3500000181,45,3644,38,1,1,5,0,36.0,7.51,37.37373737373738,27.025865082139116
Indiana,2020-06-03,"Title 130, Article 4",port use,ports of indiana,,Transportation,3500000182,57,3712,42,5,0,7,3,33.0,7.4,11.818181818181818,29.364363636363635
Indiana,2020-06-03,"Title 135, Article 2",general provisions,indiana finance authority,,Taxes and Public Finance,3500000183,152,14747,121,11,2,8,10,32.0,7.85,12.612612612612612,29.24182300363422
Indiana,2020-06-03,"Title 135, Article 2-5",public private agreements for indiana east west toll road,indiana finance authority,,Taxes and Public Finance,3500000184,22,6089,20,0,1,0,1,64.0,7.77,14.864864864864863,33.27535701208349
Indiana,2020-06-03,"Title 135, Article 4",tolls and toll enforcement on the ohio river bridges,indiana finance authority,,Taxes and Public Finance,3500000185,51,6396,43,2,0,0,6,29.0,8.02,5.504587155963304,35.117421335379895
Indiana,2020-06-03,"Title 140, Article 1",safety and responsibility,bureau of motor vehicles,,Transportation,3500000186,123,12258,90,22,0,0,11,42.0,8.54,18.59649122807017,32.924274672342335
Indiana,2020-06-03,"Title 140, Article 2",excise tax and registration,bureau of motor vehicles,,Transportation,3500000187,19,3604,14,3,1,0,1,22.0,7.26,8.280254777070063,30.35223160434258
Indiana,2020-06-03,"Title 140, Article 3",special sales,bureau of motor vehicles,,Transportation,3500000188,0,246,0,0,0,0,0,14.0,5.86,0.0,32.3719512195122
Indiana,2020-06-03,"Title 140, Article 3-5",dealer plates,bureau of motor vehicles,,Transportation,3500000189,0,920,0,0,0,0,0,15.0,5.58,0.0,34.38929889298893
Indiana,2020-06-03,"Title 140, Article 4",driver examiner division,bureau of motor vehicles,,Transportation,3500000190,90,7787,47,32,2,0,9,28.0,8.31,18.84057971014493,32.834938985228
Indiana,2020-06-03,"Title 140, Article 6",titles,bureau of motor vehicles,,Transportation,3500000191,26,2967,0,23,1,0,2,27.0,7.43,12.962962962962962,30.571044374719857
Indiana,2020-06-03,"Title 140, Article 7",driver s license division,bureau of motor vehicles,,Transportation,3500000192,141,12766,30,83,7,1,20,31.0,8.62,11.25,32.82248234497436
Indiana,2020-06-03,"Title 140, Article 8",license branches,bureau of motor vehicles,,Transportation,3500000193,10,2928,9,0,0,0,1,11.0,6.79,2.05761316872428,35.1412987012987
Indiana,2020-06-03,"Title 140, Article 9",watercraft,bureau of motor vehicles,,Transportation,3500000194,7,3310,6,1,0,0,0,16.0,6.49,0.0,32.46800382043935
Indiana,2020-06-03,"Title 170, Article 1",general provisions,indiana utility regulatory commission,,"Environmental Protection, Public Utilities, and Natural Resources",3500000195,338,30726,222,64,9,3,40,25.0,9.01,16.050420168067227,33.68256093239359
Indiana,2020-06-03,"Title 170, Article 10",preservation of records,indiana utility regulatory commission,,"Environmental Protection, Public Utilities, and Natural Resources",3500000204,0,934,0,0,0,0,0,33.0,6.96,3.571428571428571,36.2990264255911
Indiana,2020-06-03,"Title 170, Article 11",combination gas and electric private utilities,indiana utility regulatory commission,,"Environmental Protection, Public Utilities, and Natural Resources",3500000205,0,243,0,0,0,0,0,30.0,6.56,0.0,42.5925925925926
Indiana,2020-06-03,"Title 170, Article 14",small utilities,indiana utility regulatory commission,,"Environmental Protection, Public Utilities, and Natural Resources",3500000206,24,2647,13,7,0,0,4,42.0,7.47,27.41935483870968,31.07097715119105
Indiana,2020-06-03,"Title 170, Article 15",landlord distributing water or sewage disposal service,indiana utility regulatory commission,,"Environmental Protection, Public Utilities, and Natural Resources",3500000207,20,3343,18,0,1,0,1,28.0,7.28,21.1864406779661,30.66831119544592
Indiana,2020-06-03,"Title 170, Article 16",customer complaints,indiana utility regulatory commission,,"Environmental Protection, Public Utilities, and Natural Resources",3500000208,23,1980,18,4,0,0,1,29.0,7.5,20.588235294117645,33.58080194410692
Indiana,2020-06-03,"Title 170, Article 17-1",indiana voluntary clean energy portfolio standard program,indiana utility regulatory commission,,"Environmental Protection, Public Utilities, and Natural Resources",3500000209,40,5569,27,9,0,0,4,34.0,7.57,17.088607594936708,36.79981356327197
Indiana,2020-06-03,"Title 170, Article 3",railroads,indiana utility regulatory commission,,"Environmental Protection, Public Utilities, and Natural Resources",3500000196,0,307,0,0,0,0,0,18.0,5.65,0.0,46.07441860465117
Indiana,2020-06-03,"Title 170, Article 4",electric utilities,indiana utility regulatory commission,,"Environmental Protection, Public Utilities, and Natural Resources",3500000197,794,67994,631,77,6,1,79,34.0,9.32,22.37903225806452,35.447865702332834
Indiana,2020-06-03,"Title 170, Article 5",gas utilities,indiana utility regulatory commission,,"Environmental Protection, Public Utilities, and Natural Resources",3500000198,320,20135,246,22,7,4,41,33.0,9.08,23.355263157894736,32.445508982035925
Indiana,2020-06-03,"Title 170, Article 6",water utilities,indiana utility regulatory commission,,"Environmental Protection, Public Utilities, and Natural Resources",3500000199,260,21924,190,21,8,1,40,39.0,8.29,24.35897435897436,30.786583162712272
Indiana,2020-06-03,"Title 170, Article 7",telephone utilities,indiana utility regulatory commission,,"Environmental Protection, Public Utilities, and Natural Resources",3500000200,214,16721,147,42,1,3,21,30.0,8.78,15.24163568773234,35.86967723466686
Indiana,2020-06-03,"Title 170, Article 8",private rural sewage utilities,indiana utility regulatory commission,,"Environmental Protection, Public Utilities, and Natural Resources",3500000201,0,296,0,0,0,0,0,32.0,6.55,0.0,41.055813953488375
Indiana,2020-06-03,"Title 170, Article 8-5",sewage disposal services,indiana utility regulatory commission,,"Environmental Protection, Public Utilities, and Natural Resources",3500000202,200,16706,147,12,7,0,34,39.0,8.29,28.125,31.26464630726083
Indiana,2020-06-03,"Title 170, Article 8-6",sewer tracker,indiana utility regulatory commission,,"Environmental Protection, Public Utilities, and Natural Resources",3500000203,8,931,3,3,0,0,2,29.0,6.91,3.225806451612903,32.273743016759774
Indiana,2020-06-03,"Title 17, Article 1",debarment procedure,office of community and rural affairs,,Administration,3500000011,12,1169,12,0,0,0,0,22.0,7.05,13.461538461538462,35.05530973451327
Indiana,2020-06-03,"Title 18, Article 1",18 1 conduct of elections,indiana election commission,,Administration,3500000012,0,73,0,0,0,0,0,8.0,5.18,0.0,43.50980392156863
Indiana,2020-06-03,"Title 203, Article 1",administrative procedure,victim services division,,"Security, Justice, and Corrections",3500000210,80,4910,68,9,0,0,3,29.0,8.26,25.44378698224852,33.26162111656155
Indiana,2020-06-03,"Title 205, Article 1",slow moving vehicle emblem,indiana criminal justice institute,,"Security, Justice, and Corrections",3500000211,23,2395,21,0,0,1,1,22.0,7.33,4.761904761904762,33.70613496932516
Indiana,2020-06-03,"Title 205, Article 2",public safety improvement areas,indiana criminal justice institute,,"Security, Justice, and Corrections",3500000212,10,2008,7,3,0,0,0,23.0,6.97,3.658536585365853,34.73998488284202
Indiana,2020-06-03,"Title 20, Article 1",field examiners,state board of accounts,,"Industry, Commerce, and Development",3500000013,21,1433,18,1,0,0,2,32.0,7.09,6.976744186046512,31.843597262952105
Indiana,2020-06-03,"Title 20, Article 3",digital signatures,state board of accounts,,"Industry, Commerce, and Development",3500000014,0,190,0,0,0,0,0,7.0,4.75,0.0,50.28155339805825
Indiana,2020-06-03,"Title 210, Article 1",general provisions,department of correction,,"Security, Justice, and Corrections",3500000213,140,10955,125,5,3,0,7,30.0,8.35,17.74647887323944,35.040958451369214
Indiana,2020-06-03,"Title 210, Article 2",community based corrections,department of correction,,"Security, Justice, and Corrections",3500000214,40,2686,32,2,0,0,6,26.0,8.25,9.70873786407767,37.45140388768898
Indiana,2020-06-03,"Title 210, Article 3",county jail standards,department of correction,,"Security, Justice, and Corrections",3500000215,308,12106,256,18,3,19,12,19.0,9.29,11.598746081504702,35.32424812030075
Indiana,2020-06-03,"Title 210, Article 5",release authority for juveniles,department of correction,,"Security, Justice, and Corrections",3500000216,69,3371,64,4,1,0,0,28.0,7.99,28.688524590163933,39.44495262985952
Indiana,2020-06-03,"Title 210, Article 6",juvenile detention facilities,department of correction,,"Security, Justice, and Corrections",3500000217,28,5069,21,3,0,1,3,23.0,7.83,8.715596330275229,35.07065834279228
Indiana,2020-06-03,"Title 210, Article 7",offender health care co payment procedures,department of correction,,"Security, Justice, and Corrections",3500000218,83,3727,75,0,0,0,8,26.0,7.56,14.388489208633093,31.866059379217276
Indiana,2020-06-03,"Title 220, Article 1-1",general provisions,parole board,,"Security, Justice, and Corrections",3500000219,71,6837,46,11,7,1,6,33.0,8.09,23.64532019704433,33.231751824817515
Indiana,2020-06-03,"Title 240, Article 1",personnel,state police department,,"Security, Justice, and Corrections",3500000220,40,4581,28,4,1,1,6,25.0,7.51,7.18232044198895,36.49612403100775
Indiana,2020-06-03,"Title 240, Article 3",firearms licensing,state police department,,"Security, Justice, and Corrections",3500000221,7,849,1,6,0,0,0,18.0,7.24,15.555555555555555,35.07153965785381
Indiana,2020-06-03,"Title 240, Article 4-1",private detectives,state police department,,"Security, Justice, and Corrections",3500000222,0,460,0,0,0,0,0,13.0,5.17,0.0,44.62737642585552
Indiana,2020-06-03,"Title 240, Article 5",communication systems,state police department,,"Security, Justice, and Corrections",3500000223,89,4793,87,0,0,0,2,26.0,8.43,12.849162011173185,38.00537371763557
Indiana,2020-06-03,"Title 240, Article 6",criminal history record information,state police department,,"Security, Justice, and Corrections",3500000224,61,2894,54,5,0,0,2,33.0,7.95,12.941176470588236,38.54284559417947
Indiana,2020-06-03,"Title 240, Article 7",polygraph examiners,state police department,,"Security, Justice, and Corrections",3500000225,10,1036,7,1,0,0,2,27.0,6.75,13.513513513513514,34.66290550070522
Indiana,2020-06-03,"Title 240, Article 8",indiana dna data base,state police department,,"Security, Justice, and Corrections",3500000226,34,2995,26,3,0,0,5,32.0,7.15,9.89010989010989,31.696895022178413
Indiana,2020-06-03,"Title 240, Article 9",regulation of deadly weapons and devices,state police department,,"Security, Justice, and Corrections",3500000227,6,1198,4,0,0,2,0,27.0,7.44,2.3255813953488373,31.9700332963374
Indiana,2020-06-03,"Title 250, Article 1",general provisions,law enforcement training board,,"Security, Justice, and Corrections",3500000228,1,819,0,0,0,0,1,9.0,5.96,0.0,44.03462321792261
Indiana,2020-06-03,"Title 250, Article 2",general provisions,law enforcement training board,,"Security, Justice, and Corrections",3500000229,122,10532,76,27,3,0,16,34.0,7.93,12.052117263843648,35.176116098880826
Indiana,2020-06-03,"Title 25, Article 1-1",state procurement,indiana department of administration,,Administration,3500000015,102,8027,67,14,3,3,15,33.0,8.4,26.58227848101265,36.09933171324423
Indiana,2020-06-03,"Title 25, Article 1-5",small business procurements and projects,indiana department of administration,,Administration,3500000016,19,3771,19,0,0,0,0,40.0,6.84,18.181818181818183,33.278527607361966
Indiana,2020-06-03,"Title 25, Article 2",public works division,indiana department of administration,,Administration,3500000017,109,13736,82,13,0,0,14,31.0,7.81,16.6270783847981,35.31545511351802
Indiana,2020-06-03,"Title 25, Article 4",operation of motor vehicles,indiana department of administration,,Administration,3500000018,2,318,1,0,0,1,0,31.0,6.66,0.0,39.85140562248996
Indiana,2020-06-03,"Title 25, Article 5",minority and women s business enterprises,indiana department of administration,,Administration,3500000019,171,16330,83,66,10,0,12,32.0,8.76,24.2,37.336753598403874
Indiana,2020-06-03,"Title 25, Article 6",executive branch lobbyists,indiana department of administration,,Administration,3500000020,38,3516,23,5,2,1,7,33.0,8.1,10.576923076923077,36.56940700808625
Indiana,2020-06-03,"Title 25, Article 7",indiana government center code adam safety protocol,indiana department of administration,,Administration,3500000021,7,1135,5,2,0,0,0,19.0,6.99,7.017543859649122,34.82007343941248
Indiana,2020-06-03,"Title 25, Article 8",regulation of deadly weapons and devices,indiana department of administration,,Administration,3500000022,6,1200,4,0,0,2,0,28.0,7.05,0.0,32.34452736318408
Indiana,2020-06-03,"Title 25, Article 9",indiana veteran owned small businesses,indiana department of administration,,Administration,3500000023,53,4815,22,24,2,0,5,27.0,8.18,17.24137931034483,38.56626201315124
Indiana,2020-06-03,"Title 260, Article 1-1",breath test operators and instruments,state department of toxicology,,Health Services,3500000230,0,407,0,0,0,0,0,14.0,5.68,0.0,38.49433962264151
Indiana,2020-06-03,"Title 260, Article 2",260 2 breath test operators and instruments,state department of toxicology,,Health Services,3500000231,31,3209,22,9,0,0,0,28.0,7.4,40.17857142857143,35.446816208393635
Indiana,2020-06-03,"Title 260, Article 3",ignition interlock devices,state department of toxicology,,Health Services,3500000232,38,2642,11,8,1,0,18,30.0,7.47,12.643678160919542,36.662045889101336
Indiana,2020-06-03,"Title 290, Article 1",state disaster relief fund,department of homeland security,,"Security, Justice, and Corrections",3500000233,52,5271,31,10,0,3,8,28.0,8.32,10.75268817204301,35.92031782065834
Indiana,2020-06-03,"Title 290, Article 2",severe weather warning sirens,department of homeland security,,"Security, Justice, and Corrections",3500000234,78,5825,55,11,1,0,11,36.0,8.37,22.0125786163522,34.54083799961383
Indiana,2020-06-03,"Title 305, Article 1",professional geologists,indiana board of licensure for professional geologists,,"Industry, Commerce, and Development",3500000235,67,7247,25,37,1,0,4,34.0,7.98,10.731707317073171,36.29427379598028
Indiana,2020-06-03,"Title 307, Article 1",indiana registry of soil scientists,indiana board of registration for soil scientists,,"Industry, Commerce, and Development",3500000236,44,5546,22,14,1,2,5,20.0,8.28,5.474452554744526,34.51203599550056
Indiana,2020-06-03,"Title 310, Article 12",coal mining and reclamation operations,department of natural resources,,"Environmental Protection, Public Utilities, and Natural Resources",3500000238,1,13819,0,0,0,0,1,18.0,6.53,0.2702702702702703,42.02872209132728
Indiana,2020-06-03,"Title 310, Article 5",general use regulations department land and water areas,department of natural resources,,"Environmental Protection, Public Utilities, and Natural Resources",3500000237,0,721,0,0,0,0,0,18.0,6.01,0.0,37.78936170212766
Indiana,2020-06-03,"Title 312, Article 1",definitions,natural resources commission,,"Environmental Protection, Public Utilities, and Natural Resources",3500000239,3,4282,0,0,0,0,3,29.0,6.97,10.638297872340424,28.95885579937304
Indiana,2020-06-03,"Title 312, Article 10",flood plain management,natural resources commission,,"Environmental Protection, Public Utilities, and Natural Resources",3500000251,118,19494,49,56,0,0,13,31.0,8.54,22.67536704730832,32.223561902195875
Indiana,2020-06-03,"Title 312, Article 10-5",regulation of dams,natural resources commission,,"Environmental Protection, Public Utilities, and Natural Resources",3500000252,11,2642,9,1,0,0,1,25.0,7.48,15.68627450980392,34.237305699481865
Indiana,2020-06-03,"Title 312, Article 11",public freshwater lakes,natural resources commission,,"Environmental Protection, Public Utilities, and Natural Resources",3500000253,100,14840,21,57,3,4,15,32.0,8.28,18.859649122807017,31.362723621759766
Indiana,2020-06-03,"Title 312, Article 11-5",surface water emergencies on lakes,natural resources commission,,"Environmental Protection, Public Utilities, and Natural Resources",3500000254,2,1153,1,0,0,0,1,26.0,6.64,2.3255813953488373,34.325452016689844
Indiana,2020-06-03,"Title 312, Article 11-8",surface water disputes mediation,natural resources commission,,"Environmental Protection, Public Utilities, and Natural Resources",3500000255,16,1076,11,3,0,0,2,27.0,7.22,23.684210526315788,35.56219512195122
Indiana,2020-06-03,"Title 312, Article 12",water well drilling and ground water,natural resources commission,,"Environmental Protection, Public Utilities, and Natural Resources",3500000256,9,2397,6,3,0,0,0,39.0,6.84,5.0,30.077377049180328
Indiana,2020-06-03,"Title 312, Article 13",water well drillers and water well pump installers,natural resources commission,,"Environmental Protection, Public Utilities, and Natural Resources",3500000257,219,16252,169,42,0,0,8,31.0,8.24,10.597302504816955,30.81352
Indiana,2020-06-03,"Title 312, Article 14",timber buyers their agents and timber growers,natural resources commission,,"Environmental Protection, Public Utilities, and Natural Resources",3500000258,33,5572,25,5,1,0,2,33.0,7.5,14.02439024390244,30.57486229344016
Indiana,2020-06-03,"Title 312, Article 15",forest and resource management,natural resources commission,,"Environmental Protection, Public Utilities, and Natural Resources",3500000259,8,2363,4,3,0,0,1,35.0,6.89,6.25,31.79526003949967
Indiana,2020-06-03,"Title 312, Article 17",other petroleum regulation,natural resources commission,,"Environmental Protection, Public Utilities, and Natural Resources",3500000260,86,6027,67,8,0,1,10,32.0,7.87,19.12568306010929,30.455676516329703
Indiana,2020-06-03,"Title 312, Article 18",entomology and plant pathology,natural resources commission,,"Environmental Protection, Public Utilities, and Natural Resources",3500000261,174,19243,84,56,1,10,23,27.0,9.14,16.736990154711673,34.26871196436414
Indiana,2020-06-03,"Title 312, Article 19",research collection quotas and sales of plants,natural resources commission,,"Environmental Protection, Public Utilities, and Natural Resources",3500000262,25,1922,5,16,0,0,4,27.0,7.37,15.714285714285714,30.86058032554848
Indiana,2020-06-03,"Title 312, Article 2",procedures and delegations,natural resources commission,,"Environmental Protection, Public Utilities, and Natural Resources",3500000240,54,5399,32,9,1,0,12,32.0,7.89,21.55688622754491,32.15609288963371
Indiana,2020-06-03,"Title 312, Article 20",historic preservation review board,natural resources commission,,"Environmental Protection, Public Utilities, and Natural Resources",3500000263,48,6859,34,8,2,0,4,33.0,7.98,23.03921568627451,34.87337093950593
Indiana,2020-06-03,"Title 312, Article 21",archaeological review and recovery,natural resources commission,,"Environmental Protection, Public Utilities, and Natural Resources",3500000264,62,4067,13,39,0,0,10,24.0,8.14,11.377245508982035,41.69864698646987
Indiana,2020-06-03,"Title 312, Article 22",human remains burial objects and artifacts,natural resources commission,,"Environmental Protection, Public Utilities, and Natural Resources",3500000265,67,9926,22,30,0,0,15,31.0,8.15,12.539184952978054,37.84448924731183
Indiana,2020-06-03,"Title 312, Article 22-5",cemeteries and burial grounds registration and management,natural resources commission,,"Environmental Protection, Public Utilities, and Natural Resources",3500000266,10,1931,3,5,0,0,2,25.0,7.2,5.405405405405405,34.390317700453856
Indiana,2020-06-03,"Title 312, Article 25",coal mining and reclamation operations,natural resources commission,,"Environmental Protection, Public Utilities, and Natural Resources",3500000267,2701,188380,2093,189,12,19,388,34.0,9.48,23.68029739776952,35.304001641172924
Indiana,2020-06-03,"Title 312, Article 26",grant programs,natural resources commission,,"Environmental Protection, Public Utilities, and Natural Resources",3500000268,99,10396,36,59,0,0,4,26.0,8.31,10.579345088161208,36.595954487989886
Indiana,2020-06-03,"Title 312, Article 28",state land office,natural resources commission,,"Environmental Protection, Public Utilities, and Natural Resources",3500000269,2,389,2,0,0,0,0,25.0,5.96,0.0,33.333333333333336
Indiana,2020-06-03,"Title 312, Article 29",oil and gas,natural resources commission,,"Environmental Protection, Public Utilities, and Natural Resources",3500000270,855,71232,627,105,2,14,107,32.0,9.06,20.39503904455673,33.23314377199273
Indiana,2020-06-03,"Title 312, Article 3",adjudicatory proceedings,natural resources commission,,"Environmental Protection, Public Utilities, and Natural Resources",3500000241,98,10512,66,12,3,1,16,39.0,8.34,30.53435114503817,34.31407513076557
Indiana,2020-06-03,"Title 312, Article 4",law enforcement,natural resources commission,,"Environmental Protection, Public Utilities, and Natural Resources",3500000242,31,6455,20,11,0,0,0,28.0,7.38,6.637168141592921,34.527627557018576
Indiana,2020-06-03,"Title 312, Article 5",boating on public waters of indiana,natural resources commission,,"Environmental Protection, Public Utilities, and Natural Resources",3500000243,352,44170,74,251,2,4,21,33.0,8.84,13.286713286713288,29.390053796307612
Indiana,2020-06-03,"Title 312, Article 6",navigable waters,natural resources commission,,"Environmental Protection, Public Utilities, and Natural Resources",3500000244,90,12068,36,30,1,1,22,31.0,8.1,22.691292875989447,31.749293226280678
Indiana,2020-06-03,"Title 312, Article 6-2",great lakes basin water management,natural resources commission,,"Environmental Protection, Public Utilities, and Natural Resources",3500000245,41,5305,13,19,0,0,9,26.0,8.19,13.861386138613865,36.434357541899445
Indiana,2020-06-03,"Title 312, Article 6-3",water withdrawal contracts from state reservoirs,natural resources commission,,"Environmental Protection, Public Utilities, and Natural Resources",3500000246,33,4178,25,5,0,0,3,27.0,7.55,17.449664429530202,33.100606834877034
Indiana,2020-06-03,"Title 312, Article 7",trails and scenic rivers,natural resources commission,,"Environmental Protection, Public Utilities, and Natural Resources",3500000247,4,1006,2,1,0,1,0,32.0,6.71,13.333333333333334,31.04283604135893
Indiana,2020-06-03,"Title 312, Article 8",public use of natural and recreational areas,natural resources commission,,"Environmental Protection, Public Utilities, and Natural Resources",3500000248,138,12891,20,105,3,5,5,26.0,8.55,19.421487603305785,29.517956656346747
Indiana,2020-06-03,"Title 312, Article 9",fish and wildlife,natural resources commission,,"Environmental Protection, Public Utilities, and Natural Resources",3500000249,1031,91287,242,694,13,13,69,28.0,9.48,20.11104256631709,29.952810080133823
Indiana,2020-06-03,"Title 312, Article 9-5",in lieu fee mitigation,natural resources commission,,"Environmental Protection, Public Utilities, and Natural Resources",3500000250,7,1146,3,3,0,0,1,24.0,6.68,6.382978723404255,32.06792452830189
Indiana,2020-06-03,"Title 313, Article 1",acquisition and disposition of artifacts and historic property,indiana state museum and historic sites corporation,,"Culture, Recreation, and the Arts",3500000271,0,274,0,0,0,0,0,22.0,6.16,0.0,39.35545023696682
Indiana,2020-06-03,"Title 313, Article 2",definitions,indiana state museum and historic sites corporation,,"Culture, Recreation, and the Arts",3500000272,0,1182,0,0,0,0,0,24.0,6.2,4.166666666666666,38.51510989010989
Indiana,2020-06-03,"Title 313, Article 3",artifacts,indiana state museum and historic sites corporation,,"Culture, Recreation, and the Arts",3500000273,16,1821,11,5,0,0,0,26.0,7.4,22.058823529411764,38.03888130968622
Indiana,2020-06-03,"Title 313, Article 4",historic properties,indiana state museum and historic sites corporation,,"Culture, Recreation, and the Arts",3500000274,8,968,7,1,0,0,0,34.0,7.02,7.142857142857142,39.06901041666666
Indiana,2020-06-03,"Title 313, Article 5",ethics,indiana state museum and historic sites corporation,,"Culture, Recreation, and the Arts",3500000275,0,167,0,0,0,0,0,16.0,5.73,10.0,36.89622641509434
Indiana,2020-06-03,"Title 313, Article 6",public use of cultural and historic sites,indiana state museum and historic sites corporation,,"Culture, Recreation, and the Arts",3500000276,44,3644,7,32,2,2,1,19.0,8.08,13.020833333333334,31.69158249158249
Indiana,2020-06-03,"Title 315, Article 1",adjudicatory proceedings before environmental law judges,office of environmental adjudication,,"Environmental Protection, Public Utilities, and Natural Resources",3500000277,102,9014,80,9,1,3,9,30.0,8.37,18.58108108108108,33.74009661835749
Indiana,2020-06-03,"Title 31, Article 1",non merit employees,state personnel department,,Administration,3500000024,0,564,0,0,0,0,0,9.0,5.64,0.0,34.28651685393258
Indiana,2020-06-03,"Title 31, Article 2",state employees,state personnel department,,Administration,3500000025,0,747,0,0,0,0,0,11.0,6.07,0.0,35.43541666666667
Indiana,2020-06-03,"Title 31, Article 4",retiree flexible spending program,state personnel department,,Administration,3500000026,0,228,0,0,0,0,0,10.0,5.52,4.761904761904762,35.817567567567565
Indiana,2020-06-03,"Title 31, Article 5",state employees,state personnel department,,Administration,3500000027,183,15949,149,19,2,2,11,32.0,8.29,23.33333333333333,32.545840207400424
Indiana,2020-06-03,"Title 320-1, Article 5",refuse disposal act solid waste management permits industrial waste hauler permits,solid waste management board,,"Environmental Protection, Public Utilities, and Natural Resources",3500000280,0,567,0,0,0,0,0,44.0,5.31,0.0,32.16893732970027
Indiana,2020-06-03,"Title 320, Article 3",water sanitation,indiana environmental management board,,"Environmental Protection, Public Utilities, and Natural Resources",3500000278,0,630,0,0,0,0,0,24.0,5.83,0.0,40.60585585585586
Indiana,2020-06-03,"Title 320, Article 4-1",hazardous waste management permit program and related hazardous waste management requirements,indiana environmental management board,,"Environmental Protection, Public Utilities, and Natural Resources",3500000279,0,4823,0,0,0,0,0,22.0,5.87,0.0,42.49434318038969
Indiana,2020-06-03,"Title 325, Article 1-1",general provisions,air pollution control board of the state of indiana,,"Environmental Protection, Public Utilities, and Natural Resources",3500000281,0,478,0,0,0,0,0,24.0,5.47,0.0,36.35207100591716
Indiana,2020-06-03,"Title 325, Article 13",motor vehicle emission and fuel standards,air pollution control board of the state of indiana,,"Environmental Protection, Public Utilities, and Natural Resources",3500000286,0,946,0,0,0,0,0,18.0,5.53,0.0,31.812292358803987
Indiana,2020-06-03,"Title 325, Article 2",permit review regulations,air pollution control board of the state of indiana,,"Environmental Protection, Public Utilities, and Natural Resources",3500000282,0,261,0,0,0,0,0,22.0,5.29,0.0,34.18279569892473
Indiana,2020-06-03,"Title 325, Article 6",particulate regulations,air pollution control board of the state of indiana,,"Environmental Protection, Public Utilities, and Natural Resources",3500000283,0,1576,0,0,0,0,0,20.0,5.5,0.0,31.911004784688995
Indiana,2020-06-03,"Title 325, Article 7",sulfur dioxide regulations,air pollution control board of the state of indiana,,"Environmental Protection, Public Utilities, and Natural Resources",3500000284,0,680,0,0,0,0,0,18.0,5.23,0.0,33.203619909502265
Indiana,2020-06-03,"Title 325, Article 8",volatile organic compound regulations,air pollution control board of the state of indiana,,"Environmental Protection, Public Utilities, and Natural Resources",3500000285,0,1341,0,0,0,0,0,19.0,5.5,0.0,33.5213963963964
Indiana,2020-06-03,"Title 326, Article 1",general provisions,air pollution control division,,"Environmental Protection, Public Utilities, and Natural Resources",3500000287,100,38438,59,27,0,1,13,24.0,7.97,4.583068109484405,38.72240042226643
Indiana,2020-06-03,"Title 326, Article 10",nitrogen oxides rules,air pollution control division,,"Environmental Protection, Public Utilities, and Natural Resources",3500000298,158,16559,113,15,3,0,27,34.0,8.92,15.481171548117151,33.35364842454395
Indiana,2020-06-03,"Title 326, Article 11",emission limitations for specific types of operations,air pollution control division,,"Environmental Protection, Public Utilities, and Natural Resources",3500000299,157,14136,141,4,0,0,12,32.0,8.69,11.574074074074074,34.69676710321458
Indiana,2020-06-03,"Title 326, Article 12",new source performance standards,air pollution control division,,"Environmental Protection, Public Utilities, and Natural Resources",3500000300,4,605,4,0,0,0,0,28.0,6.95,14.285714285714285,36.0566037735849
Indiana,2020-06-03,"Title 326, Article 13",motor vehicle emission and fuel standards,air pollution control division,,"Environmental Protection, Public Utilities, and Natural Resources",3500000301,185,12570,150,12,1,1,21,26.0,8.88,11.914893617021278,34.25488131699847
Indiana,2020-06-03,"Title 326, Article 14",emission standards for hazardous air pollutants,air pollution control division,,"Environmental Protection, Public Utilities, and Natural Resources",3500000302,151,14975,80,43,1,0,27,33.0,9.1,23.385300668151448,34.877448281286874
Indiana,2020-06-03,"Title 326, Article 15",lead rules,air pollution control division,,"Environmental Protection, Public Utilities, and Natural Resources",3500000303,36,1901,36,0,0,0,0,40.0,7.81,8.695652173913043,31.56028880866426
Indiana,2020-06-03,"Title 326, Article 16",state environmental policy,air pollution control division,,"Environmental Protection, Public Utilities, and Natural Resources",3500000304,14,2438,8,2,0,0,4,25.0,7.86,10.416666666666668,39.240085744908896
Indiana,2020-06-03,"Title 326, Article 17-1",public records confidential information confidentiality agreements,air pollution control division,,"Environmental Protection, Public Utilities, and Natural Resources",3500000305,46,5343,37,3,2,0,4,31.0,7.44,18.787878787878785,38.28099392016918
Indiana,2020-06-03,"Title 326, Article 18",asbestos management,air pollution control division,,"Environmental Protection, Public Utilities, and Natural Resources",3500000306,132,15262,53,58,1,2,18,18.0,8.88,5.465116279069767,39.89626274065685
Indiana,2020-06-03,"Title 326, Article 19",mobile source rules,air pollution control division,,"Environmental Protection, Public Utilities, and Natural Resources",3500000307,59,6262,39,2,4,0,14,25.0,8.57,12.096774193548388,32.86351899668019
Indiana,2020-06-03,"Title 326, Article 2",permit review rules,air pollution control division,,"Environmental Protection, Public Utilities, and Natural Resources",3500000288,1685,132218,1207,188,16,5,269,30.0,9.5,20.80223880597015,35.363588841067106
Indiana,2020-06-03,"Title 326, Article 20",hazardous air pollutants,air pollution control division,,"Environmental Protection, Public Utilities, and Natural Resources",3500000308,237,35289,157,36,0,0,44,29.0,8.81,9.20608108108108,38.20348611552168
Indiana,2020-06-03,"Title 326, Article 21",acid deposition control,air pollution control division,,"Environmental Protection, Public Utilities, and Natural Resources",3500000309,0,301,0,0,0,0,0,30.0,6.95,10.0,40.98198198198198
Indiana,2020-06-03,"Title 326, Article 22",stratospheric ozone protection,air pollution control division,,"Environmental Protection, Public Utilities, and Natural Resources",3500000310,3,260,3,0,0,0,0,28.0,6.93,11.11111111111111,40.57575757575758
Indiana,2020-06-03,"Title 326, Article 23",lead based paint program,air pollution control division,,"Environmental Protection, Public Utilities, and Natural Resources",3500000311,0,4821,0,0,0,0,0,15.0,5.85,0.0,35.790338812479035
Indiana,2020-06-03,"Title 326, Article 24",cross state air pollution rule,air pollution control division,,"Environmental Protection, Public Utilities, and Natural Resources",3500000312,72,9443,48,24,0,0,0,36.0,7.63,18.823529411764707,31.159351522340845
Indiana,2020-06-03,"Title 326, Article 25",voluntary performance based leadership programs,air pollution control division,,"Environmental Protection, Public Utilities, and Natural Resources",3500000313,56,5067,44,9,0,0,3,30.0,8.11,12.650602409638552,41.15926456542503
Indiana,2020-06-03,"Title 326, Article 26",regional haze,air pollution control division,,"Environmental Protection, Public Utilities, and Natural Resources",3500000314,34,3161,26,3,0,0,5,32.0,7.93,10.20408163265306,36.2556158017041
Indiana,2020-06-03,"Title 326, Article 3",monitoring requirements,air pollution control division,,"Environmental Protection, Public Utilities, and Natural Resources",3500000289,275,15794,208,21,1,0,45,29.0,9.07,20.112781954887215,35.84644003501605
Indiana,2020-06-03,"Title 326, Article 4",burning regulations,air pollution control division,,"Environmental Protection, Public Utilities, and Natural Resources",3500000290,145,8199,101,34,5,4,1,27.0,8.8,16.387959866220736,33.635093845482324
Indiana,2020-06-03,"Title 326, Article 5",opacity regulations,air pollution control division,,"Environmental Protection, Public Utilities, and Natural Resources",3500000291,64,4620,54,7,0,0,3,33.0,8.35,28.776978417266186,36.234879032258064
Indiana,2020-06-03,"Title 326, Article 6",particulate rules,air pollution control division,,"Environmental Protection, Public Utilities, and Natural Resources",3500000292,206,14393,179,8,1,0,18,25.0,8.98,18.3453237410072,35.481683421366505
Indiana,2020-06-03,"Title 326, Article 6-5",particulate matter limitations except lake county,air pollution control division,,"Environmental Protection, Public Utilities, and Natural Resources",3500000293,154,16932,149,2,0,0,3,25.0,7.96,11.282843894899536,31.910597876699573
Indiana,2020-06-03,"Title 326, Article 6-8",particulate matter limitations for lake county,air pollution control division,,"Environmental Protection, Public Utilities, and Natural Resources",3500000294,404,29467,369,8,2,0,25,28.0,9.23,10.901883052527255,35.28896473265074
Indiana,2020-06-03,"Title 326, Article 7",sulfur dioxide rules,air pollution control division,,"Environmental Protection, Public Utilities, and Natural Resources",3500000295,219,17790,206,6,3,0,4,34.0,8.71,11.623246492985972,32.59086204347183
Indiana,2020-06-03,"Title 326, Article 8",volatile organic compound rules,air pollution control division,,"Environmental Protection, Public Utilities, and Natural Resources",3500000296,1477,137594,1180,139,4,2,152,28.0,10.08,18.26726604004904,35.31156321293942
Indiana,2020-06-03,"Title 326, Article 9",carbon monoxide emission rules,air pollution control division,,"Environmental Protection, Public Utilities, and Natural Resources",3500000297,7,631,6,0,0,0,1,26.0,7.49,25.0,35.47657841140529
Indiana,2020-06-03,"Title 327, Article 1",general provisions,water pollution control division,,"Environmental Protection, Public Utilities, and Natural Resources",3500000315,1,492,1,0,0,0,0,31.0,6.43,6.666666666666667,31.2013422818792
Indiana,2020-06-03,"Title 327, Article 11",state environmental policy,water pollution control division,,"Environmental Protection, Public Utilities, and Natural Resources",3500000325,12,2211,6,2,0,0,4,24.0,7.69,10.0,39.33996489174956
Indiana,2020-06-03,"Title 327, Article 12-1",public records confidential information confidentiality agreements,water pollution control division,,"Environmental Protection, Public Utilities, and Natural Resources",3500000326,46,6182,36,4,2,0,4,32.0,7.56,16.402116402116402,38.62066605839416
Indiana,2020-06-03,"Title 327, Article 15",npdes general permits and specific category individual permit requirements,water pollution control division,,"Environmental Protection, Public Utilities, and Natural Resources",3500000327,730,56856,333,258,4,5,130,32.0,9.55,18.150488225157957,36.659827845562425
Indiana,2020-06-03,"Title 327, Article 17",wetland activity permits,water pollution control division,,"Environmental Protection, Public Utilities, and Natural Resources",3500000328,74,11358,26,31,2,0,15,28.0,8.73,14.496314496314495,35.625
Indiana,2020-06-03,"Title 327, Article 18",voluntary performance based leadership programs,water pollution control division,,"Environmental Protection, Public Utilities, and Natural Resources",3500000329,65,6435,50,11,0,0,4,36.0,8.04,16.292134831460675,39.68872210152084
Indiana,2020-06-03,"Title 327, Article 19",confined feeding operations,water pollution control division,,"Environmental Protection, Public Utilities, and Natural Resources",3500000330,250,22263,52,156,5,7,30,30.0,8.46,14.64088397790055,33.93731988472622
Indiana,2020-06-03,"Title 327, Article 2",water quality standards,water pollution control division,,"Environmental Protection, Public Utilities, and Natural Resources",3500000316,754,85330,394,293,10,6,51,35.0,10.04,34.08128704487722,34.864400665926745
Indiana,2020-06-03,"Title 327, Article 20",satellite manure storage structure permitting program,water pollution control division,,"Environmental Protection, Public Utilities, and Natural Resources",3500000331,104,7282,42,50,1,0,11,33.0,8.34,21.26696832579185,34.458637676235774
Indiana,2020-06-03,"Title 327, Article 3",wastewater treatment facilities issuance of permits construction and permit requirements,water pollution control division,,"Environmental Protection, Public Utilities, and Natural Resources",3500000317,224,19753,113,88,0,0,23,33.0,8.97,12.162162162162163,35.34548095332409
Indiana,2020-06-03,"Title 327, Article 4",wastewater treatment facilities overload condition,water pollution control division,,"Environmental Protection, Public Utilities, and Natural Resources",3500000318,13,3146,11,0,0,0,2,29.0,7.9,16.037735849056602,34.11289640591966
Indiana,2020-06-03,"Title 327, Article 5",industrial wastewater pretreatment programs and npdes,water pollution control division,,"Environmental Protection, Public Utilities, and Natural Resources",3500000319,1471,125033,918,262,17,11,263,38.0,9.31,29.676817899316344,37.31055654976716
Indiana,2020-06-03,"Title 327, Article 6",land application of sludge and wastewater,water pollution control division,,"Environmental Protection, Public Utilities, and Natural Resources",3500000320,0,423,0,0,0,0,0,15.0,5.42,0.0,38.388489208633096
Indiana,2020-06-03,"Title 327, Article 6-1",land application of biosolid industrial waste product and pollutant bearing water,water pollution control division,,"Environmental Protection, Public Utilities, and Natural Resources",3500000321,416,43607,85,280,1,16,34,41.0,8.34,17.929050814956852,32.95305073859987
Indiana,2020-06-03,"Title 327, Article 7",management of sewage disposal system wastewater,water pollution control division,,"Environmental Protection, Public Utilities, and Natural Resources",3500000322,0,681,0,0,0,0,0,14.0,5.34,0.0,36.93119266055046
Indiana,2020-06-03,"Title 327, Article 7-1",wastewater management,water pollution control division,,"Environmental Protection, Public Utilities, and Natural Resources",3500000323,226,18643,60,141,0,9,16,31.0,8.51,12.048192771084338,33.38173515981735
Indiana,2020-06-03,"Title 327, Article 8",public water supply,water pollution control division,,"Environmental Protection, Public Utilities, and Natural Resources",3500000324,2648,210638,1285,788,36,1,538,32.0,9.82,19.026344168849175,35.66266979515315
Indiana,2020-06-03,"Title 328, Article 1",excess liability trust fund corrective action and eltf liability indemnity claim payments,underground storage tank financial assurance board,,"Banking, Insurance, and Securities",3500000332,95,12698,33,43,4,0,15,32.0,8.83,18.01566579634465,36.1852671832545
Indiana,2020-06-03,"Title 329, Article 1",general provisions,solid waste management division,,"Environmental Protection, Public Utilities, and Natural Resources",3500000333,16,1731,8,5,0,0,3,32.0,7.26,7.4074074074074066,37.62519809825674
Indiana,2020-06-03,"Title 329, Article 10",solid waste land disposal facilities,solid waste management division,,"Environmental Protection, Public Utilities, and Natural Resources",3500000341,2137,164531,422,1314,8,32,361,6.0,9.43,3.0897534810242844,35.178800758317024
Indiana,2020-06-03,"Title 329, Article 11",solid waste processing facilities,solid waste management division,,"Environmental Protection, Public Utilities, and Natural Resources",3500000342,303,35229,59,170,3,11,60,31.0,8.17,12.544802867383511,33.2007014648236
Indiana,2020-06-03,"Title 329, Article 11-5",biomass anaerobic digestion facilities and biomass gasification facilities,solid waste management division,,"Environmental Protection, Public Utilities, and Natural Resources",3500000343,84,8119,10,47,3,1,23,26.0,8.08,11.22112211221122,37.13857142857143
Indiana,2020-06-03,"Title 329, Article 11-6",mobile home salvaging facilities,solid waste management division,,"Environmental Protection, Public Utilities, and Natural Resources",3500000344,83,7128,10,48,2,1,22,25.0,7.99,8.791208791208792,34.719582634618966
Indiana,2020-06-03,"Title 329, Article 11-7",alternative fuel source,solid waste management division,,"Environmental Protection, Public Utilities, and Natural Resources",3500000345,71,7027,11,37,2,1,20,25.0,7.86,10.74074074074074,34.241439015005774
Indiana,2020-06-03,"Title 329, Article 12",solid waste management activity registration,solid waste management division,,"Environmental Protection, Public Utilities, and Natural Resources",3500000346,95,12600,41,35,5,0,14,28.0,7.56,6.605922551252847,36.32765399737877
Indiana,2020-06-03,"Title 329, Article 13",used oil management,solid waste management division,,"Environmental Protection, Public Utilities, and Natural Resources",3500000347,260,23328,25,208,8,4,15,35.0,8.24,22.003034901365705,32.61544650040225
Indiana,2020-06-03,"Title 329, Article 15",waste tire management,solid waste management division,,"Environmental Protection, Public Utilities, and Natural Resources",3500000348,170,15145,53,70,6,0,41,34.0,7.56,9.382151029748284,31.11961548925365
Indiana,2020-06-03,"Title 329, Article 16",electronics waste management,solid waste management division,,"Environmental Protection, Public Utilities, and Natural Resources",3500000349,108,12503,26,57,3,2,20,29.0,7.95,9.557109557109555,34.299977861412444
Indiana,2020-06-03,"Title 329, Article 18",voluntary performance based leadership programs,solid waste management division,,"Environmental Protection, Public Utilities, and Natural Resources",3500000350,56,4928,44,9,0,0,3,31.0,8.11,13.461538461538462,41.21743364986608
Indiana,2020-06-03,"Title 329, Article 3-1",hazardous waste management permit program and related hazardous waste management,solid waste management division,,"Environmental Protection, Public Utilities, and Natural Resources",3500000334,1322,99174,554,534,35,7,192,33.0,9.33,22.765598650927487,33.59511728890357
Indiana,2020-06-03,"Title 329, Article 4-1",regulation of wastes containing pcbs,solid waste management division,,"Environmental Protection, Public Utilities, and Natural Resources",3500000335,93,8192,43,23,0,0,27,29.0,7.73,14.12639405204461,34.620427881297445
Indiana,2020-06-03,"Title 329, Article 5",state environmental policy,solid waste management division,,"Environmental Protection, Public Utilities, and Natural Resources",3500000336,12,2214,6,2,0,0,4,24.0,7.68,10.0,39.22703335283792
Indiana,2020-06-03,"Title 329, Article 6-1",public records confidential information confidentiality agreements,solid waste management division,,"Environmental Protection, Public Utilities, and Natural Resources",3500000337,47,4944,37,4,2,0,4,29.0,7.29,16.766467065868262,39.35389425810119
Indiana,2020-06-03,"Title 329, Article 7-1",priority ranking system for hazardous substances response sites,solid waste management division,,"Environmental Protection, Public Utilities, and Natural Resources",3500000338,4,3542,1,1,0,0,2,32.0,7.45,6.422018348623854,36.934965877157765
Indiana,2020-06-03,"Title 329, Article 8",household hazardous waste grants program,solid waste management division,,"Environmental Protection, Public Utilities, and Natural Resources",3500000339,21,3982,12,5,2,0,2,30.0,7.42,4.724409448818897,35.17714696370823
Indiana,2020-06-03,"Title 329, Article 9",underground storage tanks,solid waste management division,,"Environmental Protection, Public Utilities, and Natural Resources",3500000340,523,47102,248,190,3,1,81,29.0,9.39,18.52307692307692,35.10111831362264
Indiana,2020-06-03,"Title 330, Article 1",water quality standards generally,stream pollution control board of the state of indiana,,"Environmental Protection, Public Utilities, and Natural Resources",3500000351,1,1138,0,0,0,1,0,21.0,5.51,0.0,35.084942084942085
Indiana,2020-06-03,"Title 330, Article 2",water quality standards specific waters of the state,stream pollution control board of the state of indiana,,"Environmental Protection, Public Utilities, and Natural Resources",3500000352,0,224,0,0,0,0,0,23.0,5.66,0.0,32.532934131736525
Indiana,2020-06-03,"Title 330, Article 3-1",wastewater treatment facilities issuance of permits construction and permit requirements,stream pollution control board of the state of indiana,,"Environmental Protection, Public Utilities, and Natural Resources",3500000353,0,993,0,0,0,0,0,19.0,5.64,0.0,35.56221198156682
Indiana,2020-06-03,"Title 330, Article 3-3",land application of sludge and wastewater,stream pollution control board of the state of indiana,,"Environmental Protection, Public Utilities, and Natural Resources",3500000354,0,724,0,0,0,0,0,20.0,5.69,0.0,35.201219512195124
Indiana,2020-06-03,"Title 330, Article 5",industrial wastewater pretreatment programs,stream pollution control board of the state of indiana,,"Environmental Protection, Public Utilities, and Natural Resources",3500000355,0,1289,0,0,0,0,0,22.0,5.81,0.0,36.67991169977925
Indiana,2020-06-03,"Title 345, Article 1",domestic animal disease control general provisions,indiana state board of animal health,,"Industry, Commerce, and Development",3500000356,309,28404,72,173,18,2,44,25.0,8.96,14.273127753303966,34.73044788975022
Indiana,2020-06-03,"Title 345, Article 10",poultry and poultry products inspection,indiana state board of animal health,,"Industry, Commerce, and Development",3500000366,87,11828,62,14,0,0,11,31.0,8.18,13.49862258953168,31.26184766472536
Indiana,2020-06-03,"Title 345, Article 12",grading and certification programs,indiana state board of animal health,,"Industry, Commerce, and Development",3500000367,8,1811,4,4,0,0,0,32.0,7.71,14.545454545454543,35.86591060707138
Indiana,2020-06-03,"Title 345, Article 13",commercial dog breeders and brokers,indiana state board of animal health,,"Industry, Commerce, and Development",3500000368,9,770,0,4,1,0,4,30.0,6.77,12.0,32.01038062283737
Indiana,2020-06-03,"Title 345, Article 14",livestock and poultry care,indiana state board of animal health,,"Industry, Commerce, and Development",3500000369,8,952,1,6,0,0,1,25.0,6.9,5.263157894736842,31.10899182561308
Indiana,2020-06-03,"Title 345, Article 2",cattle goats and other tuberculosis or brucellosis carrying animals,indiana state board of animal health,,"Industry, Commerce, and Development",3500000357,243,21747,108,102,4,0,29,30.0,8.98,20.41379310344828,33.189952308692824
Indiana,2020-06-03,"Title 345, Article 2-5",tuberculosis control,indiana state board of animal health,,"Industry, Commerce, and Development",3500000358,136,16339,63,58,7,0,8,31.0,8.04,15.354330708661418,32.91913306921464
Indiana,2020-06-03,"Title 345, Article 3",swine,indiana state board of animal health,,"Industry, Commerce, and Development",3500000359,136,12179,55,63,1,1,16,32.0,8.29,16.0427807486631,31.779863660199265
Indiana,2020-06-03,"Title 345, Article 4",poultry,indiana state board of animal health,,"Industry, Commerce, and Development",3500000360,6,1295,3,3,0,0,0,25.0,7.46,12.0,34.766917293233085
Indiana,2020-06-03,"Title 345, Article 5",scrapie,indiana state board of animal health,,"Industry, Commerce, and Development",3500000361,94,13848,37,27,2,2,26,27.0,8.02,11.264822134387352,32.37481259370315
Indiana,2020-06-03,"Title 345, Article 6",equine,indiana state board of animal health,,"Industry, Commerce, and Development",3500000362,56,4380,14,29,1,1,11,23.0,8.03,11.827956989247312,30.64498873873874
Indiana,2020-06-03,"Title 345, Article 7",livestock dealers marketing exhibitions and slaughter livestock,indiana state board of animal health,,"Industry, Commerce, and Development",3500000363,271,19760,119,85,15,9,43,30.0,8.8,12.954186413902052,31.925892453682785
Indiana,2020-06-03,"Title 345, Article 8",dairy products,indiana state board of animal health,,"Industry, Commerce, and Development",3500000364,297,17330,207,72,7,1,10,30.0,9.08,16.370106761565836,31.644026077700904
Indiana,2020-06-03,"Title 345, Article 9",meat and meat products inspection,indiana state board of animal health,,"Industry, Commerce, and Development",3500000365,152,16436,91,35,5,1,20,29.0,8.54,13.620071684587815,31.878381594605315
Indiana,2020-06-03,"Title 355, Article 2",commercial fertilizers,state chemist of the state of indiana,,"Industry, Commerce, and Development",3500000370,161,12469,139,6,3,2,11,35.0,8.07,10.755813953488373,31.109744148067502
Indiana,2020-06-03,"Title 355, Article 3",agricultural ammonia,state chemist of the state of indiana,,"Industry, Commerce, and Development",3500000371,422,26129,371,18,0,4,29,32.0,8.4,15.444015444015443,30.936554162982997
Indiana,2020-06-03,"Title 355, Article 4",pesticide use and application,state chemist of the state of indiana,,"Industry, Commerce, and Development",3500000372,122,11220,71,24,6,0,21,24.0,8.37,9.60698689956332,36.05701857512344
Indiana,2020-06-03,"Title 355, Article 5",storage and secondary containment of pesticides,state chemist of the state of indiana,,"Industry, Commerce, and Development",3500000373,95,7253,87,0,1,2,5,36.0,7.62,12.886597938144329,31.429099397004475
Indiana,2020-06-03,"Title 355, Article 6",animal foods,state chemist of the state of indiana,,"Industry, Commerce, and Development",3500000374,228,15148,163,14,1,2,48,27.0,8.96,33.21492007104796,33.13476274683171
Indiana,2020-06-03,"Title 355, Article 7",certification for distributors and users of fertilizer material,state chemist of the state of indiana,,"Industry, Commerce, and Development",3500000375,50,4868,22,17,2,0,9,27.0,7.73,7.865168539325842,35.755832881172005
Indiana,2020-06-03,"Title 355, Article 8",fertilizer material use distribution and record keeping,state chemist of the state of indiana,,"Industry, Commerce, and Development",3500000376,23,4828,15,1,0,0,7,24.0,7.49,5.527638190954774,33.876800940899734
Indiana,2020-06-03,"Title 355, Article 9",fertilizer civil penalty schedule,state chemist of the state of indiana,,"Industry, Commerce, and Development",3500000377,12,2914,10,0,0,0,2,24.0,7.27,9.090909090909092,33.537290715372905
Indiana,2020-06-03,"Title 357, Article 1",definition use of pesticides,indiana pesticide review board,,"Environmental Protection, Public Utilities, and Natural Resources",3500000378,106,14461,52,16,5,3,30,26.0,8.48,11.192660550458717,34.807061440088965
Indiana,2020-06-03,"Title 35, Article 11",public employees retirement fund additional contributions,board of trustees of the indiana public retirement system,,Administration,3500000034,19,1039,15,1,1,0,2,31.0,7.27,21.21212121212121,38.79936974789916
Indiana,2020-06-03,"Title 35, Article 12",public employees retirement fund annual compensation limit,board of trustees of the indiana public retirement system,,Administration,3500000035,3,1340,2,0,1,0,0,31.0,7.06,11.904761904761903,34.536458333333336
Indiana,2020-06-03,"Title 35, Article 1-2",public employees retirement fund,board of trustees of the indiana public retirement system,,Administration,3500000028,252,28266,174,26,16,4,32,35.0,8.6,26.295336787564764,32.986146376230565
Indiana,2020-06-03,"Title 35, Article 13",required minimum distributions,board of trustees of the indiana public retirement system,,Administration,3500000036,25,858,3,5,2,0,15,37.0,7.05,30.434782608695656,34.27309782608695
Indiana,2020-06-03,"Title 35, Article 1-3",public employees retirement fund defined contribution program,board of trustees of the indiana public retirement system,,Administration,3500000029,55,6640,38,4,5,0,8,32.0,7.5,21.31979695431472,33.99610016420361
Indiana,2020-06-03,"Title 35, Article 14",indiana state teachers retirement fund,board of trustees of the indiana public retirement system,,Administration,3500000037,179,27539,94,37,10,3,35,38.0,8.13,20.285714285714285,32.49843501709443
Indiana,2020-06-03,"Title 35, Article 14-1",indiana state teachers retirement fund defined contribution program,board of trustees of the indiana public retirement system,,Administration,3500000038,40,5342,28,5,4,0,3,32.0,7.19,13.375796178343949,34.61745492552914
Indiana,2020-06-03,"Title 35, Article 15",indiana state teachers retirement fund model plan amendment,board of trustees of the indiana public retirement system,,Administration,3500000039,2,1134,0,1,0,0,1,51.0,7.21,9.090909090909092,37.040728831725616
Indiana,2020-06-03,"Title 35, Article 16",indiana state teachers retirement fund contributions and benefits,board of trustees of the indiana public retirement system,,Administration,3500000040,35,4166,28,0,3,0,4,78.0,7.94,,33.87025481019241
Indiana,2020-06-03,"Title 35, Article 17",annual compensation limits,board of trustees of the indiana public retirement system,,Administration,3500000041,3,1325,2,0,1,0,0,30.0,7.07,11.627906976744184,34.02439024390244
Indiana,2020-06-03,"Title 35, Article 18",rollovers service purchases and enhanced retirement savings opportunities,board of trustees of the indiana public retirement system,,Administration,3500000042,2,1762,0,1,0,0,1,40.0,7.4,6.976744186046512,33.273699215965785
Indiana,2020-06-03,"Title 35, Article 19",indiana state teachers retirement fund additional contributions,board of trustees of the indiana public retirement system,,Administration,3500000043,18,1007,16,1,0,0,1,31.0,7.33,25.0,38.44868995633188
Indiana,2020-06-03,"Title 35, Article 2",police and firefighters pension and disability fund,board of trustees of the indiana public retirement system,,Administration,3500000030,146,15377,100,22,2,0,22,28.0,9.04,20.6581352833638,34.754139006638404
Indiana,2020-06-03,"Title 35, Article 20",401 h medical benefits accounts,board of trustees of the indiana public retirement system,,Administration,3500000044,7,1814,6,0,0,0,1,30.0,7.22,18.64406779661017,32.494623655913976
Indiana,2020-06-03,"Title 35, Article 21",public employees retirement fund separate employer accounts procedure,board of trustees of the indiana public retirement system,,Administration,3500000045,0,540,0,0,0,0,0,29.0,6.57,11.11111111111111,35.89411764705882
Indiana,2020-06-03,"Title 35, Article 22",internal revenue code section 415,board of trustees of the indiana public retirement system,,Administration,3500000046,10,1140,9,0,0,0,1,63.0,7.29,,34.73625254582485
Indiana,2020-06-03,"Title 35, Article 4",state excise police gaming agent gaming control officer conservation enforcement officers retirement plan,board of trustees of the indiana public retirement system,,Administration,3500000031,29,3264,21,3,1,1,3,30.0,8.03,23.58490566037736,33.5055280213496
Indiana,2020-06-03,"Title 35, Article 6",pension relief fund,board of trustees of the indiana public retirement system,,Administration,3500000032,5,280,4,0,0,0,1,20.0,6.33,0.0,32.11594202898551
Indiana,2020-06-03,"Title 35, Article 9",annual compensation limits implementation of annual compensation limitations pursuant to internal revenue code section 401 a 17,board of trustees of the indiana public retirement system,,Administration,3500000033,3,1232,2,0,1,0,0,30.0,7.0,7.5,33.384993849938496
Indiana,2020-06-03,"Title 360, Article 1",standards for seed and seed labeling,state seed commissioner,,"Industry, Commerce, and Development",3500000379,76,7103,47,12,1,2,14,1.0,7.97,0.7194244604316548,30.81940441882805
Indiana,2020-06-03,"Title 365, Article 2",dairy processing plant and receiving stations,creamery examining board,,"Industry, Commerce, and Development",3500000380,96,6070,23,70,0,0,3,28.0,8.27,13.425925925925927,31.090871455185265
Indiana,2020-06-03,"Title 370, Article 1",general provisions,state egg board,,"Industry, Commerce, and Development",3500000381,63,5690,47,11,0,0,5,32.0,8.17,7.471264367816093,29.151315789473685
Indiana,2020-06-03,"Title 405, Article 1",medicaid providers and services,office of the secretary of family and social services,,Social Assistance,3500000382,1245,94272,977,159,11,2,96,34.0,9.54,18.118847976667883,34.10782993822112
Indiana,2020-06-03,"Title 405, Article 10",healthy indiana plan,office of the secretary of family and social services,,Social Assistance,3500000390,343,21907,279,5,2,0,57,31.0,8.54,23.843930635838152,33.64284160139252
Indiana,2020-06-03,"Title 405, Article 11",children s health insurance program general provisions providers,office of the secretary of family and social services,,Social Assistance,3500000391,42,8223,29,7,2,0,4,36.0,7.59,18.63636363636364,31.08201014896055
Indiana,2020-06-03,"Title 405, Article 1-1",appeal procedures for applicants and recipients of medicaid,office of the secretary of family and social services,,Social Assistance,3500000383,37,3017,27,6,0,1,3,42.0,7.98,24.285714285714285,31.966115369100443
Indiana,2020-06-03,"Title 405, Article 12",applicants and members eligibility and enrollment appeal procedures,office of the secretary of family and social services,,Social Assistance,3500000392,27,4140,5,13,2,0,7,36.0,7.53,28.82882882882883,30.198781660788715
Indiana,2020-06-03,"Title 405, Article 13",benefits and medical policy,office of the secretary of family and social services,,Social Assistance,3500000393,20,4596,12,3,0,0,5,28.0,7.32,10.256410256410255,33.18962824117463
Indiana,2020-06-03,"Title 405, Article 2",medicaid members eligibility,office of the secretary of family and social services,,Social Assistance,3500000384,198,26895,120,46,5,1,26,34.0,8.9,25.480153649167736,32.78704250966128
Indiana,2020-06-03,"Title 405, Article 4",purchase of products and services of persons with disabilities,office of the secretary of family and social services,,Social Assistance,3500000385,1,145,1,0,0,0,0,23.0,5.95,0.0,31.674157303370787
Indiana,2020-06-03,"Title 405, Article 5",medicaid services,office of the secretary of family and social services,,Social Assistance,3500000386,1083,113328,268,612,50,4,149,27.0,9.11,15.114022319262494,36.48445660003602
Indiana,2020-06-03,"Title 405, Article 6",indiana prescription drug program,office of the secretary of family and social services,,Social Assistance,3500000387,0,1459,0,0,0,0,0,17.0,5.56,0.0,32.326241134751776
Indiana,2020-06-03,"Title 405, Article 7",state supplemental assistance for personal needs,office of the secretary of family and social services,,Social Assistance,3500000388,4,832,2,1,0,0,1,39.0,7.13,23.809523809523807,34.61671469740634
Indiana,2020-06-03,"Title 405, Article 8",indiana prescription drug program medicare part d assistance benefit,office of the secretary of family and social services,,Social Assistance,3500000389,60,9182,46,9,0,1,4,29.0,7.82,10.610932475884244,32.62064497552548
Indiana,2020-06-03,"Title 407, Article 3",benefits and medical policy,office of the children s health insurance program,,Health Services,3500000394,0,626,0,0,0,0,0,22.0,5.52,0.0,34.53601694915254
Indiana,2020-06-03,"Title 40, Article 2",state officers and employees,state ethics commission,,Administration,3500000047,38,3490,33,4,0,0,1,23.0,7.29,7.482993197278912,33.24461292897047
Indiana,2020-06-03,"Title 410, Article 1",communicable disease control,indiana department of health,,Health Services,3500000395,820,72121,528,74,2,1,215,24.0,9.36,12.983978638184244,37.857806851437424
Indiana,2020-06-03,"Title 410, Article 12",weights and measures,indiana department of health,,Health Services,3500000407,17,3837,15,2,0,0,0,44.0,7.87,17.857142857142858,30.787450126949583
Indiana,2020-06-03,"Title 410, Article 12-1",motor fuel,indiana department of health,,Health Services,3500000408,22,3080,8,13,0,0,1,32.0,7.07,7.608695652173914,29.079685194294147
Indiana,2020-06-03,"Title 410, Article 13",sanitary bedding,indiana department of health,,Health Services,3500000409,240,7231,209,18,0,0,13,14.0,9.22,15.6312625250501,31.18071748878924
Indiana,2020-06-03,"Title 410, Article 15",hospital licensure rules,indiana department of health,,Health Services,3500000410,531,38728,358,123,4,0,46,27.0,9.09,13.902611150317574,37.72329213375491
Indiana,2020-06-03,"Title 410, Article 15-1",mobile health care entity,indiana department of health,,Health Services,3500000411,6,933,3,1,2,0,0,28.0,6.47,6.25,31.684444444444445
Indiana,2020-06-03,"Title 410, Article 16-2",health facilities licensing and operational standards,indiana department of health,,Health Services,3500000412,1100,68353,701,295,7,2,95,28.0,9.12,17.11786755518534,35.24555351945672
Indiana,2020-06-03,"Title 410, Article 17",home health agencies,indiana department of health,,Health Services,3500000413,149,12102,87,39,5,0,18,24.0,8.47,8.433734939759036,34.66242691558109
Indiana,2020-06-03,"Title 410, Article 18",vital records,indiana department of health,,Health Services,3500000414,30,3555,24,2,0,0,4,23.0,7.09,8.053691275167784,31.782645324347094
Indiana,2020-06-03,"Title 410, Article 19",410 19 general provisions,indiana department of health,,Health Services,3500000415,0,75,0,0,0,0,0,9.0,4.9,0.0,45.5
Indiana,2020-06-03,"Title 410, Article 2",tuberculosis control,indiana department of health,,Health Services,3500000396,0,165,0,0,0,0,0,7.0,4.74,0.0,45.92134831460674
Indiana,2020-06-03,"Title 410, Article 21",reporting,indiana department of health,,Health Services,3500000416,32,3076,23,2,0,0,7,33.0,8.11,6.521739130434782,37.94085778781039
Indiana,2020-06-03,"Title 410, Article 22",child care facilities,indiana department of health,,Health Services,3500000417,0,95,0,0,0,0,0,15.0,5.22,0.0,38.6865671641791
Indiana,2020-06-03,"Title 410, Article 23",grants,indiana department of health,,Health Services,3500000418,17,2497,8,7,1,0,1,28.0,7.69,4.545454545454546,31.477766287487075
Indiana,2020-06-03,"Title 410, Article 24",local health services,indiana department of health,,Health Services,3500000419,6,1187,6,0,0,0,0,32.0,6.72,8.333333333333332,30.41997439180538
Indiana,2020-06-03,"Title 410, Article 25",artificial insemination,indiana department of health,,Health Services,3500000420,17,2155,3,14,0,0,0,27.0,7.05,23.07692307692308,37.82838283828383
Indiana,2020-06-03,"Title 410, Article 26",abortion clinics,indiana department of health,,Health Services,3500000421,237,19055,77,139,5,0,16,24.0,8.58,13.28125,36.38114560086562
Indiana,2020-06-03,"Title 410, Article 26-5",abortion clinics performing drug induced abortions,indiana department of health,,Health Services,3500000422,209,15663,67,122,4,0,16,23.0,8.59,13.929618768328444,37.59775031685678
Indiana,2020-06-03,"Title 410, Article 27",birthing centers,indiana department of health,,Health Services,3500000423,199,18490,44,137,4,0,14,25.0,8.65,14.06896551724138,36.93412173913043
Indiana,2020-06-03,"Title 410, Article 29",reporting monitoring and preventive procedures for an elevated blood lead level,indiana department of health,,Health Services,3500000424,37,7452,21,9,0,0,7,29.0,8.12,11.693548387096774,33.768932722789714
Indiana,2020-06-03,"Title 410, Article 3",maternal and child health,indiana department of health,,Health Services,3500000397,172,9337,153,11,0,0,8,26.0,8.78,17.92717086834734,37.06048143220031
Indiana,2020-06-03,"Title 410, Article 31",410 31 small employer qualified wellness program,indiana department of health,,Health Services,3500000425,5,1393,1,3,0,0,1,21.0,6.48,1.5625,36.78683035714285
Indiana,2020-06-03,"Title 410, Article 32",lead based paint program,indiana department of health,,Health Services,3500000426,378,40113,296,39,7,2,34,29.0,8.71,11.16005873715125,33.84960117884486
Indiana,2020-06-03,"Title 410, Article 3-2",children with special health care needs,indiana department of health,,Health Services,3500000398,116,12470,97,7,3,0,9,25.0,8.15,13.445378151260504,35.0672
Indiana,2020-06-03,"Title 410, Article 33",indoor air quality,indiana department of health,,Health Services,3500000427,55,4152,41,10,0,1,3,22.0,7.55,15.64245810055866,32.85420944558521
Indiana,2020-06-03,"Title 410, Article 34",state trauma registry,indiana department of health,,Health Services,3500000428,17,2924,7,5,0,0,5,26.0,7.39,8.108108108108109,35.51915089986156
Indiana,2020-06-03,"Title 410, Article 35",disposition of aborted remains,indiana department of health,,Health Services,3500000429,4,737,1,2,0,0,1,22.0,5.93,3.0303030303030303,31.431761786600497
Indiana,2020-06-03,"Title 410, Article 36",indiana developmental disability bracelet and identification card,indiana department of health,,Health Services,3500000430,7,998,6,1,0,0,0,19.0,6.72,1.8867924528301887,38.46111869031378
Indiana,2020-06-03,"Title 410, Article 3-6",women infants and children program rules penalties and sanctions for wic vendors,indiana department of health,,Health Services,3500000399,99,12635,68,17,5,0,9,30.0,8.05,17.733990147783253,33.37414015477214
Indiana,2020-06-03,"Title 410, Article 37",grants for veterans services,indiana department of health,,Health Services,3500000431,10,1507,4,5,1,0,0,26.0,7.13,1.7543859649122806,37.07242339832869
Indiana,2020-06-03,"Title 410, Article 38",inspection and cleanup of property contaminated with chemicals used in the illegal manufacture of a controlled substance,indiana department of health,,Health Services,3500000432,78,11129,39,13,0,1,25,32.0,7.62,11.607142857142858,36.22616525423729
Indiana,2020-06-03,"Title 410, Article 39",perinatal hospital services,indiana department of health,,Health Services,3500000433,148,10719,125,18,1,0,4,23.0,8.59,7.051282051282051,41.85021413276231
Indiana,2020-06-03,"Title 410, Article 5",radiological health,indiana department of health,,Health Services,3500000400,1567,129117,1340,64,7,9,147,34.0,9.28,18.039735099337747,34.27998477616853
Indiana,2020-06-03,"Title 410, Article 5-1",radon,indiana department of health,,Health Services,3500000401,76,7630,47,18,1,0,10,40.0,7.85,19.892473118279568,34.132820879513766
Indiana,2020-06-03,"Title 410, Article 5-2",radiography nuclear medicine and radiation therapy licensing,indiana department of health,,Health Services,3500000402,77,11078,37,27,4,0,9,32.0,7.7,6.006006006006006,38.79057526005765
Indiana,2020-06-03,"Title 410, Article 6",sanitary engineering,indiana department of health,,Health Services,3500000403,2020,112648,1625,266,10,15,104,31.0,9.46,17.566048341765036,31.367656142951805
Indiana,2020-06-03,"Title 410, Article 7",food and drugs,indiana department of health,,Health Services,3500000404,1188,114764,996,16,87,17,72,33.0,9.16,19.156976744186046,32.85565476190476
Indiana,2020-06-03,"Title 410, Article 8",dairy products,indiana department of health,,Health Services,3500000405,0,1318,0,0,0,0,0,21.0,6.34,0.0,34.412213740458014
Indiana,2020-06-03,"Title 410, Article 9",meat and meat products inspection,indiana department of health,,Health Services,3500000406,0,1112,0,0,0,0,0,20.0,5.62,0.0,37.5893300248139
Indiana,2020-06-03,"Title 412, Article 2",qualified medication aides,indiana health facilities council,,Health Services,3500000434,0,389,0,0,0,0,0,7.0,5.06,0.0,44.302439024390246
Indiana,2020-06-03,"Title 42, Article 1",indiana code of ethics,office of the inspector general,,"Security, Justice, and Corrections",3500000048,29,6391,26,1,1,0,1,30.0,6.91,9.66183574879227,31.263017679825623
Indiana,2020-06-03,"Title 431, Article 1-1",community residential facilities for persons with developmental disabilities,community residential facilities council,,Health Services,3500000435,0,139,0,0,0,0,0,16.0,5.08,0.0,54.76288659793814
Indiana,2020-06-03,"Title 431, Article 3-1",fire and life safety standards for community residential facilities for persons with developmental disabilities and persons with mental illness,community residential facilities council,,Health Services,3500000436,0,669,0,0,0,0,0,16.0,5.41,0.0,49.87290167865707
Indiana,2020-06-03,"Title 431, Article 4",fire and life safety standards for community residential facilities located in apartment buildings for persons with developmental disabilities and persons with mental illness,community residential facilities council,,Health Services,3500000437,0,757,0,0,0,0,0,16.0,5.53,0.0,49.68993839835729
Indiana,2020-06-03,"Title 440, Article 1",general provisions commissioner of mental health,division of mental health and addiction,,Health Services,3500000438,0,371,0,0,0,0,0,20.0,6.26,0.0,38.260714285714286
Indiana,2020-06-03,"Title 440, Article 10",minimum standards for the provision of services by opioid treatment facilities and programs,division of mental health and addiction,,Health Services,3500000451,356,26910,300,2,8,1,45,23.0,8.56,8.25451418744626,37.21063626867705
Indiana,2020-06-03,"Title 440, Article 11",assertive community treatment teams,division of mental health and addiction,,Health Services,3500000452,134,7145,88,36,4,0,6,23.0,8.2,8.852459016393443,35.464580467675376
Indiana,2020-06-03,"Title 440, Article 1-5",licensure of private mental health institutions,division of mental health and addiction,,Health Services,3500000439,251,14073,189,30,5,0,27,26.0,8.66,11.610486891385769,37.49852308211664
Indiana,2020-06-03,"Title 440, Article 2",division of addiction services,division of mental health and addiction,,Health Services,3500000440,2,6221,0,0,0,1,1,17.0,6.08,0.0,31.38358733880422
Indiana,2020-06-03,"Title 440, Article 4",community mental health centers,division of mental health and addiction,,Health Services,3500000441,19,1814,15,2,0,0,2,20.0,6.98,6.666666666666667,37.04377880184332
Indiana,2020-06-03,"Title 440, Article 4-1",community mental health centers certification,division of mental health and addiction,,Health Services,3500000442,99,6630,71,13,7,0,8,28.0,8.17,13.617021276595745,35.797136481963555
Indiana,2020-06-03,"Title 440, Article 4-3",managed care provider certification,division of mental health and addiction,,Health Services,3500000443,72,4897,42,10,10,0,10,27.0,7.98,16.292134831460675,37.14843171153371
Indiana,2020-06-03,"Title 440, Article 4-4",addiction treatment services provider certification,division of mental health and addiction,,Health Services,3500000444,82,4829,45,27,6,0,4,27.0,8.05,15.606936416184972,39.21075106757096
Indiana,2020-06-03,"Title 440, Article 4-5",440 4 5 allocation of resources for the long term care of adults with serious mental illness,division of mental health and addiction,,Health Services,3500000445,0,74,0,0,0,0,0,7.0,4.82,0.0,43.577777777777776
Indiana,2020-06-03,"Title 440, Article 5",community care,division of mental health and addiction,,Health Services,3500000446,8,1873,6,2,0,0,0,32.0,7.56,12.280701754385964,33.25864453665284
Indiana,2020-06-03,"Title 440, Article 6",residential care providers certification,division of mental health and addiction,,Health Services,3500000447,40,3040,30,7,1,0,2,28.0,7.82,3.7735849056603774,37.381841323716586
Indiana,2020-06-03,"Title 440, Article 7-5",residential living facilities for individuals with psychiatric disorders or addictions,division of mental health and addiction,,Health Services,3500000448,261,16785,201,38,4,1,17,29.0,8.81,13.612565445026178,36.30326309628329
Indiana,2020-06-03,"Title 440, Article 8",populations to be served by managed care providers funded by the division of mental health and to be served by community mental health centers,division of mental health and addiction,,Health Services,3500000449,4,2546,0,4,0,0,0,25.0,7.3,4.123711340206185,35.8939226519337
Indiana,2020-06-03,"Title 440, Article 9",minimum standards for the provision of services by community mental health centers and managed care providers,division of mental health and addiction,,Health Services,3500000450,183,9289,125,54,1,0,3,24.0,8.43,8.799999999999999,40.52059540613371
Indiana,2020-06-03,"Title 455, Article 1",aging,division of aging,,Social Assistance,3500000453,386,42342,296,44,9,2,35,33.0,8.64,15.840000000000002,35.28442849758263
Indiana,2020-06-03,"Title 455, Article 2",home and community based services,division of aging,,Social Assistance,3500000454,129,17217,102,8,0,0,19,25.0,7.77,10.104011887072808,35.259289639898284
Indiana,2020-06-03,"Title 455, Article 3",assisted living medicaid waiver services,division of aging,,Social Assistance,3500000455,57,5203,47,4,1,0,5,29.0,8.18,17.81609195402299,36.55998147290412
Indiana,2020-06-03,"Title 45, Article 1",gross income tax,department of state revenue,,Taxes and Public Finance,3500000049,3,7855,0,0,0,2,1,16.0,6.16,0.2132196162046908,31.57286742034944
Indiana,2020-06-03,"Title 45, Article 10",special fuel tax,department of state revenue,,Taxes and Public Finance,3500000057,43,9441,19,14,0,2,8,28.0,7.83,11.585365853658535,31.665582119111612
Indiana,2020-06-03,"Title 45, Article 11",hazardous waste land disposal tax,department of state revenue,,Taxes and Public Finance,3500000058,0,610,0,0,0,0,0,13.0,5.41,0.0,32.036458333333336
Indiana,2020-06-03,"Title 45, Article 12",gasoline tax,department of state revenue,,Taxes and Public Finance,3500000059,93,14336,54,23,5,0,11,34.0,8.0,19.806763285024157,32.91786756254973
Indiana,2020-06-03,"Title 45, Article 13",motor carrier fuel tax,department of state revenue,,Taxes and Public Finance,3500000060,25,7070,9,5,2,0,9,31.0,7.55,17.194570135746606,30.04955820207453
Indiana,2020-06-03,"Title 45, Article 15",tax administration general provisions,department of state revenue,,Taxes and Public Finance,3500000061,84,9256,38,29,3,0,14,25.0,8.52,20.86720867208672,33.2997247935952
Indiana,2020-06-03,"Title 45, Article 16",motor carriers,department of state revenue,,Taxes and Public Finance,3500000062,1220,68415,894,205,39,5,77,26.0,9.43,30.946969696969692,33.21515587226848
Indiana,2020-06-03,"Title 45, Article 17",taxation of financial institutions,department of state revenue,,Taxes and Public Finance,3500000063,51,10355,9,32,0,0,10,29.0,8.55,18.67816091954023,34.64189558936194
Indiana,2020-06-03,"Title 45, Article 18",charity gaming,department of state revenue,,Taxes and Public Finance,3500000064,0,3009,0,0,0,0,0,14.0,6.2,0.0,33.95880535530381
Indiana,2020-06-03,"Title 45, Article 19",controlled substance excise tax,department of state revenue,,Taxes and Public Finance,3500000065,0,449,0,0,0,0,0,12.0,5.34,0.0,33.231884057971016
Indiana,2020-06-03,"Title 45, Article 20",quality assessment on health facilities,department of state revenue,,Taxes and Public Finance,3500000066,0,224,0,0,0,0,0,13.0,5.26,0.0,34.958333333333336
Indiana,2020-06-03,"Title 45, Article 21",aggregate registrations,department of state revenue,,Taxes and Public Finance,3500000067,1,179,1,0,0,0,0,21.0,5.7,0.0,39.45454545454545
Indiana,2020-06-03,"Title 45, Article 2-2",sales and use tax,department of state revenue,,Taxes and Public Finance,3500000050,330,51635,130,131,9,4,56,18.0,9.27,11.538461538461538,35.624063355319244
Indiana,2020-06-03,"Title 45, Article 3-1",adjusted gross income tax,department of state revenue,,Taxes and Public Finance,3500000051,213,33067,58,90,5,3,57,11.0,8.92,9.004272099901414,34.0228482456458
Indiana,2020-06-03,"Title 45, Article 4-1",death taxation,department of state revenue,,Taxes and Public Finance,3500000052,2,3178,0,2,0,0,0,15.0,5.91,2.955665024630542,31.891824526420734
Indiana,2020-06-03,"Title 45, Article 6",petroleum severance tax,department of state revenue,,Taxes and Public Finance,3500000053,11,1420,7,4,0,0,0,23.0,6.92,6.557377049180328,30.93134598012647
Indiana,2020-06-03,"Title 45, Article 7",alcoholic beverage excise taxes,department of state revenue,,Taxes and Public Finance,3500000054,16,2656,4,2,1,0,9,30.0,7.0,22.61904761904762,31.24360980699009
Indiana,2020-06-03,"Title 45, Article 8-1",cigarette tax,department of state revenue,,Taxes and Public Finance,3500000055,34,3351,23,10,1,0,0,22.0,7.2,7.638888888888889,33.41904761904762
Indiana,2020-06-03,"Title 45, Article 9",employment agencies,department of state revenue,,Taxes and Public Finance,3500000056,57,2465,48,3,0,0,6,20.0,8.18,17.599999999999998,33.74746584398413
Indiana,2020-06-03,"Title 460, Article 1",aging,division of disability and rehabilitative services,,Social Assistance,3500000456,0,1591,0,0,0,0,0,16.0,6.74,0.0,43.00884173297966
Indiana,2020-06-03,"Title 460, Article 10",fire and life safety standards for community residential facilities for persons with developmental disabilities and persons with mental illness,division of disability and rehabilitative services,,Social Assistance,3500000462,35,3292,34,0,0,0,1,32.0,7.61,14.285714285714285,37.60645983850404
Indiana,2020-06-03,"Title 460, Article 11",fire and life safety standards for community residential facilities located in apartment buildings for persons with developmental disabilities and persons with mental illness,division of disability and rehabilitative services,,Social Assistance,3500000463,37,3450,36,0,0,0,1,32.0,7.54,13.333333333333334,37.886661211129294
Indiana,2020-06-03,"Title 460, Article 12",supported living services and supports,division of disability and rehabilitative services,,Social Assistance,3500000464,27,3289,26,0,0,0,1,32.0,6.97,8.0,37.98663793103448
Indiana,2020-06-03,"Title 460, Article 13",objective based allocation,division of disability and rehabilitative services,,Social Assistance,3500000465,10,4385,7,1,0,0,2,33.0,6.99,15.748031496062993,34.03762662807525
Indiana,2020-06-03,"Title 460, Article 14",vocational rehabilitation services,division of disability and rehabilitative services,,Social Assistance,3500000466,232,23696,70,101,11,5,45,35.0,7.97,19.36936936936937,39.742129445799534
Indiana,2020-06-03,"Title 460, Article 2",division of rehabilitation services,division of disability and rehabilitative services,,Social Assistance,3500000457,273,22273,187,64,0,0,22,28.0,8.71,13.222079589216944,34.18371314396803
Indiana,2020-06-03,"Title 460, Article 5",public assistance,division of disability and rehabilitative services,,Social Assistance,3500000458,0,418,0,0,0,0,0,8.0,5.23,0.0,42.51541850220264
Indiana,2020-06-03,"Title 460, Article 6",supported living services and supports,division of disability and rehabilitative services,,Social Assistance,3500000459,438,43233,378,6,1,1,52,33.0,7.67,11.501597444089455,37.58061481605913
Indiana,2020-06-03,"Title 460, Article 7",individualized support plan,division of disability and rehabilitative services,,Social Assistance,3500000460,48,5071,46,0,0,0,2,24.0,7.04,10.552763819095476,36.636066547831255
Indiana,2020-06-03,"Title 460, Article 9",community residential facilities for persons with developmental disabilities,division of disability and rehabilitative services,,Social Assistance,3500000461,116,9805,96,17,1,0,2,32.0,8.25,9.797297297297296,37.967486228671234
Indiana,2020-06-03,"Title 465, Article 1",public assistance,department of child services,,Social Assistance,3500000467,25,2828,18,3,0,0,4,35.0,7.7,13.924050632911392,33.49127640036731
Indiana,2020-06-03,"Title 465, Article 2",child welfare services,department of child services,,Social Assistance,3500000468,2340,163615,2072,79,9,6,174,30.0,8.84,11.969328595474098,32.946966081201474
Indiana,2020-06-03,"Title 465, Article 3",administrative reviews and hearings,department of child services,,Social Assistance,3500000469,62,12891,43,13,1,1,4,45.0,7.96,25.53191489361702,34.727012345679015
Indiana,2020-06-03,"Title 465, Article 4",indiana adoption assistance and guardianship assistance programs,department of child services,,Social Assistance,3500000470,103,16853,48,28,2,2,23,40.0,8.0,23.78640776699029,35.24339133654202
Indiana,2020-06-03,"Title 470, Article 1",general administrative rules,division of family resources,,Social Assistance,3500000471,60,5961,48,6,0,2,4,29.0,8.43,14.85148514851485,32.863357972544875
Indiana,2020-06-03,"Title 470, Article 10",aid to families with dependent children manual,division of family resources,,Social Assistance,3500000481,0,2083,0,0,0,0,0,18.0,6.23,0.0,33.67994100294985
Indiana,2020-06-03,"Title 470, Article 10-1",assistance to families with dependent children,division of family resources,,Social Assistance,3500000482,0,896,0,0,0,0,0,16.0,6.27,0.0,35.313559322033896
Indiana,2020-06-03,"Title 470, Article 10-3",tanf assistance program,division of family resources,,Social Assistance,3500000483,119,13471,84,10,2,0,23,34.0,8.56,18.01566579634465,33.772803738317755
Indiana,2020-06-03,"Title 470, Article 11-1",hospital care for the indigent,division of family resources,,Social Assistance,3500000484,0,116,0,0,0,0,0,10.0,5.28,0.0,44.21794871794872
Indiana,2020-06-03,"Title 470, Article 12",prior review of off site medical services department of correction state board of health and department of mental health,division of family resources,,Social Assistance,3500000485,24,2548,17,3,0,0,4,35.0,7.65,18.055555555555557,34.10771620921802
Indiana,2020-06-03,"Title 470, Article 13",federal social services block grant act,division of family resources,,Social Assistance,3500000486,41,3340,36,2,0,1,2,33.0,7.62,24.489795918367346,36.22244172263928
Indiana,2020-06-03,"Title 470, Article 14",welfare reform initiative,division of family resources,,Social Assistance,3500000487,0,865,0,0,0,0,0,14.0,5.62,0.0,34.33516483516483
Indiana,2020-06-03,"Title 470, Article 2",public assistance,division of family resources,,Social Assistance,3500000472,0,2734,0,0,0,0,0,18.0,6.66,0.0,36.6384872080089
Indiana,2020-06-03,"Title 470, Article 2-1",public assistance,division of family resources,,Social Assistance,3500000473,42,3465,21,5,0,0,16,41.0,7.81,22.89156626506024,35.45444485429731
Indiana,2020-06-03,"Title 470, Article 3",child welfare services,division of family resources,,Social Assistance,3500000474,1349,71801,1101,164,10,10,64,25.0,9.02,12.93731778425656,31.154171922868983
Indiana,2020-06-03,"Title 470, Article 3-1",first steps early intervention system,division of family resources,,Social Assistance,3500000475,269,29042,145,86,8,0,30,34.0,8.26,13.132530120481928,35.123125747401346
Indiana,2020-06-03,"Title 470, Article 4",crippled children s services,division of family resources,,Social Assistance,3500000476,0,3022,0,0,0,0,0,16.0,6.41,0.0,34.35799275737196
Indiana,2020-06-03,"Title 470, Article 5",medicaid providers and services,division of family resources,,Social Assistance,3500000477,1,6551,0,0,0,0,1,18.0,6.55,0.0,36.37972391943879
Indiana,2020-06-03,"Title 470, Article 6",food stamp program,division of family resources,,Social Assistance,3500000478,79,7896,58,10,0,0,11,31.0,8.39,18.367346938775512,34.35063417890521
Indiana,2020-06-03,"Title 470, Article 8-1",public assistance manual for state assistance programs,division of family resources,,Social Assistance,3500000479,0,497,0,0,0,0,0,8.0,5.49,0.0,42.19636363636364
Indiana,2020-06-03,"Title 470, Article 9-1",medicaid recipients eligibility,division of family resources,,Social Assistance,3500000480,0,1196,0,0,0,0,0,17.0,5.61,0.0,38.27841634738186
Indiana,2020-06-03,"Title 480, Article 1",administrative procedure,violent crime compensation division,,"Security, Justice, and Corrections",3500000488,0,331,0,0,0,0,0,8.0,5.4,0.0,46.994623655913976
Indiana,2020-06-03,"Title 50, Article 1",general provisions,department of local government finance,,Taxes and Public Finance,3500000068,47,4442,36,2,1,0,8,22.0,8.58,12.371134020618555,32.42062604807155
Indiana,2020-06-03,"Title 50, Article 10",economic revitalization area deduction maritime opportunity district deduction,department of local government finance,,Taxes and Public Finance,3500000077,70,6003,33,25,4,0,8,34.0,8.01,18.023255813953487,38.69833873581848
Indiana,2020-06-03,"Title 50, Article 15",assessor appraisers professional appraisers and tax representatives,department of local government finance,,Taxes and Public Finance,3500000078,71,7852,40,18,2,0,11,32.0,8.07,16.52542372881356,38.74537037037037
Indiana,2020-06-03,"Title 50, Article 16",amended personal property returns,department of local government finance,,Taxes and Public Finance,3500000079,18,1889,6,5,0,2,5,30.0,6.93,33.33333333333333,31.196476964769648
Indiana,2020-06-03,"Title 50, Article 18",industrial facility real property assessment,department of local government finance,,Taxes and Public Finance,3500000080,11,1611,8,2,1,0,0,28.0,6.84,18.181818181818183,36.01837060702876
Indiana,2020-06-03,"Title 50, Article 19",lake county industrial facility real property assessment,department of local government finance,,Taxes and Public Finance,3500000081,10,940,9,1,0,0,0,29.0,6.55,9.67741935483871,36.490538573508005
Indiana,2020-06-03,"Title 50, Article 20",remuneration for initial training and continuing education sessions,department of local government finance,,Taxes and Public Finance,3500000082,7,856,6,1,0,0,0,21.0,5.99,8.108108108108109,36.68458781362007
Indiana,2020-06-03,"Title 50, Article 21",annual adjustments,department of local government finance,,Taxes and Public Finance,3500000083,0,384,0,0,0,0,0,19.0,5.23,0.0,39.1070110701107
Indiana,2020-06-03,"Title 50, Article 2-2",real estate property assessment,department of local government finance,,Taxes and Public Finance,3500000069,0,4950,0,0,0,0,0,17.0,5.79,0.0,35.08074741408075
Indiana,2020-06-03,"Title 50, Article 24",standard deduction for homesteads,department of local government finance,,Taxes and Public Finance,3500000084,21,2427,4,14,0,0,3,30.0,7.04,11.25,34.524377031419284
Indiana,2020-06-03,"Title 50, Article 2-4",real property assessment manual,department of local government finance,,Taxes and Public Finance,3500000070,6,578,4,2,0,0,0,33.0,6.52,5.88235294117647,35.95565410199556
Indiana,2020-06-03,"Title 50, Article 26",computer standards for a uniform and common property tax management system,department of local government finance,,Taxes and Public Finance,3500000085,698,60711,146,412,16,1,123,21.0,9.16,5.803893294881038,33.3204425711275
Indiana,2020-06-03,"Title 50, Article 27",annual adjustments and equalization standards,department of local government finance,,Taxes and Public Finance,3500000086,112,9346,69,24,0,0,19,28.0,7.98,24.0625,36.92702702702703
Indiana,2020-06-03,"Title 50, Article 29",procedures for the assessment of golf courses,department of local government finance,,Taxes and Public Finance,3500000087,9,1734,8,1,0,0,0,20.0,7.31,7.142857142857142,37.41309620048504
Indiana,2020-06-03,"Title 50, Article 30",market segmentation of real property improvements,department of local government finance,,Taxes and Public Finance,3500000088,4,2991,0,1,1,0,2,25.0,7.53,6.0344827586206895,38.79864636209814
Indiana,2020-06-03,"Title 50, Article 3-1",taxation of mobile homes,department of local government finance,,Taxes and Public Finance,3500000071,0,372,0,0,0,0,0,16.0,5.71,0.0,36.51489361702128
Indiana,2020-06-03,"Title 50, Article 3-3",assessment of mobile homes,department of local government finance,,Taxes and Public Finance,3500000072,13,1686,11,0,0,0,2,36.0,6.62,29.545454545454547,29.36746490503716
Indiana,2020-06-03,"Title 50, Article 4-2",assessment of tangible personal property,department of local government finance,,Taxes and Public Finance,3500000073,268,31775,116,90,4,0,58,31.0,8.84,28.58585858585859,34.17946860824153
Indiana,2020-06-03,"Title 50, Article 5-1",public utility assessment,department of local government finance,,Taxes and Public Finance,3500000074,161,18191,86,34,6,0,35,30.0,7.85,18.49912739965096,34.795985900294944
Indiana,2020-06-03,"Title 50, Article 8",tax increment finance,department of local government finance,,Taxes and Public Finance,3500000075,69,11900,9,39,6,0,15,35.0,7.89,24.307692307692307,35.17286166842661
Indiana,2020-06-03,"Title 50, Article 9",capital projects fund,department of local government finance,,Taxes and Public Finance,3500000076,49,5412,24,21,2,2,0,25.0,8.33,14.883720930232558,34.35611038107753
Indiana,2020-06-03,"Title 510, Article 2",administration school finance,commission on general education,,Primary and Secondary Education,3500000489,0,455,0,0,0,0,0,16.0,5.38,0.0,39.37086092715232
Indiana,2020-06-03,"Title 510, Article 4",curriculum requirements for commissioned schools,commission on general education,,Primary and Secondary Education,3500000490,0,445,0,0,0,0,0,15.0,5.33,0.0,41.68259385665529
Indiana,2020-06-03,"Title 510, Article 6",extended school services,commission on general education,,Primary and Secondary Education,3500000491,0,158,0,0,0,0,0,17.0,5.35,0.0,39.090090090090094
Indiana,2020-06-03,"Title 510, Article 7",special education,commission on general education,,Primary and Secondary Education,3500000492,0,117,0,0,0,0,0,16.0,5.27,0.0,41.5
Indiana,2020-06-03,"Title 510, Article 9",graduation requirements,commission on general education,,Primary and Secondary Education,3500000493,2,443,0,0,0,0,2,15.0,5.34,0.0,38.79432624113476
Indiana,2020-06-03,"Title 511, Article 1",administration information collection processing school finance general provisions,indiana state board of education,,Primary and Secondary Education,3500000494,84,8751,73,7,2,0,2,30.0,8.21,8.480565371024735,33.29771577495018
Indiana,2020-06-03,"Title 511, Article 10",teacher training and licensing requirements for education begun after academic year 1977 78,indiana state board of education,,Primary and Secondary Education,3500000505,29,8576,21,6,0,0,2,18.0,6.85,2.217294900221729,41.427792436235706
Indiana,2020-06-03,"Title 511, Article 10-1",teacher training and licensing,indiana state board of education,,Primary and Secondary Education,3500000506,41,5054,25,5,0,0,11,27.0,7.83,14.054054054054054,39.762490770366725
Indiana,2020-06-03,"Title 511, Article 11",adult education,indiana state board of education,,Primary and Secondary Education,3500000507,2,581,1,0,0,0,1,17.0,6.27,6.25,32.47058823529412
Indiana,2020-06-03,"Title 511, Article 12",summer school programs,indiana state board of education,,Primary and Secondary Education,3500000508,10,937,9,1,0,0,0,33.0,6.47,3.7037037037037033,31.700176366843035
Indiana,2020-06-03,"Title 511, Article 13",accreditation of teacher preparation programs,indiana state board of education,,Primary and Secondary Education,3500000509,11,1168,7,4,0,0,0,24.0,7.72,8.16326530612245,43.19548133595285
Indiana,2020-06-03,"Title 511, Article 14",initial practitioner and practitioner licenses,indiana state board of education,,Primary and Secondary Education,3500000510,15,2161,9,5,0,0,1,26.0,7.25,17.073170731707318,40.477923627684966
Indiana,2020-06-03,"Title 511, Article 15",school settings and license content areas,indiana state board of education,,Primary and Secondary Education,3500000511,73,9538,51,10,0,0,12,34.0,7.46,21.50537634408602,36.56072386058981
Indiana,2020-06-03,"Title 511, Article 16",issuance and revocation of various licenses and permits,indiana state board of education,,Primary and Secondary Education,3500000512,66,4766,40,17,2,0,7,25.0,8.26,14.0625,38.4796668299853
Indiana,2020-06-03,"Title 511, Article 17",workplace specialist licenses,indiana state board of education,,Primary and Secondary Education,3500000513,17,1899,4,11,0,0,2,22.0,7.5,2.380952380952381,39.35346471710108
Indiana,2020-06-03,"Title 511, Article 18",educational interpreter permit,indiana state board of education,,Primary and Secondary Education,3500000514,17,1340,13,4,0,0,0,23.0,7.43,14.035087719298245,39.57539315448658
Indiana,2020-06-03,"Title 511, Article 19",endorsement of school psychologists as independent practice school psychologists,indiana state board of education,,Primary and Secondary Education,3500000515,12,1821,4,5,1,0,2,35.0,7.62,15.384615384615383,39.91513157894737
Indiana,2020-06-03,"Title 511, Article 2",school construction,indiana state board of education,,Primary and Secondary Education,3500000495,0,223,0,0,0,0,0,13.0,5.64,0.0,43.94701986754967
Indiana,2020-06-03,"Title 511, Article 20",certificate of multilingual proficiency,indiana state board of education,,Primary and Secondary Education,3500000516,7,733,4,1,0,0,2,21.0,6.94,2.857142857142857,39.025597269624576
Indiana,2020-06-03,"Title 511, Article 21",teacher preparation program,indiana state board of education,,Primary and Secondary Education,3500000517,7,551,2,1,0,0,4,27.0,6.74,10.0,39.42270531400966
Indiana,2020-06-03,"Title 511, Article 3",reorganization of school corporations,indiana state board of education,,Primary and Secondary Education,3500000496,1,257,1,0,0,0,0,13.0,6.35,0.0,39.10909090909091
Indiana,2020-06-03,"Title 511, Article 4",pupil personnel services student health testing food and nutrition programs extended services,indiana state board of education,,Primary and Secondary Education,3500000497,85,6561,81,2,1,0,1,31.0,8.58,11.219512195121952,37.637163173652695
Indiana,2020-06-03,"Title 511, Article 5",achievement tests,indiana state board of education,,Primary and Secondary Education,3500000498,53,4610,26,20,1,0,6,30.0,8.05,8.666666666666668,35.30854476523768
Indiana,2020-06-03,"Title 511, Article 6",driver education graduation requirements nonstandard programs high ability students postsecondary enrollment,indiana state board of education,,Primary and Secondary Education,3500000499,138,13637,46,58,3,0,31,25.0,8.46,5.970149253731343,37.52403228765364
Indiana,2020-06-03,"Title 511, Article 6-1",school accreditation,indiana state board of education,,Primary and Secondary Education,3500000500,76,12010,54,9,1,1,11,26.0,8.14,8.108108108108109,36.20044491277368
Indiana,2020-06-03,"Title 511, Article 6-2",school performance and growth accountability,indiana state board of education,,Primary and Secondary Education,3500000501,197,18704,142,37,1,2,15,30.0,8.47,14.967105263157896,35.27855670103093
Indiana,2020-06-03,"Title 511, Article 6-3",adult high school performance and improvement accountability,indiana state board of education,,Primary and Secondary Education,3500000502,29,1927,24,4,0,0,1,31.0,7.41,11.666666666666666,34.13793103448276
Indiana,2020-06-03,"Title 511, Article 7",special education,indiana state board of education,,Primary and Secondary Education,3500000503,789,84474,185,472,31,3,98,32.0,8.99,25.05791505791506,36.351623291363175
Indiana,2020-06-03,"Title 511, Article 8",vocational education,indiana state board of education,,Primary and Secondary Education,3500000504,20,1752,18,1,0,0,1,27.0,7.1,4.838709677419355,34.71463414634146
Indiana,2020-06-03,"Title 512, Article 1",threshold of student absences for reporting purposes to local health departments,department of education,,Primary and Secondary Education,3500000518,9,712,7,0,0,0,2,22.0,7.07,6.25,39.47433628318584
Indiana,2020-06-03,"Title 512, Article 3",school scholarship program,department of education,,Primary and Secondary Education,3500000519,9,1018,4,3,0,0,2,24.0,6.84,9.523809523809524,39.21935483870968
Indiana,2020-06-03,"Title 512, Article 4",choice scholarship program,department of education,,Primary and Secondary Education,3500000520,42,3745,17,13,5,0,7,34.0,7.17,17.431192660550458,37.17166392092257
Indiana,2020-06-03,"Title 512, Article 5",family friendly schools program,department of education,,Primary and Secondary Education,3500000521,26,1540,26,0,0,0,0,20.0,6.9,3.896103896103896,36.23514644351464
Indiana,2020-06-03,"Title 513, Article 1",seclusion and restraint in schools,commission on seclusion and restraint in schools,,Primary and Secondary Education,3500000522,47,6005,31,11,0,3,2,29.0,7.8,12.560386473429952,35.55870615416929
Indiana,2020-06-03,"Title 515, Article 1",teacher training and licensing beginning residency and license renewal,advisory board of the division of professional standards,,"Industry, Commerce, and Development",3500000523,0,5632,0,0,0,0,0,15.0,6.54,0.0,41.424558587479936
Indiana,2020-06-03,"Title 515, Article 10",workplace specialist licenses requirements,advisory board of the division of professional standards,,"Industry, Commerce, and Development",3500000529,0,563,0,0,0,0,0,10.0,5.96,0.0,46.469208211143695
Indiana,2020-06-03,"Title 515, Article 12",accomplished practitioner license,advisory board of the division of professional standards,,"Industry, Commerce, and Development",3500000530,0,171,0,0,0,0,0,12.0,5.78,0.0,50.582608695652176
Indiana,2020-06-03,"Title 515, Article 2",515 2 endorsement of school psychologists as independent practice school psychologists,advisory board of the division of professional standards,,"Industry, Commerce, and Development",3500000524,0,107,0,0,0,0,0,11.0,5.57,0.0,47.64935064935065
Indiana,2020-06-03,"Title 515, Article 3",performance based process for accreditation of teacher preparation programs,advisory board of the division of professional standards,,"Industry, Commerce, and Development",3500000525,0,143,0,0,0,0,0,12.0,5.85,0.0,43.39795918367347
Indiana,2020-06-03,"Title 515, Article 4",professional educator license teachers,advisory board of the division of professional standards,,"Industry, Commerce, and Development",3500000526,0,676,0,0,0,0,0,14.0,5.85,0.0,42.47757847533632
Indiana,2020-06-03,"Title 515, Article 8",initial practitioner and other licenses,advisory board of the division of professional standards,,"Industry, Commerce, and Development",3500000527,0,1661,0,0,0,0,0,9.0,5.89,0.0,42.936763129689176
Indiana,2020-06-03,"Title 515, Article 9",issuance and revocation of various licenses and permits,advisory board of the division of professional standards,,"Industry, Commerce, and Development",3500000528,0,1063,0,0,0,0,0,13.0,6.3,0.0,42.56381486676017
Indiana,2020-06-03,"Title 52, Article 1",52 1 tax representatives,indiana board of tax review,,Taxes and Public Finance,3500000089,19,2354,7,4,5,0,3,32.0,7.21,15.27777777777778,34.86784140969163
Indiana,2020-06-03,"Title 52, Article 2",procedural rules,indiana board of tax review,,Taxes and Public Finance,3500000090,107,10539,45,44,8,2,8,29.0,7.74,18.155619596541783,30.748839543344623
Indiana,2020-06-03,"Title 52, Article 3",52 3 small claims procedures,indiana board of tax review,,Taxes and Public Finance,3500000091,13,1605,10,1,2,0,0,32.0,7.19,27.08333333333333,30.84584342211461
Indiana,2020-06-03,"Title 530, Article 2",requirements for education begun after academic year 1977 78,commission on teacher training and licensing,,Primary and Secondary Education,3500000531,0,4362,0,0,0,0,0,17.0,5.91,0.0,39.87585217079297
Indiana,2020-06-03,"Title 540, Article 1",family college savings trust program procedures and operations,indiana education savings authority,,College and University,3500000532,0,1606,0,0,0,0,0,10.0,5.75,0.0,42.776931447225245
Indiana,2020-06-03,"Title 550, Article 2",indiana state teachers retirement fund,board of trustees of the indiana state teachers retirement fund,,Primary and Secondary Education,3500000533,4,5498,0,0,0,0,4,18.0,5.78,0.0,35.42109436954798
Indiana,2020-06-03,"Title 550, Article 3",model plan amendment,board of trustees of the indiana state teachers retirement fund,,Primary and Secondary Education,3500000534,0,228,0,0,0,0,0,14.0,5.26,0.0,38.32911392405063
Indiana,2020-06-03,"Title 55, Article 4",solar energy income tax credit,indiana economic development corporation,,"Industry, Commerce, and Development",3500000092,1,2396,0,0,0,0,1,15.0,5.8,0.0,40.482849604221634
Indiana,2020-06-03,"Title 560, Article 2",general provisions,indiana education employment relations board,,Primary and Secondary Education,3500000535,270,15547,237,6,3,0,24,30.0,8.42,21.16504854368932,34.454833475001934
Indiana,2020-06-03,"Title 575, Article 1",minimum specifications for school buses,state school bus committee,,Primary and Secondary Education,3500000536,505,28386,17,460,10,8,10,22.0,8.55,9.70496894409938,28.354385324450124
Indiana,2020-06-03,"Title 590, Article 1",general provisions,indiana library and historical board,,"Culture, Recreation, and the Arts",3500000537,0,290,0,0,0,0,0,18.0,5.7,0.0,36.675392670157066
Indiana,2020-06-03,"Title 590, Article 3",statewide library card program,indiana library and historical board,,"Culture, Recreation, and the Arts",3500000538,35,2794,21,7,1,0,6,30.0,7.3,16.666666666666664,28.56191806331471
Indiana,2020-06-03,"Title 590, Article 5",librarian certification,indiana library and historical board,,"Culture, Recreation, and the Arts",3500000539,75,6988,42,15,0,0,18,28.0,7.89,4.979253112033195,39.35088372093024
Indiana,2020-06-03,"Title 590, Article 6",general provisions,indiana library and historical board,,"Culture, Recreation, and the Arts",3500000540,51,3473,36,11,0,0,4,23.0,8.1,4.827586206896552,34.8580915763719
Indiana,2020-06-03,"Title 60, Article 1-1",general provisions,oversight committee on public records,,Administration,3500000093,11,870,5,6,0,0,0,34.0,7.15,16.0,36.84692417739628
Indiana,2020-06-03,"Title 60, Article 2",microfilming standards,oversight committee on public records,,Administration,3500000094,26,2473,12,11,0,0,3,27.0,7.84,5.617977528089887,35.67665002773156
Indiana,2020-06-03,"Title 60, Article 3",electronic copies of forms,oversight committee on public records,,Administration,3500000095,3,652,2,1,0,0,0,26.0,6.22,12.5,30.321342925659472
Indiana,2020-06-03,"Title 60, Article 4",commercial use of governmental records of the administration,oversight committee on public records,,Administration,3500000096,2,481,0,0,1,1,0,29.0,6.11,6.25,31.645390070921987
Indiana,2020-06-03,"Title 610, Article 10",youth employment,department of labor,,Labor and Workforce Development,3500000546,7,1087,4,1,0,0,2,25.0,6.43,4.761904761904762,30.559701492537314
Indiana,2020-06-03,"Title 610, Article 11",right to work,department of labor,,Labor and Workforce Development,3500000547,27,1964,19,2,0,0,6,30.0,7.61,25.0,31.891840607210625
Indiana,2020-06-03,"Title 610, Article 4",safety education and training occupational safety,department of labor,,Labor and Workforce Development,3500000541,0,2669,0,0,0,0,0,15.0,6.23,0.5882352941176471,36.62753036437247
Indiana,2020-06-03,"Title 610, Article 6",wages and hours,department of labor,,Labor and Workforce Development,3500000542,13,1609,8,2,0,0,3,28.0,6.67,15.789473684210526,31.66481481481481
Indiana,2020-06-03,"Title 610, Article 7",discrimination against employees exercising their rights under the indiana occupational safety and health act,department of labor,,Labor and Workforce Development,3500000543,9,743,9,0,0,0,0,26.0,6.69,7.4074074074074066,35.21906693711968
Indiana,2020-06-03,"Title 610, Article 8",safety education and training,department of labor,,Labor and Workforce Development,3500000544,14,2896,13,0,1,0,0,33.0,7.24,16.470588235294116,34.377277085330775
Indiana,2020-06-03,"Title 610, Article 9",occupational safety and health,department of labor,,Labor and Workforce Development,3500000545,54,3944,42,2,2,1,7,30.0,7.6,20.967741935483872,35.225366876310275
Indiana,2020-06-03,"Title 615, Article 1",occupational health and safety proceedings before the board of safety review,board of safety review,,"Security, Justice, and Corrections",3500000548,74,5651,58,3,0,0,13,45.0,7.7,38.52459016393443,30.41287878787879
Indiana,2020-06-03,"Title 620, Article 1",health and safety standards,occupational safety standards commission,,Labor and Workforce Development,3500000549,74,19121,63,4,0,0,7,21.0,8.96,6.0606060606060606,39.04052004333695
Indiana,2020-06-03,"Title 62, Article 1",formal complaints,office of the public access counselor,,Administration,3500000097,4,680,3,1,0,0,0,35.0,6.83,31.57894736842105,30.357001972386588
Indiana,2020-06-03,"Title 630, Article 1",workmen s compensation,industrial board of indiana,,"Industry, Commerce, and Development",3500000550,0,2031,0,0,0,0,0,17.0,5.81,0.0,37.14699162223915
Indiana,2020-06-03,"Title 631, Article 1",worker s compensation,worker s compensation board of indiana,,Labor and Workforce Development,3500000551,126,10991,99,16,2,0,9,35.0,8.21,20.588235294117645,30.2438648488441
Indiana,2020-06-03,"Title 646, Article 1",646 1 employment and training services opportunities industrialization centers,department of workforce development,,Labor and Workforce Development,3500000552,0,36,0,0,0,0,0,9.0,4.84,0.0,70.11538461538461
Indiana,2020-06-03,"Title 646, Article 2",employment and training services policies and procedures,department of workforce development,,Labor and Workforce Development,3500000553,0,1001,0,0,0,0,0,7.0,5.28,0.0,44.39338235294117
Indiana,2020-06-03,"Title 646, Article 3",indiana employment security act administration,department of workforce development,,Labor and Workforce Development,3500000554,0,3940,0,0,0,0,0,10.0,6.38,0.0,43.58497691984893
Indiana,2020-06-03,"Title 646, Article 5",indiana employment and training services act administration,department of workforce development,,Labor and Workforce Development,3500000555,240,25471,164,46,1,1,28,35.0,8.41,27.23463687150838,34.192705716869284
Indiana,2020-06-03,"Title 650, Article 11",liquefied petroleum gas,state fire marshal,,"Security, Justice, and Corrections",3500000556,2,841,0,2,0,0,0,15.0,5.91,0.0,38.07821229050279
Indiana,2020-06-03,"Title 655, Article 1",personnel standards and education,board of firefighting personnel standards and education,,"Security, Justice, and Corrections",3500000557,223,25639,199,5,2,0,17,37.0,7.97,16.99544764795144,35.9072501265538
Indiana,2020-06-03,"Title 65, Article 1",the commission,state lottery commission,,Taxes and Public Finance,3500000098,36,5672,22,8,1,4,1,27.0,7.9,8.212560386473431,34.259669811320755
Indiana,2020-06-03,"Title 65, Article 2",procurement,state lottery commission,,Taxes and Public Finance,3500000099,55,5925,35,4,1,1,14,32.0,7.74,22.47191011235955,32.53159936116815
Indiana,2020-06-03,"Title 65, Article 3",retailers,state lottery commission,,Taxes and Public Finance,3500000100,32,5693,16,8,3,2,3,29.0,7.61,8.290155440414509,34.385771307818736
Indiana,2020-06-03,"Title 65, Article 4",scratch off games,state lottery commission,,Taxes and Public Finance,3500000101,0,11259,0,0,0,0,0,20.0,6.17,0.0,33.81173081958628
Indiana,2020-06-03,"Title 65, Article 5",draw games,state lottery commission,,Taxes and Public Finance,3500000102,0,864,0,0,0,0,0,16.0,5.66,0.0,34.13392857142857
Indiana,2020-06-03,"Title 65, Article 6",pull tab games,state lottery commission,,Taxes and Public Finance,3500000103,0,591,0,0,0,0,0,14.0,5.66,0.0,30.940054495912808
Indiana,2020-06-03,"Title 65, Article 7",lottery games,state lottery commission,,Taxes and Public Finance,3500000104,14,5390,13,1,0,0,0,19.0,6.52,8.02919708029197,30.982991360691145
Indiana,2020-06-03,"Title 65, Article 8",prize claims validation and payment,state lottery commission,,Taxes and Public Finance,3500000105,54,4406,23,29,0,0,2,35.0,7.9,23.577235772357724,30.67964404894327
Indiana,2020-06-03,"Title 660, Article 1",general building requirements,administrative building council of indiana,,"Industry, Commerce, and Development",3500000558,0,2369,0,0,0,0,0,17.0,5.82,0.0,43.93937460114869
Indiana,2020-06-03,"Title 660, Article 3",one and two family dwellings,administrative building council of indiana,,"Industry, Commerce, and Development",3500000559,0,816,0,0,0,0,0,19.0,6.0,0.0,36.15055762081784
Indiana,2020-06-03,"Title 660, Article 4",energy conservation,administrative building council of indiana,,"Industry, Commerce, and Development",3500000560,0,828,0,0,0,0,0,16.0,5.92,0.0,40.788497217068645
Indiana,2020-06-03,"Title 660, Article 5",swimming pool code,administrative building council of indiana,,"Industry, Commerce, and Development",3500000561,0,592,0,0,0,0,0,16.0,5.95,0.0,44.97555012224939
Indiana,2020-06-03,"Title 660, Article 7",electrical rules,administrative building council of indiana,,"Industry, Commerce, and Development",3500000562,0,147,0,0,0,0,0,13.0,5.38,0.0,42.819148936170215
Indiana,2020-06-03,"Title 670, Article 1",general provisions,elevator safety board,,"Industry, Commerce, and Development",3500000563,0,482,0,0,0,0,0,19.0,5.59,0.0,40.58045977011494
Indiana,2020-06-03,"Title 675, Article 11",fire prevention rules,fire prevention and building safety commission,,"Security, Justice, and Corrections",3500000564,0,352,0,0,0,0,0,29.0,5.62,0.0,37.83870967741935
Indiana,2020-06-03,"Title 675, Article 11-1",fire protection in public buildings,fire prevention and building safety commission,,"Security, Justice, and Corrections",3500000565,0,751,0,0,0,0,0,20.0,5.74,0.0,37.36
Indiana,2020-06-03,"Title 675, Article 11-3",flammable liquids code,fire prevention and building safety commission,,"Security, Justice, and Corrections",3500000566,0,803,0,0,0,0,0,23.0,5.62,0.0,41.18448275862069
Indiana,2020-06-03,"Title 675, Article 12",administration,fire prevention and building safety commission,,"Security, Justice, and Corrections",3500000567,376,42114,283,16,8,4,65,31.0,8.69,14.027149321266968,33.23381939114863
Indiana,2020-06-03,"Title 675, Article 13",building codes,fire prevention and building safety commission,,"Security, Justice, and Corrections",3500000568,328,37457,224,2,0,0,102,39.0,8.07,13.951011714589988,34.06379013093518
Indiana,2020-06-03,"Title 675, Article 14",one and two family dwelling code,fire prevention and building safety commission,,"Security, Justice, and Corrections",3500000569,859,75125,744,3,1,11,100,23.0,8.64,8.814102564102564,32.739690819784485
Indiana,2020-06-03,"Title 675, Article 15",industrialized building systems,fire prevention and building safety commission,,"Security, Justice, and Corrections",3500000570,1084,58556,987,10,3,10,74,26.0,9.16,12.901765504753282,33.012323060481144
Indiana,2020-06-03,"Title 675, Article 16",plumbing code,fire prevention and building safety commission,,"Security, Justice, and Corrections",3500000571,62,7016,54,0,0,2,6,29.0,8.44,11.440677966101696,33.37805796010538
Indiana,2020-06-03,"Title 675, Article 17",electrical codes,fire prevention and building safety commission,,"Security, Justice, and Corrections",3500000572,24,4783,19,0,0,3,2,32.0,7.37,12.587412587412588,33.26127278541733
Indiana,2020-06-03,"Title 675, Article 18",mechanical code,fire prevention and building safety commission,,"Security, Justice, and Corrections",3500000573,51,5036,36,1,0,0,14,27.0,8.56,15.934065934065933,36.22789882294015
Indiana,2020-06-03,"Title 675, Article 19",energy conservation codes,fire prevention and building safety commission,,"Security, Justice, and Corrections",3500000574,13,2592,4,1,0,0,8,23.0,7.42,11.320754716981131,37.52412280701754
Indiana,2020-06-03,"Title 675, Article 20",swimming pool code,fire prevention and building safety commission,,"Security, Justice, and Corrections",3500000575,700,38209,652,21,2,3,22,31.0,8.95,13.155703580349709,29.560510626831487
Indiana,2020-06-03,"Title 675, Article 21",safety codes for elevators escalators manlifts and hoists,fire prevention and building safety commission,,"Security, Justice, and Corrections",3500000576,166,15146,119,7,1,0,39,24.0,8.33,11.091854419410744,36.41728801803364
Indiana,2020-06-03,"Title 675, Article 22",fire prevention codes,fire prevention and building safety commission,,"Security, Justice, and Corrections",3500000577,739,87107,564,20,4,16,135,19.0,8.55,5.90607210626186,35.30946358768847
Indiana,2020-06-03,"Title 675, Article 23",recreational facilities,fire prevention and building safety commission,,"Security, Justice, and Corrections",3500000578,6,2844,5,0,0,1,0,17.0,6.37,0.6060606060606061,38.3542576419214
Indiana,2020-06-03,"Title 675, Article 24",supplementary fire safety rules,fire prevention and building safety commission,,"Security, Justice, and Corrections",3500000579,41,2986,38,0,0,0,3,33.0,7.57,14.606741573033707,29.98173076923077
Indiana,2020-06-03,"Title 675, Article 25",fuel gas code,fire prevention and building safety commission,,"Security, Justice, and Corrections",3500000580,29,2874,23,0,0,0,6,21.0,8.05,9.558823529411764,37.31263292216078
Indiana,2020-06-03,"Title 675, Article 26",regulated explosives use and licensure,fire prevention and building safety commission,,"Security, Justice, and Corrections",3500000581,69,4981,62,1,0,0,6,19.0,8.39,5.859375,35.01992709599028
Indiana,2020-06-03,"Title 675, Article 27",indiana visitability rule for one and two family dwellings and townhouses,fire prevention and building safety commission,,"Security, Justice, and Corrections",3500000582,144,6908,138,1,1,0,4,34.0,8.32,20.812182741116757,31.90114942528736
Indiana,2020-06-03,"Title 675, Article 28",national fire protection association,fire prevention and building safety commission,,"Security, Justice, and Corrections",3500000583,432,38199,346,0,0,2,84,20.0,8.72,8.291316526610643,37.55725215482455
Indiana,2020-06-03,"Title 675, Article 29",outdoor event equipment,fire prevention and building safety commission,,"Security, Justice, and Corrections",3500000584,19,2362,13,0,0,0,6,36.0,7.25,10.76923076923077,35.93398957730168
Indiana,2020-06-03,"Title 675, Article 30",indiana boiler and pressure vessel rules,fire prevention and building safety commission,,"Security, Justice, and Corrections",3500000585,476,41612,429,11,1,9,26,40.0,8.14,18.981018981018984,30.323077427176518
Indiana,2020-06-03,"Title 675, Article 31",indiana amusement device code,fire prevention and building safety commission,,"Security, Justice, and Corrections",3500000586,191,22693,174,6,0,0,11,33.0,7.84,14.071856287425147,34.09611492001306
Indiana,2020-06-03,"Title 68, Article 1",general provisions,indiana gaming commission,,"Industry, Commerce, and Development",3500000106,214,35033,138,48,6,1,21,32.0,8.0,8.07799442896936,32.183793891543736
Indiana,2020-06-03,"Title 68, Article 10",conduct of gaming,indiana gaming commission,,"Industry, Commerce, and Development",3500000115,493,36042,252,205,25,3,8,26.0,8.21,22.017673048600884,24.57540683412224
Indiana,2020-06-03,"Title 68, Article 11",internal control procedures,indiana gaming commission,,"Industry, Commerce, and Development",3500000116,237,11836,205,26,0,2,4,27.0,8.26,9.567198177676538,31.18626142314406
Indiana,2020-06-03,"Title 68, Article 12",security and surveillance,indiana gaming commission,,"Industry, Commerce, and Development",3500000117,84,6590,18,56,2,0,8,22.0,8.48,8.389261744966444,34.58219696969697
Indiana,2020-06-03,"Title 68, Article 13",seizure forfeiture and disciplinary hearings,indiana gaming commission,,"Industry, Commerce, and Development",3500000118,39,6286,0,37,2,0,0,26.0,7.73,12.82051282051282,33.11801632140615
Indiana,2020-06-03,"Title 68, Article 14",gaming equipment,indiana gaming commission,,"Industry, Commerce, and Development",3500000119,275,13868,186,84,3,0,2,27.0,8.26,8.678500986193294,29.78637234333668
Indiana,2020-06-03,"Title 68, Article 15",accounting records and procedures,indiana gaming commission,,"Industry, Commerce, and Development",3500000120,414,23955,301,92,4,1,16,27.0,8.65,12.093023255813954,33.304401735895844
Indiana,2020-06-03,"Title 68, Article 16",credit,indiana gaming commission,,"Industry, Commerce, and Development",3500000121,61,3944,47,7,2,0,5,24.0,7.69,12.34567901234568,33.36312664907652
Indiana,2020-06-03,"Title 68, Article 17",movement of gaming equipment,indiana gaming commission,,"Industry, Commerce, and Development",3500000122,27,2890,11,12,2,0,2,29.0,7.29,20.40816326530612,32.413327526132406
Indiana,2020-06-03,"Title 68, Article 18",dispute procedures,indiana gaming commission,,"Industry, Commerce, and Development",3500000123,10,866,9,1,0,0,0,25.0,6.84,12.12121212121212,30.437603993344425
Indiana,2020-06-03,"Title 68, Article 19",warehouses,indiana gaming commission,,"Industry, Commerce, and Development",3500000124,9,734,0,8,1,0,0,30.0,6.48,4.166666666666666,31.27974947807933
Indiana,2020-06-03,"Title 68, Article 2",licenses and approval of associated equipment,indiana gaming commission,,"Industry, Commerce, and Development",3500000107,640,44686,312,277,14,1,36,32.0,8.64,17.63005780346821,34.39970926089559
Indiana,2020-06-03,"Title 68, Article 21",charity gaming,indiana gaming commission,,"Industry, Commerce, and Development",3500000125,159,15300,48,85,7,2,17,27.0,8.15,17.293233082706767,32.48283111422565
Indiana,2020-06-03,"Title 68, Article 24",boxing and mixed martial arts,indiana gaming commission,,"Industry, Commerce, and Development",3500000126,403,31786,53,253,25,26,46,33.0,8.61,23.10924369747899,32.46110395026158
Indiana,2020-06-03,"Title 68, Article 25",limited mobile gaming,indiana gaming commission,,"Industry, Commerce, and Development",3500000127,182,10357,116,47,1,1,17,21.0,8.12,10.677618069815194,34.945337620578776
Indiana,2020-06-03,"Title 68, Article 26",paid fantasy sports,indiana gaming commission,,"Industry, Commerce, and Development",3500000128,123,8088,74,27,7,3,12,27.0,8.16,13.993174061433448,35.079028245280256
Indiana,2020-06-03,"Title 68, Article 3",minority and women s business enterprises,indiana gaming commission,,"Industry, Commerce, and Development",3500000108,39,4865,31,1,4,0,3,36.0,7.52,12.030075187969924,36.173413566739605
Indiana,2020-06-03,"Title 68, Article 4",corporations,indiana gaming commission,,"Industry, Commerce, and Development",3500000109,38,3560,25,7,0,1,5,37.0,7.89,17.02127659574468,33.51001697792869
Indiana,2020-06-03,"Title 68, Article 5",transfer of ownership,indiana gaming commission,,"Industry, Commerce, and Development",3500000110,68,6446,25,30,5,0,8,36.0,7.83,14.04494382022472,35.210607225211376
Indiana,2020-06-03,"Title 68, Article 6",exclusion and eviction of persons,indiana gaming commission,,"Industry, Commerce, and Development",3500000111,91,6942,50,39,1,1,0,28.0,8.07,13.709677419354838,32.47023280611338
Indiana,2020-06-03,"Title 68, Article 7",denial and exclusion hearings,indiana gaming commission,,"Industry, Commerce, and Development",3500000112,39,3333,31,6,2,0,0,30.0,7.55,16.51376146788991,30.763527054108216
Indiana,2020-06-03,"Title 68, Article 8",public safety and excursions,indiana gaming commission,,"Industry, Commerce, and Development",3500000113,65,6988,63,1,0,0,1,25.0,7.65,5.054151624548736,37.05225793729048
Indiana,2020-06-03,"Title 68, Article 9",ethics,indiana gaming commission,,"Industry, Commerce, and Development",3500000114,45,5318,38,1,1,2,3,22.0,7.22,6.25,34.595749877870055
Indiana,2020-06-03,"Title 710, Article 1",general provisions,securities division,,"Banking, Insurance, and Securities",3500000587,16,3426,12,2,0,0,2,17.0,7.42,5.5,36.66398985629755
Indiana,2020-06-03,"Title 710, Article 2",supervision of continuing care contracts,securities division,,"Banking, Insurance, and Securities",3500000588,51,4050,39,4,0,0,8,32.0,8.17,12.8,35.070180815200736
Indiana,2020-06-03,"Title 710, Article 3",business takeover offers,securities division,,"Banking, Insurance, and Securities",3500000589,15,1125,1,10,0,0,4,34.0,7.09,31.25,32.144
Indiana,2020-06-03,"Title 710, Article 4",uniform securities,securities division,,"Banking, Insurance, and Securities",3500000590,545,42114,372,56,11,2,104,16.0,9.43,12.198739340007416,35.22751870125736
Indiana,2020-06-03,"Title 71, Article 1",definitions,indiana horse racing commission,,"Culture, Recreation, and the Arts",3500000129,13,16072,5,5,0,1,2,35.0,7.13,3.9260969976905313,29.052368313597388
Indiana,2020-06-03,"Title 71, Article 10",due process and disciplinary action,indiana horse racing commission,,"Culture, Recreation, and the Arts",3500000145,158,13841,99,40,6,1,12,36.0,8.42,25.265957446808518,31.78092122712404
Indiana,2020-06-03,"Title 71, Article 11",permit application requirements and criteria,indiana horse racing commission,,"Culture, Recreation, and the Arts",3500000146,85,7323,54,4,1,0,26,33.0,8.27,15.59633027522936,34.87754409769335
Indiana,2020-06-03,"Title 71, Article 12",satellite facility and simulcasting,indiana horse racing commission,,"Culture, Recreation, and the Arts",3500000147,117,11175,94,3,3,0,17,35.0,8.22,15.064102564102564,34.49865575686733
Indiana,2020-06-03,"Title 71, Article 13",registered horsemen s associations,indiana horse racing commission,,"Culture, Recreation, and the Arts",3500000148,48,4186,27,5,0,1,15,44.0,7.82,23.157894736842103,35.219723183391004
Indiana,2020-06-03,"Title 71, Article 13-5",thoroughbred development program,indiana horse racing commission,,"Culture, Recreation, and the Arts",3500000149,50,3809,9,36,0,0,5,32.0,7.8,24.561403508771928,29.86689303904924
Indiana,2020-06-03,"Title 71, Article 14",standardbred development program,indiana horse racing commission,,"Culture, Recreation, and the Arts",3500000150,31,2259,3,28,0,0,0,26.0,7.6,9.523809523809524,31.526027397260275
Indiana,2020-06-03,"Title 71, Article 14-5",quarter horse development program,indiana horse racing commission,,"Culture, Recreation, and the Arts",3500000151,57,4557,5,46,0,0,6,33.0,7.81,21.64179104477612,29.232765838682667
Indiana,2020-06-03,"Title 71, Article 1-5",flat racing definitions,indiana horse racing commission,,"Culture, Recreation, and the Arts",3500000130,8,15669,5,0,0,1,2,37.0,7.07,3.508771929824561,28.747115384615384
Indiana,2020-06-03,"Title 71, Article 2",commission,indiana horse racing commission,,"Culture, Recreation, and the Arts",3500000131,40,3532,25,6,4,1,4,37.0,7.88,15.053763440860216,31.811186186186188
Indiana,2020-06-03,"Title 71, Article 3",officials,indiana horse racing commission,,"Culture, Recreation, and the Arts",3500000132,104,9777,91,3,1,2,7,32.0,7.86,14.23728813559322,30.668569797316582
Indiana,2020-06-03,"Title 71, Article 3-5",flat racing officials,indiana horse racing commission,,"Culture, Recreation, and the Arts",3500000133,136,11447,120,2,1,2,11,37.0,7.93,12.91390728476821,31.17237280076082
Indiana,2020-06-03,"Title 71, Article 4",associations,indiana horse racing commission,,"Culture, Recreation, and the Arts",3500000134,176,9387,130,27,2,1,16,35.0,8.34,11.320754716981131,31.951278928136414
Indiana,2020-06-03,"Title 71, Article 4-5",flat racing associations,indiana horse racing commission,,"Culture, Recreation, and the Arts",3500000135,178,9042,131,29,2,1,15,35.0,8.28,9.523809523809524,32.314410480349345
Indiana,2020-06-03,"Title 71, Article 5",licensees,indiana horse racing commission,,"Culture, Recreation, and the Arts",3500000136,166,12908,118,11,2,10,25,33.0,8.38,12.137203166226913,31.95660808261345
Indiana,2020-06-03,"Title 71, Article 5-5",flat racing licensees,indiana horse racing commission,,"Culture, Recreation, and the Arts",3500000137,202,15711,150,12,2,13,25,34.0,8.33,12.831858407079649,31.613877074472523
Indiana,2020-06-03,"Title 71, Article 6",types of races,indiana horse racing commission,,"Culture, Recreation, and the Arts",3500000138,150,6680,106,33,3,1,7,33.0,8.52,32.0,28.029202155397183
Indiana,2020-06-03,"Title 71, Article 6-5",flat racing claiming races,indiana horse racing commission,,"Culture, Recreation, and the Arts",3500000139,45,2757,40,1,1,1,2,42.0,7.89,21.875,27.5041430440471
Indiana,2020-06-03,"Title 71, Article 7",rules of the race,indiana horse racing commission,,"Culture, Recreation, and the Arts",3500000140,303,22255,229,53,5,3,13,36.0,8.27,28.235294117647054,26.68567338661577
Indiana,2020-06-03,"Title 71, Article 7-5",flat racing rules of the race,indiana horse racing commission,,"Culture, Recreation, and the Arts",3500000141,260,18037,213,29,5,2,11,39.0,8.67,39.46188340807175,27.938505590400872
Indiana,2020-06-03,"Title 71, Article 8",human and equine health,indiana horse racing commission,,"Culture, Recreation, and the Arts",3500000142,317,23687,243,36,5,27,6,39.0,8.9,23.220338983050848,32.8014327986295
Indiana,2020-06-03,"Title 71, Article 8-5",flat racing human and equine health,indiana horse racing commission,,"Culture, Recreation, and the Arts",3500000143,362,25417,283,37,6,30,6,38.0,8.92,23.06501547987616,32.994277195344814
Indiana,2020-06-03,"Title 71, Article 9",pari mutuel wagering,indiana horse racing commission,,"Culture, Recreation, and the Arts",3500000144,447,28965,370,41,2,11,23,37.0,8.51,46.01307189542484,31.38662755655563
Indiana,2020-06-03,"Title 750, Article 1",uniform consumer credit code,department of financial institutions,,"Banking, Insurance, and Securities",3500000591,6,843,3,0,0,0,3,130.0,6.75,0.0,26.298876404494383
Indiana,2020-06-03,"Title 750, Article 2",banks and trust companies,department of financial institutions,,"Banking, Insurance, and Securities",3500000592,0,299,0,0,0,0,0,13.0,6.13,0.0,40.023809523809526
Indiana,2020-06-03,"Title 750, Article 3",750 3 credit unions,department of financial institutions,,"Banking, Insurance, and Securities",3500000593,0,68,0,0,0,0,0,7.0,4.6,0.0,43.725
Indiana,2020-06-03,"Title 750, Article 5",building and loan associations,department of financial institutions,,"Banking, Insurance, and Securities",3500000594,0,259,0,0,0,0,0,10.0,5.82,0.0,37.71005917159764
Indiana,2020-06-03,"Title 750, Article 6",industrial loan and investment,department of financial institutions,,"Banking, Insurance, and Securities",3500000595,0,325,0,0,0,0,0,9.0,5.62,0.0,42.917098445595855
Indiana,2020-06-03,"Title 750, Article 7",pawnbroking,department of financial institutions,,"Banking, Insurance, and Securities",3500000596,0,134,0,0,0,0,0,7.0,5.17,0.0,39.74025974025974
Indiana,2020-06-03,"Title 750, Article 8",reporting procedures,department of financial institutions,,"Banking, Insurance, and Securities",3500000597,0,63,0,0,0,0,0,7.0,4.71,0.0,40.3
Indiana,2020-06-03,"Title 750, Article 9",mortgage lenders and originators,department of financial institutions,,"Banking, Insurance, and Securities",3500000598,129,15514,61,30,13,2,23,42.0,8.86,22.5,35.75616748396831
Indiana,2020-06-03,"Title 75, Article 3",salvage vehicle regulations,secretary of state,,Administration,3500000152,35,3940,12,16,1,0,6,29.0,7.7,12.686567164179104,32.05184683158252
Indiana,2020-06-03,"Title 75, Article 5",watercraft,secretary of state,,Administration,3500000153,46,5447,14,22,5,0,5,26.0,7.34,6.435643564356436,31.93582748765913
Indiana,2020-06-03,"Title 75, Article 6",auto dealer services,secretary of state,,Administration,3500000154,119,8946,21,66,13,0,19,28.0,7.96,14.012738853503183,33.072313224131044
Indiana,2020-06-03,"Title 75, Article 7",notary public governance,secretary of state,,Administration,3500000155,79,5619,18,56,0,3,2,28.0,7.9,17.82178217821782,35.72901261418008
Indiana,2020-06-03,"Title 760, Article 1",general provisions,department of insurance,,"Banking, Insurance, and Securities",3500000599,2521,243238,1750,305,61,26,379,35.0,9.9,25.21815008726003,34.69585104882423
Indiana,2020-06-03,"Title 760, Article 2",long term care insurance coverage,department of insurance,,"Banking, Insurance, and Securities",3500000600,435,40146,309,44,16,4,62,32.0,8.95,22.008032128514056,34.19211882388603
Indiana,2020-06-03,"Title 760, Article 3",medicare supplement insurance minimum standards,department of insurance,,"Banking, Insurance, and Securities",3500000601,356,32762,301,18,14,5,18,32.0,9.02,23.10756972111553,36.37649542575651
Indiana,2020-06-03,"Title 760, Article 4",navigators and application organizations,department of insurance,,"Banking, Insurance, and Securities",3500000602,135,10828,107,14,1,2,11,33.0,8.19,16.717325227963524,41.99439594783921
Indiana,2020-06-03,"Title 762, Article 2",membership in political subdivision risk management fund and catastrophic liability fund,indiana political subdivision risk management commission,,"Banking, Insurance, and Securities",3500000603,9,1110,9,0,0,0,0,29.0,6.97,15.789473684210526,36.97877358490566
Indiana,2020-06-03,"Title 804, Article 1-1",registration code of conduct for architects,board of registration for architects and landscape architects,,"Industry, Commerce, and Development",3500000604,140,12681,102,15,2,0,21,29.0,8.25,8.133971291866029,38.12255527210884
Indiana,2020-06-03,"Title 808, Article 1",general provisions,state athletic commission,,"Culture, Recreation, and the Arts",3500000605,2,1372,0,1,0,1,0,13.0,6.03,0.0,38.936268829663966
Indiana,2020-06-03,"Title 808, Article 2",boxing and other ring exhibitions,state athletic commission,,"Culture, Recreation, and the Arts",3500000606,1,2262,0,0,0,1,0,15.0,5.98,0.0,39.798507462686565
Indiana,2020-06-03,"Title 80, Article 1",procurement of property,state fair commission,,"Culture, Recreation, and the Arts",3500000156,1,2023,0,0,0,1,0,13.0,5.65,0.0,35.876106194690266
Indiana,2020-06-03,"Title 80, Article 10",disposal of property,state fair commission,,"Culture, Recreation, and the Arts",3500000161,25,1595,16,9,0,0,0,23.0,7.34,7.246376811594203,33.75701624815362
Indiana,2020-06-03,"Title 80, Article 11",general operations,state fair commission,,"Culture, Recreation, and the Arts",3500000162,21,2092,11,3,0,7,0,26.0,7.7,13.580246913580249,34.46076696165192
Indiana,2020-06-03,"Title 80, Article 12",code of ethics,state fair commission,,"Culture, Recreation, and the Arts",3500000163,1,76,1,0,0,0,0,12.0,5.32,0.0,32.93877551020408
Indiana,2020-06-03,"Title 80, Article 2",real property contracting procedures,state fair commission,,"Culture, Recreation, and the Arts",3500000157,0,521,0,0,0,0,0,16.0,5.58,0.0,36.19825072886297
Indiana,2020-06-03,"Title 80, Article 7",definitions,state fair commission,,"Culture, Recreation, and the Arts",3500000158,1,3723,0,0,0,0,1,24.0,7.16,6.0,37.31055900621118
Indiana,2020-06-03,"Title 80, Article 8",procurement of services and supplies,state fair commission,,"Culture, Recreation, and the Arts",3500000159,91,5271,56,17,4,2,12,28.0,8.15,32.432432432432435,36.95077895687514
Indiana,2020-06-03,"Title 80, Article 9",commission works,state fair commission,,"Culture, Recreation, and the Arts",3500000160,101,6292,74,15,2,1,9,32.0,7.97,23.232323232323232,35.2333396620467
Indiana,2020-06-03,"Title 810, Article 1",pilot program for state registration of privately certified individuals,indiana professional licensing agency,,"Industry, Commerce, and Development",3500000607,16,1198,13,0,0,0,3,34.0,6.85,17.647058823529413,38.82636655948553
Indiana,2020-06-03,"Title 810, Article 2",health care volunteer registry,indiana professional licensing agency,,"Industry, Commerce, and Development",3500000608,10,794,9,0,0,0,1,32.0,6.51,8.333333333333332,35.58392857142857
Indiana,2020-06-03,"Title 812, Article 1",general provisions,indiana auctioneer commission,,"Industry, Commerce, and Development",3500000609,40,5466,30,4,0,2,4,30.0,7.38,9.195402298850574,32.402905839620004
Indiana,2020-06-03,"Title 812, Article 2",auctioneer courses and initial education course providers,indiana auctioneer commission,,"Industry, Commerce, and Development",3500000610,97,6048,33,37,7,4,16,25.0,7.52,12.93103448275862,35.838940586972086
Indiana,2020-06-03,"Title 812, Article 3",continuing education,indiana auctioneer commission,,"Industry, Commerce, and Development",3500000611,66,4907,26,25,1,1,13,25.0,7.83,11.518324607329845,36.67961934972245
Indiana,2020-06-03,"Title 816, Article 1",barber schools and shops,board of barber examiners,,"Industry, Commerce, and Development",3500000612,4,715,0,0,0,3,1,16.0,5.81,0.0,34.73430962343096
Indiana,2020-06-03,"Title 820, Article 2",licensing,state board of cosmetology and barber examiners,,"Industry, Commerce, and Development",3500000613,24,2492,12,5,2,2,3,30.0,7.17,10.126582278481012,33.715808170515096
Indiana,2020-06-03,"Title 820, Article 3",sanitary and equipment requirements,state board of cosmetology and barber examiners,,"Industry, Commerce, and Development",3500000614,134,8039,91,25,1,3,14,31.0,7.79,9.523809523809524,32.56373491869208
Indiana,2020-06-03,"Title 820, Article 4",cosmetology schools,state board of cosmetology and barber examiners,,"Industry, Commerce, and Development",3500000615,185,14368,70,44,10,5,56,35.0,8.56,3.7128712871287126,35.24615025664956
Indiana,2020-06-03,"Title 820, Article 5",tanning facilities,state board of cosmetology and barber examiners,,"Industry, Commerce, and Development",3500000616,96,9207,66,17,4,0,9,32.0,7.92,8.928571428571429,31.969595621769532
Indiana,2020-06-03,"Title 820, Article 7",fees,state board of cosmetology and barber examiners,,"Industry, Commerce, and Development",3500000617,3,375,3,0,0,0,0,37.0,6.32,0.0,44.09722222222222
Indiana,2020-06-03,"Title 820, Article 8",barber schools and shops,state board of cosmetology and barber examiners,,"Industry, Commerce, and Development",3500000618,77,9426,30,27,1,1,18,39.0,8.21,6.008583690987124,31.385017421602782
Indiana,2020-06-03,"Title 824, Article 1",dealers and warehouse licensing and bonding,indiana grain buyers and warehouse licensing agency,,"Industry, Commerce, and Development",3500000619,0,127,0,0,0,0,0,15.0,5.95,0.0,38.17894736842105
Indiana,2020-06-03,"Title 824, Article 2",grain buyers and warehouse licensing and bonding,indiana grain buyers and warehouse licensing agency,,"Industry, Commerce, and Development",3500000620,323,16114,276,18,1,2,26,28.0,8.51,18.706293706293707,31.50305222699525
Indiana,2020-06-03,"Title 825, Article 1",grain indemnity corporation,indiana grain indemnity corporation,,"Industry, Commerce, and Development",3500000621,10,1305,10,0,0,0,0,22.0,6.69,1.7543859649122806,32.64302059496568
Indiana,2020-06-03,"Title 828, Article 0-5",general provisions,state board of dentistry,,Health Services,3500000622,5,3559,4,1,0,0,0,39.0,6.99,2.3255813953488373,34.602433090024334
Indiana,2020-06-03,"Title 828, Article 1",licensure of dentists and dental hygienists,state board of dentistry,,Health Services,3500000623,161,14187,70,65,5,1,20,30.0,8.45,10.021321961620467,33.61498468108811
Indiana,2020-06-03,"Title 828, Article 3",anesthesia and sedation,state board of dentistry,,Health Services,3500000624,80,5554,27,41,0,0,12,27.0,8.27,8.415841584158416,37.85136062199863
Indiana,2020-06-03,"Title 828, Article 4",mobile dental facilities and portable dental operations,state board of dentistry,,Health Services,3500000625,42,3008,33,4,0,2,3,34.0,7.51,20.689655172413797,34.47800586510264
Indiana,2020-06-03,"Title 828, Article 5",instructor s licenses,state board of dentistry,,Health Services,3500000626,48,2769,25,12,1,0,10,36.0,7.56,17.105263157894736,34.34765625
Indiana,2020-06-03,"Title 828, Article 6",dental assistants,state board of dentistry,,Health Services,3500000627,12,1183,6,3,3,0,0,29.0,7.16,5.0,36.93587174348698
Indiana,2020-06-03,"Title 830, Article 1",dietitians certification,indiana dietitians certification board,,Health Services,3500000628,0,258,0,0,0,0,0,16.0,5.28,0.0,45.97222222222222
Indiana,2020-06-03,"Title 832, Article 1",general provisions,state board of funeral and cemetery service,,"Industry, Commerce, and Development",3500000629,7,1168,0,0,0,3,4,18.0,5.88,0.0,34.22905759162304
Indiana,2020-06-03,"Title 832, Article 2",general provisions,state board of funeral and cemetery service,,"Industry, Commerce, and Development",3500000630,30,2745,21,5,0,0,4,39.0,7.74,14.705882352941178,29.99900695134061
Indiana,2020-06-03,"Title 832, Article 3",education examination and licensure,state board of funeral and cemetery service,,"Industry, Commerce, and Development",3500000631,22,1936,11,7,0,0,4,27.0,7.36,1.4084507042253522,32.93120926864591
Indiana,2020-06-03,"Title 832, Article 4",continuing education license restoration and renewal,state board of funeral and cemetery service,,"Industry, Commerce, and Development",3500000632,29,2171,9,14,0,0,6,31.0,7.4,10.144927536231885,33.94267515923567
Indiana,2020-06-03,"Title 832, Article 5",licensure and operation of funeral homes,state board of funeral and cemetery service,,"Industry, Commerce, and Development",3500000633,35,2555,21,10,0,0,4,31.0,7.49,15.18987341772152,29.696360673546984
Indiana,2020-06-03,"Title 832, Article 6",funeral trust funds,state board of funeral and cemetery service,,"Industry, Commerce, and Development",3500000634,6,781,3,1,1,0,1,43.0,7.09,33.33333333333333,32.870370370370374
Indiana,2020-06-03,"Title 832, Article 7",preneed funeral burial services or merchandise contracts,state board of funeral and cemetery service,,"Industry, Commerce, and Development",3500000635,35,3802,25,1,1,2,6,38.0,7.58,18.367346938775512,30.73244382022472
Indiana,2020-06-03,"Title 832, Article 8",consumer protection funds,state board of funeral and cemetery service,,"Industry, Commerce, and Development",3500000636,14,1699,10,3,0,0,1,24.0,7.39,8.450704225352112,34.68562644119908
Indiana,2020-06-03,"Title 836, Article 1",emergency medical services,indiana emergency medical services commission,,Health Services,3500000637,304,21985,254,5,1,2,42,21.0,9.25,8.173076923076923,40.09227515583259
Indiana,2020-06-03,"Title 836, Article 2",advanced life support,indiana emergency medical services commission,,Health Services,3500000638,213,10961,179,7,0,2,25,26.0,8.44,10.476190476190476,44.045164085346045
Indiana,2020-06-03,"Title 836, Article 3",air ambulances,indiana emergency medical services commission,,Health Services,3500000639,173,8963,141,3,0,1,28,26.0,8.43,8.235294117647058,39.44658927872701
Indiana,2020-06-03,"Title 836, Article 4",training and certification,indiana emergency medical services commission,,Health Services,3500000640,189,13182,137,12,0,4,36,30.0,8.19,6.0046189376443415,43.084115589913495
Indiana,2020-06-03,"Title 839, Article 1",general provisions,behavioral health and human services licensing board,,Social Assistance,3500000641,238,18189,136,48,5,0,49,28.0,8.62,10.29641185647426,37.59922019289965
Indiana,2020-06-03,"Title 840, Article 1",general provisions,indiana state board of health facility administrators,,Health Services,3500000642,81,8260,40,14,3,0,24,35.0,8.29,13.79310344827586,34.10440308669995
Indiana,2020-06-03,"Title 840, Article 2",standards of competent practice,indiana state board of health facility administrators,,Health Services,3500000643,9,1352,6,0,1,0,2,27.0,7.43,4.081632653061225,36.15063168124393
Indiana,2020-06-03,"Title 842, Article 1",physical therapists and physical therapists assistants,indiana board of physical therapy,,Health Services,3500000644,119,9629,83,16,5,0,15,36.0,8.6,18.773946360153257,36.54594180704441
Indiana,2020-06-03,"Title 844, Article 1",general provisions,medical licensing board of indiana,,Health Services,3500000645,0,427,0,0,0,0,0,15.0,5.8,0.0,40.4336917562724
Indiana,2020-06-03,"Title 844, Article 10",occupational therapists and occupational therapy assistants,medical licensing board of indiana,,Health Services,3500000652,69,6746,37,11,5,1,15,30.0,7.61,10.599078341013826,36.72729248152977
Indiana,2020-06-03,"Title 844, Article 11",respiratory care practitioners,medical licensing board of indiana,,Health Services,3500000653,54,5353,38,3,1,0,12,29.0,7.85,7.344632768361582,37.88248966942149
Indiana,2020-06-03,"Title 844, Article 12",hypnotist committee,medical licensing board of indiana,,Health Services,3500000654,0,126,0,0,0,0,0,8.0,4.95,0.0,42.06849315068493
Indiana,2020-06-03,"Title 844, Article 13",acupuncturists,medical licensing board of indiana,,Health Services,3500000655,87,7172,70,8,3,0,6,35.0,7.86,17.258883248730964,38.05907859078591
Indiana,2020-06-03,"Title 844, Article 14",genetic counselors,medical licensing board of indiana,,Health Services,3500000656,16,1825,8,2,0,0,6,26.0,6.69,5.970149253731343,34.052545155993435
Indiana,2020-06-03,"Title 844, Article 15",anesthesiologist assistants,medical licensing board of indiana,,Health Services,3500000657,18,1724,7,6,1,1,3,27.0,7.87,12.903225806451612,48.08321775312066
Indiana,2020-06-03,"Title 844, Article 16",high breast density guidelines,medical licensing board of indiana,,Health Services,3500000658,4,738,3,0,0,0,1,29.0,7.24,8.0,34.26655629139073
Indiana,2020-06-03,"Title 844, Article 17",certified direct entry midwives,medical licensing board of indiana,,Health Services,3500000659,46,3553,32,9,1,0,4,20.0,8.38,12.280701754385964,40.94113667117727
Indiana,2020-06-03,"Title 844, Article 18",diabetes educators,medical licensing board of indiana,,Health Services,3500000660,17,1720,15,1,1,0,0,28.0,7.31,6.896551724137931,41.51209992193599
Indiana,2020-06-03,"Title 844, Article 19",dietitians certification,medical licensing board of indiana,,Health Services,3500000661,59,3650,48,7,0,0,4,29.0,7.8,9.166666666666666,40.31688596491228
Indiana,2020-06-03,"Title 844, Article 2-2",physician assistants,medical licensing board of indiana,,Health Services,3500000646,82,8069,50,16,2,1,13,30.0,8.37,22.00772200772201,37.48295809881176
Indiana,2020-06-03,"Title 844, Article 4",medical doctors osteopathic doctors,medical licensing board of indiana,,Health Services,3500000647,86,8378,47,28,0,0,11,31.0,7.86,12.741312741312742,34.49952426260704
Indiana,2020-06-03,"Title 844, Article 5",standards of professional conduct and competent practice of medicine,medical licensing board of indiana,,Health Services,3500000648,218,18479,136,48,6,4,24,31.0,8.77,17.99307958477509,37.71475227572788
Indiana,2020-06-03,"Title 844, Article 6",physical therapists and physical therapists assistants,medical licensing board of indiana,,Health Services,3500000649,0,945,0,0,0,0,0,15.0,5.76,0.0,38.819047619047616
Indiana,2020-06-03,"Title 844, Article 7",reinstatement to practice,medical licensing board of indiana,,Health Services,3500000650,8,893,8,0,0,0,0,26.0,7.14,11.76470588235294,36.159217877094974
Indiana,2020-06-03,"Title 844, Article 9",hearing aid dealers,medical licensing board of indiana,,Health Services,3500000651,26,3341,16,6,1,0,3,30.0,8.01,14.545454545454543,35.08213870592793
Indiana,2020-06-03,"Title 845, Article 1",podiatrists,board of podiatric medicine,,Health Services,3500000662,83,8249,63,8,3,0,9,38.0,8.45,21.49532710280374,34.44217163949554
Indiana,2020-06-03,"Title 845, Article 2",opioid prescribing requirements,board of podiatric medicine,,Health Services,3500000663,36,2592,21,6,1,0,8,28.0,8.17,36.26373626373626,37.54257690592956
Indiana,2020-06-03,"Title 846, Article 1",general provisions,board of chiropractic examiners,,Health Services,3500000664,115,7416,80,15,3,2,15,33.0,8.1,14.15525114155251,35.29950495049505
Indiana,2020-06-03,"Title 847, Article 1",massage therapist licensure,state board of massage therapy,,Health Services,3500000665,28,3625,15,5,0,0,8,29.0,7.45,16.528925619834713,34.40466340729598
Indiana,2020-06-03,"Title 847, Article 2",fees,state board of massage therapy,,Health Services,3500000666,3,120,2,0,0,0,1,23.0,5.82,0.0,43.19753086419753
Indiana,2020-06-03,"Title 848, Article 1",registered nurses and practical nurses,indiana state board of nursing,,Health Services,3500000667,191,11066,180,2,1,0,8,25.0,8.42,5.813953488372093,35.98013018156903
Indiana,2020-06-03,"Title 848, Article 2",standards for the competent practice of registered and licensed practical nursing,indiana state board of nursing,,Health Services,3500000668,8,2230,8,0,0,0,0,25.0,7.58,8.98876404494382,39.29897494305239
Indiana,2020-06-03,"Title 848, Article 3",nurse midwives,indiana state board of nursing,,Health Services,3500000669,20,2894,18,0,0,0,2,26.0,7.06,3.7735849056603774,30.38155136268344
Indiana,2020-06-03,"Title 848, Article 4",advanced practice nursing and prescriptive authority for advanced practice nursing,indiana state board of nursing,,Health Services,3500000670,7,2356,4,1,0,0,2,29.0,7.65,6.172839506172839,39.1350774159103
Indiana,2020-06-03,"Title 848, Article 5",prescriptive authority for advanced practice nursing,indiana state board of nursing,,Health Services,3500000671,61,4946,39,11,1,0,10,30.0,8.48,28.834355828220858,38.50842302292934
Indiana,2020-06-03,"Title 848, Article 7",indiana state nurses assistance program,indiana state board of nursing,,Health Services,3500000672,25,2165,20,5,0,0,0,25.0,7.59,28.235294117647054,35.16630196936543
Indiana,2020-06-03,"Title 852, Article 1",general provisions,indiana optometry board,,Health Services,3500000673,124,11296,69,17,6,0,32,29.0,8.38,15.584415584415584,36.04200605073307
Indiana,2020-06-03,"Title 852, Article 3",formulary of legend drugs,indiana optometry board,,Health Services,3500000674,2,380,0,0,0,1,1,17.0,6.19,0.0,33.64502164502164
Indiana,2020-06-03,"Title 856, Article 1",pharmacies and pharmacists,indiana board of pharmacy,,Health Services,3500000675,399,37740,251,83,6,6,53,29.0,8.89,15.134706814580031,35.7634092578986
Indiana,2020-06-03,"Title 856, Article 2",controlled substances,indiana board of pharmacy,,Health Services,3500000676,318,30207,243,22,4,3,46,2.0,8.97,1.436680916672507,38.46995833333333
Indiana,2020-06-03,"Title 856, Article 3",wholesale legend drugs,indiana board of pharmacy,,Health Services,3500000677,20,1967,19,0,0,0,1,26.0,7.09,8.108108108108109,33.9424743892829
Indiana,2020-06-03,"Title 856, Article 4",pharmacist vaccinations administered via protocol authority,indiana board of pharmacy,,Health Services,3500000678,22,1423,6,7,1,1,7,23.0,7.38,11.666666666666666,44.98764342453663
Indiana,2020-06-03,"Title 856, Article 5",automated medication systems,indiana board of pharmacy,,Health Services,3500000679,13,1734,11,1,0,0,1,36.0,7.14,6.382978723404255,37.82481203007519
Indiana,2020-06-03,"Title 856, Article 7",prescription drug take back programs,indiana board of pharmacy,,Health Services,3500000680,52,4887,20,19,1,0,12,31.0,7.76,16.233766233766232,33.41884133611691
Indiana,2020-06-03,"Title 857, Article 2",formulary of legend drugs,indiana optometric legend drug prescription advisory committee,,Health Services,3500000681,1,978,0,0,0,0,1,15.0,5.7,0.0,44.92209856915739
Indiana,2020-06-03,"Title 860, Article 1",general provisions,indiana plumbing commission,,"Industry, Commerce, and Development",3500000682,58,5199,31,15,0,1,11,35.0,7.6,18.571428571428573,33.5926568372362
Indiana,2020-06-03,"Title 860, Article 2",apprentice plumber,indiana plumbing commission,,"Industry, Commerce, and Development",3500000683,17,1686,7,7,1,0,2,34.0,7.06,2.127659574468085,35.308181818181815
Indiana,2020-06-03,"Title 864, Article 1-1",administration general requirements,state board of registration for professional engineers,,"Industry, Commerce, and Development",3500000684,184,18263,116,25,2,4,37,30.0,8.16,12.32638888888889,37.309835438193645
Indiana,2020-06-03,"Title 865, Article 1",general provisions,state board of registration for professional surveyors,,"Industry, Commerce, and Development",3500000685,312,30891,180,54,7,4,67,31.0,8.67,18.002081165452655,34.34668314089728
Indiana,2020-06-03,"Title 868, Article 1-1",general provisions,state psychology board,,Health Services,3500000686,208,15248,129,42,5,2,30,28.0,8.65,12.172284644194756,38.66198947632172
Indiana,2020-06-03,"Title 872, Article 1",general provisions,indiana board of accountancy,,"Industry, Commerce, and Development",3500000687,155,18510,78,35,5,1,36,36.0,8.41,12.048192771084338,33.15451675935668
Indiana,2020-06-03,"Title 874, Article 1",private investigator firms and security guard agencies,private investigator and security guard licensing board,,"Security, Justice, and Corrections",3500000688,26,3158,13,7,0,0,6,35.0,7.53,6.8181818181818175,35.574326960593055
Indiana,2020-06-03,"Title 874, Article 2",private investigator firms and security guard agencies,private investigator and security guard licensing board,,"Security, Justice, and Corrections",3500000689,4,248,4,0,0,0,0,25.0,5.9,40.0,32.65841584158416
Indiana,2020-06-03,"Title 876, Article 1",general provisions,indiana real estate commission,,"Industry, Commerce, and Development",3500000690,0,1634,0,0,0,0,0,16.0,6.17,1.0101010101010102,36.69892473118279
Indiana,2020-06-03,"Title 876, Article 2",real estate courses and licensing requirements for brokers and salespersons,indiana real estate commission,,"Industry, Commerce, and Development",3500000691,4,1537,0,0,0,0,4,15.0,5.83,0.0,36.68562564632885
Indiana,2020-06-03,"Title 876, Article 3",real estate appraiser licensure and certification,indiana real estate commission,,"Industry, Commerce, and Development",3500000692,189,19935,73,67,9,1,39,40.0,8.51,16.188524590163937,37.49419468070744
Indiana,2020-06-03,"Title 876, Article 5",general provisions,indiana real estate commission,,"Industry, Commerce, and Development",3500000693,3,1801,2,0,0,0,1,24.0,6.03,1.4492753623188406,33.42046605876393
Indiana,2020-06-03,"Title 876, Article 6",real estate schools prelicensing education examination,indiana real estate commission,,"Industry, Commerce, and Development",3500000694,124,7888,73,19,4,4,24,18.0,8.19,7.192575406032482,36.28493414712496
Indiana,2020-06-03,"Title 876, Article 7",managing broker education postlicensure education continuing education instructor education,indiana real estate commission,,"Industry, Commerce, and Development",3500000695,121,9245,53,29,1,2,36,15.0,8.54,4.3844856661045535,38.40520200686559
Indiana,2020-06-03,"Title 876, Article 8",operation of broker companies and other provisions concerning real estate practice,indiana real estate commission,,"Industry, Commerce, and Development",3500000696,64,4264,52,6,3,0,3,33.0,7.74,22.4,33.129930394431554
Indiana,2020-06-03,"Title 876, Article 9",residential real estate sales disclosure,indiana real estate commission,,"Industry, Commerce, and Development",3500000697,6,1406,0,1,2,0,3,23.0,8.22,19.35483870967742,34.405709992486855
Indiana,2020-06-03,"Title 877, Article 1",real estate appraisal management companies,real estate appraiser licensure and certification board,,Taxes and Public Finance,3500000698,1,167,1,0,0,0,0,23.0,6.04,0.0,45.723214285714285
Indiana,2020-06-03,"Title 878, Article 1",general provisions,home inspectors licensing board,,"Industry, Commerce, and Development",3500000699,124,9023,65,17,1,0,41,30.0,8.4,12.12121212121212,36.890125173852574
Indiana,2020-06-03,"Title 879, Article 1",general provisions,manufactured home installer licensing board,,"Industry, Commerce, and Development",3500000700,91,8421,33,29,7,2,20,25.0,7.95,4.672897196261682,38.44038004750594
Indiana,2020-06-03,"Title 880, Article 1",general provisions,speech language pathology and audiology board,,Health Services,3500000701,112,8759,36,39,9,1,27,25.0,8.47,9.19881305637982,37.05438323183685
Indiana,2020-06-03,"Title 888, Article 1-1",professional competence,indiana board of veterinary medical examiners,,"Industry, Commerce, and Development",3500000702,104,7102,46,27,1,0,30,29.0,8.21,18.025751072961373,37.5499625748503
Indiana,2020-06-03,"Title 892, Article 1-1",892 1 1 general provisions,indiana state board of examiners in watch repairing,,"Industry, Commerce, and Development",3500000703,0,27,0,0,0,0,0,8.0,4.39,0.0,42.35294117647059
Indiana,2020-06-03,"Title 896, Article 1",general provisions,board of environmental health specialists,,Health Services,3500000704,0,213,0,0,0,0,0,7.0,5.09,0.0,47.747899159663866
Indiana,2020-06-03,"Title 898, Article 1",athletic trainers licensure,indiana athletic trainers board,,"Culture, Recreation, and the Arts",3500000705,58,4953,13,33,2,0,10,32.0,7.42,6.711409395973154,33.19320214669052
Indiana,2020-06-03,"Title 905, Article 1",general provisions,alcohol and tobacco commission,,"Industry, Commerce, and Development",3500000706,612,54644,368,142,25,28,49,33.0,8.61,16.223067173637514,31.574126581030104
Indiana,2020-06-03,"Title 910, Article 1",practice and procedure before the commission,civil rights commission,,"Security, Justice, and Corrections",3500000707,182,14279,165,10,0,0,7,33.0,8.17,28.805620608899297,30.967283950617283
Indiana,2020-06-03,"Title 910, Article 2",fair housing complaints,civil rights commission,,"Security, Justice, and Corrections",3500000708,244,27414,172,36,8,12,16,32.0,9.09,22.732626619552416,34.39778534923339
Indiana,2020-06-03,"Title 910, Article 3",employment discrimination against disabled persons,civil rights commission,,"Security, Justice, and Corrections",3500000709,31,8678,15,4,3,3,6,33.0,8.11,15.769230769230768,36.19690036900369
Indiana,2020-06-03,"Title 914, Article 1",grants for veterans services,indiana department of veterans affairs,,"Security, Justice, and Corrections",3500000710,43,3799,25,15,0,0,3,22.0,7.53,8.484848484848486,36.55822741326005
Indiana,2020-06-03,"Title 915, Article 1",organization and administration,indiana veterans affairs commission,,"Security, Justice, and Corrections",3500000711,9,953,6,2,0,1,0,27.0,6.88,5.714285714285714,34.77824267782427
Indiana,2020-06-03,"Title 915, Article 2",special institutions,indiana veterans affairs commission,,"Security, Justice, and Corrections",3500000712,56,4915,40,0,0,0,16,27.0,7.43,14.857142857142858,34.95701295122623
Indiana,2020-06-03,"Title 915, Article 3",military family relief fund,indiana veterans affairs commission,,"Security, Justice, and Corrections",3500000713,49,4586,32,12,2,0,3,27.0,8.02,12.574850299401197,36.51444444444444
Indiana,2020-06-03,"Title 920, Article 1",general provisions,indiana war memorials commission,,"Culture, Recreation, and the Arts",3500000714,47,3531,43,0,0,3,1,22.0,7.26,2.564102564102564,31.94004024144869
Indiana,2020-06-03,"Title 925, Article 2",general provisions,meridian street preservation commission,,"Culture, Recreation, and the Arts",3500000715,63,4835,54,2,1,1,5,31.0,8.05,18.954248366013072,34.353187042842215
Indiana,2020-06-03,"Title 930, Article 1",single family mortgage program,indiana housing and community development authority,,"Industry, Commerce, and Development",3500000716,0,500,0,0,0,0,0,15.0,5.58,0.0,37.19018404907976
Indiana,2020-06-03,"Title 935, Article 1",park operations,indiana white river state park development commission,,"Culture, Recreation, and the Arts",3500000717,9,2043,5,0,0,4,0,23.0,7.72,4.49438202247191,33.495590828924165
Indiana,2021-06-28,"Title 100, Article 3",airports,department of transportation,,Transportation,3500001699,0,151,0,0,0,0,0,15.0,5.2,0.0,53.93396226415094
Indiana,2021-06-28,"Title 105, Article 1",procedural requirements,indiana department of transportation,,Transportation,3500001700,35,3165,23,8,0,0,4,23.0,7.84,19.166666666666668,34.087990487514865
Indiana,2021-06-28,"Title 105, Article 10",oversize and or overweight vehicular permits for highways,indiana department of transportation,,Transportation,3500001708,57,4889,53,3,1,0,0,26.0,8.12,7.878787878787878,32.74822415153907
Indiana,2021-06-28,"Title 105, Article 11",prequalification of contractors and bidding,indiana department of transportation,,Transportation,3500001709,126,16772,51,51,6,2,16,28.0,8.44,27.06766917293233,35.66714135811722
Indiana,2021-06-28,"Title 105, Article 12",procurement of supplies and services,indiana department of transportation,,Transportation,3500001710,64,9821,35,15,2,1,11,27.0,7.5,14.381270903010032,33.048411270983216
Indiana,2021-06-28,"Title 105, Article 13",utility facility relocations on construction contracts,indiana department of transportation,,Transportation,3500001711,52,4771,41,1,0,0,10,22.0,7.5,17.741935483870968,35.13773796192609
Indiana,2021-06-28,"Title 105, Article 2",aircraft operation,indiana department of transportation,,Transportation,3500001701,14,1618,12,0,0,0,2,23.0,6.81,1.7241379310344829,37.51341350601295
Indiana,2021-06-28,"Title 105, Article 3",airports,indiana department of transportation,,Transportation,3500001702,156,15456,99,38,2,1,16,31.0,8.38,14.672686230248308,36.36185961410512
Indiana,2021-06-28,"Title 105, Article 4",lighter than air aircraft,indiana department of transportation,,Transportation,3500001703,19,1199,14,1,0,0,4,24.0,7.34,11.904761904761903,34.58064516129032
Indiana,2021-06-28,"Title 105, Article 5",railroads,indiana department of transportation,,Transportation,3500001704,341,32761,292,17,7,0,25,28.0,8.54,18.894472361809044,35.372587968217935
Indiana,2021-06-28,"Title 105, Article 6",general provisions for highways,indiana department of transportation,,Transportation,3500001705,9,586,4,0,0,2,3,28.0,7.04,22.22222222222222,38.84375
Indiana,2021-06-28,"Title 105, Article 7",permits for highways,indiana department of transportation,,Transportation,3500001706,317,36590,239,31,5,8,34,23.0,9.2,14.037526059763724,30.99798707834161
Indiana,2021-06-28,"Title 105, Article 9",traffic control devices for highways,indiana department of transportation,,Transportation,3500001707,99,15065,60,27,2,6,4,12.0,8.2,4.018264840182648,32.735033885542165
Indiana,2021-06-28,"Title 10, Article 1-5",unclaimed property,office of attorney general for the state,,"Security, Justice, and Corrections",3500001538,82,8565,52,19,2,1,8,29.0,7.8,21.78988326848249,30.51812101415461
Indiana,2021-06-28,"Title 10, Article 2",contract approval,office of attorney general for the state,,"Security, Justice, and Corrections",3500001539,14,2200,6,6,0,0,2,37.0,7.42,18.181818181818183,35.187930121757546
Indiana,2021-06-28,"Title 10, Article 3",tort claims,office of attorney general for the state,,"Security, Justice, and Corrections",3500001540,7,1764,4,3,0,0,0,28.0,8.38,44.82758620689656,32.65765171503958
Indiana,2021-06-28,"Title 10, Article 4",athlete agents,office of attorney general for the state,,"Security, Justice, and Corrections",3500001541,8,1304,7,0,0,0,1,23.0,6.3,2.3255813953488373,30.324966974900924
Indiana,2021-06-28,"Title 10, Article 5",release of social security numbers by state agencies,office of attorney general for the state,,"Security, Justice, and Corrections",3500001542,2,1037,2,0,0,0,0,20.0,6.78,4.651162790697675,33.318548387096776
Indiana,2021-06-28,"Title 10, Article 6",tobacco enforcement,office of attorney general for the state,,"Security, Justice, and Corrections",3500001543,19,1897,10,4,0,1,4,22.0,6.92,9.859154929577464,37.11361981063365
Indiana,2021-06-28,"Title 10, Article 7",tax sale blight registry,office of attorney general for the state,,"Security, Justice, and Corrections",3500001544,8,1305,7,0,0,1,0,16.0,6.51,1.5625,33.39774011299435
Indiana,2021-06-28,"Title 11, Article 1",telephone solicitations,consumer protection division of the office of the attorney general,,"Security, Justice, and Corrections",3500001545,12,2784,6,2,0,0,4,35.0,6.98,4.6875,32.79902227050516
Indiana,2021-06-28,"Title 11, Article 2",provision of listing of telephone numbers not to be solicited,consumer protection division of the office of the attorney general,,"Security, Justice, and Corrections",3500001546,30,4355,24,1,1,2,2,35.0,6.87,9.0,32.130734736115905
Indiana,2021-06-28,"Title 11, Article 3",professional fundraiser consultants and professional solicitors,consumer protection division of the office of the attorney general,,"Security, Justice, and Corrections",3500001547,19,3971,10,4,0,1,4,29.0,6.68,15.178571428571429,34.53338306602014
Indiana,2021-06-28,"Title 120, Article 2",permits,department of highways,,Transportation,3500001712,3,1586,0,0,0,1,2,12.0,5.42,0.9259259259259258,46.7940234791889
Indiana,2021-06-28,"Title 120, Article 4",traffic control devices,department of highways,,Transportation,3500001713,0,196,0,0,0,0,0,17.0,5.49,0.0,44.58955223880597
Indiana,2021-06-28,"Title 130, Article 2",applicability and definitions,ports of indiana,,Transportation,3500001714,1,1607,1,0,0,0,0,25.0,6.41,2.0,29.752903907074973
Indiana,2021-06-28,"Title 130, Article 3",traffic control,ports of indiana,,Transportation,3500001715,45,3874,38,1,1,5,0,32.0,7.49,34.57943925233645,26.77067921990585
Indiana,2021-06-28,"Title 130, Article 4",port use,ports of indiana,,Transportation,3500001716,57,3998,42,5,0,7,3,29.0,7.37,11.304347826086955,28.92392807745505
Indiana,2021-06-28,"Title 135, Article 2",general provisions,indiana finance authority,,Taxes and Public Finance,3500001717,152,14747,121,11,2,8,10,28.0,7.85,12.416851441241686,29.24182300363422
Indiana,2021-06-28,"Title 135, Article 2-5",public private agreements for indiana east west toll road,indiana finance authority,,Taxes and Public Finance,3500001718,22,6089,20,0,1,0,1,57.0,7.77,13.750000000000002,33.27535701208349
Indiana,2021-06-28,"Title 135, Article 4",tolls and toll enforcement on the ohio river bridges,indiana finance authority,,Taxes and Public Finance,3500001719,51,6396,43,2,0,0,6,25.0,8.02,5.194805194805195,35.117421335379895
Indiana,2021-06-28,"Title 140, Article 1",safety and responsibility,bureau of motor vehicles,,Transportation,3500001720,123,12600,90,22,0,0,11,32.0,8.53,16.56441717791411,33.080070391553015
Indiana,2021-06-28,"Title 140, Article 2",excise tax and registration,bureau of motor vehicles,,Transportation,3500001721,19,3604,14,3,1,0,1,18.0,7.26,7.647058823529412,30.35223160434258
Indiana,2021-06-28,"Title 140, Article 3",special sales,bureau of motor vehicles,,Transportation,3500001722,0,246,0,0,0,0,0,12.0,5.86,0.0,32.3719512195122
Indiana,2021-06-28,"Title 140, Article 3-5",dealer plates,bureau of motor vehicles,,Transportation,3500001723,0,920,0,0,0,0,0,12.0,5.58,0.0,34.38929889298893
Indiana,2021-06-28,"Title 140, Article 4",driver examiner division,bureau of motor vehicles,,Transportation,3500001724,90,8014,47,32,2,0,9,23.0,8.31,17.275747508305646,32.61220627661252
Indiana,2021-06-28,"Title 140, Article 6",titles,bureau of motor vehicles,,Transportation,3500001725,26,2970,0,23,1,0,2,21.0,7.44,11.666666666666666,30.518850987432675
Indiana,2021-06-28,"Title 140, Article 7",driver s license division,bureau of motor vehicles,,Transportation,3500001726,141,13113,30,83,7,1,20,27.0,8.6,10.250569476082005,32.62419109250095
Indiana,2021-06-28,"Title 140, Article 8",license branches,bureau of motor vehicles,,Transportation,3500001727,10,2928,9,0,0,0,1,10.0,6.79,2.05761316872428,35.1412987012987
Indiana,2021-06-28,"Title 140, Article 9",watercraft,bureau of motor vehicles,,Transportation,3500001728,7,3393,6,1,0,0,0,14.0,6.54,0.0,32.29953051643192
Indiana,2021-06-28,"Title 170, Article 1",general provisions,indiana utility regulatory commission,,"Environmental Protection, Public Utilities, and Natural Resources",3500001729,376,33954,250,68,10,3,45,23.0,9.07,16.64190193164933,34.090530141085935
Indiana,2021-06-28,"Title 170, Article 10",preservation of records,indiana utility regulatory commission,,"Environmental Protection, Public Utilities, and Natural Resources",3500001738,0,934,0,0,0,0,0,28.0,6.96,3.4482758620689653,36.2990264255911
Indiana,2021-06-28,"Title 170, Article 11",combination gas and electric private utilities,indiana utility regulatory commission,,"Environmental Protection, Public Utilities, and Natural Resources",3500001739,0,243,0,0,0,0,0,27.0,6.56,0.0,42.5925925925926
Indiana,2021-06-28,"Title 170, Article 14",small utilities,indiana utility regulatory commission,,"Environmental Protection, Public Utilities, and Natural Resources",3500001740,26,2798,15,7,0,0,4,35.0,7.51,23.943661971830984,30.73228346456693
Indiana,2021-06-28,"Title 170, Article 15",landlord distributing water or sewage disposal service,indiana utility regulatory commission,,"Environmental Protection, Public Utilities, and Natural Resources",3500001741,20,3343,18,0,1,0,1,24.0,7.28,20.66115702479339,30.66831119544592
Indiana,2021-06-28,"Title 170, Article 16",customer complaints,indiana utility regulatory commission,,"Environmental Protection, Public Utilities, and Natural Resources",3500001742,23,1980,18,4,0,0,1,24.0,7.5,18.666666666666668,33.58080194410692
Indiana,2021-06-28,"Title 170, Article 17-1",indiana voluntary clean energy portfolio standard program,indiana utility regulatory commission,,"Environmental Protection, Public Utilities, and Natural Resources",3500001743,40,5569,27,9,0,0,4,29.0,7.57,16.363636363636363,36.8005127010021
Indiana,2021-06-28,"Title 170, Article 3",railroads,indiana utility regulatory commission,,"Environmental Protection, Public Utilities, and Natural Resources",3500001730,0,307,0,0,0,0,0,16.0,5.65,0.0,46.07441860465117
Indiana,2021-06-28,"Title 170, Article 4",electric utilities,indiana utility regulatory commission,,"Environmental Protection, Public Utilities, and Natural Resources",3500001731,794,67994,631,77,6,1,79,29.0,9.32,21.11269614835949,35.44809614975537
Indiana,2021-06-28,"Title 170, Article 5",gas utilities,indiana utility regulatory commission,,"Environmental Protection, Public Utilities, and Natural Resources",3500001732,320,20136,246,22,7,4,41,29.0,9.08,22.29199372056515,32.44362613017184
Indiana,2021-06-28,"Title 170, Article 6",water utilities,indiana utility regulatory commission,,"Environmental Protection, Public Utilities, and Natural Resources",3500001733,260,21924,190,21,8,1,40,33.0,8.29,23.09027777777778,30.786583162712272
Indiana,2021-06-28,"Title 170, Article 7",telephone utilities,indiana utility regulatory commission,,"Environmental Protection, Public Utilities, and Natural Resources",3500001734,214,16721,147,42,1,3,21,27.0,8.78,14.590747330960854,35.86967723466686
Indiana,2021-06-28,"Title 170, Article 8",private rural sewage utilities,indiana utility regulatory commission,,"Environmental Protection, Public Utilities, and Natural Resources",3500001735,0,296,0,0,0,0,0,26.0,6.55,0.0,41.055813953488375
Indiana,2021-06-28,"Title 170, Article 8-5",sewage disposal services,indiana utility regulatory commission,,"Environmental Protection, Public Utilities, and Natural Resources",3500001736,200,16750,147,12,7,0,34,34.0,8.32,27.2093023255814,31.885727611940297
Indiana,2021-06-28,"Title 170, Article 8-6",sewer tracker,indiana utility regulatory commission,,"Environmental Protection, Public Utilities, and Natural Resources",3500001737,8,931,3,3,0,0,2,25.0,6.91,3.0303030303030303,32.273743016759774
Indiana,2021-06-28,"Title 17, Article 1",debarment procedure,office of community and rural affairs,,Administration,3500001548,12,1264,12,0,0,0,0,20.0,7.04,12.962962962962962,34.33648790746582
Indiana,2021-06-28,"Title 203, Article 1",administrative procedure,victim services division,,"Security, Justice, and Corrections",3500001744,80,4910,68,9,0,0,3,25.0,8.26,23.88888888888889,33.26162111656155
Indiana,2021-06-28,"Title 205, Article 1",slow moving vehicle emblem,indiana criminal justice institute,,"Security, Justice, and Corrections",3500001745,23,2395,21,0,0,1,1,19.0,7.33,4.761904761904762,33.70613496932516
Indiana,2021-06-28,"Title 205, Article 2",public safety improvement areas,indiana criminal justice institute,,"Security, Justice, and Corrections",3500001746,10,2008,7,3,0,0,0,19.0,6.97,3.488372093023256,34.73998488284202
Indiana,2021-06-28,"Title 20, Article 1",field examiners,state board of accounts,,"Industry, Commerce, and Development",3500001549,21,1433,18,1,0,0,2,27.0,7.09,6.666666666666667,31.843597262952105
Indiana,2021-06-28,"Title 20, Article 3",digital signatures,state board of accounts,,"Industry, Commerce, and Development",3500001550,0,190,0,0,0,0,0,6.0,4.75,0.0,50.28155339805825
Indiana,2021-06-28,"Title 210, Article 1",general provisions,department of correction,,"Security, Justice, and Corrections",3500001747,140,11462,125,5,3,0,7,28.0,8.27,17.355371900826448,34.59857944781762
Indiana,2021-06-28,"Title 210, Article 2",community based corrections,department of correction,,"Security, Justice, and Corrections",3500001748,42,3067,32,4,0,0,6,23.0,8.31,8.870967741935484,36.50631458094145
Indiana,2021-06-28,"Title 210, Article 3",county jail standards,department of correction,,"Security, Justice, and Corrections",3500001749,308,12106,256,18,3,19,12,17.0,9.29,11.195158850226928,35.32424812030075
Indiana,2021-06-28,"Title 210, Article 5",release authority for juveniles,department of correction,,"Security, Justice, and Corrections",3500001750,69,3371,64,4,1,0,0,26.0,7.99,27.77777777777778,39.44495262985952
Indiana,2021-06-28,"Title 210, Article 6",juvenile detention facilities,department of correction,,"Security, Justice, and Corrections",3500001751,28,5069,21,3,0,1,3,22.0,7.83,9.895833333333332,35.07065834279228
Indiana,2021-06-28,"Title 210, Article 7",offender health care co payment procedures,department of correction,,"Security, Justice, and Corrections",3500001752,83,3727,75,0,0,0,8,23.0,7.56,13.79310344827586,31.866059379217276
Indiana,2021-06-28,"Title 220, Article 1-1",general provisions,parole board,,"Security, Justice, and Corrections",3500001753,71,7085,46,11,7,1,6,30.0,8.07,22.641509433962263,32.96162769944672
Indiana,2021-06-28,"Title 240, Article 1",personnel,state police department,,"Security, Justice, and Corrections",3500001754,40,4788,28,4,1,1,6,22.0,7.5,6.989247311827956,35.97385817307692
Indiana,2021-06-28,"Title 240, Article 3",firearms licensing,state police department,,"Security, Justice, and Corrections",3500001755,7,897,1,6,0,0,0,17.0,7.24,15.555555555555555,34.53523238380809
Indiana,2021-06-28,"Title 240, Article 4-1",private detectives,state police department,,"Security, Justice, and Corrections",3500001756,0,460,0,0,0,0,0,11.0,5.17,0.0,44.62737642585552
Indiana,2021-06-28,"Title 240, Article 5",communication systems,state police department,,"Security, Justice, and Corrections",3500001757,89,4895,87,0,0,0,2,24.0,8.42,12.432432432432432,37.70021723388849
Indiana,2021-06-28,"Title 240, Article 6",criminal history record information,state police department,,"Security, Justice, and Corrections",3500001758,61,2978,54,5,0,0,2,30.0,7.96,11.956521739130435,38.23608903020668
Indiana,2021-06-28,"Title 240, Article 7",polygraph examiners,state police department,,"Security, Justice, and Corrections",3500001759,10,1132,7,1,0,0,2,22.0,6.72,11.904761904761903,33.743725231175695
Indiana,2021-06-28,"Title 240, Article 8",indiana dna data base,state police department,,"Security, Justice, and Corrections",3500001760,34,2995,26,3,0,0,5,25.0,7.15,8.91089108910891,31.696895022178413
Indiana,2021-06-28,"Title 240, Article 9",regulation of deadly weapons and devices,state police department,,"Security, Justice, and Corrections",3500001761,6,1269,4,0,0,2,0,24.0,7.44,2.2222222222222223,31.54594017094017
Indiana,2021-06-28,"Title 250, Article 1",general provisions,law enforcement training board,,"Security, Justice, and Corrections",3500001762,1,819,0,0,0,0,1,8.0,5.96,0.0,44.03462321792261
Indiana,2021-06-28,"Title 250, Article 2",general provisions,law enforcement training board,,"Security, Justice, and Corrections",3500001763,122,10533,76,27,3,0,16,29.0,7.93,11.746031746031743,35.17191342843089
Indiana,2021-06-28,"Title 25, Article 1-1",state procurement,indiana department of administration,,Administration,3500001551,102,8350,67,14,3,3,15,31.0,8.36,25.81967213114754,35.62635245294205
Indiana,2021-06-28,"Title 25, Article 1-5",small business procurements and projects,indiana department of administration,,Administration,3500001552,19,4506,19,0,0,0,0,37.0,6.69,17.02127659574468,31.26130467012602
Indiana,2021-06-28,"Title 25, Article 2",public works division,indiana department of administration,,Administration,3500001553,109,13736,82,13,0,0,14,27.0,7.81,16.548463356973993,35.31545511351802
Indiana,2021-06-28,"Title 25, Article 4",operation of motor vehicles,indiana department of administration,,Administration,3500001554,2,342,1,0,0,1,0,27.0,6.74,0.0,38.60536398467433
Indiana,2021-06-28,"Title 25, Article 5",minority and women s business enterprises,indiana department of administration,,Administration,3500001555,171,16331,83,66,10,0,12,28.0,8.76,22.83018867924528,37.33416458852868
Indiana,2021-06-28,"Title 25, Article 6",executive branch lobbyists,indiana department of administration,,Administration,3500001556,38,3516,23,5,2,1,7,29.0,8.1,10.0,36.56940700808625
Indiana,2021-06-28,"Title 25, Article 7",indiana government center code adam safety protocol,indiana department of administration,,Administration,3500001557,7,1135,5,2,0,0,0,16.0,6.99,6.666666666666667,34.82007343941248
Indiana,2021-06-28,"Title 25, Article 8",regulation of deadly weapons and devices,indiana department of administration,,Administration,3500001558,6,1200,4,0,0,2,0,21.0,7.05,0.0,32.34452736318408
Indiana,2021-06-28,"Title 25, Article 9",indiana veteran owned small businesses,indiana department of administration,,Administration,3500001559,53,5127,22,24,2,0,5,24.0,8.24,15.789473684210526,37.75018033181053
Indiana,2021-06-28,"Title 260, Article 1-1",breath test operators and instruments,state department of toxicology,,Health Services,3500001764,0,407,0,0,0,0,0,12.0,5.68,0.0,38.49433962264151
Indiana,2021-06-28,"Title 260, Article 2-5",breath test operators and instruments,state department of toxicology,,Health Services,3500001765,24,2420,19,5,0,0,0,22.0,7.33,20.833333333333336,37.172467532467536
Indiana,2021-06-28,"Title 260, Article 3",ignition interlock devices,state department of toxicology,,Health Services,3500001766,38,2642,11,8,1,0,18,25.0,7.47,11.827956989247312,36.662045889101336
Indiana,2021-06-28,"Title 290, Article 1",state disaster relief fund,department of homeland security,,"Security, Justice, and Corrections",3500001767,52,5271,31,10,0,3,8,23.0,8.32,9.66183574879227,35.92031782065834
Indiana,2021-06-28,"Title 290, Article 2",severe weather warning sirens,department of homeland security,,"Security, Justice, and Corrections",3500001768,78,5825,55,11,1,0,11,32.0,8.37,20.46783625730994,34.54083799961383
Indiana,2021-06-28,"Title 305, Article 1",professional geologists,indiana board of licensure for professional geologists,,"Industry, Commerce, and Development",3500001769,67,7247,25,37,1,0,4,28.0,7.98,9.77777777777778,36.29427379598028
Indiana,2021-06-28,"Title 307, Article 1",indiana registry of soil scientists,indiana board of registration for soil scientists,,"Industry, Commerce, and Development",3500001770,44,5546,22,14,1,2,5,18.0,8.28,5.30035335689046,34.51203599550056
Indiana,2021-06-28,"Title 310, Article 12",coal mining and reclamation operations,department of natural resources,,"Environmental Protection, Public Utilities, and Natural Resources",3500001772,1,13819,0,0,0,0,1,17.0,6.53,0.2702702702702703,42.02872209132728
Indiana,2021-06-28,"Title 310, Article 5",general use regulations department land and water areas,department of natural resources,,"Environmental Protection, Public Utilities, and Natural Resources",3500001771,0,721,0,0,0,0,0,17.0,6.01,0.0,37.78936170212766
Indiana,2021-06-28,"Title 312, Article 1",definitions,natural resources commission,,"Environmental Protection, Public Utilities, and Natural Resources",3500001773,3,4274,0,0,0,0,3,22.0,6.96,9.803921568627452,28.849056603773583
Indiana,2021-06-28,"Title 312, Article 10",flood plain management,natural resources commission,,"Environmental Protection, Public Utilities, and Natural Resources",3500001785,118,20469,49,56,0,0,13,28.0,8.5,21.684867394695782,31.8498369210698
Indiana,2021-06-28,"Title 312, Article 10-5",regulation of dams,natural resources commission,,"Environmental Protection, Public Utilities, and Natural Resources",3500001786,11,2642,9,1,0,0,1,21.0,7.48,15.23809523809524,34.237305699481865
Indiana,2021-06-28,"Title 312, Article 11",public freshwater lakes,natural resources commission,,"Environmental Protection, Public Utilities, and Natural Resources",3500001787,100,14843,21,57,3,4,15,27.0,8.28,17.768595041322314,31.354411898895886
Indiana,2021-06-28,"Title 312, Article 11-5",surface water emergencies on lakes,natural resources commission,,"Environmental Protection, Public Utilities, and Natural Resources",3500001788,2,1153,1,0,0,0,1,21.0,6.64,2.272727272727273,34.325452016689844
Indiana,2021-06-28,"Title 312, Article 11-8",surface water disputes mediation,natural resources commission,,"Environmental Protection, Public Utilities, and Natural Resources",3500001789,16,1076,11,3,0,0,2,21.0,7.22,20.930232558139537,35.56219512195122
Indiana,2021-06-28,"Title 312, Article 12",water well drilling and ground water,natural resources commission,,"Environmental Protection, Public Utilities, and Natural Resources",3500001790,9,2397,6,3,0,0,0,28.0,6.84,4.3478260869565215,30.077377049180328
Indiana,2021-06-28,"Title 312, Article 13",water well drillers and water well pump installers,natural resources commission,,"Environmental Protection, Public Utilities, and Natural Resources",3500001791,219,16255,169,42,0,0,8,26.0,8.24,9.892086330935252,30.806366472046708
Indiana,2021-06-28,"Title 312, Article 14",timber buyers their agents and timber growers,natural resources commission,,"Environmental Protection, Public Utilities, and Natural Resources",3500001792,33,5908,25,5,1,0,2,27.0,7.47,12.568306010928962,30.160298005287192
Indiana,2021-06-28,"Title 312, Article 15",forest and resource management,natural resources commission,,"Environmental Protection, Public Utilities, and Natural Resources",3500001793,8,2547,4,3,0,0,1,30.0,6.89,5.970149253731343,31.19402985074627
Indiana,2021-06-28,"Title 312, Article 17",other petroleum regulation,natural resources commission,,"Environmental Protection, Public Utilities, and Natural Resources",3500001794,86,6396,67,8,0,1,10,28.0,7.8,17.94871794871795,30.069613495622463
Indiana,2021-06-28,"Title 312, Article 18",entomology and plant pathology,natural resources commission,,"Environmental Protection, Public Utilities, and Natural Resources",3500001795,174,19244,84,56,1,10,23,23.0,9.14,15.782493368700266,34.26662484316186
Indiana,2021-06-28,"Title 312, Article 19",research collection quotas and sales of plants,natural resources commission,,"Environmental Protection, Public Utilities, and Natural Resources",3500001796,25,1922,5,16,0,0,4,23.0,7.37,14.864864864864863,30.86058032554848
Indiana,2021-06-28,"Title 312, Article 2",procedures and delegations,natural resources commission,,"Environmental Protection, Public Utilities, and Natural Resources",3500001774,54,5615,32,9,1,0,12,26.0,7.87,19.148936170212767,31.85320886814469
Indiana,2021-06-28,"Title 312, Article 20",historic preservation review board,natural resources commission,,"Environmental Protection, Public Utilities, and Natural Resources",3500001797,48,6859,34,8,2,0,4,27.0,7.98,21.17117117117117,34.87337093950593
Indiana,2021-06-28,"Title 312, Article 21",archaeological review and recovery,natural resources commission,,"Environmental Protection, Public Utilities, and Natural Resources",3500001798,62,4067,13,39,0,0,10,21.0,8.14,10.734463276836156,41.69864698646987
Indiana,2021-06-28,"Title 312, Article 22",human remains burial objects and artifacts,natural resources commission,,"Environmental Protection, Public Utilities, and Natural Resources",3500001799,67,9926,22,30,0,0,15,25.0,8.15,11.594202898550725,37.84448924731183
Indiana,2021-06-28,"Title 312, Article 22-5",cemeteries and burial grounds registration and management,natural resources commission,,"Environmental Protection, Public Utilities, and Natural Resources",3500001800,10,2076,3,5,0,0,2,22.0,7.21,5.128205128205128,33.634408602150536
Indiana,2021-06-28,"Title 312, Article 25",coal mining and reclamation operations,natural resources commission,,"Environmental Protection, Public Utilities, and Natural Resources",3500001801,2701,188333,2093,189,12,19,388,30.0,9.48,22.405909250791417,35.28755122589417
Indiana,2021-06-28,"Title 312, Article 26",grant programs,natural resources commission,,"Environmental Protection, Public Utilities, and Natural Resources",3500001802,99,10396,36,59,0,0,4,22.0,8.31,10.047846889952153,36.595954487989886
Indiana,2021-06-28,"Title 312, Article 28",state land office,natural resources commission,,"Environmental Protection, Public Utilities, and Natural Resources",3500001803,2,389,2,0,0,0,0,17.0,5.96,0.0,33.333333333333336
Indiana,2021-06-28,"Title 312, Article 29",oil and gas,natural resources commission,,"Environmental Protection, Public Utilities, and Natural Resources",3500001804,855,71240,627,105,2,14,107,28.0,9.06,18.68686868686869,33.229294158843445
Indiana,2021-06-28,"Title 312, Article 3",adjudicatory proceedings,natural resources commission,,"Environmental Protection, Public Utilities, and Natural Resources",3500001775,98,10775,66,12,3,1,16,32.0,8.32,27.11864406779661,34.0990284443404
Indiana,2021-06-28,"Title 312, Article 4",law enforcement,natural resources commission,,"Environmental Protection, Public Utilities, and Natural Resources",3500001776,31,6492,20,11,0,0,0,22.0,7.4,6.198347107438017,34.51051893408135
Indiana,2021-06-28,"Title 312, Article 5",boating on public waters of indiana,natural resources commission,,"Environmental Protection, Public Utilities, and Natural Resources",3500001777,355,46640,74,253,3,4,21,29.0,8.78,12.354651162790695,29.139535567313345
Indiana,2021-06-28,"Title 312, Article 6",navigable waters,natural resources commission,,"Environmental Protection, Public Utilities, and Natural Resources",3500001778,90,12068,36,30,1,1,22,24.0,8.1,20.093457943925237,31.749293226280678
Indiana,2021-06-28,"Title 312, Article 6-2",great lakes basin water management,natural resources commission,,"Environmental Protection, Public Utilities, and Natural Resources",3500001779,41,5492,13,19,0,0,9,22.0,8.2,12.844036697247708,36.13129701390472
Indiana,2021-06-28,"Title 312, Article 6-3",water withdrawal contracts from state reservoirs,natural resources commission,,"Environmental Protection, Public Utilities, and Natural Resources",3500001780,33,4428,25,5,0,0,3,23.0,7.57,15.853658536585366,32.617818740399386
Indiana,2021-06-28,"Title 312, Article 7",trails and scenic rivers,natural resources commission,,"Environmental Protection, Public Utilities, and Natural Resources",3500001781,4,1006,2,1,0,1,0,25.0,6.71,11.76470588235294,31.04283604135893
Indiana,2021-06-28,"Title 312, Article 8",public use of natural and recreational areas,natural resources commission,,"Environmental Protection, Public Utilities, and Natural Resources",3500001782,138,12969,20,105,3,5,5,22.0,8.57,17.870722433460077,29.567631362889983
Indiana,2021-06-28,"Title 312, Article 9",fish and wildlife,natural resources commission,,"Environmental Protection, Public Utilities, and Natural Resources",3500001783,1034,92912,241,698,13,13,69,24.0,9.51,18.71794871794872,29.90104774535809
Indiana,2021-06-28,"Title 312, Article 9-5",in lieu fee mitigation,natural resources commission,,"Environmental Protection, Public Utilities, and Natural Resources",3500001784,7,1262,3,3,0,0,1,20.0,6.8,5.88235294117647,31.321596244131456
Indiana,2021-06-28,"Title 313, Article 1",acquisition and disposition of artifacts and historic property,indiana state museum and historic sites corporation,,"Culture, Recreation, and the Arts",3500001805,0,274,0,0,0,0,0,18.0,6.16,0.0,39.35545023696682
Indiana,2021-06-28,"Title 313, Article 2",definitions,indiana state museum and historic sites corporation,,"Culture, Recreation, and the Arts",3500001806,0,1182,0,0,0,0,0,19.0,6.2,4.166666666666666,38.51510989010989
Indiana,2021-06-28,"Title 313, Article 3",artifacts,indiana state museum and historic sites corporation,,"Culture, Recreation, and the Arts",3500001807,16,1821,11,5,0,0,0,23.0,7.4,20.54794520547945,38.03888130968622
Indiana,2021-06-28,"Title 313, Article 4",historic properties,indiana state museum and historic sites corporation,,"Culture, Recreation, and the Arts",3500001808,8,968,7,1,0,0,0,26.0,7.02,6.0606060606060606,39.06901041666666
Indiana,2021-06-28,"Title 313, Article 5",ethics,indiana state museum and historic sites corporation,,"Culture, Recreation, and the Arts",3500001809,0,167,0,0,0,0,0,13.0,5.73,10.0,36.89622641509434
Indiana,2021-06-28,"Title 313, Article 6",public use of cultural and historic sites,indiana state museum and historic sites corporation,,"Culture, Recreation, and the Arts",3500001810,44,3644,7,32,2,2,1,16.0,8.08,12.376237623762377,31.69158249158249
Indiana,2021-06-28,"Title 315, Article 1",adjudicatory proceedings before environmental law judges,office of environmental adjudication,,"Environmental Protection, Public Utilities, and Natural Resources",3500001811,102,9015,80,9,1,3,9,25.0,8.37,16.97530864197531,33.73889042230196
Indiana,2021-06-28,"Title 31, Article 1",non merit employees,state personnel department,,Administration,3500001560,0,564,0,0,0,0,0,8.0,5.64,0.0,34.28651685393258
Indiana,2021-06-28,"Title 31, Article 2",state employees,state personnel department,,Administration,3500001561,0,747,0,0,0,0,0,10.0,6.07,0.0,35.43541666666667
Indiana,2021-06-28,"Title 31, Article 4",retiree flexible spending program,state personnel department,,Administration,3500001562,0,228,0,0,0,0,0,9.0,5.52,4.761904761904762,35.817567567567565
Indiana,2021-06-28,"Title 31, Article 5",state employees,state personnel department,,Administration,3500001563,183,15949,149,19,2,2,11,27.0,8.29,21.53846153846154,32.545840207400424
Indiana,2021-06-28,"Title 320-1, Article 5",refuse disposal act solid waste management permits industrial waste hauler permits,solid waste management board,,"Environmental Protection, Public Utilities, and Natural Resources",3500001814,0,567,0,0,0,0,0,41.0,5.31,0.0,32.16893732970027
Indiana,2021-06-28,"Title 320, Article 3",water sanitation,indiana environmental management board,,"Environmental Protection, Public Utilities, and Natural Resources",3500001812,0,630,0,0,0,0,0,22.0,5.83,0.0,40.60585585585586
Indiana,2021-06-28,"Title 320, Article 4-1",hazardous waste management permit program and related hazardous waste management requirements,indiana environmental management board,,"Environmental Protection, Public Utilities, and Natural Resources",3500001813,0,4823,0,0,0,0,0,19.0,5.87,0.0,42.49434318038969
Indiana,2021-06-28,"Title 325, Article 1-1",general provisions,air pollution control board of the state of indiana,,"Environmental Protection, Public Utilities, and Natural Resources",3500001815,0,478,0,0,0,0,0,22.0,5.47,0.0,36.35207100591716
Indiana,2021-06-28,"Title 325, Article 13",motor vehicle emission and fuel standards,air pollution control board of the state of indiana,,"Environmental Protection, Public Utilities, and Natural Resources",3500001820,0,946,0,0,0,0,0,16.0,5.53,0.0,31.812292358803987
Indiana,2021-06-28,"Title 325, Article 2",permit review regulations,air pollution control board of the state of indiana,,"Environmental Protection, Public Utilities, and Natural Resources",3500001816,0,261,0,0,0,0,0,20.0,5.29,0.0,34.18279569892473
Indiana,2021-06-28,"Title 325, Article 6",particulate regulations,air pollution control board of the state of indiana,,"Environmental Protection, Public Utilities, and Natural Resources",3500001817,0,1576,0,0,0,0,0,17.0,5.5,0.0,31.911004784688995
Indiana,2021-06-28,"Title 325, Article 7",sulfur dioxide regulations,air pollution control board of the state of indiana,,"Environmental Protection, Public Utilities, and Natural Resources",3500001818,0,680,0,0,0,0,0,16.0,5.23,0.0,33.203619909502265
Indiana,2021-06-28,"Title 325, Article 8",volatile organic compound regulations,air pollution control board of the state of indiana,,"Environmental Protection, Public Utilities, and Natural Resources",3500001819,0,1341,0,0,0,0,0,17.0,5.5,0.0,33.5213963963964
Indiana,2021-06-28,"Title 326, Article 1",general provisions,air pollution control division,,"Environmental Protection, Public Utilities, and Natural Resources",3500001821,100,38435,59,27,0,1,13,20.0,7.97,4.531151667715545,38.82023431779351
Indiana,2021-06-28,"Title 326, Article 10",nitrogen oxides rules,air pollution control division,,"Environmental Protection, Public Utilities, and Natural Resources",3500001832,158,16559,113,15,3,0,27,32.0,8.92,14.8,33.35364842454395
Indiana,2021-06-28,"Title 326, Article 11",emission limitations for specific types of operations,air pollution control division,,"Environmental Protection, Public Utilities, and Natural Resources",3500001833,157,14136,141,4,0,0,12,28.0,8.69,10.75268817204301,34.69676710321458
Indiana,2021-06-28,"Title 326, Article 12",new source performance standards,air pollution control division,,"Environmental Protection, Public Utilities, and Natural Resources",3500001834,4,605,4,0,0,0,0,23.0,6.95,13.043478260869565,36.0566037735849
Indiana,2021-06-28,"Title 326, Article 13",motor vehicle emission and fuel standards,air pollution control division,,"Environmental Protection, Public Utilities, and Natural Resources",3500001835,185,12570,150,12,1,1,21,24.0,8.88,11.336032388663968,34.25488131699847
Indiana,2021-06-28,"Title 326, Article 14",emission standards for hazardous air pollutants,air pollution control division,,"Environmental Protection, Public Utilities, and Natural Resources",3500001836,151,14975,80,43,1,0,27,30.0,9.1,22.058823529411764,34.877448281286874
Indiana,2021-06-28,"Title 326, Article 15",lead rules,air pollution control division,,"Environmental Protection, Public Utilities, and Natural Resources",3500001837,36,1901,36,0,0,0,0,35.0,7.81,8.51063829787234,31.56028880866426
Indiana,2021-06-28,"Title 326, Article 16",state environmental policy,air pollution control division,,"Environmental Protection, Public Utilities, and Natural Resources",3500001838,14,2438,8,2,0,0,4,21.0,7.86,10.0,39.240085744908896
Indiana,2021-06-28,"Title 326, Article 17-1",public records confidential information confidentiality agreements,air pollution control division,,"Environmental Protection, Public Utilities, and Natural Resources",3500001839,46,5348,37,3,2,0,4,27.0,7.44,18.128654970760238,38.51214361140443
Indiana,2021-06-28,"Title 326, Article 18",asbestos management,air pollution control division,,"Environmental Protection, Public Utilities, and Natural Resources",3500001840,132,15262,53,58,1,2,18,16.0,8.88,5.328798185941043,39.89626274065685
Indiana,2021-06-28,"Title 326, Article 19",mobile source rules,air pollution control division,,"Environmental Protection, Public Utilities, and Natural Resources",3500001841,59,6262,39,2,4,0,14,23.0,8.57,11.857707509881422,32.86351899668019
Indiana,2021-06-28,"Title 326, Article 2",permit review rules,air pollution control division,,"Environmental Protection, Public Utilities, and Natural Resources",3500001822,1679,132150,1160,229,16,5,269,28.0,9.51,19.982078853046595,35.37289745690332
Indiana,2021-06-28,"Title 326, Article 20",hazardous air pollutants,air pollution control division,,"Environmental Protection, Public Utilities, and Natural Resources",3500001842,237,35289,157,36,0,0,44,25.0,8.81,8.404009252120277,38.20348611552168
Indiana,2021-06-28,"Title 326, Article 21",acid deposition control,air pollution control division,,"Environmental Protection, Public Utilities, and Natural Resources",3500001843,0,301,0,0,0,0,0,24.0,6.95,9.090909090909092,40.98198198198198
Indiana,2021-06-28,"Title 326, Article 22",stratospheric ozone protection,air pollution control division,,"Environmental Protection, Public Utilities, and Natural Resources",3500001844,3,260,3,0,0,0,0,24.0,6.93,10.0,40.57575757575758
Indiana,2021-06-28,"Title 326, Article 23",lead based paint program,air pollution control division,,"Environmental Protection, Public Utilities, and Natural Resources",3500001845,0,4821,0,0,0,0,0,13.0,5.85,0.0,35.790338812479035
Indiana,2021-06-28,"Title 326, Article 24",cross state air pollution rule,air pollution control division,,"Environmental Protection, Public Utilities, and Natural Resources",3500001846,72,9443,48,24,0,0,0,31.0,7.63,17.02127659574468,31.159351522340845
Indiana,2021-06-28,"Title 326, Article 25",voluntary performance based leadership programs,air pollution control division,,"Environmental Protection, Public Utilities, and Natural Resources",3500001847,56,5067,44,9,0,0,3,26.0,8.11,11.797752808988765,41.15926456542503
Indiana,2021-06-28,"Title 326, Article 26",regional haze,air pollution control division,,"Environmental Protection, Public Utilities, and Natural Resources",3500001848,34,3161,26,3,0,0,5,27.0,7.93,9.345794392523365,36.2556158017041
Indiana,2021-06-28,"Title 326, Article 3",monitoring requirements,air pollution control division,,"Environmental Protection, Public Utilities, and Natural Resources",3500001823,275,15794,208,21,1,0,45,27.0,9.07,19.314079422382672,35.84644003501605
Indiana,2021-06-28,"Title 326, Article 4",burning regulations,air pollution control division,,"Environmental Protection, Public Utilities, and Natural Resources",3500001824,145,8199,101,34,5,4,1,25.0,8.8,15.909090909090908,33.635093845482324
Indiana,2021-06-28,"Title 326, Article 5",opacity regulations,air pollution control division,,"Environmental Protection, Public Utilities, and Natural Resources",3500001825,64,4620,54,7,0,0,3,30.0,8.35,27.77777777777778,36.234879032258064
Indiana,2021-06-28,"Title 326, Article 6",particulate rules,air pollution control division,,"Environmental Protection, Public Utilities, and Natural Resources",3500001826,206,14394,179,8,1,0,18,23.0,8.98,17.647058823529413,35.47874606014141
Indiana,2021-06-28,"Title 326, Article 6-5",particulate matter limitations except lake county,air pollution control division,,"Environmental Protection, Public Utilities, and Natural Resources",3500001827,154,16932,149,2,0,0,3,20.0,7.96,10.86309523809524,31.910597876699573
Indiana,2021-06-28,"Title 326, Article 6-8",particulate matter limitations for lake county,air pollution control division,,"Environmental Protection, Public Utilities, and Natural Resources",3500001828,404,29467,369,8,2,0,25,25.0,9.23,10.55662188099808,35.2890960007001
Indiana,2021-06-28,"Title 326, Article 7",sulfur dioxide rules,air pollution control division,,"Environmental Protection, Public Utilities, and Natural Resources",3500001829,202,17313,182,14,3,0,3,30.0,8.73,11.76470588235294,33.01586821822578
Indiana,2021-06-28,"Title 326, Article 8",volatile organic compound rules,air pollution control division,,"Environmental Protection, Public Utilities, and Natural Resources",3500001830,1474,137973,1176,140,4,2,152,26.0,10.09,17.74703557312253,35.28432868085523
Indiana,2021-06-28,"Title 326, Article 9",carbon monoxide emission rules,air pollution control division,,"Environmental Protection, Public Utilities, and Natural Resources",3500001831,7,631,6,0,0,0,1,22.0,7.49,23.07692307692308,35.47657841140529
Indiana,2021-06-28,"Title 327, Article 1",general provisions,water pollution control division,,"Environmental Protection, Public Utilities, and Natural Resources",3500001849,1,492,1,0,0,0,0,26.0,6.43,6.666666666666667,31.2013422818792
Indiana,2021-06-28,"Title 327, Article 11",state environmental policy,water pollution control division,,"Environmental Protection, Public Utilities, and Natural Resources",3500001859,12,2211,6,2,0,0,4,21.0,7.69,9.67741935483871,39.33996489174956
Indiana,2021-06-28,"Title 327, Article 12-1",public records confidential information confidentiality agreements,water pollution control division,,"Environmental Protection, Public Utilities, and Natural Resources",3500001860,46,6183,36,4,2,0,4,26.0,7.56,15.816326530612246,38.630330672748
Indiana,2021-06-28,"Title 327, Article 15",npdes general permits and specific category individual permit requirements,water pollution control division,,"Environmental Protection, Public Utilities, and Natural Resources",3500001861,730,56917,333,258,4,5,130,29.0,9.55,17.248908296943235,36.63937678828763
Indiana,2021-06-28,"Title 327, Article 17",wetland activity permits,water pollution control division,,"Environmental Protection, Public Utilities, and Natural Resources",3500001862,74,11361,26,31,2,0,15,25.0,8.73,14.320388349514564,35.61397175921011
Indiana,2021-06-28,"Title 327, Article 18",voluntary performance based leadership programs,water pollution control division,,"Environmental Protection, Public Utilities, and Natural Resources",3500001863,65,6435,50,11,0,0,4,30.0,8.04,15.263157894736842,39.68872210152084
Indiana,2021-06-28,"Title 327, Article 19",confined feeding operations,water pollution control division,,"Environmental Protection, Public Utilities, and Natural Resources",3500001864,250,22263,52,156,5,7,30,25.0,8.46,13.766233766233766,33.93731988472622
Indiana,2021-06-28,"Title 327, Article 2",water quality standards,water pollution control division,,"Environmental Protection, Public Utilities, and Natural Resources",3500001850,754,85415,394,293,10,6,51,33.0,10.04,33.08672420879573,34.8641954764183
Indiana,2021-06-28,"Title 327, Article 20",satellite manure storage structure permitting program,water pollution control division,,"Environmental Protection, Public Utilities, and Natural Resources",3500001865,104,7903,42,50,1,0,11,29.0,8.26,19.421487603305785,33.753712072304715
Indiana,2021-06-28,"Title 327, Article 3",wastewater treatment facilities issuance of permits construction and permit requirements,water pollution control division,,"Environmental Protection, Public Utilities, and Natural Resources",3500001851,224,19754,113,88,0,0,23,28.0,8.97,11.57556270096463,35.34321362556113
Indiana,2021-06-28,"Title 327, Article 4",wastewater treatment facilities overload condition,water pollution control division,,"Environmental Protection, Public Utilities, and Natural Resources",3500001852,13,3146,11,0,0,0,2,25.0,7.9,15.454545454545451,34.11289640591966
Indiana,2021-06-28,"Title 327, Article 5",industrial wastewater pretreatment programs and npdes,water pollution control division,,"Environmental Protection, Public Utilities, and Natural Resources",3500001853,1471,125295,918,262,17,11,263,34.0,9.32,28.481956456904268,37.28868636202062
Indiana,2021-06-28,"Title 327, Article 6",land application of sludge and wastewater,water pollution control division,,"Environmental Protection, Public Utilities, and Natural Resources",3500001854,0,423,0,0,0,0,0,14.0,5.42,0.0,38.388489208633096
Indiana,2021-06-28,"Title 327, Article 6-1",land application of biosolid industrial waste product and pollutant bearing water,water pollution control division,,"Environmental Protection, Public Utilities, and Natural Resources",3500001855,416,43607,85,280,1,16,34,33.0,8.34,16.831683168316832,32.95305073859987
Indiana,2021-06-28,"Title 327, Article 7",management of sewage disposal system wastewater,water pollution control division,,"Environmental Protection, Public Utilities, and Natural Resources",3500001856,0,681,0,0,0,0,0,13.0,5.34,0.0,36.93119266055046
Indiana,2021-06-28,"Title 327, Article 7-1",wastewater management,water pollution control division,,"Environmental Protection, Public Utilities, and Natural Resources",3500001857,226,19668,60,141,0,9,16,28.0,8.47,11.419249592169658,32.99417146729922
Indiana,2021-06-28,"Title 327, Article 8",public water supply,water pollution control division,,"Environmental Protection, Public Utilities, and Natural Resources",3500001858,2648,210651,1285,788,36,1,538,29.0,9.82,18.290876777251185,35.66467317235867
Indiana,2021-06-28,"Title 328, Article 1",excess liability trust fund corrective action and eltf liability indemnity claim payments,underground storage tank financial assurance board,,"Banking, Insurance, and Securities",3500001866,95,12698,33,43,4,0,15,28.0,8.83,17.206982543640898,36.1852671832545
Indiana,2021-06-28,"Title 329, Article 1",general provisions,solid waste management division,,"Environmental Protection, Public Utilities, and Natural Resources",3500001867,16,1779,8,5,0,0,3,25.0,7.29,6.666666666666667,37.27449455676516
Indiana,2021-06-28,"Title 329, Article 10",solid waste land disposal facilities,solid waste management division,,"Environmental Protection, Public Utilities, and Natural Resources",3500001875,2137,164635,422,1314,8,32,361,5.0,9.43,3.065650858455145,35.17144363533556
Indiana,2021-06-28,"Title 329, Article 11",solid waste processing facilities,solid waste management division,,"Environmental Protection, Public Utilities, and Natural Resources",3500001876,301,35152,59,168,3,11,60,25.0,8.18,12.030716723549489,33.2292174775743
Indiana,2021-06-28,"Title 329, Article 11-5",biomass anaerobic digestion facilities and biomass gasification facilities,solid waste management division,,"Environmental Protection, Public Utilities, and Natural Resources",3500001877,84,8119,10,47,3,1,23,23.0,8.08,11.003236245954692,37.13857142857143
Indiana,2021-06-28,"Title 329, Article 11-6",mobile home salvaging facilities,solid waste management division,,"Environmental Protection, Public Utilities, and Natural Resources",3500001878,83,7128,10,48,2,1,22,22.0,7.99,8.51063829787234,34.719582634618966
Indiana,2021-06-28,"Title 329, Article 11-7",alternative fuel source,solid waste management division,,"Environmental Protection, Public Utilities, and Natural Resources",3500001879,71,7027,11,37,2,1,20,22.0,7.86,10.469314079422382,34.241439015005774
Indiana,2021-06-28,"Title 329, Article 12",solid waste management activity registration,solid waste management division,,"Environmental Protection, Public Utilities, and Natural Resources",3500001880,95,12600,41,35,5,0,14,23.0,7.56,6.359649122807018,36.32765399737877
Indiana,2021-06-28,"Title 329, Article 13",used oil management,solid waste management division,,"Environmental Protection, Public Utilities, and Natural Resources",3500001881,260,23328,25,208,8,4,15,30.0,8.24,20.30812324929972,32.61544650040225
Indiana,2021-06-28,"Title 329, Article 15",waste tire management,solid waste management division,,"Environmental Protection, Public Utilities, and Natural Resources",3500001882,170,15147,53,70,6,0,41,27.0,7.57,8.61344537815126,31.11415359506755
Indiana,2021-06-28,"Title 329, Article 16",electronics waste management,solid waste management division,,"Environmental Protection, Public Utilities, and Natural Resources",3500001883,108,12503,26,57,3,2,20,24.0,7.95,9.297052154195011,34.299977861412444
Indiana,2021-06-28,"Title 329, Article 18",voluntary performance based leadership programs,solid waste management division,,"Environmental Protection, Public Utilities, and Natural Resources",3500001884,56,4928,44,9,0,0,3,27.0,8.11,12.5,41.21743364986608
Indiana,2021-06-28,"Title 329, Article 3-1",hazardous waste management permit program and related hazardous waste management,solid waste management division,,"Environmental Protection, Public Utilities, and Natural Resources",3500001868,1323,99599,554,535,35,7,192,30.0,9.34,21.979811136437643,33.6196223751544
Indiana,2021-06-28,"Title 329, Article 4-1",regulation of wastes containing pcbs,solid waste management division,,"Environmental Protection, Public Utilities, and Natural Resources",3500001869,93,8192,43,23,0,0,27,24.0,7.73,12.794612794612794,34.620427881297445
Indiana,2021-06-28,"Title 329, Article 5",state environmental policy,solid waste management division,,"Environmental Protection, Public Utilities, and Natural Resources",3500001870,12,2214,6,2,0,0,4,21.0,7.68,9.67741935483871,39.22703335283792
Indiana,2021-06-28,"Title 329, Article 6-1",public records confidential information confidentiality agreements,solid waste management division,,"Environmental Protection, Public Utilities, and Natural Resources",3500001871,47,4945,37,4,2,0,4,24.0,7.3,16.184971098265898,39.36572890025575
Indiana,2021-06-28,"Title 329, Article 7-1",priority ranking system for hazardous substances response sites,solid waste management division,,"Environmental Protection, Public Utilities, and Natural Resources",3500001872,4,3745,1,1,0,0,2,27.0,7.46,6.1946902654867255,36.30015432098765
Indiana,2021-06-28,"Title 329, Article 8",household hazardous waste grants program,solid waste management division,,"Environmental Protection, Public Utilities, and Natural Resources",3500001873,21,3982,12,5,2,0,2,26.0,7.42,4.615384615384616,35.17714696370823
Indiana,2021-06-28,"Title 329, Article 9",underground storage tanks,solid waste management division,,"Environmental Protection, Public Utilities, and Natural Resources",3500001874,523,47237,248,190,3,1,81,26.0,9.4,17.863501483679524,35.13420799526499
Indiana,2021-06-28,"Title 330, Article 1",water quality standards generally,stream pollution control board of the state of indiana,,"Environmental Protection, Public Utilities, and Natural Resources",3500001885,1,1138,0,0,0,1,0,19.0,5.51,0.0,35.084942084942085
Indiana,2021-06-28,"Title 330, Article 2",water quality standards specific waters of the state,stream pollution control board of the state of indiana,,"Environmental Protection, Public Utilities, and Natural Resources",3500001886,0,224,0,0,0,0,0,22.0,5.66,0.0,32.532934131736525
Indiana,2021-06-28,"Title 330, Article 3-1",wastewater treatment facilities issuance of permits construction and permit requirements,stream pollution control board of the state of indiana,,"Environmental Protection, Public Utilities, and Natural Resources",3500001887,0,993,0,0,0,0,0,17.0,5.64,0.0,35.56221198156682
Indiana,2021-06-28,"Title 330, Article 3-3",land application of sludge and wastewater,stream pollution control board of the state of indiana,,"Environmental Protection, Public Utilities, and Natural Resources",3500001888,0,724,0,0,0,0,0,18.0,5.69,0.0,35.201219512195124
Indiana,2021-06-28,"Title 330, Article 5",industrial wastewater pretreatment programs,stream pollution control board of the state of indiana,,"Environmental Protection, Public Utilities, and Natural Resources",3500001889,0,1289,0,0,0,0,0,21.0,5.81,0.0,36.67991169977925
Indiana,2021-06-28,"Title 345, Article 1",domestic animal disease control general provisions,indiana state board of animal health,,"Industry, Commerce, and Development",3500001890,309,28952,72,173,18,2,44,22.0,8.94,13.670886075949369,34.5645751745275
Indiana,2021-06-28,"Title 345, Article 10",poultry and poultry products inspection,indiana state board of animal health,,"Industry, Commerce, and Development",3500001900,87,11828,62,14,0,0,11,27.0,8.18,12.827225130890051,31.26184766472536
Indiana,2021-06-28,"Title 345, Article 12",grading and certification programs,indiana state board of animal health,,"Industry, Commerce, and Development",3500001901,8,1885,4,4,0,0,0,28.0,7.71,13.333333333333334,35.27284595300261
Indiana,2021-06-28,"Title 345, Article 13",commercial dog breeders and brokers,indiana state board of animal health,,"Industry, Commerce, and Development",3500001902,9,770,0,4,1,0,4,25.0,6.77,11.11111111111111,32.01038062283737
Indiana,2021-06-28,"Title 345, Article 14",livestock and poultry care,indiana state board of animal health,,"Industry, Commerce, and Development",3500001903,8,952,1,6,0,0,1,21.0,6.9,5.0,31.10899182561308
Indiana,2021-06-28,"Title 345, Article 2",cattle goats and other tuberculosis or brucellosis carrying animals,indiana state board of animal health,,"Industry, Commerce, and Development",3500001891,243,21867,108,102,4,0,29,27.0,8.98,19.55085865257596,33.147742005185826
Indiana,2021-06-28,"Title 345, Article 2-5",tuberculosis control,indiana state board of animal health,,"Industry, Commerce, and Development",3500001892,136,16339,63,58,7,0,8,27.0,8.04,14.634146341463412,32.91913306921464
Indiana,2021-06-28,"Title 345, Article 3",swine,indiana state board of animal health,,"Industry, Commerce, and Development",3500001893,136,12179,55,63,1,1,16,28.0,8.29,15.503875968992247,31.779863660199265
Indiana,2021-06-28,"Title 345, Article 4",poultry,indiana state board of animal health,,"Industry, Commerce, and Development",3500001894,6,1331,3,3,0,0,0,21.0,7.47,11.11111111111111,34.4899894625922
Indiana,2021-06-28,"Title 345, Article 5",scrapie,indiana state board of animal health,,"Industry, Commerce, and Development",3500001895,94,13893,37,27,2,2,26,23.0,8.02,10.654205607476635,32.32410697587432
Indiana,2021-06-28,"Title 345, Article 6",equine,indiana state board of animal health,,"Industry, Commerce, and Development",3500001896,56,4380,14,29,1,1,11,20.0,8.03,11.224489795918368,30.64498873873874
Indiana,2021-06-28,"Title 345, Article 7",livestock dealers marketing exhibitions and slaughter livestock,indiana state board of animal health,,"Industry, Commerce, and Development",3500001897,271,19762,119,85,15,9,43,26.0,8.8,12.166172106824924,31.921900212999414
Indiana,2021-06-28,"Title 345, Article 8",dairy products,indiana state board of animal health,,"Industry, Commerce, and Development",3500001898,303,18166,211,73,7,1,11,26.0,9.14,14.719271623672231,31.94226489476696
Indiana,2021-06-28,"Title 345, Article 9",meat and meat products inspection,indiana state board of animal health,,"Industry, Commerce, and Development",3500001899,152,16482,91,35,5,1,20,25.0,8.54,13.013698630136986,31.858330693696548
Indiana,2021-06-28,"Title 355, Article 2",commercial fertilizers,state chemist of the state of indiana,,"Industry, Commerce, and Development",3500001904,161,12470,139,6,3,2,11,30.0,8.07,10.164835164835164,31.106466361854995
Indiana,2021-06-28,"Title 355, Article 3",agricultural ammonia,state chemist of the state of indiana,,"Industry, Commerce, and Development",3500001905,422,26129,371,18,0,4,29,28.0,8.4,14.687882496940023,30.936554162982997
Indiana,2021-06-28,"Title 355, Article 4",pesticide use and application,state chemist of the state of indiana,,"Industry, Commerce, and Development",3500001906,122,11220,71,24,6,0,21,21.0,8.37,9.18580375782881,36.05701857512344
Indiana,2021-06-28,"Title 355, Article 5",storage and secondary containment of pesticides,state chemist of the state of indiana,,"Industry, Commerce, and Development",3500001907,95,7684,87,0,1,2,5,31.0,7.58,11.904761904761903,30.980022404779685
Indiana,2021-06-28,"Title 355, Article 6",animal foods,state chemist of the state of indiana,,"Industry, Commerce, and Development",3500001908,228,15434,163,14,1,2,48,25.0,8.96,32.40901213171577,33.00051035287256
Indiana,2021-06-28,"Title 355, Article 7",certification for distributors and users of fertilizer material,state chemist of the state of indiana,,"Industry, Commerce, and Development",3500001909,50,4868,22,17,2,0,9,23.0,7.73,7.4866310160427805,35.755832881172005
Indiana,2021-06-28,"Title 355, Article 8",fertilizer material use distribution and record keeping,state chemist of the state of indiana,,"Industry, Commerce, and Development",3500001910,23,4828,15,1,0,0,7,20.0,7.49,5.339805825242718,33.876800940899734
Indiana,2021-06-28,"Title 355, Article 9",fertilizer civil penalty schedule,state chemist of the state of indiana,,"Industry, Commerce, and Development",3500001911,12,2914,10,0,0,0,2,20.0,7.27,8.94308943089431,33.537290715372905
Indiana,2021-06-28,"Title 357, Article 1",definition use of pesticides,indiana pesticide review board,,"Environmental Protection, Public Utilities, and Natural Resources",3500001912,106,14461,52,16,5,3,30,22.0,8.48,10.590277777777777,34.807061440088965
Indiana,2021-06-28,"Title 35, Article 11",public employees retirement fund additional contributions,board of trustees of the indiana public retirement system,,Administration,3500001570,19,1039,15,1,1,0,2,29.0,7.27,20.0,38.79936974789916
Indiana,2021-06-28,"Title 35, Article 12",public employees retirement fund annual compensation limit,board of trustees of the indiana public retirement system,,Administration,3500001571,3,1340,2,0,1,0,0,25.0,7.06,10.869565217391305,34.536458333333336
Indiana,2021-06-28,"Title 35, Article 1-2",public employees retirement fund,board of trustees of the indiana public retirement system,,Administration,3500001564,253,28503,174,27,16,4,32,30.0,8.6,23.933649289099527,32.96168971764394
Indiana,2021-06-28,"Title 35, Article 13",required minimum distributions,board of trustees of the indiana public retirement system,,Administration,3500001572,25,950,3,5,2,0,15,36.0,7.09,45.83333333333333,33.17691342534504
Indiana,2021-06-28,"Title 35, Article 1-3",public employees retirement fund defined contribution program,board of trustees of the indiana public retirement system,,Administration,3500001565,58,7088,40,4,5,1,8,26.0,7.59,20.52401746724891,34.46417740712661
Indiana,2021-06-28,"Title 35, Article 14",indiana state teachers retirement fund,board of trustees of the indiana public retirement system,,Administration,3500001573,176,27758,94,35,9,3,35,31.0,8.14,19.010416666666664,32.48156472669886
Indiana,2021-06-28,"Title 35, Article 14-1",indiana state teachers retirement fund defined contribution program,board of trustees of the indiana public retirement system,,Administration,3500001574,40,5504,28,5,4,0,3,25.0,7.24,11.797752808988765,34.67228370221328
Indiana,2021-06-28,"Title 35, Article 15",indiana state teachers retirement fund model plan amendment,board of trustees of the indiana public retirement system,,Administration,3500001575,2,1134,0,1,0,0,1,45.0,7.21,8.695652173913043,37.040728831725616
Indiana,2021-06-28,"Title 35, Article 16",indiana state teachers retirement fund contributions and benefits,board of trustees of the indiana public retirement system,,Administration,3500001576,35,4166,28,0,3,0,4,76.0,7.94,74.07407407407408,33.87025481019241
Indiana,2021-06-28,"Title 35, Article 17",annual compensation limits,board of trustees of the indiana public retirement system,,Administration,3500001577,3,1325,2,0,1,0,0,26.0,7.07,11.11111111111111,34.02439024390244
Indiana,2021-06-28,"Title 35, Article 18",rollovers service purchases and enhanced retirement savings opportunities,board of trustees of the indiana public retirement system,,Administration,3500001578,1,1242,0,0,0,0,1,35.0,6.97,6.666666666666667,32.76607538802661
Indiana,2021-06-28,"Title 35, Article 19",indiana state teachers retirement fund additional contributions,board of trustees of the indiana public retirement system,,Administration,3500001579,18,1007,16,1,0,0,1,29.0,7.33,24.24242424242424,38.44868995633188
Indiana,2021-06-28,"Title 35, Article 2",police and firefighters pension and disability fund,board of trustees of the indiana public retirement system,,Administration,3500001566,146,15395,100,22,2,0,22,24.0,9.04,19.55017301038062,34.752017901382565
Indiana,2021-06-28,"Title 35, Article 20",401 h medical benefits accounts,board of trustees of the indiana public retirement system,,Administration,3500001580,7,1814,6,0,0,0,1,27.0,7.22,18.64406779661017,32.494623655913976
Indiana,2021-06-28,"Title 35, Article 21",public employees retirement fund separate employer accounts procedure,board of trustees of the indiana public retirement system,,Administration,3500001581,0,540,0,0,0,0,0,20.0,6.57,8.695652173913043,35.89411764705882
Indiana,2021-06-28,"Title 35, Article 22",internal revenue code section 415,board of trustees of the indiana public retirement system,,Administration,3500001582,10,1140,9,0,0,0,1,51.0,7.29,,34.73625254582485
Indiana,2021-06-28,"Title 35, Article 4",state excise police gaming agent gaming control officer conservation enforcement officers retirement plan,board of trustees of the indiana public retirement system,,Administration,3500001567,29,3264,21,3,1,1,3,26.0,8.03,22.12389380530973,33.5055280213496
Indiana,2021-06-28,"Title 35, Article 6",pension relief fund,board of trustees of the indiana public retirement system,,Administration,3500001568,5,280,4,0,0,0,1,18.0,6.33,0.0,32.11594202898551
Indiana,2021-06-28,"Title 35, Article 9",annual compensation limits implementation of annual compensation limitations pursuant to internal revenue code section 401 a 17,board of trustees of the indiana public retirement system,,Administration,3500001569,3,1232,2,0,1,0,0,24.0,7.0,7.142857142857142,33.384993849938496
Indiana,2021-06-28,"Title 360, Article 1",standards for seed and seed labeling,state seed commissioner,,"Industry, Commerce, and Development",3500001913,76,7621,47,12,1,2,14,1.0,7.95,0.6843455945252352,30.51605253557096
Indiana,2021-06-28,"Title 365, Article 2",dairy processing plant and receiving stations,creamery examining board,,"Industry, Commerce, and Development",3500001914,96,6369,23,70,0,0,3,25.0,8.22,12.946428571428571,30.79156626506024
Indiana,2021-06-28,"Title 370, Article 1",general provisions,state egg board,,"Industry, Commerce, and Development",3500001915,63,5686,47,11,0,0,5,28.0,8.17,7.103825136612022,29.16399622997173
Indiana,2021-06-28,"Title 405, Article 1",medicaid providers and services,office of the secretary of family and social services,,Social Assistance,3500001916,1245,94275,977,159,11,2,96,30.0,9.54,17.132023440193038,34.10658027176648
Indiana,2021-06-28,"Title 405, Article 10",healthy indiana plan,office of the secretary of family and social services,,Social Assistance,3500001924,343,21907,279,5,2,0,57,27.0,8.54,21.73913043478261,33.64284160139252
Indiana,2021-06-28,"Title 405, Article 11",children s health insurance program general provisions providers,office of the secretary of family and social services,,Social Assistance,3500001925,42,8223,29,7,2,0,4,31.0,7.59,17.74891774891775,31.08201014896055
Indiana,2021-06-28,"Title 405, Article 1-1",appeal procedures for applicants and recipients of medicaid,office of the secretary of family and social services,,Social Assistance,3500001917,37,3017,27,6,0,1,3,34.0,7.98,20.98765432098765,31.966115369100443
Indiana,2021-06-28,"Title 405, Article 12",applicants and members eligibility and enrollment appeal procedures,office of the secretary of family and social services,,Social Assistance,3500001926,27,4140,5,13,2,0,7,29.0,7.53,26.01626016260163,30.198781660788715
Indiana,2021-06-28,"Title 405, Article 13",benefits and medical policy,office of the secretary of family and social services,,Social Assistance,3500001927,20,4596,12,3,0,0,5,23.0,7.32,9.63855421686747,33.18962824117463
Indiana,2021-06-28,"Title 405, Article 2",medicaid members eligibility,office of the secretary of family and social services,,Social Assistance,3500001918,198,26895,120,46,5,1,26,29.0,8.9,23.69047619047619,32.78704250966128
Indiana,2021-06-28,"Title 405, Article 4",purchase of products and services of persons with disabilities,office of the secretary of family and social services,,Social Assistance,3500001919,1,145,1,0,0,0,0,20.0,5.95,0.0,31.674157303370787
Indiana,2021-06-28,"Title 405, Article 5",medicaid services,office of the secretary of family and social services,,Social Assistance,3500001920,1083,113352,268,612,50,4,149,23.0,9.11,14.35814703848813,36.48225298221922
Indiana,2021-06-28,"Title 405, Article 6",indiana prescription drug program,office of the secretary of family and social services,,Social Assistance,3500001921,0,1459,0,0,0,0,0,15.0,5.56,0.0,32.326241134751776
Indiana,2021-06-28,"Title 405, Article 7",state supplemental assistance for personal needs,office of the secretary of family and social services,,Social Assistance,3500001922,4,832,2,1,0,0,1,30.0,7.13,20.0,34.61671469740634
Indiana,2021-06-28,"Title 405, Article 8",indiana prescription drug program medicare part d assistance benefit,office of the secretary of family and social services,,Social Assistance,3500001923,60,9182,46,9,0,1,4,24.0,7.82,9.90990990990991,32.62064497552548
Indiana,2021-06-28,"Title 407, Article 3",benefits and medical policy,office of the children s health insurance program,,Health Services,3500001928,0,626,0,0,0,0,0,21.0,5.52,0.0,34.53601694915254
Indiana,2021-06-28,"Title 40, Article 2",state officers and employees,state ethics commission,,Administration,3500001583,38,3490,33,4,0,0,1,19.0,7.29,7.142857142857142,33.24461292897047
Indiana,2021-06-28,"Title 410, Article 1",communicable disease control,indiana department of health,,Health Services,3500001929,820,72117,528,74,2,1,215,21.0,9.36,12.775041050903118,37.87134593533726
Indiana,2021-06-28,"Title 410, Article 12",weights and measures,indiana department of health,,Health Services,3500001941,17,3837,15,2,0,0,0,37.0,7.87,17.045454545454543,30.787450126949583
Indiana,2021-06-28,"Title 410, Article 12-1",motor fuel,indiana department of health,,Health Services,3500001942,22,3080,8,13,0,0,1,25.0,7.07,7.142857142857142,29.079685194294147
Indiana,2021-06-28,"Title 410, Article 13",sanitary bedding,indiana department of health,,Health Services,3500001943,240,7231,209,18,0,0,13,14.0,9.22,15.6,31.18071748878924
Indiana,2021-06-28,"Title 410, Article 15",hospital licensure rules,indiana department of health,,Health Services,3500001944,529,38769,356,123,4,0,46,23.0,9.09,13.279678068410464,37.68085446069353
Indiana,2021-06-28,"Title 410, Article 15-1",mobile health care entity,indiana department of health,,Health Services,3500001945,6,1013,3,1,2,0,0,23.0,6.5,5.555555555555555,31.161290322580644
Indiana,2021-06-28,"Title 410, Article 16-2",health facilities licensing and operational standards,indiana department of health,,Health Services,3500001946,1128,68958,721,303,7,2,95,25.0,9.14,16.368692888359156,35.22541872621884
Indiana,2021-06-28,"Title 410, Article 17",home health agencies,indiana department of health,,Health Services,3500001947,149,12679,87,39,5,0,18,22.0,8.39,8.187134502923977,34.24648799442064
Indiana,2021-06-28,"Title 410, Article 18",vital records,indiana department of health,,Health Services,3500001948,30,3876,24,2,0,0,4,21.0,7.04,8.053691275167784,31.06393054459353
Indiana,2021-06-28,"Title 410, Article 2",tuberculosis control,indiana department of health,,Health Services,3500001930,0,165,0,0,0,0,0,6.0,4.74,0.0,45.92134831460674
Indiana,2021-06-28,"Title 410, Article 21",reporting,indiana department of health,,Health Services,3500001949,32,3172,23,2,0,0,7,27.0,8.07,6.0,37.563853292090144
Indiana,2021-06-28,"Title 410, Article 22",child care facilities,indiana department of health,,Health Services,3500001950,0,95,0,0,0,0,0,14.0,5.22,0.0,38.6865671641791
Indiana,2021-06-28,"Title 410, Article 23",grants,indiana department of health,,Health Services,3500001951,17,2662,8,7,1,0,1,26.0,7.61,4.444444444444445,31.035714285714285
Indiana,2021-06-28,"Title 410, Article 24",local health services,indiana department of health,,Health Services,3500001952,6,1187,6,0,0,0,0,26.0,6.72,7.894736842105263,30.41997439180538
Indiana,2021-06-28,"Title 410, Article 25",artificial insemination,indiana department of health,,Health Services,3500001953,17,2155,3,14,0,0,0,22.0,7.05,22.22222222222222,37.82838283828383
Indiana,2021-06-28,"Title 410, Article 26",abortion clinics,indiana department of health,,Health Services,3500001954,237,19088,77,139,5,0,16,21.0,8.58,12.655086848635236,36.34711525469531
Indiana,2021-06-28,"Title 410, Article 26-5",abortion clinics performing drug induced abortions,indiana department of health,,Health Services,3500001955,209,15695,67,122,4,0,16,19.0,8.6,13.268156424581006,37.55910745371103
Indiana,2021-06-28,"Title 410, Article 27",birthing centers,indiana department of health,,Health Services,3500001956,199,18490,44,137,4,0,14,21.0,8.65,13.385826771653544,36.93412173913043
Indiana,2021-06-28,"Title 410, Article 29",reporting monitoring and preventive procedures for an elevated blood lead level,indiana department of health,,Health Services,3500001957,37,7452,21,9,0,0,7,25.0,8.12,11.462450592885377,33.78002817893625
Indiana,2021-06-28,"Title 410, Article 3",maternal and child health,indiana department of health,,Health Services,3500001931,175,9525,155,11,0,0,9,24.0,8.82,17.36842105263158,37.28354490449638
Indiana,2021-06-28,"Title 410, Article 32",lead based paint program,indiana department of health,,Health Services,3500001958,378,40113,296,39,7,2,34,25.0,8.71,10.89605734767025,33.84960117884486
Indiana,2021-06-28,"Title 410, Article 3-2",children with special health care needs,indiana department of health,,Health Services,3500001932,116,12470,97,7,3,0,9,22.0,8.15,13.008130081300814,35.0672
Indiana,2021-06-28,"Title 410, Article 33",indoor air quality,indiana department of health,,Health Services,3500001959,55,4152,41,10,0,1,3,18.0,7.55,14.358974358974358,32.85420944558521
Indiana,2021-06-28,"Title 410, Article 34",state trauma registry,indiana department of health,,Health Services,3500001960,17,2924,7,5,0,0,5,21.0,7.39,7.627118644067797,35.51915089986156
Indiana,2021-06-28,"Title 410, Article 35",disposition of aborted remains,indiana department of health,,Health Services,3500001961,15,1175,1,4,0,0,10,19.0,6.5,8.51063829787234,31.20516304347826
Indiana,2021-06-28,"Title 410, Article 36",indiana developmental disability bracelet and identification card,indiana department of health,,Health Services,3500001962,7,998,6,1,0,0,0,15.0,6.72,1.7241379310344829,38.46111869031378
Indiana,2021-06-28,"Title 410, Article 3-6",women infants and children program rules penalties and sanctions for wic vendors,indiana department of health,,Health Services,3500001933,99,12635,68,17,5,0,9,25.0,8.05,16.901408450704224,33.37414015477214
Indiana,2021-06-28,"Title 410, Article 37",grants for veterans services,indiana department of health,,Health Services,3500001963,10,1531,4,5,1,0,0,21.0,7.14,1.6129032258064515,37.050274223034734
Indiana,2021-06-28,"Title 410, Article 38",inspection and cleanup of property contaminated with chemicals used in the illegal manufacture of a controlled substance,indiana department of health,,Health Services,3500001964,78,11129,39,13,0,1,25,26.0,7.62,11.079545454545457,36.229740466101696
Indiana,2021-06-28,"Title 410, Article 39",perinatal hospital services,indiana department of health,,Health Services,3500001965,148,10719,125,18,1,0,4,20.0,8.59,6.762295081967213,41.85021413276231
Indiana,2021-06-28,"Title 410, Article 40",certificate of need program,indiana department of health,,Health Services,3500001966,14,1533,7,1,3,0,3,21.0,7.2,6.153846153846154,38.35259133389975
Indiana,2021-06-28,"Title 410, Article 5",radiological health,indiana department of health,,Health Services,3500001934,1567,129197,1340,64,7,9,147,28.0,9.29,17.3414820473644,34.308805690906475
Indiana,2021-06-28,"Title 410, Article 5-1",radon,indiana department of health,,Health Services,3500001935,76,7906,47,18,1,0,10,31.0,7.93,17.209302325581397,34.296251511487306
Indiana,2021-06-28,"Title 410, Article 5-2",radiography nuclear medicine and radiation therapy licensing,indiana department of health,,Health Services,3500001936,77,11078,37,27,4,0,9,25.0,7.7,5.3908355795148255,38.79057526005765
Indiana,2021-06-28,"Title 410, Article 6",sanitary engineering,indiana department of health,,Health Services,3500001937,2020,113807,1625,266,10,15,104,27.0,9.44,16.5694591728526,31.304146488428664
Indiana,2021-06-28,"Title 410, Article 7",food and drugs,indiana department of health,,Health Services,3500001938,1188,115397,996,16,87,17,72,26.0,9.15,16.962676962676962,32.812834885366705
Indiana,2021-06-28,"Title 410, Article 8",dairy products,indiana department of health,,Health Services,3500001939,0,1318,0,0,0,0,0,19.0,6.34,0.0,34.412213740458014
Indiana,2021-06-28,"Title 410, Article 9",meat and meat products inspection,indiana department of health,,Health Services,3500001940,0,1112,0,0,0,0,0,19.0,5.62,0.0,37.5893300248139
Indiana,2021-06-28,"Title 412, Article 2",qualified medication aides,indiana health facilities council,,Health Services,3500001967,0,389,0,0,0,0,0,6.0,5.06,0.0,44.302439024390246
Indiana,2021-06-28,"Title 41, Article 1",code of judicial conduct for administrative law judges,office of administrative law proceedings,,"Security, Justice, and Corrections",3500001584,18,2248,14,4,0,0,0,21.0,6.86,8.13953488372093,40.54472049689441
Indiana,2021-06-28,"Title 42, Article 1",indiana code of ethics,office of the inspector general,,"Security, Justice, and Corrections",3500001585,29,6391,26,1,1,0,1,24.0,6.91,9.389671361502346,31.263017679825623
Indiana,2021-06-28,"Title 431, Article 1-1",community residential facilities for persons with developmental disabilities,community residential facilities council,,Health Services,3500001968,0,139,0,0,0,0,0,15.0,5.08,0.0,54.76288659793814
Indiana,2021-06-28,"Title 431, Article 3-1",fire and life safety standards for community residential facilities for persons with developmental disabilities and persons with mental illness,community residential facilities council,,Health Services,3500001969,0,669,0,0,0,0,0,14.0,5.41,0.0,49.87290167865707
Indiana,2021-06-28,"Title 431, Article 4",fire and life safety standards for community residential facilities located in apartment buildings for persons with developmental disabilities and persons with mental illness,community residential facilities council,,Health Services,3500001970,0,757,0,0,0,0,0,14.0,5.53,0.0,49.68993839835729
Indiana,2021-06-28,"Title 440, Article 1",general provisions commissioner of mental health,division of mental health and addiction,,Health Services,3500001971,0,371,0,0,0,0,0,19.0,6.26,0.0,38.260714285714286
Indiana,2021-06-28,"Title 440, Article 10",minimum standards for the provision of services by opioid treatment facilities and programs,division of mental health and addiction,,Health Services,3500001983,356,26910,300,2,8,1,45,20.0,8.56,7.881773399014778,37.21063626867705
Indiana,2021-06-28,"Title 440, Article 11",assertive community treatment teams,division of mental health and addiction,,Health Services,3500001984,134,7145,88,36,4,0,6,20.0,8.2,8.517350157728707,35.464580467675376
Indiana,2021-06-28,"Title 440, Article 1-5",licensure of private mental health institutions,division of mental health and addiction,,Health Services,3500001972,251,14501,189,30,5,0,27,24.0,8.63,11.211573236889691,37.16961101434851
Indiana,2021-06-28,"Title 440, Article 2",division of addiction services,division of mental health and addiction,,Health Services,3500001973,2,6221,0,0,0,1,1,15.0,6.08,0.0,31.38358733880422
Indiana,2021-06-28,"Title 440, Article 4",community mental health centers,division of mental health and addiction,,Health Services,3500001974,19,1862,15,2,0,0,2,18.0,7.01,6.593406593406594,36.73831070889894
Indiana,2021-06-28,"Title 440, Article 4-1",community mental health centers certification,division of mental health and addiction,,Health Services,3500001975,99,6866,71,13,7,0,8,24.0,8.15,12.698412698412698,35.484710593374594
Indiana,2021-06-28,"Title 440, Article 4-3",managed care provider certification,division of mental health and addiction,,Health Services,3500001976,72,5030,42,10,10,0,10,24.0,7.98,15.425531914893616,36.87606318347509
Indiana,2021-06-28,"Title 440, Article 4-4",addiction treatment services provider certification,division of mental health and addiction,,Health Services,3500001977,82,4995,45,27,6,0,4,25.0,8.05,14.673913043478262,38.83435884814177
Indiana,2021-06-28,"Title 440, Article 5",community care,division of mental health and addiction,,Health Services,3500001978,8,1965,6,2,0,0,0,28.0,7.52,11.475409836065571,32.86513823331086
Indiana,2021-06-28,"Title 440, Article 6",residential care providers certification,division of mental health and addiction,,Health Services,3500001979,40,3171,30,7,1,0,2,25.0,7.8,3.571428571428571,36.92650701899257
Indiana,2021-06-28,"Title 440, Article 7-5",residential living facilities for individuals with psychiatric disorders or addictions,division of mental health and addiction,,Health Services,3500001980,261,16785,201,38,4,1,17,24.0,8.81,12.520064205457466,36.30326309628329
Indiana,2021-06-28,"Title 440, Article 8",populations to be served by managed care providers funded by the division of mental health and to be served by community mental health centers,division of mental health and addiction,,Health Services,3500001981,4,2715,0,4,0,0,0,23.0,7.29,4.081632653061225,35.17994722955145
Indiana,2021-06-28,"Title 440, Article 9",minimum standards for the provision of services by community mental health centers and managed care providers,division of mental health and addiction,,Health Services,3500001982,183,9589,125,54,1,0,3,22.0,8.41,8.461538461538462,40.140770586753966
Indiana,2021-06-28,"Title 455, Article 1",aging,division of aging,,Social Assistance,3500001985,386,42340,296,44,9,2,35,28.0,8.64,14.69933184855234,35.28815569408545
Indiana,2021-06-28,"Title 455, Article 2",home and community based services,division of aging,,Social Assistance,3500001986,129,17217,102,8,0,0,19,20.0,7.77,9.645390070921986,35.259289639898284
Indiana,2021-06-28,"Title 455, Article 3",assisted living medicaid waiver services,division of aging,,Social Assistance,3500001987,57,5203,47,4,1,0,5,26.0,8.18,16.756756756756758,36.55998147290412
Indiana,2021-06-28,"Title 45, Article 1",gross income tax,department of state revenue,,Taxes and Public Finance,3500001586,3,7855,0,0,0,2,1,15.0,6.16,0.2132196162046908,31.57286742034944
Indiana,2021-06-28,"Title 45, Article 10",special fuel tax,department of state revenue,,Taxes and Public Finance,3500001594,43,9441,19,14,0,2,8,23.0,7.83,10.826210826210826,31.665582119111612
Indiana,2021-06-28,"Title 45, Article 11",hazardous waste land disposal tax,department of state revenue,,Taxes and Public Finance,3500001595,0,610,0,0,0,0,0,11.0,5.41,0.0,32.036458333333336
Indiana,2021-06-28,"Title 45, Article 12",gasoline tax,department of state revenue,,Taxes and Public Finance,3500001596,93,14336,54,23,5,0,11,28.0,8.0,17.787418655097614,32.91786756254973
Indiana,2021-06-28,"Title 45, Article 13",motor carrier fuel tax,department of state revenue,,Taxes and Public Finance,3500001597,25,7070,9,5,2,0,9,25.0,7.55,15.702479338842975,30.04955820207453
Indiana,2021-06-28,"Title 45, Article 15",tax administration general provisions,department of state revenue,,Taxes and Public Finance,3500001598,84,9256,38,29,3,0,14,22.0,8.52,19.642857142857142,33.2997247935952
Indiana,2021-06-28,"Title 45, Article 16",motor carriers,department of state revenue,,Taxes and Public Finance,3500001599,1220,68636,894,205,39,5,77,25.0,9.46,31.076454925827317,33.9870346739764
Indiana,2021-06-28,"Title 45, Article 17",taxation of financial institutions,department of state revenue,,Taxes and Public Finance,3500001600,51,10355,9,32,0,0,10,27.0,8.55,17.759562841530055,34.64189558936194
Indiana,2021-06-28,"Title 45, Article 18",charity gaming,department of state revenue,,Taxes and Public Finance,3500001601,0,3009,0,0,0,0,0,13.0,6.2,0.0,33.95880535530381
Indiana,2021-06-28,"Title 45, Article 19",controlled substance excise tax,department of state revenue,,Taxes and Public Finance,3500001602,0,449,0,0,0,0,0,10.0,5.34,0.0,33.231884057971016
Indiana,2021-06-28,"Title 45, Article 20",quality assessment on health facilities,department of state revenue,,Taxes and Public Finance,3500001603,0,224,0,0,0,0,0,11.0,5.26,0.0,34.958333333333336
Indiana,2021-06-28,"Title 45, Article 21",aggregate registrations,department of state revenue,,Taxes and Public Finance,3500001604,1,179,1,0,0,0,0,15.0,5.7,0.0,39.45454545454545
Indiana,2021-06-28,"Title 45, Article 2-2",sales and use tax,department of state revenue,,Taxes and Public Finance,3500001587,330,51639,130,131,9,4,56,16.0,9.27,11.092604930046637,35.629839831306924
Indiana,2021-06-28,"Title 45, Article 3-1",adjusted gross income tax,department of state revenue,,Taxes and Public Finance,3500001588,213,33067,58,90,5,3,57,10.0,8.92,8.930899608865712,34.0228482456458
Indiana,2021-06-28,"Title 45, Article 4-1",death taxation,department of state revenue,,Taxes and Public Finance,3500001589,2,3178,0,2,0,0,0,12.0,5.91,2.941176470588235,31.891824526420734
Indiana,2021-06-28,"Title 45, Article 6",petroleum severance tax,department of state revenue,,Taxes and Public Finance,3500001590,11,1420,7,4,0,0,0,19.0,6.92,6.25,30.93134598012647
Indiana,2021-06-28,"Title 45, Article 7",alcoholic beverage excise taxes,department of state revenue,,Taxes and Public Finance,3500001591,16,2656,4,2,1,0,9,23.0,7.0,20.43010752688172,31.24360980699009
Indiana,2021-06-28,"Title 45, Article 8-1",cigarette tax,department of state revenue,,Taxes and Public Finance,3500001592,34,3351,23,10,1,0,0,18.0,7.2,7.096774193548387,33.41904761904762
Indiana,2021-06-28,"Title 45, Article 9",employment agencies,department of state revenue,,Taxes and Public Finance,3500001593,57,2465,48,3,0,0,6,19.0,8.18,17.599999999999998,33.74746584398413
Indiana,2021-06-28,"Title 460, Article 1",aging,division of disability and rehabilitative services,,Social Assistance,3500001988,0,1591,0,0,0,0,0,15.0,6.74,0.0,43.00884173297966
Indiana,2021-06-28,"Title 460, Article 10",fire and life safety standards for community residential facilities for persons with developmental disabilities and persons with mental illness,division of disability and rehabilitative services,,Social Assistance,3500001994,35,3464,34,0,0,0,1,28.0,7.58,13.461538461538462,36.99179655455291
Indiana,2021-06-28,"Title 460, Article 11",fire and life safety standards for community residential facilities located in apartment buildings for persons with developmental disabilities and persons with mental illness,division of disability and rehabilitative services,,Social Assistance,3500001995,37,3645,36,0,0,0,1,28.0,7.52,12.727272727272728,37.20385674931129
Indiana,2021-06-28,"Title 460, Article 12",supported living services and supports,division of disability and rehabilitative services,,Social Assistance,3500001996,27,3289,26,0,0,0,1,26.0,6.97,7.6190476190476195,37.98663793103448
Indiana,2021-06-28,"Title 460, Article 13",objective based allocation,division of disability and rehabilitative services,,Social Assistance,3500001997,10,4385,7,1,0,0,2,25.0,6.99,15.037593984962406,34.03762662807525
Indiana,2021-06-28,"Title 460, Article 14",vocational rehabilitation services,division of disability and rehabilitative services,,Social Assistance,3500001998,232,23696,70,101,11,5,45,28.0,7.97,17.695473251028808,39.742129445799534
Indiana,2021-06-28,"Title 460, Article 2",division of rehabilitation services,division of disability and rehabilitative services,,Social Assistance,3500001989,273,22321,187,64,0,0,22,25.0,8.71,12.424607961399277,34.16729586883832
Indiana,2021-06-28,"Title 460, Article 5",public assistance,division of disability and rehabilitative services,,Social Assistance,3500001990,0,418,0,0,0,0,0,6.0,5.23,0.0,42.51541850220264
Indiana,2021-06-28,"Title 460, Article 6",supported living services and supports,division of disability and rehabilitative services,,Social Assistance,3500001991,438,46092,378,6,1,1,52,28.0,7.63,10.6430155210643,36.82249583173015
Indiana,2021-06-28,"Title 460, Article 7",individualized support plan,division of disability and rehabilitative services,,Social Assistance,3500001992,48,5071,46,0,0,0,2,20.0,7.04,10.344827586206897,36.636066547831255
Indiana,2021-06-28,"Title 460, Article 9",community residential facilities for persons with developmental disabilities,division of disability and rehabilitative services,,Social Assistance,3500001993,116,10170,96,17,1,0,2,28.0,8.21,9.235668789808916,37.522748131637606
Indiana,2021-06-28,"Title 465, Article 1",public assistance,department of child services,,Social Assistance,3500001999,25,2828,18,3,0,0,4,30.0,7.7,13.253012048192772,33.49127640036731
Indiana,2021-06-28,"Title 465, Article 2",child welfare services,department of child services,,Social Assistance,3500002000,2340,163615,2072,79,9,6,174,25.0,8.84,11.09377708441671,32.946966081201474
Indiana,2021-06-28,"Title 465, Article 3",administrative reviews and hearings,department of child services,,Social Assistance,3500002001,62,12891,43,13,1,1,4,35.0,7.96,22.78481012658228,34.727012345679015
Indiana,2021-06-28,"Title 465, Article 4",indiana adoption assistance and guardianship assistance programs,department of child services,,Social Assistance,3500002002,103,16853,48,28,2,2,23,34.0,8.0,22.528735632183903,35.24339133654202
Indiana,2021-06-28,"Title 470, Article 1",general administrative rules,division of family resources,,Social Assistance,3500002003,60,5961,48,6,0,2,4,25.0,8.43,13.953488372093023,32.863357972544875
Indiana,2021-06-28,"Title 470, Article 10",aid to families with dependent children manual,division of family resources,,Social Assistance,3500002013,0,2083,0,0,0,0,0,16.0,6.23,0.0,33.67994100294985
Indiana,2021-06-28,"Title 470, Article 10-1",assistance to families with dependent children,division of family resources,,Social Assistance,3500002014,0,896,0,0,0,0,0,14.0,6.27,0.0,35.313559322033896
Indiana,2021-06-28,"Title 470, Article 10-3",tanf assistance program,division of family resources,,Social Assistance,3500002015,119,13471,84,10,2,0,23,28.0,8.56,16.312056737588655,33.772803738317755
Indiana,2021-06-28,"Title 470, Article 12",prior review of off site medical services department of correction state board of health and department of mental health,division of family resources,,Social Assistance,3500002016,24,2548,17,3,0,0,4,28.0,7.65,16.25,34.10771620921802
Indiana,2021-06-28,"Title 470, Article 13",federal social services block grant act,division of family resources,,Social Assistance,3500002017,41,3340,36,2,0,1,2,29.0,7.62,24.0,36.22244172263928
Indiana,2021-06-28,"Title 470, Article 14",welfare reform initiative,division of family resources,,Social Assistance,3500002018,0,865,0,0,0,0,0,12.0,5.62,0.0,34.33516483516483
Indiana,2021-06-28,"Title 470, Article 2",public assistance,division of family resources,,Social Assistance,3500002004,0,2734,0,0,0,0,0,16.0,6.66,0.0,36.6384872080089
Indiana,2021-06-28,"Title 470, Article 2-1",public assistance,division of family resources,,Social Assistance,3500002005,42,3465,21,5,0,0,16,32.0,7.81,19.587628865979383,35.45444485429731
Indiana,2021-06-28,"Title 470, Article 3",child welfare services,division of family resources,,Social Assistance,3500002006,1349,71803,1101,164,10,10,64,21.0,9.02,12.078938414426675,31.15308512938802
Indiana,2021-06-28,"Title 470, Article 3-1",first steps early intervention system,division of family resources,,Social Assistance,3500002007,269,29042,145,86,8,0,30,28.0,8.26,12.138084632516705,35.123125747401346
Indiana,2021-06-28,"Title 470, Article 4",crippled children s services,division of family resources,,Social Assistance,3500002008,0,3022,0,0,0,0,0,14.0,6.41,0.0,34.35799275737196
Indiana,2021-06-28,"Title 470, Article 5",medicaid providers and services,division of family resources,,Social Assistance,3500002009,1,6551,0,0,0,0,1,16.0,6.55,0.0,36.37972391943879
Indiana,2021-06-28,"Title 470, Article 6",food stamp program,division of family resources,,Social Assistance,3500002010,79,7896,58,10,0,0,11,27.0,8.39,17.374517374517374,34.35063417890521
Indiana,2021-06-28,"Title 470, Article 8-1",public assistance manual for state assistance programs,division of family resources,,Social Assistance,3500002011,0,497,0,0,0,0,0,7.0,5.49,0.0,42.19636363636364
Indiana,2021-06-28,"Title 470, Article 9-1",medicaid recipients eligibility,division of family resources,,Social Assistance,3500002012,0,1196,0,0,0,0,0,15.0,5.61,0.0,38.27841634738186
Indiana,2021-06-28,"Title 480, Article 1",administrative procedure,violent crime compensation division,,"Security, Justice, and Corrections",3500002019,0,331,0,0,0,0,0,7.0,5.4,0.0,46.994623655913976
Indiana,2021-06-28,"Title 50, Article 1",general provisions,department of local government finance,,Taxes and Public Finance,3500001605,47,4443,36,2,1,0,8,21.0,8.59,12.244897959183673,32.411846884604635
Indiana,2021-06-28,"Title 50, Article 10",economic revitalization area deduction maritime opportunity district deduction,department of local government finance,,Taxes and Public Finance,3500001614,70,6182,27,31,4,0,8,27.0,7.86,18.461538461538463,36.95039599833264
Indiana,2021-06-28,"Title 50, Article 15",assessor appraisers professional appraisers and tax representatives,department of local government finance,,Taxes and Public Finance,3500001615,78,9504,42,23,2,0,11,27.0,8.04,10.81967213114754,39.016648764769066
Indiana,2021-06-28,"Title 50, Article 16",amended personal property returns,department of local government finance,,Taxes and Public Finance,3500001616,18,1889,6,5,0,2,5,26.0,6.93,30.76923076923077,31.196476964769648
Indiana,2021-06-28,"Title 50, Article 18",industrial facility real property assessment,department of local government finance,,Taxes and Public Finance,3500001617,11,1638,8,2,1,0,0,23.0,6.88,19.672131147540984,35.66036249014972
Indiana,2021-06-28,"Title 50, Article 19",lake county industrial facility real property assessment,department of local government finance,,Taxes and Public Finance,3500001618,10,946,9,1,0,0,0,22.0,6.49,8.333333333333332,36.04398826979472
Indiana,2021-06-28,"Title 50, Article 20",remuneration for initial training and continuing education sessions,department of local government finance,,Taxes and Public Finance,3500001619,7,856,6,1,0,0,0,18.0,5.99,8.108108108108109,36.68458781362007
Indiana,2021-06-28,"Title 50, Article 21",annual adjustments,department of local government finance,,Taxes and Public Finance,3500001620,0,384,0,0,0,0,0,17.0,5.23,0.0,39.1070110701107
Indiana,2021-06-28,"Title 50, Article 2-2",real estate property assessment,department of local government finance,,Taxes and Public Finance,3500001606,0,4950,0,0,0,0,0,16.0,5.79,0.0,35.08074741408075
Indiana,2021-06-28,"Title 50, Article 24",standard deduction for homesteads,department of local government finance,,Taxes and Public Finance,3500001621,21,2427,4,14,0,0,3,25.0,7.04,10.588235294117649,34.524377031419284
Indiana,2021-06-28,"Title 50, Article 2-4",real property assessment manual,department of local government finance,,Taxes and Public Finance,3500001607,6,602,4,2,0,0,0,26.0,6.6,5.0,35.59090909090909
Indiana,2021-06-28,"Title 50, Article 26",computer standards for a uniform and common property tax management system,department of local government finance,,Taxes and Public Finance,3500001622,701,63533,146,417,16,1,121,18.0,9.22,5.915492957746479,33.07739687170759
Indiana,2021-06-28,"Title 50, Article 27",annual adjustments and equalization standards,department of local government finance,,Taxes and Public Finance,3500001623,116,10239,72,26,0,0,18,25.0,7.79,23.34293948126801,36.237226277372265
Indiana,2021-06-28,"Title 50, Article 29",procedures for the assessment of golf courses,department of local government finance,,Taxes and Public Finance,3500001624,10,1781,9,1,0,0,0,16.0,7.35,6.666666666666667,37.13422291993721
Indiana,2021-06-28,"Title 50, Article 30",market segmentation of real property improvements,department of local government finance,,Taxes and Public Finance,3500001625,4,2991,0,1,1,0,2,22.0,7.53,5.785123966942149,38.79864636209814
Indiana,2021-06-28,"Title 50, Article 3-1",taxation of mobile homes,department of local government finance,,Taxes and Public Finance,3500001608,0,372,0,0,0,0,0,14.0,5.71,0.0,36.51489361702128
Indiana,2021-06-28,"Title 50, Article 3-3",assessment of mobile homes,department of local government finance,,Taxes and Public Finance,3500001609,13,1864,11,0,0,0,2,26.0,6.64,22.41379310344828,29.99457784663052
Indiana,2021-06-28,"Title 50, Article 4-2",assessment of tangible personal property,department of local government finance,,Taxes and Public Finance,3500001610,223,28677,85,81,4,0,53,30.0,8.76,29.917550058892814,34.25814321790866
Indiana,2021-06-28,"Title 50, Article 5-1",public utility assessment,department of local government finance,,Taxes and Public Finance,3500001611,143,17693,70,32,7,0,34,25.0,7.81,15.719063545150505,34.8730255164034
Indiana,2021-06-28,"Title 50, Article 8",tax increment finance,department of local government finance,,Taxes and Public Finance,3500001612,69,11900,9,39,6,0,15,31.0,7.89,23.303834808259587,35.17286166842661
Indiana,2021-06-28,"Title 50, Article 9",capital projects fund,department of local government finance,,Taxes and Public Finance,3500001613,49,5412,24,21,2,2,0,21.0,8.33,13.733905579399142,34.35611038107753
Indiana,2021-06-28,"Title 510, Article 2",administration school finance,commission on general education,,Primary and Secondary Education,3500002020,0,455,0,0,0,0,0,14.0,5.38,0.0,39.37086092715232
Indiana,2021-06-28,"Title 510, Article 4",curriculum requirements for commissioned schools,commission on general education,,Primary and Secondary Education,3500002021,0,445,0,0,0,0,0,13.0,5.33,0.0,41.68259385665529
Indiana,2021-06-28,"Title 510, Article 6",extended school services,commission on general education,,Primary and Secondary Education,3500002022,0,158,0,0,0,0,0,16.0,5.35,0.0,39.090090090090094
Indiana,2021-06-28,"Title 510, Article 9",graduation requirements,commission on general education,,Primary and Secondary Education,3500002023,2,443,0,0,0,0,2,13.0,5.34,0.0,38.79432624113476
Indiana,2021-06-28,"Title 511, Article 1",administration information collection processing school finance general provisions,indiana state board of education,,Primary and Secondary Education,3500002024,82,8321,71,7,2,0,2,24.0,8.21,7.947019867549669,33.12157809983897
Indiana,2021-06-28,"Title 511, Article 10",teacher training and licensing requirements for education begun after academic year 1977 78,indiana state board of education,,Primary and Secondary Education,3500002035,29,8537,21,6,0,0,2,16.0,6.85,2.197802197802198,41.474752824858754
Indiana,2021-06-28,"Title 511, Article 10-1",teacher training and licensing,indiana state board of education,,Primary and Secondary Education,3500002036,41,5221,25,5,0,0,11,24.0,7.85,13.333333333333334,39.36118468576933
Indiana,2021-06-28,"Title 511, Article 11",adult education,indiana state board of education,,Primary and Secondary Education,3500002037,2,581,1,0,0,0,1,14.0,6.27,6.25,32.47058823529412
Indiana,2021-06-28,"Title 511, Article 12",summer school programs,indiana state board of education,,Primary and Secondary Education,3500002038,10,1019,9,1,0,0,0,26.0,6.47,3.225806451612903,30.949013157894736
Indiana,2021-06-28,"Title 511, Article 13",accreditation of teacher preparation programs,indiana state board of education,,Primary and Secondary Education,3500002039,11,1192,7,4,0,0,0,22.0,7.75,7.84313725490196,42.92718446601942
Indiana,2021-06-28,"Title 511, Article 14",initial practitioner and practitioner licenses,indiana state board of education,,Primary and Secondary Education,3500002040,15,2279,9,5,0,0,1,21.0,7.27,14.736842105263156,39.81718569780853
Indiana,2021-06-28,"Title 511, Article 15",school settings and license content areas,indiana state board of education,,Primary and Secondary Education,3500002041,73,10118,51,10,0,0,12,27.0,7.46,18.404907975460123,35.972114639814095
Indiana,2021-06-28,"Title 511, Article 16",issuance and revocation of various licenses and permits,indiana state board of education,,Primary and Secondary Education,3500002042,66,4971,40,17,2,0,7,22.0,8.24,13.043478260869565,38.00501792114695
Indiana,2021-06-28,"Title 511, Article 17",workplace specialist licenses,indiana state board of education,,Primary and Secondary Education,3500002043,17,2007,4,11,0,0,2,20.0,7.5,2.247191011235955,38.71665642286417
Indiana,2021-06-28,"Title 511, Article 18",educational interpreter permit,indiana state board of education,,Primary and Secondary Education,3500002044,17,1436,13,4,0,0,0,19.0,7.42,12.12121212121212,38.75022143489814
Indiana,2021-06-28,"Title 511, Article 19",endorsement of school psychologists as independent practice school psychologists,indiana state board of education,,Primary and Secondary Education,3500002045,12,1904,4,5,1,0,2,31.0,7.62,14.285714285714285,39.40679051889814
Indiana,2021-06-28,"Title 511, Article 2",school construction,indiana state board of education,,Primary and Secondary Education,3500002025,0,223,0,0,0,0,0,12.0,5.64,0.0,43.94701986754967
Indiana,2021-06-28,"Title 511, Article 20",certificate of multilingual proficiency,indiana state board of education,,Primary and Secondary Education,3500002046,7,733,4,1,0,0,2,18.0,6.94,2.7777777777777777,39.025597269624576
Indiana,2021-06-28,"Title 511, Article 21",teacher preparation program,indiana state board of education,,Primary and Secondary Education,3500002047,7,551,2,1,0,0,4,23.0,6.74,9.523809523809524,39.42270531400966
Indiana,2021-06-28,"Title 511, Article 3",reorganization of school corporations,indiana state board of education,,Primary and Secondary Education,3500002026,1,268,1,0,0,0,0,12.0,6.37,0.0,38.64705882352941
Indiana,2021-06-28,"Title 511, Article 4",pupil personnel services student health testing food and nutrition programs extended services,indiana state board of education,,Primary and Secondary Education,3500002027,85,6620,81,2,1,0,1,28.0,8.58,10.50228310502283,37.50584307178631
Indiana,2021-06-28,"Title 511, Article 5",achievement tests,indiana state board of education,,Primary and Secondary Education,3500002028,53,4643,26,20,1,0,6,25.0,8.06,8.125,35.24949290060852
Indiana,2021-06-28,"Title 511, Article 6",driver education graduation requirements nonstandard programs high ability students postsecondary enrollment,indiana state board of education,,Primary and Secondary Education,3500002029,138,13647,46,58,3,0,31,22.0,8.46,5.714285714285714,37.46785125480857
Indiana,2021-06-28,"Title 511, Article 6-1",school accreditation,indiana state board of education,,Primary and Secondary Education,3500002030,75,11457,55,8,1,1,10,21.0,8.04,7.079646017699115,35.93411823647295
Indiana,2021-06-28,"Title 511, Article 6-2",school performance and growth accountability,indiana state board of education,,Primary and Secondary Education,3500002031,197,18885,142,37,1,2,15,25.0,8.48,13.787878787878787,35.20023171812172
Indiana,2021-06-28,"Title 511, Article 6-3",adult high school performance and improvement accountability,indiana state board of education,,Primary and Secondary Education,3500002032,29,1927,24,4,0,0,1,25.0,7.41,10.606060606060606,34.13793103448276
Indiana,2021-06-28,"Title 511, Article 7",special education,indiana state board of education,,Primary and Secondary Education,3500002033,789,87034,185,472,31,3,98,29.0,8.94,23.634377276037878,36.0718021163015
Indiana,2021-06-28,"Title 511, Article 8",vocational education,indiana state board of education,,Primary and Secondary Education,3500002034,20,1752,18,1,0,0,1,24.0,7.1,4.761904761904762,34.71463414634146
Indiana,2021-06-28,"Title 512, Article 1",threshold of student absences for reporting purposes to local health departments,department of education,,Primary and Secondary Education,3500002048,9,712,7,0,0,0,2,18.0,7.07,5.714285714285714,39.47433628318584
Indiana,2021-06-28,"Title 512, Article 3",school scholarship program,department of education,,Primary and Secondary Education,3500002049,9,1031,4,3,0,0,2,18.0,6.9,8.16326530612245,39.11749680715198
Indiana,2021-06-28,"Title 512, Article 4",choice scholarship program,department of education,,Primary and Secondary Education,3500002050,42,3745,17,13,5,0,7,27.0,7.17,15.32258064516129,37.17166392092257
Indiana,2021-06-28,"Title 512, Article 5",family friendly schools program,department of education,,Primary and Secondary Education,3500002051,26,1657,26,0,0,0,0,18.0,6.97,3.7037037037037033,35.54269752593775
Indiana,2021-06-28,"Title 513, Article 1",seclusion and restraint in schools,commission on seclusion and restraint in schools,,Primary and Secondary Education,3500002052,47,6387,31,11,0,3,2,25.0,7.8,11.659192825112108,34.974550595839226
Indiana,2021-06-28,"Title 515, Article 1",teacher training and licensing beginning residency and license renewal,advisory board of the division of professional standards,,"Industry, Commerce, and Development",3500002053,0,5632,0,0,0,0,0,14.0,6.54,0.0,41.424558587479936
Indiana,2021-06-28,"Title 515, Article 10",workplace specialist licenses requirements,advisory board of the division of professional standards,,"Industry, Commerce, and Development",3500002058,0,563,0,0,0,0,0,8.0,5.96,0.0,46.469208211143695
Indiana,2021-06-28,"Title 515, Article 12",accomplished practitioner license,advisory board of the division of professional standards,,"Industry, Commerce, and Development",3500002059,0,171,0,0,0,0,0,10.0,5.78,0.0,50.582608695652176
Indiana,2021-06-28,"Title 515, Article 3",performance based process for accreditation of teacher preparation programs,advisory board of the division of professional standards,,"Industry, Commerce, and Development",3500002054,0,143,0,0,0,0,0,10.0,5.85,0.0,43.39795918367347
Indiana,2021-06-28,"Title 515, Article 4",professional educator license teachers,advisory board of the division of professional standards,,"Industry, Commerce, and Development",3500002055,0,676,0,0,0,0,0,12.0,5.85,0.0,42.47757847533632
Indiana,2021-06-28,"Title 515, Article 8",initial practitioner and other licenses,advisory board of the division of professional standards,,"Industry, Commerce, and Development",3500002056,0,1661,0,0,0,0,0,7.0,5.89,0.0,42.936763129689176
Indiana,2021-06-28,"Title 515, Article 9",issuance and revocation of various licenses and permits,advisory board of the division of professional standards,,"Industry, Commerce, and Development",3500002057,0,1063,0,0,0,0,0,11.0,6.3,0.0,42.56381486676017
Indiana,2021-06-28,"Title 52, Article 2",procedural rules,indiana board of tax review,,Taxes and Public Finance,3500001626,0,538,0,0,0,0,0,14.0,5.45,0.0,31.35164835164835
Indiana,2021-06-28,"Title 52, Article 4",procedures for appeals before the indiana board of tax review,indiana board of tax review,,Taxes and Public Finance,3500001627,93,10349,50,30,8,1,4,22.0,7.78,14.734299516908212,31.012378968010783
Indiana,2021-06-28,"Title 530, Article 2",requirements for education begun after academic year 1977 78,commission on teacher training and licensing,,Primary and Secondary Education,3500002060,0,4362,0,0,0,0,0,14.0,5.91,0.0,39.87585217079297
Indiana,2021-06-28,"Title 540, Article 1",family college savings trust program procedures and operations,indiana education savings authority,,College and University,3500002061,0,1606,0,0,0,0,0,8.0,5.75,0.0,42.776931447225245
Indiana,2021-06-28,"Title 550, Article 2",indiana state teachers retirement fund,board of trustees of the indiana state teachers retirement fund,,Primary and Secondary Education,3500002062,4,5498,0,0,0,0,4,16.0,5.78,0.0,35.42109436954798
Indiana,2021-06-28,"Title 550, Article 3",model plan amendment,board of trustees of the indiana state teachers retirement fund,,Primary and Secondary Education,3500002063,0,228,0,0,0,0,0,13.0,5.26,0.0,38.32911392405063
Indiana,2021-06-28,"Title 55, Article 4",solar energy income tax credit,indiana economic development corporation,,"Industry, Commerce, and Development",3500001628,1,2396,0,0,0,0,1,13.0,5.8,0.0,40.482849604221634
Indiana,2021-06-28,"Title 560, Article 2",general provisions,indiana education employment relations board,,Primary and Secondary Education,3500002064,270,15547,237,6,3,0,24,25.0,8.42,19.02268760907504,34.454833475001934
Indiana,2021-06-28,"Title 575, Article 1",minimum specifications for school buses,state school bus committee,,Primary and Secondary Education,3500002065,505,29583,17,460,10,8,10,19.0,8.5,9.038322487346347,28.160024878937318
Indiana,2021-06-28,"Title 590, Article 1",general provisions,indiana library and historical board,,"Culture, Recreation, and the Arts",3500002066,0,290,0,0,0,0,0,16.0,5.7,0.0,36.675392670157066
Indiana,2021-06-28,"Title 590, Article 3",statewide library card program,indiana library and historical board,,"Culture, Recreation, and the Arts",3500002067,35,2794,21,7,1,0,6,23.0,7.3,14.285714285714285,28.56191806331471
Indiana,2021-06-28,"Title 590, Article 5",librarian certification,indiana library and historical board,,"Culture, Recreation, and the Arts",3500002068,75,7458,42,15,0,0,18,26.0,7.88,4.743083003952568,38.6804068522484
Indiana,2021-06-28,"Title 590, Article 6",general provisions,indiana library and historical board,,"Culture, Recreation, and the Arts",3500002069,51,3473,36,11,0,0,4,21.0,8.1,4.666666666666667,34.8580915763719
Indiana,2021-06-28,"Title 60, Article 2",microfilming standards,oversight committee on public records,,Administration,3500001629,26,2473,12,11,0,0,3,23.0,7.84,5.434782608695652,35.67665002773156
Indiana,2021-06-28,"Title 60, Article 3",electronic copies of forms,oversight committee on public records,,Administration,3500001630,3,652,2,1,0,0,0,21.0,6.22,12.5,30.321342925659472
Indiana,2021-06-28,"Title 60, Article 4",commercial use of governmental records of the administration,oversight committee on public records,,Administration,3500001631,2,481,0,0,1,1,0,22.0,6.11,6.25,31.645390070921987
Indiana,2021-06-28,"Title 610, Article 10",youth employment,department of labor,,Labor and Workforce Development,3500002075,7,1221,4,1,0,0,2,20.0,6.43,4.25531914893617,29.83104395604396
Indiana,2021-06-28,"Title 610, Article 11",right to work,department of labor,,Labor and Workforce Development,3500002076,27,1964,19,2,0,0,6,24.0,7.61,21.333333333333336,31.891840607210625
Indiana,2021-06-28,"Title 610, Article 4",safety education and training occupational safety,department of labor,,Labor and Workforce Development,3500002070,0,2669,0,0,0,0,0,13.0,6.23,0.5882352941176471,36.62753036437247
Indiana,2021-06-28,"Title 610, Article 6",wages and hours,department of labor,,Labor and Workforce Development,3500002071,13,1609,8,2,0,0,3,21.0,6.67,14.516129032258066,31.66481481481481
Indiana,2021-06-28,"Title 610, Article 7",discrimination against employees exercising their rights under the indiana occupational safety and health act,department of labor,,Labor and Workforce Development,3500002072,9,743,9,0,0,0,0,21.0,6.69,7.142857142857142,35.21906693711968
Indiana,2021-06-28,"Title 610, Article 8",safety education and training,department of labor,,Labor and Workforce Development,3500002073,14,2896,13,0,1,0,0,26.0,7.24,15.384615384615383,34.377277085330775
Indiana,2021-06-28,"Title 610, Article 9",occupational safety and health,department of labor,,Labor and Workforce Development,3500002074,54,3944,42,2,2,1,7,25.0,7.6,19.84732824427481,35.225366876310275
Indiana,2021-06-28,"Title 615, Article 1",occupational health and safety proceedings before the board of safety review,board of safety review,,"Security, Justice, and Corrections",3500002077,74,5651,58,3,0,0,13,35.0,7.7,33.57142857142857,30.41287878787879
Indiana,2021-06-28,"Title 620, Article 1",health and safety standards,occupational safety standards commission,,Labor and Workforce Development,3500002078,74,19121,63,4,0,0,7,20.0,8.96,5.915813424345847,39.04052004333695
Indiana,2021-06-28,"Title 62, Article 1",formal complaints,office of the public access counselor,,Administration,3500001632,4,680,3,1,0,0,0,29.0,6.83,30.0,30.357001972386588
Indiana,2021-06-28,"Title 630, Article 1",workmen s compensation,industrial board of indiana,,"Industry, Commerce, and Development",3500002079,0,2031,0,0,0,0,0,14.0,5.81,0.0,37.14699162223915
Indiana,2021-06-28,"Title 631, Article 1",worker s compensation,worker s compensation board of indiana,,Labor and Workforce Development,3500002080,126,10994,99,16,2,0,9,30.0,8.21,19.384615384615383,30.24662242237497
Indiana,2021-06-28,"Title 646, Article 2",employment and training services policies and procedures,department of workforce development,,Labor and Workforce Development,3500002081,0,1001,0,0,0,0,0,6.0,5.28,0.0,44.39338235294117
Indiana,2021-06-28,"Title 646, Article 3",indiana employment security act administration,department of workforce development,,Labor and Workforce Development,3500002082,0,3940,0,0,0,0,0,9.0,6.38,0.0,43.58497691984893
Indiana,2021-06-28,"Title 646, Article 5",indiana employment and training services act administration,department of workforce development,,Labor and Workforce Development,3500002083,239,25372,164,46,1,1,27,28.0,8.42,24.652338811630848,34.196865077365054
Indiana,2021-06-28,"Title 650, Article 11",liquefied petroleum gas,state fire marshal,,"Security, Justice, and Corrections",3500002084,2,841,0,2,0,0,0,13.0,5.91,0.0,38.07821229050279
Indiana,2021-06-28,"Title 655, Article 1",personnel standards and education,board of firefighting personnel standards and education,,"Security, Justice, and Corrections",3500002085,223,25684,199,5,2,0,17,29.0,7.98,15.19674355495251,35.909871967654986
Indiana,2021-06-28,"Title 65, Article 1",the commission,state lottery commission,,Taxes and Public Finance,3500001633,36,5672,22,8,1,4,1,22.0,7.9,7.76255707762557,34.259669811320755
Indiana,2021-06-28,"Title 65, Article 2",procurement,state lottery commission,,Taxes and Public Finance,3500001634,55,5925,35,4,1,1,14,27.0,7.74,21.052631578947366,32.53159936116815
Indiana,2021-06-28,"Title 65, Article 3",retailers,state lottery commission,,Taxes and Public Finance,3500001635,32,5693,16,8,3,2,3,24.0,7.61,7.804878048780488,34.385771307818736
Indiana,2021-06-28,"Title 65, Article 4",scratch off games,state lottery commission,,Taxes and Public Finance,3500001636,0,11259,0,0,0,0,0,19.0,6.17,0.0,33.81173081958628
Indiana,2021-06-28,"Title 65, Article 5",draw games,state lottery commission,,Taxes and Public Finance,3500001637,0,864,0,0,0,0,0,14.0,5.66,0.0,34.13392857142857
Indiana,2021-06-28,"Title 65, Article 6",pull tab games,state lottery commission,,Taxes and Public Finance,3500001638,0,591,0,0,0,0,0,13.0,5.66,0.0,30.940054495912808
Indiana,2021-06-28,"Title 65, Article 7",lottery games,state lottery commission,,Taxes and Public Finance,3500001639,14,5390,13,1,0,0,0,16.0,6.52,7.857142857142857,30.982991360691145
Indiana,2021-06-28,"Title 65, Article 8",prize claims validation and payment,state lottery commission,,Taxes and Public Finance,3500001640,54,4406,23,29,0,0,2,29.0,7.9,21.16788321167883,30.67964404894327
Indiana,2021-06-28,"Title 660, Article 1",general building requirements,administrative building council of indiana,,"Industry, Commerce, and Development",3500002086,0,2369,0,0,0,0,0,16.0,5.82,0.0,43.93937460114869
Indiana,2021-06-28,"Title 660, Article 3",one and two family dwellings,administrative building council of indiana,,"Industry, Commerce, and Development",3500002087,0,816,0,0,0,0,0,17.0,6.0,0.0,36.15055762081784
Indiana,2021-06-28,"Title 660, Article 4",energy conservation,administrative building council of indiana,,"Industry, Commerce, and Development",3500002088,0,828,0,0,0,0,0,15.0,5.92,0.0,40.788497217068645
Indiana,2021-06-28,"Title 660, Article 5",swimming pool code,administrative building council of indiana,,"Industry, Commerce, and Development",3500002089,0,592,0,0,0,0,0,15.0,5.95,0.0,44.97555012224939
Indiana,2021-06-28,"Title 660, Article 7",electrical rules,administrative building council of indiana,,"Industry, Commerce, and Development",3500002090,0,147,0,0,0,0,0,12.0,5.38,0.0,42.819148936170215
Indiana,2021-06-28,"Title 670, Article 1",general provisions,elevator safety board,,"Industry, Commerce, and Development",3500002091,0,482,0,0,0,0,0,18.0,5.59,0.0,40.58045977011494
Indiana,2021-06-28,"Title 675, Article 11",fire prevention rules,fire prevention and building safety commission,,"Security, Justice, and Corrections",3500002092,0,352,0,0,0,0,0,28.0,5.62,0.0,37.83870967741935
Indiana,2021-06-28,"Title 675, Article 11-1",fire protection in public buildings,fire prevention and building safety commission,,"Security, Justice, and Corrections",3500002093,0,751,0,0,0,0,0,19.0,5.74,0.0,37.36
Indiana,2021-06-28,"Title 675, Article 11-3",flammable liquids code,fire prevention and building safety commission,,"Security, Justice, and Corrections",3500002094,0,803,0,0,0,0,0,22.0,5.62,0.0,41.18448275862069
Indiana,2021-06-28,"Title 675, Article 13",building codes,fire prevention and building safety commission,,"Security, Justice, and Corrections",3500002095,328,37930,224,2,0,0,102,31.0,8.08,13.422131147540984,33.95560263436651
Indiana,2021-06-28,"Title 675, Article 14",one and two family dwelling code,fire prevention and building safety commission,,"Security, Justice, and Corrections",3500002096,859,75125,744,3,1,11,100,20.0,8.64,8.794371602174609,32.739690819784485
Indiana,2021-06-28,"Title 675, Article 15",industrialized building systems,fire prevention and building safety commission,,"Security, Justice, and Corrections",3500002097,1084,58566,987,10,3,10,74,23.0,9.17,12.279190004308488,33.01057589568024
Indiana,2021-06-28,"Title 675, Article 16",plumbing code,fire prevention and building safety commission,,"Security, Justice, and Corrections",3500002098,62,7016,54,0,0,2,6,26.0,8.44,11.11111111111111,33.37805796010538
Indiana,2021-06-28,"Title 675, Article 17",electrical codes,fire prevention and building safety commission,,"Security, Justice, and Corrections",3500002099,24,4783,19,0,0,3,2,25.0,7.37,11.76470588235294,33.26127278541733
Indiana,2021-06-28,"Title 675, Article 18",mechanical code,fire prevention and building safety commission,,"Security, Justice, and Corrections",3500002100,51,5177,36,1,0,0,14,24.0,8.55,15.18324607329843,35.980797636632204
Indiana,2021-06-28,"Title 675, Article 19",energy conservation codes,fire prevention and building safety commission,,"Security, Justice, and Corrections",3500002101,13,2592,4,1,0,0,8,21.0,7.42,11.650485436893204,37.52412280701754
Indiana,2021-06-28,"Title 675, Article 20",swimming pool code,fire prevention and building safety commission,,"Security, Justice, and Corrections",3500002102,700,38210,652,21,2,3,22,26.0,8.95,11.791044776119405,29.55954866958572
Indiana,2021-06-28,"Title 675, Article 21",safety codes for elevators escalators manlifts and hoists,fire prevention and building safety commission,,"Security, Justice, and Corrections",3500002103,166,15146,119,7,1,0,39,23.0,8.33,11.091854419410744,36.41728801803364
Indiana,2021-06-28,"Title 675, Article 22",fire prevention codes,fire prevention and building safety commission,,"Security, Justice, and Corrections",3500002104,739,87686,564,20,4,16,135,18.0,8.55,5.860202400564838,35.206808037539034
Indiana,2021-06-28,"Title 675, Article 23",recreational facilities,fire prevention and building safety commission,,"Security, Justice, and Corrections",3500002105,6,2845,5,0,0,1,0,14.0,6.37,0.6024096385542169,38.33387888707038
Indiana,2021-06-28,"Title 675, Article 24",supplementary fire safety rules,fire prevention and building safety commission,,"Security, Justice, and Corrections",3500002106,41,2986,38,0,0,0,3,26.0,7.57,13.26530612244898,29.98173076923077
Indiana,2021-06-28,"Title 675, Article 25",fuel gas code,fire prevention and building safety commission,,"Security, Justice, and Corrections",3500002107,29,2945,23,0,0,0,6,19.0,8.07,9.352517985611511,37.067896060352055
Indiana,2021-06-28,"Title 675, Article 26",regulated explosives use and licensure,fire prevention and building safety commission,,"Security, Justice, and Corrections",3500002108,69,4981,62,1,0,0,6,17.0,8.39,5.617977528089887,35.01992709599028
Indiana,2021-06-28,"Title 675, Article 27",indiana visitability rule for one and two family dwellings and townhouses,fire prevention and building safety commission,,"Security, Justice, and Corrections",3500002109,144,6921,138,1,1,0,4,30.0,8.33,19.71153846153846,31.8302752293578
Indiana,2021-06-28,"Title 675, Article 28",national fire protection association,fire prevention and building safety commission,,"Security, Justice, and Corrections",3500002110,432,38199,346,0,0,2,84,19.0,8.72,8.047852093529093,37.55725215482455
Indiana,2021-06-28,"Title 675, Article 29",outdoor event equipment,fire prevention and building safety commission,,"Security, Justice, and Corrections",3500002111,19,2362,13,0,0,0,6,28.0,7.25,9.58904109589041,35.93398957730168
Indiana,2021-06-28,"Title 675, Article 30",indiana boiler and pressure vessel rules,fire prevention and building safety commission,,"Security, Justice, and Corrections",3500002112,476,41784,429,11,1,9,26,33.0,8.15,17.790262172284642,30.29303981448215
Indiana,2021-06-28,"Title 675, Article 31",indiana amusement device code,fire prevention and building safety commission,,"Security, Justice, and Corrections",3500002113,191,22692,174,6,0,0,11,27.0,7.84,13.642960812772134,34.10141047407601
Indiana,2021-06-28,"Title 68, Article 1",general provisions,indiana gaming commission,,"Industry, Commerce, and Development",3500001641,214,35034,138,48,6,1,21,26.0,8.0,7.754010695187167,32.18249813014211
Indiana,2021-06-28,"Title 68, Article 10",conduct of gaming,indiana gaming commission,,"Industry, Commerce, and Development",3500001650,493,37371,252,205,25,3,8,23.0,8.17,20.175438596491222,24.463689792609607
Indiana,2021-06-28,"Title 68, Article 11",internal control procedures,indiana gaming commission,,"Industry, Commerce, and Development",3500001651,237,11840,205,26,0,2,4,23.0,8.26,9.032258064516128,31.20714799219472
Indiana,2021-06-28,"Title 68, Article 12",security and surveillance,indiana gaming commission,,"Industry, Commerce, and Development",3500001652,84,6590,18,56,2,0,8,19.0,8.48,8.038585209003216,34.58219696969697
Indiana,2021-06-28,"Title 68, Article 13",seizure forfeiture and disciplinary hearings,indiana gaming commission,,"Industry, Commerce, and Development",3500001653,39,6310,0,37,2,0,0,21.0,7.73,11.583011583011585,33.085577123773746
Indiana,2021-06-28,"Title 68, Article 14",gaming equipment,indiana gaming commission,,"Industry, Commerce, and Development",3500001654,275,14000,186,84,3,0,2,22.0,8.26,7.773851590106007,29.73143530691813
Indiana,2021-06-28,"Title 68, Article 15",accounting records and procedures,indiana gaming commission,,"Industry, Commerce, and Development",3500001655,414,23990,301,92,4,1,16,24.0,8.65,11.391018619934282,33.29370773757291
Indiana,2021-06-28,"Title 68, Article 16",credit,indiana gaming commission,,"Industry, Commerce, and Development",3500001656,61,3946,47,7,2,0,5,20.0,7.71,11.627906976744184,33.44848084544254
Indiana,2021-06-28,"Title 68, Article 17",movement of gaming equipment,indiana gaming commission,,"Industry, Commerce, and Development",3500001657,27,2890,11,12,2,0,2,25.0,7.29,19.41747572815534,32.413327526132406
Indiana,2021-06-28,"Title 68, Article 18",dispute procedures,indiana gaming commission,,"Industry, Commerce, and Development",3500001658,10,866,9,1,0,0,0,21.0,6.84,11.428571428571429,30.437603993344425
Indiana,2021-06-28,"Title 68, Article 19",warehouses,indiana gaming commission,,"Industry, Commerce, and Development",3500001659,9,783,0,8,1,0,0,23.0,6.49,3.7037037037037033,30.696428571428573
Indiana,2021-06-28,"Title 68, Article 2",licenses and approval of associated equipment,indiana gaming commission,,"Industry, Commerce, and Development",3500001642,640,44686,312,277,14,1,36,26.0,8.64,16.169648774022534,34.39970926089559
Indiana,2021-06-28,"Title 68, Article 21",charity gaming,indiana gaming commission,,"Industry, Commerce, and Development",3500001660,159,15336,48,85,7,2,17,21.0,8.16,15.13157894736842,32.49576086006468
Indiana,2021-06-28,"Title 68, Article 24",boxing and mixed martial arts,indiana gaming commission,,"Industry, Commerce, and Development",3500001661,403,31786,53,253,25,26,46,28.0,8.61,21.09300095877277,32.46110395026158
Indiana,2021-06-28,"Title 68, Article 25",limited mobile gaming,indiana gaming commission,,"Industry, Commerce, and Development",3500001662,182,10357,116,47,1,1,17,18.0,8.12,10.038610038610038,34.945337620578776
Indiana,2021-06-28,"Title 68, Article 26",paid fantasy sports,indiana gaming commission,,"Industry, Commerce, and Development",3500001663,123,8088,74,27,7,3,12,23.0,8.16,12.576687116564417,35.079028245280256
Indiana,2021-06-28,"Title 68, Article 3",minority and women s business enterprises,indiana gaming commission,,"Industry, Commerce, and Development",3500001643,39,5065,31,1,4,0,3,30.0,7.52,11.11111111111111,35.76431424766977
Indiana,2021-06-28,"Title 68, Article 4",corporations,indiana gaming commission,,"Industry, Commerce, and Development",3500001644,38,3560,25,7,0,1,5,35.0,7.89,16.842105263157894,33.51001697792869
Indiana,2021-06-28,"Title 68, Article 5",transfer of ownership,indiana gaming commission,,"Industry, Commerce, and Development",3500001645,68,6452,25,30,5,0,8,30.0,7.84,12.755102040816327,35.21724932769881
Indiana,2021-06-28,"Title 68, Article 6",exclusion and eviction of persons,indiana gaming commission,,"Industry, Commerce, and Development",3500001646,91,6942,50,39,1,1,0,23.0,8.07,12.592592592592592,32.47023280611338
Indiana,2021-06-28,"Title 68, Article 7",denial and exclusion hearings,indiana gaming commission,,"Industry, Commerce, and Development",3500001647,39,3333,31,6,2,0,0,25.0,7.55,15.517241379310343,30.763527054108216
Indiana,2021-06-28,"Title 68, Article 8",public safety and excursions,indiana gaming commission,,"Industry, Commerce, and Development",3500001648,65,6988,63,1,0,0,1,21.0,7.65,4.946996466431095,37.05225793729048
Indiana,2021-06-28,"Title 68, Article 9",ethics,indiana gaming commission,,"Industry, Commerce, and Development",3500001649,45,5318,38,1,1,2,3,19.0,7.22,6.0728744939271255,34.595749877870055
Indiana,2021-06-28,"Title 710, Article 1",general provisions,securities division,,"Banking, Insurance, and Securities",3500002114,16,3426,12,2,0,0,2,15.0,7.42,5.445544554455446,36.66398985629755
Indiana,2021-06-28,"Title 710, Article 2",supervision of continuing care contracts,securities division,,"Banking, Insurance, and Securities",3500002115,51,4050,39,4,0,0,8,28.0,8.17,12.12121212121212,35.070180815200736
Indiana,2021-06-28,"Title 710, Article 3",business takeover offers,securities division,,"Banking, Insurance, and Securities",3500002116,15,1125,1,10,0,0,4,27.0,7.09,27.77777777777778,32.144
Indiana,2021-06-28,"Title 710, Article 4",uniform securities,securities division,,"Banking, Insurance, and Securities",3500002117,545,42135,372,56,11,2,104,14.0,9.43,11.924610366074663,35.232614862536124
Indiana,2021-06-28,"Title 71, Article 1",definitions,indiana horse racing commission,,"Culture, Recreation, and the Arts",3500001664,13,16072,5,5,0,1,2,29.0,7.13,3.8901601830663615,29.052368313597388
Indiana,2021-06-28,"Title 71, Article 10",due process and disciplinary action,indiana horse racing commission,,"Culture, Recreation, and the Arts",3500001680,158,14327,99,40,6,1,12,30.0,8.38,21.93995381062356,31.548004501774734
Indiana,2021-06-28,"Title 71, Article 11",permit application requirements and criteria,indiana horse racing commission,,"Culture, Recreation, and the Arts",3500001681,85,7237,54,4,1,0,26,28.0,8.3,14.782608695652174,34.945650316185265
Indiana,2021-06-28,"Title 71, Article 12",satellite facility and simulcasting,indiana horse racing commission,,"Culture, Recreation, and the Arts",3500001682,117,11094,94,3,3,0,17,30.0,8.24,14.37308868501529,34.52800939518497
Indiana,2021-06-28,"Title 71, Article 13",registered horsemen s associations,indiana horse racing commission,,"Culture, Recreation, and the Arts",3500001683,48,4190,27,5,0,1,15,37.0,7.83,21.782178217821784,35.2116493656286
Indiana,2021-06-28,"Title 71, Article 13-5",thoroughbred development program,indiana horse racing commission,,"Culture, Recreation, and the Arts",3500001684,50,3842,9,36,0,0,5,27.0,7.79,20.47244094488189,29.8175972927242
Indiana,2021-06-28,"Title 71, Article 14",standardbred development program,indiana horse racing commission,,"Culture, Recreation, and the Arts",3500001685,31,2286,3,28,0,0,0,22.0,7.61,8.333333333333332,31.576169749727963
Indiana,2021-06-28,"Title 71, Article 14-5",quarter horse development program,indiana horse racing commission,,"Culture, Recreation, and the Arts",3500001686,57,4650,5,46,0,0,6,28.0,7.81,19.463087248322147,29.17585446527012
Indiana,2021-06-28,"Title 71, Article 1-5",flat racing definitions,indiana horse racing commission,,"Culture, Recreation, and the Arts",3500001665,8,15669,5,0,0,1,2,31.0,7.07,3.482587064676617,28.747115384615384
Indiana,2021-06-28,"Title 71, Article 2",commission,indiana horse racing commission,,"Culture, Recreation, and the Arts",3500001666,40,3554,25,6,4,1,4,28.0,7.89,12.5,31.767763649962603
Indiana,2021-06-28,"Title 71, Article 3",officials,indiana horse racing commission,,"Culture, Recreation, and the Arts",3500001667,104,9805,91,3,1,2,7,27.0,7.87,13.375796178343949,30.688585254768004
Indiana,2021-06-28,"Title 71, Article 3-5",flat racing officials,indiana horse racing commission,,"Culture, Recreation, and the Arts",3500001668,136,11447,120,2,1,2,11,31.0,7.93,12.037037037037036,31.17237280076082
Indiana,2021-06-28,"Title 71, Article 4",associations,indiana horse racing commission,,"Culture, Recreation, and the Arts",3500001669,176,9417,130,27,2,1,16,29.0,8.35,10.580204778156997,31.89801699716714
Indiana,2021-06-28,"Title 71, Article 4-5",flat racing associations,indiana horse racing commission,,"Culture, Recreation, and the Arts",3500001670,178,9043,131,29,2,1,15,29.0,8.28,8.60215053763441,32.31
Indiana,2021-06-28,"Title 71, Article 5",licensees,indiana horse racing commission,,"Culture, Recreation, and the Arts",3500001671,165,12907,117,11,2,10,25,28.0,8.38,11.138014527845035,31.945851962245406
Indiana,2021-06-28,"Title 71, Article 5-5",flat racing licensees,indiana horse racing commission,,"Culture, Recreation, and the Arts",3500001672,207,15885,159,8,2,13,25,28.0,8.35,11.530815109343935,31.56313796509713
Indiana,2021-06-28,"Title 71, Article 6",types of races,indiana horse racing commission,,"Culture, Recreation, and the Arts",3500001673,150,6692,106,33,3,1,7,29.0,8.52,29.493087557603687,28.02101059211669
Indiana,2021-06-28,"Title 71, Article 6-5",flat racing claiming races,indiana horse racing commission,,"Culture, Recreation, and the Arts",3500001674,49,2979,44,1,1,1,2,35.0,7.95,25.31645569620253,27.42501005227181
Indiana,2021-06-28,"Title 71, Article 7",rules of the race,indiana horse racing commission,,"Culture, Recreation, and the Arts",3500001675,304,22367,230,53,5,3,13,30.0,8.27,25.6797583081571,26.665836003322653
Indiana,2021-06-28,"Title 71, Article 7-5",flat racing rules of the race,indiana horse racing commission,,"Culture, Recreation, and the Arts",3500001676,266,18388,217,29,5,2,13,34.0,8.69,35.902636916835704,27.995322106388667
Indiana,2021-06-28,"Title 71, Article 8",human and equine health,indiana horse racing commission,,"Culture, Recreation, and the Arts",3500001677,318,23235,243,37,5,28,5,32.0,8.89,19.29555895865237,32.583938510469125
Indiana,2021-06-28,"Title 71, Article 8-5",flat racing human and equine health,indiana horse racing commission,,"Culture, Recreation, and the Arts",3500001678,392,26661,308,38,6,32,8,32.0,8.94,19.52191235059761,33.00164436121135
Indiana,2021-06-28,"Title 71, Article 9",pari mutuel wagering,indiana horse racing commission,,"Culture, Recreation, and the Arts",3500001679,472,30673,391,47,3,8,23,33.0,8.54,44.16184971098266,31.400423008649017
Indiana,2021-06-28,"Title 750, Article 1",uniform consumer credit code,department of financial institutions,,"Banking, Insurance, and Securities",3500002118,6,860,3,0,0,0,3,94.0,6.77,0.0,26.146929824561404
Indiana,2021-06-28,"Title 750, Article 2",banks and trust companies,department of financial institutions,,"Banking, Insurance, and Securities",3500002119,0,299,0,0,0,0,0,13.0,6.13,0.0,40.023809523809526
Indiana,2021-06-28,"Title 750, Article 5",building and loan associations,department of financial institutions,,"Banking, Insurance, and Securities",3500002120,0,259,0,0,0,0,0,9.0,5.82,0.0,37.71005917159764
Indiana,2021-06-28,"Title 750, Article 6",industrial loan and investment,department of financial institutions,,"Banking, Insurance, and Securities",3500002121,0,325,0,0,0,0,0,8.0,5.62,0.0,42.917098445595855
Indiana,2021-06-28,"Title 750, Article 8",reporting procedures,department of financial institutions,,"Banking, Insurance, and Securities",3500002122,0,63,0,0,0,0,0,6.0,4.71,0.0,40.3
Indiana,2021-06-28,"Title 750, Article 9",mortgage lenders and originators,department of financial institutions,,"Banking, Insurance, and Securities",3500002123,129,15514,61,30,13,2,23,37.0,8.86,21.09375,35.75616748396831
Indiana,2021-06-28,"Title 75, Article 3",salvage vehicle regulations,secretary of state,,Administration,3500001687,35,3940,12,16,1,0,6,24.0,7.7,12.05673758865248,32.05184683158252
Indiana,2021-06-28,"Title 75, Article 5",watercraft,secretary of state,,Administration,3500001688,45,5420,13,22,5,0,5,22.0,7.37,6.220095693779904,31.963156519466946
Indiana,2021-06-28,"Title 75, Article 6",auto dealer services,secretary of state,,Administration,3500001689,119,8964,21,66,13,0,19,24.0,7.97,13.017751479289942,33.083288983501866
Indiana,2021-06-28,"Title 75, Article 7",notary public governance,secretary of state,,Administration,3500001690,79,5619,18,56,0,3,2,23.0,7.9,16.363636363636363,35.72901261418008
Indiana,2021-06-28,"Title 760, Article 1",general provisions,department of insurance,,"Banking, Insurance, and Securities",3500002124,2539,246455,1763,308,61,26,381,31.0,9.91,24.08940397350993,34.818680334394905
Indiana,2021-06-28,"Title 760, Article 2",long term care insurance coverage,department of insurance,,"Banking, Insurance, and Securities",3500002125,435,40172,309,44,16,4,62,29.0,8.96,21.42298670836591,34.31854679877587
Indiana,2021-06-28,"Title 760, Article 3",medicare supplement insurance minimum standards,department of insurance,,"Banking, Insurance, and Securities",3500002126,356,32823,301,18,14,5,18,30.0,9.03,22.48062015503876,36.42189365737164
Indiana,2021-06-28,"Title 760, Article 4",navigators and application organizations,department of insurance,,"Banking, Insurance, and Securities",3500002127,135,10828,107,14,1,2,11,28.0,8.19,15.32033426183844,41.99439594783921
Indiana,2021-06-28,"Title 762, Article 2",membership in political subdivision risk management fund and catastrophic liability fund,indiana political subdivision risk management commission,,"Banking, Insurance, and Securities",3500002128,9,1157,9,0,0,0,0,24.0,7.01,14.634146341463412,36.553386911595865
Indiana,2021-06-28,"Title 804, Article 1-1",registration code of conduct for architects,board of registration for architects and landscape architects,,"Industry, Commerce, and Development",3500002129,140,12681,102,15,2,0,21,25.0,8.25,7.6923076923076925,38.192070578231295
Indiana,2021-06-28,"Title 808, Article 1",general provisions,state athletic commission,,"Culture, Recreation, and the Arts",3500002130,2,1372,0,1,0,1,0,12.0,6.03,0.0,38.936268829663966
Indiana,2021-06-28,"Title 808, Article 2",boxing and other ring exhibitions,state athletic commission,,"Culture, Recreation, and the Arts",3500002131,1,2262,0,0,0,1,0,14.0,5.98,0.0,39.798507462686565
Indiana,2021-06-28,"Title 80, Article 1",procurement of property,state fair commission,,"Culture, Recreation, and the Arts",3500001691,1,2023,0,0,0,1,0,11.0,5.65,0.0,35.876106194690266
Indiana,2021-06-28,"Title 80, Article 10",disposal of property,state fair commission,,"Culture, Recreation, and the Arts",3500001696,25,1595,16,9,0,0,0,20.0,7.34,6.666666666666667,33.75701624815362
Indiana,2021-06-28,"Title 80, Article 11",general operations,state fair commission,,"Culture, Recreation, and the Arts",3500001697,21,2092,11,3,0,7,0,21.0,7.7,12.22222222222222,34.46076696165192
Indiana,2021-06-28,"Title 80, Article 12",code of ethics,state fair commission,,"Culture, Recreation, and the Arts",3500001698,1,76,1,0,0,0,0,10.0,5.32,0.0,32.93877551020408
Indiana,2021-06-28,"Title 80, Article 2",real property contracting procedures,state fair commission,,"Culture, Recreation, and the Arts",3500001692,0,521,0,0,0,0,0,13.0,5.58,0.0,36.19825072886297
Indiana,2021-06-28,"Title 80, Article 7",definitions,state fair commission,,"Culture, Recreation, and the Arts",3500001693,1,3723,0,0,0,0,1,20.0,7.16,5.844155844155844,37.31055900621118
Indiana,2021-06-28,"Title 80, Article 8",procurement of services and supplies,state fair commission,,"Culture, Recreation, and the Arts",3500001694,91,5271,56,17,4,2,12,24.0,8.15,29.850746268656717,36.95077895687514
Indiana,2021-06-28,"Title 80, Article 9",commission works,state fair commission,,"Culture, Recreation, and the Arts",3500001695,101,6292,74,15,2,1,9,26.0,7.97,20.444444444444446,35.2333396620467
Indiana,2021-06-28,"Title 810, Article 1",pilot program for state registration of privately certified individuals,indiana professional licensing agency,,"Industry, Commerce, and Development",3500002132,16,1198,13,0,0,0,3,24.0,6.85,13.636363636363637,38.82636655948553
Indiana,2021-06-28,"Title 810, Article 2",health care volunteer registry,indiana professional licensing agency,,"Industry, Commerce, and Development",3500002133,10,794,9,0,0,0,1,22.0,6.51,6.666666666666667,35.58392857142857
Indiana,2021-06-28,"Title 812, Article 1",general provisions,indiana auctioneer commission,,"Industry, Commerce, and Development",3500002134,40,5466,30,4,0,2,4,25.0,7.38,9.03954802259887,32.402905839620004
Indiana,2021-06-28,"Title 812, Article 2",auctioneer courses and initial education course providers,indiana auctioneer commission,,"Industry, Commerce, and Development",3500002135,97,6048,33,37,7,4,16,21.0,7.52,12.195121951219512,35.838940586972086
Indiana,2021-06-28,"Title 812, Article 3",continuing education,indiana auctioneer commission,,"Industry, Commerce, and Development",3500002136,66,4907,26,25,1,1,13,21.0,7.83,10.83743842364532,36.67961934972245
Indiana,2021-06-28,"Title 816, Article 1",barber schools and shops,board of barber examiners,,"Industry, Commerce, and Development",3500002137,4,715,0,0,0,3,1,14.0,5.81,0.0,34.73430962343096
Indiana,2021-06-28,"Title 820, Article 2",licensing,state board of cosmetology and barber examiners,,"Industry, Commerce, and Development",3500002138,24,2492,12,5,2,2,3,24.0,7.17,9.195402298850574,33.715808170515096
Indiana,2021-06-28,"Title 820, Article 3",sanitary and equipment requirements,state board of cosmetology and barber examiners,,"Industry, Commerce, and Development",3500002139,134,8039,91,25,1,3,14,25.0,7.79,8.540925266903916,32.56373491869208
Indiana,2021-06-28,"Title 820, Article 4",cosmetology schools,state board of cosmetology and barber examiners,,"Industry, Commerce, and Development",3500002140,185,14430,70,44,10,5,56,30.0,8.58,3.4562211981566824,35.48910129385709
Indiana,2021-06-28,"Title 820, Article 5",tanning facilities,state board of cosmetology and barber examiners,,"Industry, Commerce, and Development",3500002141,96,9207,66,17,4,0,9,27.0,7.92,8.680555555555555,31.969595621769532
Indiana,2021-06-28,"Title 820, Article 7",fees,state board of cosmetology and barber examiners,,"Industry, Commerce, and Development",3500002142,3,375,3,0,0,0,0,31.0,6.32,0.0,44.09722222222222
Indiana,2021-06-28,"Title 820, Article 8",barber schools and shops,state board of cosmetology and barber examiners,,"Industry, Commerce, and Development",3500002143,77,9426,30,27,1,1,18,34.0,8.21,5.761316872427984,31.385017421602782
Indiana,2021-06-28,"Title 820, Article 9",convictions of concern,state board of cosmetology and barber examiners,,"Industry, Commerce, and Development",3500002144,4,4243,2,0,0,2,0,11.0,7.53,0.3676470588235294,40.9873572593801
Indiana,2021-06-28,"Title 824, Article 2",grain buyers and warehouse licensing and bonding,indiana grain buyers and warehouse licensing agency,,"Industry, Commerce, and Development",3500002145,323,16114,276,18,1,2,26,24.0,8.51,17.42671009771987,31.50305222699525
Indiana,2021-06-28,"Title 825, Article 1",grain indemnity corporation,indiana grain indemnity corporation,,"Industry, Commerce, and Development",3500002146,10,1305,10,0,0,0,0,19.0,6.69,1.7241379310344829,32.64302059496568
Indiana,2021-06-28,"Title 828, Article 0-5",general provisions,state board of dentistry,,Health Services,3500002147,4,3412,3,1,0,0,0,30.0,6.98,2.3255813953488373,34.64637239979706
Indiana,2021-06-28,"Title 828, Article 1",licensure of dentists and dental hygienists,state board of dentistry,,Health Services,3500002148,161,14292,70,65,5,1,20,25.0,8.45,9.270216962524657,33.55313250785437
Indiana,2021-06-28,"Title 828, Article 3",anesthesia and sedation,state board of dentistry,,Health Services,3500002149,80,5554,27,41,0,0,12,23.0,8.27,7.79816513761468,37.85136062199863
Indiana,2021-06-28,"Title 828, Article 4",mobile dental facilities and portable dental operations,state board of dentistry,,Health Services,3500002150,42,3197,33,4,0,2,3,29.0,7.52,18.75,33.93674456083804
Indiana,2021-06-28,"Title 828, Article 5",instructor s licenses,state board of dentistry,,Health Services,3500002151,48,2769,25,12,1,0,10,30.0,7.56,15.853658536585366,34.34765625
Indiana,2021-06-28,"Title 828, Article 6",dental assistants,state board of dentistry,,Health Services,3500002152,12,1183,6,3,3,0,0,25.0,7.16,4.545454545454546,36.93587174348698
Indiana,2021-06-28,"Title 830, Article 1",dietitians certification,indiana dietitians certification board,,Health Services,3500002153,0,258,0,0,0,0,0,15.0,5.28,0.0,45.97222222222222
Indiana,2021-06-28,"Title 832, Article 1",general provisions,state board of funeral and cemetery service,,"Industry, Commerce, and Development",3500002154,7,1168,0,0,0,3,4,16.0,5.88,0.0,34.22905759162304
Indiana,2021-06-28,"Title 832, Article 2",general provisions,state board of funeral and cemetery service,,"Industry, Commerce, and Development",3500002155,30,2745,21,5,0,0,4,31.0,7.74,12.987012987012983,29.99900695134061
Indiana,2021-06-28,"Title 832, Article 3",education examination and licensure,state board of funeral and cemetery service,,"Industry, Commerce, and Development",3500002156,22,1936,11,7,0,0,4,22.0,7.36,1.2987012987012987,32.93120926864591
Indiana,2021-06-28,"Title 832, Article 4",continuing education license restoration and renewal,state board of funeral and cemetery service,,"Industry, Commerce, and Development",3500002157,29,2171,9,14,0,0,6,25.0,7.4,9.333333333333334,33.94267515923567
Indiana,2021-06-28,"Title 832, Article 5",licensure and operation of funeral homes,state board of funeral and cemetery service,,"Industry, Commerce, and Development",3500002158,35,2555,21,10,0,0,4,26.0,7.49,14.117647058823527,29.696360673546984
Indiana,2021-06-28,"Title 832, Article 6",funeral trust funds,state board of funeral and cemetery service,,"Industry, Commerce, and Development",3500002159,6,781,3,1,1,0,1,34.0,7.09,30.0,32.870370370370374
Indiana,2021-06-28,"Title 832, Article 7",preneed funeral burial services or merchandise contracts,state board of funeral and cemetery service,,"Industry, Commerce, and Development",3500002160,35,3802,25,1,1,2,6,32.0,7.58,17.307692307692307,30.73244382022472
Indiana,2021-06-28,"Title 832, Article 8",consumer protection funds,state board of funeral and cemetery service,,"Industry, Commerce, and Development",3500002161,14,1699,10,3,0,0,1,20.0,7.39,8.0,34.68562644119908
Indiana,2021-06-28,"Title 832, Article 9",convictions of concern,state board of funeral and cemetery service,,"Industry, Commerce, and Development",3500002162,7,5663,2,0,0,5,0,11.0,7.77,0.2638522427440633,41.39256071318783
Indiana,2021-06-28,"Title 836, Article 1",emergency medical services,indiana emergency medical services commission,,Health Services,3500002163,304,21985,254,5,1,2,42,19.0,9.25,7.921714818266542,40.09227515583259
Indiana,2021-06-28,"Title 836, Article 2",advanced life support,indiana emergency medical services commission,,Health Services,3500002164,213,10961,179,7,0,2,25,23.0,8.44,9.90990990990991,44.045164085346045
Indiana,2021-06-28,"Title 836, Article 3",air ambulances,indiana emergency medical services commission,,Health Services,3500002165,173,8963,141,3,0,1,28,23.0,8.43,7.82122905027933,39.44658927872701
Indiana,2021-06-28,"Title 836, Article 4",training and certification,indiana emergency medical services commission,,Health Services,3500002166,189,13182,137,12,0,4,36,26.0,8.19,5.615550755939525,43.084115589913495
Indiana,2021-06-28,"Title 839, Article 1",general provisions,behavioral health and human services licensing board,,Social Assistance,3500002167,238,18285,136,48,5,0,49,24.0,8.63,9.763313609467456,37.54216949614781
Indiana,2021-06-28,"Title 840, Article 1",general provisions,indiana state board of health facility administrators,,Health Services,3500002168,81,8309,40,14,3,0,24,30.0,8.3,12.8,33.99170437405731
Indiana,2021-06-28,"Title 840, Article 2",standards of competent practice,indiana state board of health facility administrators,,Health Services,3500002169,9,1352,6,0,1,0,2,24.0,7.43,4.081632653061225,36.15063168124393
Indiana,2021-06-28,"Title 842, Article 1",physical therapists and physical therapists assistants,indiana board of physical therapy,,Health Services,3500002170,119,9629,83,16,5,0,15,31.0,8.6,17.562724014336915,36.54594180704441
Indiana,2021-06-28,"Title 844, Article 1",general provisions,medical licensing board of indiana,,Health Services,3500002171,0,427,0,0,0,0,0,14.0,5.8,0.0,40.4336917562724
Indiana,2021-06-28,"Title 844, Article 10",occupational therapists and occupational therapy assistants,medical licensing board of indiana,,Health Services,3500002178,69,6746,37,11,5,1,15,25.0,7.61,10.222222222222223,36.72729248152977
Indiana,2021-06-28,"Title 844, Article 11",respiratory care practitioners,medical licensing board of indiana,,Health Services,3500002179,54,5353,38,3,1,0,12,25.0,7.85,7.027027027027027,37.88248966942149
Indiana,2021-06-28,"Title 844, Article 13",acupuncturists,medical licensing board of indiana,,Health Services,3500002180,87,7172,70,8,3,0,6,29.0,7.86,15.59633027522936,38.05907859078591
Indiana,2021-06-28,"Title 844, Article 14",genetic counselors,medical licensing board of indiana,,Health Services,3500002181,16,1825,8,2,0,0,6,21.0,6.69,5.797101449275362,34.052545155993435
Indiana,2021-06-28,"Title 844, Article 15",anesthesiologist assistants,medical licensing board of indiana,,Health Services,3500002182,18,1724,7,6,1,1,3,23.0,7.87,11.594202898550725,48.08321775312066
Indiana,2021-06-28,"Title 844, Article 16",high breast density guidelines,medical licensing board of indiana,,Health Services,3500002183,4,738,3,0,0,0,1,23.0,7.24,7.142857142857142,34.26655629139073
Indiana,2021-06-28,"Title 844, Article 17",certified direct entry midwives,medical licensing board of indiana,,Health Services,3500002184,46,3553,32,9,1,0,4,18.0,8.38,11.731843575418994,40.94113667117727
Indiana,2021-06-28,"Title 844, Article 18",diabetes educators,medical licensing board of indiana,,Health Services,3500002185,17,1720,15,1,1,0,0,22.0,7.31,6.25,41.51209992193599
Indiana,2021-06-28,"Title 844, Article 19",dietitians certification,medical licensing board of indiana,,Health Services,3500002186,59,3650,48,7,0,0,4,25.0,7.8,8.59375,40.31688596491228
Indiana,2021-06-28,"Title 844, Article 2-2",physician assistants,medical licensing board of indiana,,Health Services,3500002172,82,8069,50,16,2,1,13,26.0,8.37,20.727272727272727,37.48295809881176
Indiana,2021-06-28,"Title 844, Article 4",medical doctors osteopathic doctors,medical licensing board of indiana,,Health Services,3500002173,86,8378,47,28,0,0,11,26.0,7.86,11.913357400722022,34.49952426260704
Indiana,2021-06-28,"Title 844, Article 5",standards of professional conduct and competent practice of medicine,medical licensing board of indiana,,Health Services,3500002174,218,18558,136,48,6,4,24,26.0,8.77,16.938110749185668,37.6483097811028
Indiana,2021-06-28,"Title 844, Article 6",physical therapists and physical therapists assistants,medical licensing board of indiana,,Health Services,3500002175,0,945,0,0,0,0,0,13.0,5.76,0.0,38.819047619047616
Indiana,2021-06-28,"Title 844, Article 7",reinstatement to practice,medical licensing board of indiana,,Health Services,3500002176,8,893,8,0,0,0,0,24.0,7.14,11.76470588235294,36.159217877094974
Indiana,2021-06-28,"Title 844, Article 9",hearing aid dealers,medical licensing board of indiana,,Health Services,3500002177,26,3341,16,6,1,0,3,25.0,8.01,13.445378151260504,35.08213870592793
Indiana,2021-06-28,"Title 845, Article 1",podiatrists,board of podiatric medicine,,Health Services,3500002187,83,8249,63,8,3,0,9,32.0,8.45,19.742489270386265,34.44217163949554
Indiana,2021-06-28,"Title 845, Article 2",opioid prescribing requirements,board of podiatric medicine,,Health Services,3500002188,36,2592,21,6,1,0,8,25.0,8.17,33.6734693877551,37.54257690592956
Indiana,2021-06-28,"Title 846, Article 1",general provisions,board of chiropractic examiners,,Health Services,3500002189,122,8054,81,20,4,2,15,27.0,8.29,11.877394636015326,35.83309306423194
Indiana,2021-06-28,"Title 847, Article 1",massage therapist licensure,state board of massage therapy,,Health Services,3500002190,28,3625,15,5,0,0,8,23.0,7.45,15.151515151515152,34.40466340729598
Indiana,2021-06-28,"Title 847, Article 2",fees,state board of massage therapy,,Health Services,3500002191,3,120,2,0,0,0,1,16.0,5.82,0.0,43.19753086419753
Indiana,2021-06-28,"Title 848, Article 1",registered nurses and practical nurses,indiana state board of nursing,,Health Services,3500002192,191,11066,180,2,1,0,8,22.0,8.42,5.446623093681917,35.98013018156903
Indiana,2021-06-28,"Title 848, Article 2",standards for the competent practice of registered and licensed practical nursing,indiana state board of nursing,,Health Services,3500002193,8,2230,8,0,0,0,0,22.0,7.58,8.98876404494382,39.29897494305239
Indiana,2021-06-28,"Title 848, Article 3",nurse midwives,indiana state board of nursing,,Health Services,3500002194,20,2894,18,0,0,0,2,22.0,7.06,3.669724770642202,30.38155136268344
Indiana,2021-06-28,"Title 848, Article 4",advanced practice nursing and prescriptive authority for advanced practice nursing,indiana state board of nursing,,Health Services,3500002195,7,2356,4,1,0,0,2,25.0,7.65,5.952380952380952,39.1350774159103
Indiana,2021-06-28,"Title 848, Article 5",prescriptive authority for advanced practice nursing,indiana state board of nursing,,Health Services,3500002196,61,4946,39,11,1,0,10,27.0,8.48,27.167630057803464,38.50842302292934
Indiana,2021-06-28,"Title 848, Article 7",indiana state nurses assistance program,indiana state board of nursing,,Health Services,3500002197,25,2165,20,5,0,0,0,22.0,7.59,26.373626373626376,35.16630196936543
Indiana,2021-06-28,"Title 852, Article 1",general provisions,indiana optometry board,,Health Services,3500002198,124,11296,69,17,6,0,32,25.0,8.38,14.925373134328357,36.04200605073307
Indiana,2021-06-28,"Title 852, Article 3",formulary of legend drugs,indiana optometry board,,Health Services,3500002199,2,380,0,0,0,1,1,14.0,6.19,0.0,33.64502164502164
Indiana,2021-06-28,"Title 856, Article 1",pharmacies and pharmacists,indiana board of pharmacy,,Health Services,3500002200,399,38077,251,83,6,6,53,25.0,8.89,14.360902255639097,35.69012517385257
Indiana,2021-06-28,"Title 856, Article 2",controlled substances,indiana board of pharmacy,,Health Services,3500002201,318,30125,243,22,4,3,46,2.0,8.97,1.3544018058690743,38.47958885221242
Indiana,2021-06-28,"Title 856, Article 3",wholesale legend drugs,indiana board of pharmacy,,Health Services,3500002202,20,1967,19,0,0,0,1,20.0,7.09,7.5,33.9424743892829
Indiana,2021-06-28,"Title 856, Article 4",pharmacist vaccinations administered via protocol authority,indiana board of pharmacy,,Health Services,3500002203,22,1496,6,7,1,1,7,20.0,7.38,10.606060606060606,43.77596566523605
Indiana,2021-06-28,"Title 856, Article 5",automated medication systems,indiana board of pharmacy,,Health Services,3500002204,13,1734,11,1,0,0,1,30.0,7.14,6.0,37.82481203007519
Indiana,2021-06-28,"Title 856, Article 7",prescription drug take back programs,indiana board of pharmacy,,Health Services,3500002205,52,4887,20,19,1,0,12,26.0,7.76,15.24390243902439,33.41884133611691
Indiana,2021-06-28,"Title 857, Article 2",formulary of legend drugs,indiana optometric legend drug prescription advisory committee,,Health Services,3500002206,1,978,0,0,0,0,1,13.0,5.7,0.0,44.92209856915739
Indiana,2021-06-28,"Title 860, Article 1",general provisions,indiana plumbing commission,,"Industry, Commerce, and Development",3500002207,58,5199,31,15,0,1,11,27.0,7.6,16.666666666666664,33.5926568372362
Indiana,2021-06-28,"Title 860, Article 2",apprentice plumber,indiana plumbing commission,,"Industry, Commerce, and Development",3500002208,17,1686,7,7,1,0,2,27.0,7.06,2.0,35.308181818181815
Indiana,2021-06-28,"Title 864, Article 1-1",administration general requirements,state board of registration for professional engineers,,"Industry, Commerce, and Development",3500002209,184,18264,116,25,2,4,37,26.0,8.16,11.69686985172982,37.34073166998317
Indiana,2021-06-28,"Title 865, Article 1",general provisions,state board of registration for professional surveyors,,"Industry, Commerce, and Development",3500002210,312,30995,180,54,7,4,67,27.0,8.67,17.16269841269841,34.35979758462324
Indiana,2021-06-28,"Title 868, Article 1-1",general provisions,state psychology board,,Health Services,3500002211,208,15278,129,42,5,2,30,24.0,8.65,11.545293072824157,38.659883236030026
Indiana,2021-06-28,"Title 872, Article 1",general provisions,indiana board of accountancy,,"Industry, Commerce, and Development",3500002212,142,17383,72,31,3,1,35,28.0,8.38,9.811320754716984,33.2250484496124
Indiana,2021-06-28,"Title 874, Article 1",private investigator firms and security guard agencies,private investigator and security guard licensing board,,"Security, Justice, and Corrections",3500002213,26,3158,13,7,0,0,6,29.0,7.53,6.122448979591836,35.574326960593055
Indiana,2021-06-28,"Title 874, Article 2",private investigator firms and security guard agencies,private investigator and security guard licensing board,,"Security, Justice, and Corrections",3500002214,4,248,4,0,0,0,0,21.0,5.9,36.36363636363637,32.65841584158416
Indiana,2021-06-28,"Title 876, Article 1",general provisions,indiana real estate commission,,"Industry, Commerce, and Development",3500002215,0,1634,0,0,0,0,0,14.0,6.17,1.0101010101010102,36.69892473118279
Indiana,2021-06-28,"Title 876, Article 2",real estate courses and licensing requirements for brokers and salespersons,indiana real estate commission,,"Industry, Commerce, and Development",3500002216,4,1537,0,0,0,0,4,13.0,5.83,0.0,36.68562564632885
Indiana,2021-06-28,"Title 876, Article 3",real estate appraiser licensure and certification,indiana real estate commission,,"Industry, Commerce, and Development",3500002217,189,19981,73,67,9,1,39,33.0,8.52,14.656771799628942,37.46167846309403
Indiana,2021-06-28,"Title 876, Article 5",general provisions,indiana real estate commission,,"Industry, Commerce, and Development",3500002218,3,2044,2,0,0,0,1,21.0,6.2,1.4285714285714286,32.270270270270274
Indiana,2021-06-28,"Title 876, Article 6",real estate schools prelicensing education examination,indiana real estate commission,,"Industry, Commerce, and Development",3500002219,124,8398,73,19,4,4,24,16.0,8.19,6.753812636165578,35.688947205927754
Indiana,2021-06-28,"Title 876, Article 7",managing broker education postlicensure education continuing education instructor education,indiana real estate commission,,"Industry, Commerce, and Development",3500002220,121,9744,53,29,1,2,36,14.0,8.52,4.241435562805873,37.83953458637003
Indiana,2021-06-28,"Title 876, Article 8",operation of broker companies and other provisions concerning real estate practice,indiana real estate commission,,"Industry, Commerce, and Development",3500002221,64,4521,52,6,3,0,3,29.0,7.77,20.588235294117645,32.70005595970901
Indiana,2021-06-28,"Title 876, Article 9",residential real estate sales disclosure,indiana real estate commission,,"Industry, Commerce, and Development",3500002222,6,1410,0,1,2,0,3,21.0,8.26,19.047619047619047,34.07175226586103
Indiana,2021-06-28,"Title 877, Article 1",real estate appraisal management companies,real estate appraiser licensure and certification board,,Taxes and Public Finance,3500002223,1,167,1,0,0,0,0,14.0,6.04,0.0,45.723214285714285
Indiana,2021-06-28,"Title 878, Article 1",general provisions,home inspectors licensing board,,"Industry, Commerce, and Development",3500002224,124,9023,65,17,1,0,41,26.0,8.4,11.538461538461538,36.890125173852574
Indiana,2021-06-28,"Title 879, Article 1",general provisions,manufactured home installer licensing board,,"Industry, Commerce, and Development",3500002225,91,8423,33,29,7,2,20,21.0,7.95,4.398826979472141,38.42852619914516
Indiana,2021-06-28,"Title 880, Article 1",general provisions,speech language pathology and audiology board,,Health Services,3500002226,112,9044,36,39,9,1,27,22.0,8.45,8.707865168539326,36.7227159122466
Indiana,2021-06-28,"Title 888, Article 1-1",professional competence,indiana board of veterinary medical examiners,,"Industry, Commerce, and Development",3500002227,104,7102,46,27,1,0,30,25.0,8.21,16.93548387096774,37.5499625748503
Indiana,2021-06-28,"Title 896, Article 1",general provisions,board of environmental health specialists,,Health Services,3500002228,0,213,0,0,0,0,0,6.0,5.09,0.0,47.747899159663866
Indiana,2021-06-28,"Title 898, Article 1",athletic trainers licensure,indiana athletic trainers board,,"Culture, Recreation, and the Arts",3500002229,58,4953,13,33,2,0,10,25.0,7.42,6.25,33.19320214669052
Indiana,2021-06-28,"Title 905, Article 1",general provisions,alcohol and tobacco commission,,"Industry, Commerce, and Development",3500002230,621,55690,373,145,26,28,49,28.0,8.63,15.294804436660828,31.619683290687007
Indiana,2021-06-28,"Title 910, Article 1",practice and procedure before the commission,civil rights commission,,"Security, Justice, and Corrections",3500002231,182,14279,165,10,0,0,7,29.0,8.17,27.455357142857142,30.967283950617283
Indiana,2021-06-28,"Title 910, Article 2",fair housing complaints,civil rights commission,,"Security, Justice, and Corrections",3500002232,244,27414,172,36,8,12,16,28.0,9.09,21.208791208791208,34.39778534923339
Indiana,2021-06-28,"Title 910, Article 3",employment discrimination against disabled persons,civil rights commission,,"Security, Justice, and Corrections",3500002233,31,8678,15,4,3,3,6,28.0,8.11,14.909090909090908,36.19690036900369
Indiana,2021-06-28,"Title 914, Article 1",grants for veterans services,indiana department of veterans affairs,,"Security, Justice, and Corrections",3500002234,43,3799,25,15,0,0,3,20.0,7.53,8.433734939759036,36.55822741326005
Indiana,2021-06-28,"Title 915, Article 1",organization and administration,indiana veterans affairs commission,,"Security, Justice, and Corrections",3500002235,9,1011,6,2,0,1,0,25.0,6.9,5.714285714285714,34.27248322147651
Indiana,2021-06-28,"Title 915, Article 2",special institutions,indiana veterans affairs commission,,"Security, Justice, and Corrections",3500002236,56,5182,40,0,0,0,16,25.0,7.43,14.689265536723164,34.47991487097632
Indiana,2021-06-28,"Title 915, Article 3",military family relief fund,indiana veterans affairs commission,,"Security, Justice, and Corrections",3500002237,49,4586,32,12,2,0,3,24.0,8.02,11.931818181818182,36.51444444444444
Indiana,2021-06-28,"Title 920, Article 1",general provisions,indiana war memorials commission,,"Culture, Recreation, and the Arts",3500002238,47,3803,43,0,0,3,1,21.0,7.23,2.564102564102564,31.36235204276441
Indiana,2021-06-28,"Title 925, Article 2",general provisions,meridian street preservation commission,,"Culture, Recreation, and the Arts",3500002239,63,5108,54,2,1,1,5,26.0,8.03,17.058823529411764,33.882159979813274
Indiana,2021-06-28,"Title 930, Article 1",single family mortgage program,indiana housing and community development authority,,"Industry, Commerce, and Development",3500002240,0,500,0,0,0,0,0,13.0,5.58,0.0,37.19018404907976
Indiana,2021-06-28,"Title 935, Article 1",park operations,indiana white river state park development commission,,"Culture, Recreation, and the Arts",3500002241,9,2043,5,0,0,4,0,21.0,7.72,4.49438202247191,33.495590828924165
Indiana,2022-03-25,"Title 105, Article 1",procedural requirements,indiana department of transportation,,Transportation,3500004442,35,3165,23,8,0,0,4,23.0,7.84,19.166666666666668,34.087990487514865
Indiana,2022-03-25,"Title 105, Article 10",oversize and or overweight vehicular permits for highways,indiana department of transportation,,Transportation,3500004450,57,4924,53,3,1,0,0,26.0,8.12,7.878787878787878,32.69174311926606
Indiana,2022-03-25,"Title 105, Article 11",prequalification of contractors and bidding,indiana department of transportation,,Transportation,3500004451,126,16772,51,51,6,2,16,28.0,8.44,27.06766917293233,35.66714135811722
Indiana,2022-03-25,"Title 105, Article 12",procurement of supplies and services,indiana department of transportation,,Transportation,3500004452,64,9821,35,15,2,1,11,27.0,7.5,14.381270903010032,33.048411270983216
Indiana,2022-03-25,"Title 105, Article 13",utility facility relocations on construction contracts,indiana department of transportation,,Transportation,3500004453,52,4771,41,1,0,0,10,22.0,7.5,17.741935483870968,35.13773796192609
Indiana,2022-03-25,"Title 105, Article 16",broadband requirements and criteria,indiana department of transportation,,Transportation,3500004454,206,8809,162,30,1,0,13,22.0,9.1,13.550135501355012,35.48924180327869
Indiana,2022-03-25,"Title 105, Article 2",aircraft operation,indiana department of transportation,,Transportation,3500004443,14,1618,12,0,0,0,2,23.0,6.81,1.7241379310344829,37.51341350601295
Indiana,2022-03-25,"Title 105, Article 3",airports,indiana department of transportation,,Transportation,3500004444,156,15456,99,38,2,1,16,31.0,8.38,14.672686230248308,36.36185961410512
Indiana,2022-03-25,"Title 105, Article 4",lighter than air aircraft,indiana department of transportation,,Transportation,3500004445,19,1199,14,1,0,0,4,24.0,7.34,11.904761904761903,34.58064516129032
Indiana,2022-03-25,"Title 105, Article 5",railroads,indiana department of transportation,,Transportation,3500004446,341,32761,292,17,7,0,25,28.0,8.54,18.894472361809044,35.372587968217935
Indiana,2022-03-25,"Title 105, Article 6",general provisions for highways,indiana department of transportation,,Transportation,3500004447,9,586,4,0,0,2,3,28.0,7.04,22.22222222222222,38.84375
Indiana,2022-03-25,"Title 105, Article 7",permits for highways,indiana department of transportation,,Transportation,3500004448,317,36590,239,31,5,8,34,23.0,9.2,14.037526059763724,30.99798707834161
Indiana,2022-03-25,"Title 105, Article 9",traffic control devices for highways,indiana department of transportation,,Transportation,3500004449,99,15065,60,27,2,6,4,12.0,8.2,4.018264840182648,32.735033885542165
Indiana,2022-03-25,"Title 10, Article 1-5",unclaimed property,office of attorney general for the state,,"Security, Justice, and Corrections",3500004277,82,9403,52,19,2,1,8,28.0,7.72,19.78798586572438,30.083027724805632
Indiana,2022-03-25,"Title 10, Article 2",contract approval,office of attorney general for the state,,"Security, Justice, and Corrections",3500004278,14,2200,6,6,0,0,2,37.0,7.42,18.181818181818183,35.187930121757546
Indiana,2022-03-25,"Title 10, Article 3",tort claims,office of attorney general for the state,,"Security, Justice, and Corrections",3500004279,7,1764,4,3,0,0,0,28.0,8.38,44.82758620689656,32.65765171503958
Indiana,2022-03-25,"Title 10, Article 4",athlete agents,office of attorney general for the state,,"Security, Justice, and Corrections",3500004280,8,1304,7,0,0,0,1,23.0,6.3,2.3255813953488373,30.324966974900924
Indiana,2022-03-25,"Title 10, Article 5",release of social security numbers by state agencies,office of attorney general for the state,,"Security, Justice, and Corrections",3500004281,2,1037,2,0,0,0,0,20.0,6.78,4.651162790697675,33.318548387096776
Indiana,2022-03-25,"Title 10, Article 6",tobacco enforcement,office of attorney general for the state,,"Security, Justice, and Corrections",3500004282,19,1897,10,4,0,1,4,22.0,6.92,9.859154929577464,37.11361981063365
Indiana,2022-03-25,"Title 10, Article 7",tax sale blight registry,office of attorney general for the state,,"Security, Justice, and Corrections",3500004283,8,1460,7,0,0,1,0,18.0,6.57,1.5625,32.355509355509355
Indiana,2022-03-25,"Title 11, Article 1",telephone solicitations,consumer protection division of the office of the attorney general,,"Security, Justice, and Corrections",3500004284,12,2784,6,2,0,0,4,35.0,6.98,4.6875,32.79902227050516
Indiana,2022-03-25,"Title 11, Article 2",provision of listing of telephone numbers not to be solicited,consumer protection division of the office of the attorney general,,"Security, Justice, and Corrections",3500004285,30,4355,24,1,1,2,2,35.0,6.87,9.0,32.130734736115905
Indiana,2022-03-25,"Title 11, Article 3",professional fundraiser consultants and professional solicitors,consumer protection division of the office of the attorney general,,"Security, Justice, and Corrections",3500004286,19,4304,10,4,0,1,4,31.0,6.69,15.178571428571429,33.71829996487531
Indiana,2022-03-25,"Title 120, Article 2",permits,department of highways,,Transportation,3500004455,3,1586,0,0,0,1,2,12.0,5.42,0.9259259259259258,46.7940234791889
Indiana,2022-03-25,"Title 130, Article 2",applicability and definitions,ports of indiana,,Transportation,3500004457,1,1607,1,0,0,0,0,25.0,6.41,2.0,29.752903907074973
Indiana,2022-03-25,"Title 130, Article 3",traffic control,ports of indiana,,Transportation,3500004458,45,3874,38,1,1,5,0,32.0,7.49,34.57943925233645,26.77067921990585
Indiana,2022-03-25,"Title 130, Article 4",port use,ports of indiana,,Transportation,3500004459,57,3998,42,5,0,7,3,29.0,7.37,11.304347826086955,28.92392807745505
Indiana,2022-03-25,"Title 135, Article 2",general provisions,indiana finance authority,,Taxes and Public Finance,3500004460,152,14747,121,11,2,8,10,28.0,7.85,12.416851441241686,29.24182300363422
Indiana,2022-03-25,"Title 135, Article 2-5",public private agreements for indiana east west toll road,indiana finance authority,,Taxes and Public Finance,3500004461,22,6089,20,0,1,0,1,57.0,7.77,13.750000000000002,33.27535701208349
Indiana,2022-03-25,"Title 135, Article 4",tolls and toll enforcement on the ohio river bridges,indiana finance authority,,Taxes and Public Finance,3500004462,51,6396,43,2,0,0,6,25.0,8.02,5.194805194805195,35.117421335379895
Indiana,2022-03-25,"Title 140, Article 1",safety and responsibility,bureau of motor vehicles,,Transportation,3500004463,124,12760,90,23,0,0,11,31.0,8.54,15.451895043731778,32.63405364317516
Indiana,2022-03-25,"Title 140, Article 2",excise tax and registration,bureau of motor vehicles,,Transportation,3500004464,19,3618,14,3,1,0,1,18.0,7.26,7.647058823529412,30.279871692060947
Indiana,2022-03-25,"Title 140, Article 3",special sales,bureau of motor vehicles,,Transportation,3500004465,0,246,0,0,0,0,0,12.0,5.86,0.0,32.3719512195122
Indiana,2022-03-25,"Title 140, Article 3-5",dealer plates,bureau of motor vehicles,,Transportation,3500004466,0,920,0,0,0,0,0,12.0,5.58,0.0,34.38929889298893
Indiana,2022-03-25,"Title 140, Article 4",driver examiner division,bureau of motor vehicles,,Transportation,3500004467,93,8566,46,36,2,0,9,24.0,8.32,17.475728155339805,32.64973341232228
Indiana,2022-03-25,"Title 140, Article 6",titles,bureau of motor vehicles,,Transportation,3500004468,26,2970,0,23,1,0,2,21.0,7.44,11.666666666666666,30.518850987432675
Indiana,2022-03-25,"Title 140, Article 7",driver s license division,bureau of motor vehicles,,Transportation,3500004469,145,13417,32,85,7,1,20,26.0,8.62,10.398230088495575,32.755257770333145
Indiana,2022-03-25,"Title 140, Article 8",license branches,bureau of motor vehicles,,Transportation,3500004470,14,3099,10,1,2,0,1,10.0,6.91,2.0080321285140563,34.84892787524367
Indiana,2022-03-25,"Title 140, Article 9",watercraft,bureau of motor vehicles,,Transportation,3500004471,6,3311,5,1,0,0,0,13.0,6.5,0.0,32.26181292189007
Indiana,2022-03-25,"Title 170, Article 1",general provisions,indiana utility regulatory commission,,"Environmental Protection, Public Utilities, and Natural Resources",3500004472,380,33050,253,69,10,3,45,23.0,9.02,16.846153846153847,33.31114055426742
Indiana,2022-03-25,"Title 170, Article 10",preservation of records,indiana utility regulatory commission,,"Environmental Protection, Public Utilities, and Natural Resources",3500004481,0,971,0,0,0,0,0,29.0,6.99,3.4482758620689653,35.86991869918699
Indiana,2022-03-25,"Title 170, Article 11",combination gas and electric private utilities,indiana utility regulatory commission,,"Environmental Protection, Public Utilities, and Natural Resources",3500004482,0,243,0,0,0,0,0,27.0,6.56,0.0,42.5925925925926
Indiana,2022-03-25,"Title 170, Article 14",small utilities,indiana utility regulatory commission,,"Environmental Protection, Public Utilities, and Natural Resources",3500004483,26,2798,15,7,0,0,4,35.0,7.51,23.943661971830984,30.73228346456693
Indiana,2022-03-25,"Title 170, Article 15",landlord distributing water or sewage disposal service,indiana utility regulatory commission,,"Environmental Protection, Public Utilities, and Natural Resources",3500004484,20,3343,18,0,1,0,1,24.0,7.28,20.66115702479339,30.66831119544592
Indiana,2022-03-25,"Title 170, Article 16",customer complaints,indiana utility regulatory commission,,"Environmental Protection, Public Utilities, and Natural Resources",3500004485,23,1980,18,4,0,0,1,24.0,7.5,18.666666666666668,33.58080194410692
Indiana,2022-03-25,"Title 170, Article 17-1",indiana voluntary clean energy portfolio standard program,indiana utility regulatory commission,,"Environmental Protection, Public Utilities, and Natural Resources",3500004486,40,5569,27,9,0,0,4,29.0,7.57,16.363636363636363,36.8005127010021
Indiana,2022-03-25,"Title 170, Article 4",electric utilities,indiana utility regulatory commission,,"Environmental Protection, Public Utilities, and Natural Resources",3500004474,806,69472,641,77,6,1,81,29.0,9.33,20.67686601761706,35.49313522989603
Indiana,2022-03-25,"Title 170, Article 5",gas utilities,indiana utility regulatory commission,,"Environmental Protection, Public Utilities, and Natural Resources",3500004475,320,20166,246,22,7,4,41,29.0,9.08,22.22222222222222,32.42176748638784
Indiana,2022-03-25,"Title 170, Article 6",water utilities,indiana utility regulatory commission,,"Environmental Protection, Public Utilities, and Natural Resources",3500004476,260,21924,190,21,8,1,40,33.0,8.29,23.09027777777778,30.786583162712272
Indiana,2022-03-25,"Title 170, Article 7",telephone utilities,indiana utility regulatory commission,,"Environmental Protection, Public Utilities, and Natural Resources",3500004477,214,16721,147,42,1,3,21,27.0,8.78,14.590747330960854,35.86967723466686
Indiana,2022-03-25,"Title 170, Article 8",private rural sewage utilities,indiana utility regulatory commission,,"Environmental Protection, Public Utilities, and Natural Resources",3500004478,0,296,0,0,0,0,0,26.0,6.55,0.0,41.055813953488375
Indiana,2022-03-25,"Title 170, Article 8-5",sewage disposal services,indiana utility regulatory commission,,"Environmental Protection, Public Utilities, and Natural Resources",3500004479,200,16750,147,12,7,0,34,34.0,8.32,27.2093023255814,31.885727611940297
Indiana,2022-03-25,"Title 170, Article 8-6",sewer tracker,indiana utility regulatory commission,,"Environmental Protection, Public Utilities, and Natural Resources",3500004480,8,931,3,3,0,0,2,25.0,6.91,3.0303030303030303,32.273743016759774
Indiana,2022-03-25,"Title 17, Article 1",debarment procedure,office of community and rural affairs,,Administration,3500004287,12,1264,12,0,0,0,0,20.0,7.04,12.962962962962962,34.33648790746582
Indiana,2022-03-25,"Title 203, Article 1",administrative procedure,victim services division,,"Security, Justice, and Corrections",3500004487,80,4910,68,9,0,0,3,25.0,8.26,23.88888888888889,33.26162111656155
Indiana,2022-03-25,"Title 205, Article 1",slow moving vehicle emblem,indiana criminal justice institute,,"Security, Justice, and Corrections",3500004488,23,2554,21,0,0,1,1,20.0,7.33,4.761904761904762,33.30105017502917
Indiana,2022-03-25,"Title 205, Article 2",public safety improvement areas,indiana criminal justice institute,,"Security, Justice, and Corrections",3500004489,10,2186,7,3,0,0,0,21.0,6.96,3.488372093023256,34.00706214689266
Indiana,2022-03-25,"Title 20, Article 1",field examiners,state board of accounts,,"Industry, Commerce, and Development",3500004288,21,1433,18,1,0,0,2,27.0,7.09,6.666666666666667,31.843597262952105
Indiana,2022-03-25,"Title 210, Article 1",general provisions,department of correction,,"Security, Justice, and Corrections",3500004490,140,11462,125,5,3,0,7,28.0,8.27,17.355371900826448,34.59857944781762
Indiana,2022-03-25,"Title 210, Article 2",community based corrections,department of correction,,"Security, Justice, and Corrections",3500004491,42,3067,32,4,0,0,6,23.0,8.31,8.870967741935484,36.50631458094145
Indiana,2022-03-25,"Title 210, Article 3",county jail standards,department of correction,,"Security, Justice, and Corrections",3500004492,308,12106,256,18,3,19,12,17.0,9.29,11.195158850226928,35.32424812030075
Indiana,2022-03-25,"Title 210, Article 5",release authority for juveniles,department of correction,,"Security, Justice, and Corrections",3500004493,69,3371,64,4,1,0,0,26.0,7.99,27.77777777777778,39.44495262985952
Indiana,2022-03-25,"Title 210, Article 6",juvenile detention facilities,department of correction,,"Security, Justice, and Corrections",3500004494,28,5377,21,3,0,1,3,24.0,7.79,9.895833333333332,34.47198041349293
Indiana,2022-03-25,"Title 210, Article 7",offender health care co payment procedures,department of correction,,"Security, Justice, and Corrections",3500004495,83,3727,75,0,0,0,8,23.0,7.56,13.79310344827586,31.866059379217276
Indiana,2022-03-25,"Title 220, Article 1-1",general provisions,parole board,,"Security, Justice, and Corrections",3500004496,71,7085,46,11,7,1,6,30.0,8.07,22.641509433962263,32.96162769944672
Indiana,2022-03-25,"Title 240, Article 1",personnel,state police department,,"Security, Justice, and Corrections",3500004497,40,4788,28,4,1,1,6,22.0,7.5,6.989247311827956,35.97385817307692
Indiana,2022-03-25,"Title 240, Article 3",firearms licensing,state police department,,"Security, Justice, and Corrections",3500004498,7,897,1,6,0,0,0,17.0,7.24,15.555555555555555,34.53523238380809
Indiana,2022-03-25,"Title 240, Article 4-1",private detectives,state police department,,"Security, Justice, and Corrections",3500004499,0,460,0,0,0,0,0,11.0,5.17,0.0,44.62737642585552
Indiana,2022-03-25,"Title 240, Article 5",communication systems,state police department,,"Security, Justice, and Corrections",3500004500,89,4895,87,0,0,0,2,24.0,8.42,12.432432432432432,37.70021723388849
Indiana,2022-03-25,"Title 240, Article 6",criminal history record information,state police department,,"Security, Justice, and Corrections",3500004501,61,2978,54,5,0,0,2,30.0,7.96,11.956521739130435,38.23608903020668
Indiana,2022-03-25,"Title 240, Article 7",polygraph examiners,state police department,,"Security, Justice, and Corrections",3500004502,10,1132,7,1,0,0,2,22.0,6.72,11.904761904761903,33.743725231175695
Indiana,2022-03-25,"Title 240, Article 8",indiana dna data base,state police department,,"Security, Justice, and Corrections",3500004503,34,2995,26,3,0,0,5,25.0,7.15,8.91089108910891,31.696895022178413
Indiana,2022-03-25,"Title 240, Article 9",regulation of deadly weapons and devices,state police department,,"Security, Justice, and Corrections",3500004504,6,1269,4,0,0,2,0,24.0,7.44,2.2222222222222223,31.54594017094017
Indiana,2022-03-25,"Title 250, Article 1",general provisions,law enforcement training board,,"Security, Justice, and Corrections",3500004505,1,819,0,0,0,0,1,8.0,5.96,0.0,44.03462321792261
Indiana,2022-03-25,"Title 250, Article 2",general provisions,law enforcement training board,,"Security, Justice, and Corrections",3500004506,122,10533,76,27,3,0,16,29.0,7.93,11.746031746031743,35.17191342843089
Indiana,2022-03-25,"Title 25, Article 1-1",state procurement,indiana department of administration,,Administration,3500004290,102,8350,67,14,3,3,15,31.0,8.36,25.81967213114754,35.62635245294205
Indiana,2022-03-25,"Title 25, Article 1-5",small business procurements and projects,indiana department of administration,,Administration,3500004291,19,4506,19,0,0,0,0,37.0,6.69,17.02127659574468,31.26130467012602
Indiana,2022-03-25,"Title 25, Article 2",public works division,indiana department of administration,,Administration,3500004292,109,13736,82,13,0,0,14,27.0,7.81,16.548463356973993,35.31545511351802
Indiana,2022-03-25,"Title 25, Article 4",operation of motor vehicles,indiana department of administration,,Administration,3500004293,2,342,1,0,0,1,0,27.0,6.74,0.0,38.60536398467433
Indiana,2022-03-25,"Title 25, Article 5",minority and women s business enterprises,indiana department of administration,,Administration,3500004294,171,16722,83,66,10,0,12,29.0,8.74,22.83018867924528,37.09779933909864
Indiana,2022-03-25,"Title 25, Article 6",executive branch lobbyists,indiana department of administration,,Administration,3500004295,38,3516,23,5,2,1,7,29.0,8.1,10.0,36.56940700808625
Indiana,2022-03-25,"Title 25, Article 7",indiana government center code adam safety protocol,indiana department of administration,,Administration,3500004296,7,1135,5,2,0,0,0,16.0,6.99,6.666666666666667,34.82007343941248
Indiana,2022-03-25,"Title 25, Article 8",regulation of deadly weapons and devices,indiana department of administration,,Administration,3500004297,6,1200,4,0,0,2,0,21.0,7.05,0.0,32.34452736318408
Indiana,2022-03-25,"Title 25, Article 9",indiana veteran owned small businesses,indiana department of administration,,Administration,3500004298,53,5127,22,24,2,0,5,24.0,8.24,15.789473684210526,37.75018033181053
Indiana,2022-03-25,"Title 260, Article 2-5",breath test operators and instruments,state department of toxicology,,Health Services,3500004508,24,2420,19,5,0,0,0,22.0,7.33,20.833333333333336,37.172467532467536
Indiana,2022-03-25,"Title 260, Article 3",ignition interlock devices,state department of toxicology,,Health Services,3500004509,38,2642,11,8,1,0,18,25.0,7.47,11.827956989247312,36.662045889101336
Indiana,2022-03-25,"Title 290, Article 1",state disaster relief fund,department of homeland security,,"Security, Justice, and Corrections",3500004510,52,5271,31,10,0,3,8,23.0,8.32,9.66183574879227,35.92031782065834
Indiana,2022-03-25,"Title 290, Article 2",severe weather warning sirens,department of homeland security,,"Security, Justice, and Corrections",3500004511,78,5825,55,11,1,0,11,32.0,8.37,20.46783625730994,34.54083799961383
Indiana,2022-03-25,"Title 305, Article 1",professional geologists,indiana board of licensure for professional geologists,,"Industry, Commerce, and Development",3500004512,67,7247,25,37,1,0,4,28.0,7.98,9.77777777777778,36.29427379598028
Indiana,2022-03-25,"Title 307, Article 1",indiana registry of soil scientists,indiana board of registration for soil scientists,,"Industry, Commerce, and Development",3500004513,44,5828,22,14,1,2,5,18.0,8.25,5.30035335689046,34.09467713787085
Indiana,2022-03-25,"Title 310, Article 12",coal mining and reclamation operations,department of natural resources,,"Environmental Protection, Public Utilities, and Natural Resources",3500004515,1,13819,0,0,0,0,1,17.0,6.53,0.2702702702702703,42.02872209132728
Indiana,2022-03-25,"Title 310, Article 5",general use regulations department land and water areas,department of natural resources,,"Environmental Protection, Public Utilities, and Natural Resources",3500004514,0,721,0,0,0,0,0,17.0,6.01,0.0,37.78936170212766
Indiana,2022-03-25,"Title 312, Article 1",definitions,natural resources commission,,"Environmental Protection, Public Utilities, and Natural Resources",3500004516,3,4274,0,0,0,0,3,22.0,6.96,9.803921568627452,28.849056603773583
Indiana,2022-03-25,"Title 312, Article 10",flood plain management,natural resources commission,,"Environmental Protection, Public Utilities, and Natural Resources",3500004528,118,20469,49,56,0,0,13,28.0,8.5,21.684867394695782,31.8498369210698
Indiana,2022-03-25,"Title 312, Article 10-5",regulation of dams,natural resources commission,,"Environmental Protection, Public Utilities, and Natural Resources",3500004529,11,2642,9,1,0,0,1,21.0,7.48,15.23809523809524,34.237305699481865
Indiana,2022-03-25,"Title 312, Article 11",public freshwater lakes,natural resources commission,,"Environmental Protection, Public Utilities, and Natural Resources",3500004530,100,14843,21,57,3,4,15,27.0,8.28,17.768595041322314,31.354411898895886
Indiana,2022-03-25,"Title 312, Article 11-5",surface water emergencies on lakes,natural resources commission,,"Environmental Protection, Public Utilities, and Natural Resources",3500004531,2,1153,1,0,0,0,1,21.0,6.64,2.272727272727273,34.325452016689844
Indiana,2022-03-25,"Title 312, Article 11-8",surface water disputes mediation,natural resources commission,,"Environmental Protection, Public Utilities, and Natural Resources",3500004532,16,1076,11,3,0,0,2,21.0,7.22,20.930232558139537,35.56219512195122
Indiana,2022-03-25,"Title 312, Article 12",water well drilling and ground water,natural resources commission,,"Environmental Protection, Public Utilities, and Natural Resources",3500004533,9,2397,6,3,0,0,0,28.0,6.84,4.3478260869565215,30.077377049180328
Indiana,2022-03-25,"Title 312, Article 13",water well drillers and water well pump installers,natural resources commission,,"Environmental Protection, Public Utilities, and Natural Resources",3500004534,219,16255,169,42,0,0,8,26.0,8.24,9.892086330935252,30.806366472046708
Indiana,2022-03-25,"Title 312, Article 14",timber buyers their agents and timber growers,natural resources commission,,"Environmental Protection, Public Utilities, and Natural Resources",3500004535,33,5908,25,5,1,0,2,27.0,7.47,12.568306010928962,30.160298005287192
Indiana,2022-03-25,"Title 312, Article 15",forest and resource management,natural resources commission,,"Environmental Protection, Public Utilities, and Natural Resources",3500004536,8,2547,4,3,0,0,1,30.0,6.89,5.970149253731343,31.19402985074627
Indiana,2022-03-25,"Title 312, Article 17",other petroleum regulation,natural resources commission,,"Environmental Protection, Public Utilities, and Natural Resources",3500004537,86,6396,67,8,0,1,10,28.0,7.8,17.94871794871795,30.069613495622463
Indiana,2022-03-25,"Title 312, Article 18",entomology and plant pathology,natural resources commission,,"Environmental Protection, Public Utilities, and Natural Resources",3500004538,174,19244,84,56,1,10,23,23.0,9.14,15.782493368700266,34.26662484316186
Indiana,2022-03-25,"Title 312, Article 19",research collection quotas and sales of plants,natural resources commission,,"Environmental Protection, Public Utilities, and Natural Resources",3500004539,25,1922,5,16,0,0,4,23.0,7.37,14.864864864864863,30.86058032554848
Indiana,2022-03-25,"Title 312, Article 2",procedures and delegations,natural resources commission,,"Environmental Protection, Public Utilities, and Natural Resources",3500004517,54,5615,32,9,1,0,12,26.0,7.87,19.148936170212767,31.85320886814469
Indiana,2022-03-25,"Title 312, Article 20",historic preservation review board,natural resources commission,,"Environmental Protection, Public Utilities, and Natural Resources",3500004540,48,6859,34,8,2,0,4,27.0,7.98,21.17117117117117,34.87337093950593
Indiana,2022-03-25,"Title 312, Article 21",archaeological review and recovery,natural resources commission,,"Environmental Protection, Public Utilities, and Natural Resources",3500004541,62,4067,13,39,0,0,10,21.0,8.14,10.734463276836156,41.69864698646987
Indiana,2022-03-25,"Title 312, Article 22",human remains burial objects and artifacts,natural resources commission,,"Environmental Protection, Public Utilities, and Natural Resources",3500004542,67,9926,22,30,0,0,15,25.0,8.15,11.594202898550725,37.84448924731183
Indiana,2022-03-25,"Title 312, Article 22-5",cemeteries and burial grounds registration and management,natural resources commission,,"Environmental Protection, Public Utilities, and Natural Resources",3500004543,10,2076,3,5,0,0,2,22.0,7.21,5.128205128205128,33.634408602150536
Indiana,2022-03-25,"Title 312, Article 25",coal mining and reclamation operations,natural resources commission,,"Environmental Protection, Public Utilities, and Natural Resources",3500004544,2701,188333,2093,189,12,19,388,30.0,9.48,22.405909250791417,35.28755122589417
Indiana,2022-03-25,"Title 312, Article 26",grant programs,natural resources commission,,"Environmental Protection, Public Utilities, and Natural Resources",3500004545,99,10396,36,59,0,0,4,22.0,8.31,10.047846889952153,36.595954487989886
Indiana,2022-03-25,"Title 312, Article 28",state land office,natural resources commission,,"Environmental Protection, Public Utilities, and Natural Resources",3500004546,2,389,2,0,0,0,0,17.0,5.96,0.0,33.333333333333336
Indiana,2022-03-25,"Title 312, Article 29",oil and gas,natural resources commission,,"Environmental Protection, Public Utilities, and Natural Resources",3500004547,855,71240,627,105,2,14,107,28.0,9.06,18.68686868686869,33.229294158843445
Indiana,2022-03-25,"Title 312, Article 3",adjudicatory proceedings,natural resources commission,,"Environmental Protection, Public Utilities, and Natural Resources",3500004518,98,10775,66,12,3,1,16,32.0,8.32,27.11864406779661,34.0990284443404
Indiana,2022-03-25,"Title 312, Article 4",law enforcement,natural resources commission,,"Environmental Protection, Public Utilities, and Natural Resources",3500004519,31,6492,20,11,0,0,0,22.0,7.4,6.198347107438017,34.51051893408135
Indiana,2022-03-25,"Title 312, Article 5",boating on public waters of indiana,natural resources commission,,"Environmental Protection, Public Utilities, and Natural Resources",3500004520,355,46640,74,253,3,4,21,29.0,8.78,12.354651162790695,29.139535567313345
Indiana,2022-03-25,"Title 312, Article 6",navigable waters,natural resources commission,,"Environmental Protection, Public Utilities, and Natural Resources",3500004521,90,12689,36,30,1,1,22,25.0,8.07,20.093457943925237,31.36159982515572
Indiana,2022-03-25,"Title 312, Article 6-2",great lakes basin water management,natural resources commission,,"Environmental Protection, Public Utilities, and Natural Resources",3500004522,41,5492,13,19,0,0,9,22.0,8.2,12.844036697247708,36.13129701390472
Indiana,2022-03-25,"Title 312, Article 6-3",water withdrawal contracts from state reservoirs,natural resources commission,,"Environmental Protection, Public Utilities, and Natural Resources",3500004523,33,4428,25,5,0,0,3,23.0,7.57,15.853658536585366,32.617818740399386
Indiana,2022-03-25,"Title 312, Article 7",trails and scenic rivers,natural resources commission,,"Environmental Protection, Public Utilities, and Natural Resources",3500004524,4,1091,2,1,0,1,0,27.0,6.73,11.76470588235294,30.370833333333334
Indiana,2022-03-25,"Title 312, Article 8",public use of natural and recreational areas,natural resources commission,,"Environmental Protection, Public Utilities, and Natural Resources",3500004525,138,12969,20,105,3,5,5,22.0,8.57,17.870722433460077,29.567631362889983
Indiana,2022-03-25,"Title 312, Article 9",fish and wildlife,natural resources commission,,"Environmental Protection, Public Utilities, and Natural Resources",3500004526,1034,93053,241,698,13,13,69,24.0,9.52,18.654173764906304,29.911423424378096
Indiana,2022-03-25,"Title 312, Article 9-5",in lieu fee mitigation,natural resources commission,,"Environmental Protection, Public Utilities, and Natural Resources",3500004527,7,1262,3,3,0,0,1,20.0,6.8,5.88235294117647,31.321596244131456
Indiana,2022-03-25,"Title 313, Article 1",acquisition and disposition of artifacts and historic property,indiana state museum and historic sites corporation,,"Culture, Recreation, and the Arts",3500004548,0,274,0,0,0,0,0,18.0,6.16,0.0,39.35545023696682
Indiana,2022-03-25,"Title 313, Article 2",definitions,indiana state museum and historic sites corporation,,"Culture, Recreation, and the Arts",3500004549,0,1182,0,0,0,0,0,19.0,6.2,4.166666666666666,38.51510989010989
Indiana,2022-03-25,"Title 313, Article 3",artifacts,indiana state museum and historic sites corporation,,"Culture, Recreation, and the Arts",3500004550,16,1821,11,5,0,0,0,23.0,7.4,20.54794520547945,38.03888130968622
Indiana,2022-03-25,"Title 313, Article 4",historic properties,indiana state museum and historic sites corporation,,"Culture, Recreation, and the Arts",3500004551,8,968,7,1,0,0,0,26.0,7.02,6.0606060606060606,39.06901041666666
Indiana,2022-03-25,"Title 313, Article 5",ethics,indiana state museum and historic sites corporation,,"Culture, Recreation, and the Arts",3500004552,0,167,0,0,0,0,0,13.0,5.73,10.0,36.89622641509434
Indiana,2022-03-25,"Title 313, Article 6",public use of cultural and historic sites,indiana state museum and historic sites corporation,,"Culture, Recreation, and the Arts",3500004553,44,3644,7,32,2,2,1,16.0,8.08,12.376237623762377,31.69158249158249
Indiana,2022-03-25,"Title 315, Article 1",adjudicatory proceedings before environmental law judges,office of environmental adjudication,,"Environmental Protection, Public Utilities, and Natural Resources",3500004554,102,9015,80,9,1,3,9,25.0,8.37,16.97530864197531,33.73889042230196
Indiana,2022-03-25,"Title 31, Article 5",state employees,state personnel department,,Administration,3500004302,183,15949,149,19,2,2,11,27.0,8.29,21.53846153846154,32.545840207400424
Indiana,2022-03-25,"Title 325, Article 6",particulate regulations,air pollution control board of the state of indiana,,"Environmental Protection, Public Utilities, and Natural Resources",3500004560,0,1576,0,0,0,0,0,17.0,5.5,0.0,31.911004784688995
Indiana,2022-03-25,"Title 325, Article 7",sulfur dioxide regulations,air pollution control board of the state of indiana,,"Environmental Protection, Public Utilities, and Natural Resources",3500004561,0,680,0,0,0,0,0,16.0,5.23,0.0,33.203619909502265
Indiana,2022-03-25,"Title 325, Article 8",volatile organic compound regulations,air pollution control board of the state of indiana,,"Environmental Protection, Public Utilities, and Natural Resources",3500004562,0,1341,0,0,0,0,0,17.0,5.5,0.0,33.5213963963964
Indiana,2022-03-25,"Title 326, Article 1",general provisions,air pollution control division,,"Environmental Protection, Public Utilities, and Natural Resources",3500004564,100,38435,59,27,0,1,13,20.0,7.97,4.531151667715545,38.82023431779351
Indiana,2022-03-25,"Title 326, Article 10",nitrogen oxides rules,air pollution control division,,"Environmental Protection, Public Utilities, and Natural Resources",3500004575,173,18004,118,23,3,0,29,32.0,8.94,19.029850746268657,33.668594673615964
Indiana,2022-03-25,"Title 326, Article 11",emission limitations for specific types of operations,air pollution control division,,"Environmental Protection, Public Utilities, and Natural Resources",3500004576,157,14136,141,4,0,0,12,28.0,8.69,10.75268817204301,34.69676710321458
Indiana,2022-03-25,"Title 326, Article 12",new source performance standards,air pollution control division,,"Environmental Protection, Public Utilities, and Natural Resources",3500004577,4,605,4,0,0,0,0,23.0,6.95,13.043478260869565,36.0566037735849
Indiana,2022-03-25,"Title 326, Article 13",motor vehicle emission and fuel standards,air pollution control division,,"Environmental Protection, Public Utilities, and Natural Resources",3500004578,185,12570,150,12,1,1,21,24.0,8.88,11.336032388663968,34.25488131699847
Indiana,2022-03-25,"Title 326, Article 14",emission standards for hazardous air pollutants,air pollution control division,,"Environmental Protection, Public Utilities, and Natural Resources",3500004579,151,14975,80,43,1,0,27,30.0,9.1,22.058823529411764,34.877448281286874
Indiana,2022-03-25,"Title 326, Article 15",lead rules,air pollution control division,,"Environmental Protection, Public Utilities, and Natural Resources",3500004580,36,1901,36,0,0,0,0,35.0,7.81,8.51063829787234,31.56028880866426
Indiana,2022-03-25,"Title 326, Article 16",state environmental policy,air pollution control division,,"Environmental Protection, Public Utilities, and Natural Resources",3500004581,14,2438,8,2,0,0,4,21.0,7.86,10.0,39.240085744908896
Indiana,2022-03-25,"Title 326, Article 17-1",public records confidential information confidentiality agreements,air pollution control division,,"Environmental Protection, Public Utilities, and Natural Resources",3500004582,46,5348,37,3,2,0,4,27.0,7.44,18.128654970760238,38.51214361140443
Indiana,2022-03-25,"Title 326, Article 18",asbestos management,air pollution control division,,"Environmental Protection, Public Utilities, and Natural Resources",3500004583,132,15262,53,58,1,2,18,16.0,8.88,5.328798185941043,39.89626274065685
Indiana,2022-03-25,"Title 326, Article 19",mobile source rules,air pollution control division,,"Environmental Protection, Public Utilities, and Natural Resources",3500004584,59,6262,39,2,4,0,14,23.0,8.57,11.857707509881422,32.86351899668019
Indiana,2022-03-25,"Title 326, Article 2",permit review rules,air pollution control division,,"Environmental Protection, Public Utilities, and Natural Resources",3500004565,1679,132161,1160,229,16,5,269,28.0,9.51,19.982078853046595,35.372053299868405
Indiana,2022-03-25,"Title 326, Article 20",hazardous air pollutants,air pollution control division,,"Environmental Protection, Public Utilities, and Natural Resources",3500004585,237,35289,157,36,0,0,44,25.0,8.81,8.404009252120277,38.20348611552168
Indiana,2022-03-25,"Title 326, Article 21",acid deposition control,air pollution control division,,"Environmental Protection, Public Utilities, and Natural Resources",3500004586,0,301,0,0,0,0,0,24.0,6.95,9.090909090909092,40.98198198198198
Indiana,2022-03-25,"Title 326, Article 22",stratospheric ozone protection,air pollution control division,,"Environmental Protection, Public Utilities, and Natural Resources",3500004587,3,260,3,0,0,0,0,24.0,6.93,10.0,40.57575757575758
Indiana,2022-03-25,"Title 326, Article 23",lead based paint program,air pollution control division,,"Environmental Protection, Public Utilities, and Natural Resources",3500004588,0,4821,0,0,0,0,0,13.0,5.85,0.0,35.790338812479035
Indiana,2022-03-25,"Title 326, Article 24",cross state air pollution rule,air pollution control division,,"Environmental Protection, Public Utilities, and Natural Resources",3500004589,72,9443,48,24,0,0,0,31.0,7.63,17.02127659574468,31.159351522340845
Indiana,2022-03-25,"Title 326, Article 25",voluntary performance based leadership programs,air pollution control division,,"Environmental Protection, Public Utilities, and Natural Resources",3500004590,56,5067,44,9,0,0,3,26.0,8.11,11.797752808988765,41.15926456542503
Indiana,2022-03-25,"Title 326, Article 26",regional haze,air pollution control division,,"Environmental Protection, Public Utilities, and Natural Resources",3500004591,34,3161,26,3,0,0,5,27.0,7.93,9.345794392523365,36.2556158017041
Indiana,2022-03-25,"Title 326, Article 3",monitoring requirements,air pollution control division,,"Environmental Protection, Public Utilities, and Natural Resources",3500004566,275,15794,208,21,1,0,45,27.0,9.07,19.314079422382672,35.84644003501605
Indiana,2022-03-25,"Title 326, Article 4",burning regulations,air pollution control division,,"Environmental Protection, Public Utilities, and Natural Resources",3500004567,145,8199,101,34,5,4,1,25.0,8.8,15.909090909090908,33.635093845482324
Indiana,2022-03-25,"Title 326, Article 5",opacity regulations,air pollution control division,,"Environmental Protection, Public Utilities, and Natural Resources",3500004568,67,5237,57,7,0,0,3,31.0,8.5,26.25,36.07403339191564
Indiana,2022-03-25,"Title 326, Article 6",particulate rules,air pollution control division,,"Environmental Protection, Public Utilities, and Natural Resources",3500004569,206,14394,179,8,1,0,18,23.0,8.98,17.647058823529413,35.47874606014141
Indiana,2022-03-25,"Title 326, Article 6-5",particulate matter limitations except lake county,air pollution control division,,"Environmental Protection, Public Utilities, and Natural Resources",3500004570,154,16943,145,6,0,0,3,20.0,7.96,10.666666666666668,31.847846354652248
Indiana,2022-03-25,"Title 326, Article 6-8",particulate matter limitations for lake county,air pollution control division,,"Environmental Protection, Public Utilities, and Natural Resources",3500004571,404,29467,369,8,2,0,25,25.0,9.23,10.55662188099808,35.2890960007001
Indiana,2022-03-25,"Title 326, Article 7",sulfur dioxide rules,air pollution control division,,"Environmental Protection, Public Utilities, and Natural Resources",3500004572,202,17304,182,14,3,0,3,30.0,8.73,11.76470588235294,33.00627551791925
Indiana,2022-03-25,"Title 326, Article 8",volatile organic compound rules,air pollution control division,,"Environmental Protection, Public Utilities, and Natural Resources",3500004573,1474,137977,1176,140,4,2,152,26.0,10.09,17.74703557312253,35.28325312015662
Indiana,2022-03-25,"Title 326, Article 9",carbon monoxide emission rules,air pollution control division,,"Environmental Protection, Public Utilities, and Natural Resources",3500004574,7,631,6,0,0,0,1,22.0,7.49,23.07692307692308,35.47657841140529
Indiana,2022-03-25,"Title 327, Article 1",general provisions,water pollution control division,,"Environmental Protection, Public Utilities, and Natural Resources",3500004592,1,492,1,0,0,0,0,26.0,6.43,6.666666666666667,31.2013422818792
Indiana,2022-03-25,"Title 327, Article 11",state environmental policy,water pollution control division,,"Environmental Protection, Public Utilities, and Natural Resources",3500004602,12,2211,6,2,0,0,4,21.0,7.69,9.67741935483871,39.33996489174956
Indiana,2022-03-25,"Title 327, Article 12-1",public records confidential information confidentiality agreements,water pollution control division,,"Environmental Protection, Public Utilities, and Natural Resources",3500004603,46,6183,36,4,2,0,4,26.0,7.56,15.816326530612246,38.630330672748
Indiana,2022-03-25,"Title 327, Article 15",npdes general permits and specific category individual permit requirements,water pollution control division,,"Environmental Protection, Public Utilities, and Natural Resources",3500004604,341,29654,131,129,3,5,73,28.0,9.32,17.31374606505771,36.33558879876085
Indiana,2022-03-25,"Title 327, Article 17",wetland activity permits,water pollution control division,,"Environmental Protection, Public Utilities, and Natural Resources",3500004605,74,11361,26,31,2,0,15,25.0,8.73,14.320388349514564,35.61397175921011
Indiana,2022-03-25,"Title 327, Article 18",voluntary performance based leadership programs,water pollution control division,,"Environmental Protection, Public Utilities, and Natural Resources",3500004606,65,6435,50,11,0,0,4,30.0,8.04,15.263157894736842,39.68872210152084
Indiana,2022-03-25,"Title 327, Article 19",confined feeding operations,water pollution control division,,"Environmental Protection, Public Utilities, and Natural Resources",3500004607,250,22263,52,156,5,7,30,25.0,8.46,13.766233766233766,33.93731988472622
Indiana,2022-03-25,"Title 327, Article 2",water quality standards,water pollution control division,,"Environmental Protection, Public Utilities, and Natural Resources",3500004593,760,88836,264,426,10,9,51,33.0,10.08,32.39380706629615,34.78938267335293
Indiana,2022-03-25,"Title 327, Article 20",satellite manure storage structure permitting program,water pollution control division,,"Environmental Protection, Public Utilities, and Natural Resources",3500004608,104,7594,42,50,1,0,11,28.0,8.34,19.421487603305785,34.0896905510508
Indiana,2022-03-25,"Title 327, Article 3",wastewater treatment facilities issuance of permits construction and permit requirements,water pollution control division,,"Environmental Protection, Public Utilities, and Natural Resources",3500004594,224,19754,113,88,0,0,23,28.0,8.97,11.57556270096463,35.34321362556113
Indiana,2022-03-25,"Title 327, Article 4",wastewater treatment facilities overload condition,water pollution control division,,"Environmental Protection, Public Utilities, and Natural Resources",3500004595,13,3146,11,0,0,0,2,25.0,7.9,15.454545454545451,34.11289640591966
Indiana,2022-03-25,"Title 327, Article 5",industrial wastewater pretreatment programs and npdes,water pollution control division,,"Environmental Protection, Public Utilities, and Natural Resources",3500004596,1471,125385,918,262,17,11,263,34.0,9.32,28.477807566279417,37.29466744307695
Indiana,2022-03-25,"Title 327, Article 6",land application of sludge and wastewater,water pollution control division,,"Environmental Protection, Public Utilities, and Natural Resources",3500004597,0,423,0,0,0,0,0,14.0,5.42,0.0,38.388489208633096
Indiana,2022-03-25,"Title 327, Article 6-1",land application of biosolid industrial waste product and pollutant bearing water,water pollution control division,,"Environmental Protection, Public Utilities, and Natural Resources",3500004598,416,43607,85,280,1,16,34,33.0,8.34,16.831683168316832,32.95305073859987
Indiana,2022-03-25,"Title 327, Article 7",management of sewage disposal system wastewater,water pollution control division,,"Environmental Protection, Public Utilities, and Natural Resources",3500004599,0,681,0,0,0,0,0,13.0,5.34,0.0,36.93119266055046
Indiana,2022-03-25,"Title 327, Article 7-1",wastewater management,water pollution control division,,"Environmental Protection, Public Utilities, and Natural Resources",3500004600,226,19668,60,141,0,9,16,28.0,8.47,11.419249592169658,32.99417146729922
Indiana,2022-03-25,"Title 327, Article 8",public water supply,water pollution control division,,"Environmental Protection, Public Utilities, and Natural Resources",3500004601,2648,210597,1285,788,36,1,538,29.0,9.82,18.290876777251185,35.655796642928635
Indiana,2022-03-25,"Title 328, Article 1",excess liability trust fund corrective action and eltf liability indemnity claim payments,underground storage tank financial assurance board,,"Banking, Insurance, and Securities",3500004609,95,12698,33,43,4,0,15,28.0,8.83,17.206982543640898,36.1852671832545
Indiana,2022-03-25,"Title 329, Article 1",general provisions,solid waste management division,,"Environmental Protection, Public Utilities, and Natural Resources",3500004610,16,1779,8,5,0,0,3,25.0,7.29,6.666666666666667,37.27449455676516
Indiana,2022-03-25,"Title 329, Article 10",solid waste land disposal facilities,solid waste management division,,"Environmental Protection, Public Utilities, and Natural Resources",3500004618,2154,165515,431,1313,11,32,367,6.0,9.44,3.1861353918341093,35.18614560783867
Indiana,2022-03-25,"Title 329, Article 11",solid waste processing facilities,solid waste management division,,"Environmental Protection, Public Utilities, and Natural Resources",3500004619,301,35152,59,168,3,11,60,25.0,8.18,12.030716723549489,33.2292174775743
Indiana,2022-03-25,"Title 329, Article 11-5",biomass anaerobic digestion facilities and biomass gasification facilities,solid waste management division,,"Environmental Protection, Public Utilities, and Natural Resources",3500004620,88,8351,10,49,3,1,25,23.0,8.14,12.420382165605096,37.06253850893408
Indiana,2022-03-25,"Title 329, Article 11-6",mobile home salvaging facilities,solid waste management division,,"Environmental Protection, Public Utilities, and Natural Resources",3500004621,85,7295,10,49,2,1,23,22.0,8.04,9.824561403508772,34.81357778181158
Indiana,2022-03-25,"Title 329, Article 11-7",alternative fuel source,solid waste management division,,"Environmental Protection, Public Utilities, and Natural Resources",3500004622,73,7176,11,38,2,1,21,22.0,7.92,11.785714285714285,34.32413145539906
Indiana,2022-03-25,"Title 329, Article 12",solid waste management activity registration,solid waste management division,,"Environmental Protection, Public Utilities, and Natural Resources",3500004623,95,12600,41,35,5,0,14,23.0,7.56,6.359649122807018,36.32765399737877
Indiana,2022-03-25,"Title 329, Article 13",used oil management,solid waste management division,,"Environmental Protection, Public Utilities, and Natural Resources",3500004624,260,23328,25,208,8,4,15,30.0,8.24,20.30812324929972,32.61544650040225
Indiana,2022-03-25,"Title 329, Article 15",waste tire management,solid waste management division,,"Environmental Protection, Public Utilities, and Natural Resources",3500004625,170,15147,53,70,6,0,41,27.0,7.57,8.61344537815126,31.11415359506755
Indiana,2022-03-25,"Title 329, Article 16",electronics waste management,solid waste management division,,"Environmental Protection, Public Utilities, and Natural Resources",3500004626,108,12628,26,57,3,2,20,24.0,7.95,9.297052154195011,34.09136832857457
Indiana,2022-03-25,"Title 329, Article 18",voluntary performance based leadership programs,solid waste management division,,"Environmental Protection, Public Utilities, and Natural Resources",3500004627,56,4928,44,9,0,0,3,27.0,8.11,12.5,41.21743364986608
Indiana,2022-03-25,"Title 329, Article 3-1",hazardous waste management permit program and related hazardous waste management,solid waste management division,,"Environmental Protection, Public Utilities, and Natural Resources",3500004611,1331,101466,543,545,35,7,201,30.0,9.35,21.98834196891192,33.82224222699259
Indiana,2022-03-25,"Title 329, Article 4-1",regulation of wastes containing pcbs,solid waste management division,,"Environmental Protection, Public Utilities, and Natural Resources",3500004612,93,8192,43,23,0,0,27,24.0,7.73,12.794612794612794,34.620427881297445
Indiana,2022-03-25,"Title 329, Article 5",state environmental policy,solid waste management division,,"Environmental Protection, Public Utilities, and Natural Resources",3500004613,12,2214,6,2,0,0,4,21.0,7.68,9.67741935483871,39.22703335283792
Indiana,2022-03-25,"Title 329, Article 6-1",public records confidential information confidentiality agreements,solid waste management division,,"Environmental Protection, Public Utilities, and Natural Resources",3500004614,47,4945,37,4,2,0,4,24.0,7.3,16.184971098265898,39.36572890025575
Indiana,2022-03-25,"Title 329, Article 7-1",priority ranking system for hazardous substances response sites,solid waste management division,,"Environmental Protection, Public Utilities, and Natural Resources",3500004615,4,3745,1,1,0,0,2,27.0,7.46,6.1946902654867255,36.30015432098765
Indiana,2022-03-25,"Title 329, Article 8",household hazardous waste grants program,solid waste management division,,"Environmental Protection, Public Utilities, and Natural Resources",3500004616,21,3982,12,5,2,0,2,26.0,7.42,4.615384615384616,35.17714696370823
Indiana,2022-03-25,"Title 329, Article 9",underground storage tanks,solid waste management division,,"Environmental Protection, Public Utilities, and Natural Resources",3500004617,523,47237,248,190,3,1,81,26.0,9.4,17.863501483679524,35.13420799526499
Indiana,2022-03-25,"Title 330, Article 1",water quality standards generally,stream pollution control board of the state of indiana,,"Environmental Protection, Public Utilities, and Natural Resources",3500004628,1,1138,0,0,0,1,0,19.0,5.51,0.0,35.084942084942085
Indiana,2022-03-25,"Title 330, Article 3-1",wastewater treatment facilities issuance of permits construction and permit requirements,stream pollution control board of the state of indiana,,"Environmental Protection, Public Utilities, and Natural Resources",3500004630,0,993,0,0,0,0,0,17.0,5.64,0.0,35.56221198156682
Indiana,2022-03-25,"Title 330, Article 3-3",land application of sludge and wastewater,stream pollution control board of the state of indiana,,"Environmental Protection, Public Utilities, and Natural Resources",3500004631,0,724,0,0,0,0,0,18.0,5.69,0.0,35.201219512195124
Indiana,2022-03-25,"Title 330, Article 5",industrial wastewater pretreatment programs,stream pollution control board of the state of indiana,,"Environmental Protection, Public Utilities, and Natural Resources",3500004632,0,1289,0,0,0,0,0,21.0,5.81,0.0,36.67991169977925
Indiana,2022-03-25,"Title 345, Article 1",domestic animal disease control general provisions,indiana state board of animal health,,"Industry, Commerce, and Development",3500004633,315,29373,73,174,18,2,48,22.0,8.95,13.704318936877078,34.5387741421928
Indiana,2022-03-25,"Title 345, Article 10",poultry and poultry products inspection,indiana state board of animal health,,"Industry, Commerce, and Development",3500004643,87,11839,62,14,0,0,11,27.0,8.18,12.860892388451443,31.24181216478375
Indiana,2022-03-25,"Title 345, Article 12",grading and certification programs,indiana state board of animal health,,"Industry, Commerce, and Development",3500004644,8,1885,4,4,0,0,0,28.0,7.71,13.333333333333334,35.27284595300261
Indiana,2022-03-25,"Title 345, Article 13",commercial dog breeders and brokers,indiana state board of animal health,,"Industry, Commerce, and Development",3500004645,9,770,0,4,1,0,4,25.0,6.77,11.11111111111111,32.01038062283737
Indiana,2022-03-25,"Title 345, Article 14",livestock and poultry care,indiana state board of animal health,,"Industry, Commerce, and Development",3500004646,8,952,1,6,0,0,1,21.0,6.9,5.0,31.10899182561308
Indiana,2022-03-25,"Title 345, Article 2",cattle goats and other tuberculosis or brucellosis carrying animals,indiana state board of animal health,,"Industry, Commerce, and Development",3500004634,243,21867,108,102,4,0,29,27.0,8.98,19.55085865257596,33.147742005185826
Indiana,2022-03-25,"Title 345, Article 2-5",tuberculosis control,indiana state board of animal health,,"Industry, Commerce, and Development",3500004635,136,16339,63,58,7,0,8,27.0,8.04,14.634146341463412,32.91913306921464
Indiana,2022-03-25,"Title 345, Article 3",swine,indiana state board of animal health,,"Industry, Commerce, and Development",3500004636,136,12179,55,63,1,1,16,28.0,8.29,15.503875968992247,31.779863660199265
Indiana,2022-03-25,"Title 345, Article 4",poultry,indiana state board of animal health,,"Industry, Commerce, and Development",3500004637,6,1331,3,3,0,0,0,21.0,7.47,11.11111111111111,34.4899894625922
Indiana,2022-03-25,"Title 345, Article 5",scrapie,indiana state board of animal health,,"Industry, Commerce, and Development",3500004638,94,13926,37,27,2,2,26,23.0,8.03,10.654205607476635,32.358622620380736
Indiana,2022-03-25,"Title 345, Article 6",equine,indiana state board of animal health,,"Industry, Commerce, and Development",3500004639,56,4380,14,29,1,1,11,20.0,8.03,11.224489795918368,30.64498873873874
Indiana,2022-03-25,"Title 345, Article 7",livestock dealers marketing exhibitions and slaughter livestock,indiana state board of animal health,,"Industry, Commerce, and Development",3500004640,271,19798,119,85,15,9,43,26.0,8.8,12.166172106824924,31.90825865514796
Indiana,2022-03-25,"Title 345, Article 8",dairy products,indiana state board of animal health,,"Industry, Commerce, and Development",3500004641,303,18166,211,73,7,1,11,26.0,9.14,14.719271623672231,31.94226489476696
Indiana,2022-03-25,"Title 345, Article 9",meat and meat products inspection,indiana state board of animal health,,"Industry, Commerce, and Development",3500004642,152,16501,91,35,5,1,20,25.0,8.54,13.013698630136986,31.850257222002373
Indiana,2022-03-25,"Title 355, Article 2",commercial fertilizers,state chemist of the state of indiana,,"Industry, Commerce, and Development",3500004647,161,12470,139,6,3,2,11,30.0,8.07,10.164835164835164,31.106466361854995
Indiana,2022-03-25,"Title 355, Article 3",agricultural ammonia,state chemist of the state of indiana,,"Industry, Commerce, and Development",3500004648,422,26129,371,18,0,4,29,28.0,8.4,14.687882496940023,30.936554162982997
Indiana,2022-03-25,"Title 355, Article 4",pesticide use and application,state chemist of the state of indiana,,"Industry, Commerce, and Development",3500004649,122,11220,71,24,6,0,21,21.0,8.37,9.18580375782881,36.05701857512344
Indiana,2022-03-25,"Title 355, Article 5",storage and secondary containment of pesticides,state chemist of the state of indiana,,"Industry, Commerce, and Development",3500004650,95,7684,87,0,1,2,5,31.0,7.58,11.904761904761903,30.980022404779685
Indiana,2022-03-25,"Title 355, Article 6",animal foods,state chemist of the state of indiana,,"Industry, Commerce, and Development",3500004651,228,15434,163,14,1,2,48,25.0,8.96,32.40901213171577,33.00051035287256
Indiana,2022-03-25,"Title 355, Article 7",certification for distributors and users of fertilizer material,state chemist of the state of indiana,,"Industry, Commerce, and Development",3500004652,50,4868,22,17,2,0,9,23.0,7.73,7.4866310160427805,35.755832881172005
Indiana,2022-03-25,"Title 355, Article 8",fertilizer material use distribution and record keeping,state chemist of the state of indiana,,"Industry, Commerce, and Development",3500004653,23,4828,15,1,0,0,7,20.0,7.49,5.339805825242718,33.876800940899734
Indiana,2022-03-25,"Title 355, Article 9",fertilizer civil penalty schedule,state chemist of the state of indiana,,"Industry, Commerce, and Development",3500004654,12,2914,10,0,0,0,2,20.0,7.27,8.94308943089431,33.537290715372905
Indiana,2022-03-25,"Title 357, Article 1",definition use of pesticides,indiana pesticide review board,,"Environmental Protection, Public Utilities, and Natural Resources",3500004655,106,14461,52,16,5,3,30,22.0,8.48,10.590277777777777,34.807061440088965
Indiana,2022-03-25,"Title 35, Article 11",public employees retirement fund additional contributions,board of trustees of the indiana public retirement system,,Administration,3500004309,19,1039,15,1,1,0,2,29.0,7.27,20.0,38.79936974789916
Indiana,2022-03-25,"Title 35, Article 12",public employees retirement fund annual compensation limit,board of trustees of the indiana public retirement system,,Administration,3500004310,3,1340,2,0,1,0,0,25.0,7.06,10.869565217391305,34.536458333333336
Indiana,2022-03-25,"Title 35, Article 1-2",public employees retirement fund,board of trustees of the indiana public retirement system,,Administration,3500004303,256,28736,179,27,16,4,30,30.0,8.6,24.387397899649944,32.973511383537655
Indiana,2022-03-25,"Title 35, Article 13",required minimum distributions,board of trustees of the indiana public retirement system,,Administration,3500004311,25,950,3,5,2,0,15,36.0,7.09,45.83333333333333,33.17691342534504
Indiana,2022-03-25,"Title 35, Article 1-3",public employees retirement fund defined contribution program,board of trustees of the indiana public retirement system,,Administration,3500004304,58,7119,40,4,5,1,8,26.0,7.6,20.43478260869565,34.47548095058468
Indiana,2022-03-25,"Title 35, Article 14",indiana state teachers retirement fund,board of trustees of the indiana public retirement system,,Administration,3500004312,176,27774,94,35,9,3,35,31.0,8.14,19.06005221932115,32.46849433041481
Indiana,2022-03-25,"Title 35, Article 14-1",indiana state teachers retirement fund defined contribution program,board of trustees of the indiana public retirement system,,Administration,3500004313,40,5504,28,5,4,0,3,25.0,7.24,11.797752808988765,34.67228370221328
Indiana,2022-03-25,"Title 35, Article 15",indiana state teachers retirement fund model plan amendment,board of trustees of the indiana public retirement system,,Administration,3500004314,2,1134,0,1,0,0,1,45.0,7.21,8.695652173913043,37.040728831725616
Indiana,2022-03-25,"Title 35, Article 16",indiana state teachers retirement fund contributions and benefits,board of trustees of the indiana public retirement system,,Administration,3500004315,35,4166,28,0,3,0,4,76.0,7.94,74.07407407407408,33.87025481019241
Indiana,2022-03-25,"Title 35, Article 17",annual compensation limits,board of trustees of the indiana public retirement system,,Administration,3500004316,3,1325,2,0,1,0,0,26.0,7.07,11.11111111111111,34.02439024390244
Indiana,2022-03-25,"Title 35, Article 18",rollovers service purchases and enhanced retirement savings opportunities,board of trustees of the indiana public retirement system,,Administration,3500004317,1,1242,0,0,0,0,1,35.0,6.97,6.666666666666667,32.76607538802661
Indiana,2022-03-25,"Title 35, Article 19",indiana state teachers retirement fund additional contributions,board of trustees of the indiana public retirement system,,Administration,3500004318,18,1007,16,1,0,0,1,29.0,7.33,24.24242424242424,38.44868995633188
Indiana,2022-03-25,"Title 35, Article 2",police and firefighters pension and disability fund,board of trustees of the indiana public retirement system,,Administration,3500004305,146,15634,100,22,2,0,22,24.0,9.03,19.59114139693356,34.61593631778058
Indiana,2022-03-25,"Title 35, Article 20",401 h medical benefits accounts,board of trustees of the indiana public retirement system,,Administration,3500004319,7,1814,6,0,0,0,1,27.0,7.22,18.64406779661017,32.494623655913976
Indiana,2022-03-25,"Title 35, Article 21",public employees retirement fund separate employer accounts procedure,board of trustees of the indiana public retirement system,,Administration,3500004320,0,540,0,0,0,0,0,20.0,6.57,8.695652173913043,35.89411764705882
Indiana,2022-03-25,"Title 35, Article 22",internal revenue code section 415,board of trustees of the indiana public retirement system,,Administration,3500004321,10,1140,9,0,0,0,1,51.0,7.29,,34.73625254582485
Indiana,2022-03-25,"Title 35, Article 23",retiree medical benefits account plan,board of trustees of the indiana public retirement system,,Administration,3500004322,25,3335,20,4,0,0,1,31.0,7.6,15.789473684210526,35.79970326409496
Indiana,2022-03-25,"Title 35, Article 4",state excise police gaming agent gaming control officer conservation enforcement officers retirement plan,board of trustees of the indiana public retirement system,,Administration,3500004306,29,3264,21,3,1,1,3,26.0,8.03,22.12389380530973,33.5055280213496
Indiana,2022-03-25,"Title 35, Article 6",pension relief fund,board of trustees of the indiana public retirement system,,Administration,3500004307,5,280,4,0,0,0,1,18.0,6.33,0.0,32.11594202898551
Indiana,2022-03-25,"Title 35, Article 9",annual compensation limits implementation of annual compensation limitations pursuant to internal revenue code section 401 a 17,board of trustees of the indiana public retirement system,,Administration,3500004308,3,1232,2,0,1,0,0,24.0,7.0,7.142857142857142,33.384993849938496
Indiana,2022-03-25,"Title 360, Article 1",standards for seed and seed labeling,state seed commissioner,,"Industry, Commerce, and Development",3500004656,76,7621,47,12,1,2,14,1.0,7.95,0.7180039490217196,30.508938343670195
Indiana,2022-03-25,"Title 365, Article 2",dairy processing plant and receiving stations,creamery examining board,,"Industry, Commerce, and Development",3500004657,96,6369,23,70,0,0,3,25.0,8.22,12.946428571428571,30.79156626506024
Indiana,2022-03-25,"Title 370, Article 1",general provisions,state egg board,,"Industry, Commerce, and Development",3500004658,63,5999,47,11,0,0,5,29.0,8.09,7.103825136612022,28.819132015451032
Indiana,2022-03-25,"Title 405, Article 1",medicaid providers and services,office of the secretary of family and social services,,Social Assistance,3500004659,1245,94275,977,159,11,2,96,30.0,9.54,17.132023440193038,34.10658027176648
Indiana,2022-03-25,"Title 405, Article 10",healthy indiana plan,office of the secretary of family and social services,,Social Assistance,3500004667,366,23993,295,12,2,0,57,27.0,8.6,20.60606060606061,33.60490558497352
Indiana,2022-03-25,"Title 405, Article 11",children s health insurance program general provisions providers,office of the secretary of family and social services,,Social Assistance,3500004668,42,8223,29,7,2,0,4,31.0,7.59,17.74891774891775,31.08201014896055
Indiana,2022-03-25,"Title 405, Article 1-1",appeal procedures for applicants and recipients of medicaid,office of the secretary of family and social services,,Social Assistance,3500004660,37,3017,27,6,0,1,3,34.0,7.98,20.98765432098765,31.966115369100443
Indiana,2022-03-25,"Title 405, Article 12",applicants and members eligibility and enrollment appeal procedures,office of the secretary of family and social services,,Social Assistance,3500004669,27,4140,5,13,2,0,7,29.0,7.53,26.01626016260163,30.198781660788715
Indiana,2022-03-25,"Title 405, Article 13",benefits and medical policy,office of the secretary of family and social services,,Social Assistance,3500004670,20,4596,12,3,0,0,5,23.0,7.32,9.63855421686747,33.18962824117463
Indiana,2022-03-25,"Title 405, Article 2",medicaid members eligibility,office of the secretary of family and social services,,Social Assistance,3500004661,244,32502,145,58,11,2,28,30.0,8.98,24.37311935807422,32.49958909226746
Indiana,2022-03-25,"Title 405, Article 4",purchase of products and services of persons with disabilities,office of the secretary of family and social services,,Social Assistance,3500004662,1,157,1,0,0,0,0,21.0,6.02,0.0,30.94736842105263
Indiana,2022-03-25,"Title 405, Article 5",medicaid services,office of the secretary of family and social services,,Social Assistance,3500004663,1087,113880,269,613,50,4,151,23.0,9.11,14.295548416704912,36.490483605363686
Indiana,2022-03-25,"Title 405, Article 6",indiana prescription drug program,office of the secretary of family and social services,,Social Assistance,3500004664,0,1459,0,0,0,0,0,15.0,5.56,0.0,32.326241134751776
Indiana,2022-03-25,"Title 405, Article 7",state supplemental assistance for personal needs,office of the secretary of family and social services,,Social Assistance,3500004665,4,854,2,1,0,0,1,31.0,7.18,20.0,34.41418439716312
Indiana,2022-03-25,"Title 405, Article 8",indiana prescription drug program medicare part d assistance benefit,office of the secretary of family and social services,,Social Assistance,3500004666,60,9182,46,9,0,1,4,24.0,7.82,9.90990990990991,32.62064497552548
Indiana,2022-03-25,"Title 40, Article 2",state officers and employees,state ethics commission,,Administration,3500004323,38,3490,33,4,0,0,1,19.0,7.29,7.142857142857142,33.24461292897047
Indiana,2022-03-25,"Title 410, Article 1",communicable disease control,indiana department of health,,Health Services,3500004672,820,73687,528,74,2,1,215,22.0,9.32,12.77084701247538,37.66562121806126
Indiana,2022-03-25,"Title 410, Article 12",weights and measures,indiana department of health,,Health Services,3500004684,17,3900,15,2,0,0,0,38.0,7.9,17.045454545454543,30.674234234234238
Indiana,2022-03-25,"Title 410, Article 12-1",motor fuel,indiana department of health,,Health Services,3500004685,23,3453,9,13,0,0,1,24.0,7.2,6.956521739130435,29.48054818744474
Indiana,2022-03-25,"Title 410, Article 13",sanitary bedding,indiana department of health,,Health Services,3500004686,240,7225,209,18,0,0,13,14.0,9.21,15.6,31.1862657091562
Indiana,2022-03-25,"Title 410, Article 15",hospital licensure rules,indiana department of health,,Health Services,3500004687,529,38756,356,123,4,0,46,23.0,9.09,13.279678068410464,37.69174640765514
Indiana,2022-03-25,"Title 410, Article 15-1",mobile health care entity,indiana department of health,,Health Services,3500004688,6,1019,3,1,2,0,0,23.0,6.51,5.555555555555555,30.96078431372549
Indiana,2022-03-25,"Title 410, Article 16-2",health facilities licensing and operational standards,indiana department of health,,Health Services,3500004689,1128,68775,721,303,7,2,95,25.0,9.14,16.368692888359156,35.2454365397998
Indiana,2022-03-25,"Title 410, Article 17",home health agencies,indiana department of health,,Health Services,3500004690,149,12630,87,39,5,0,18,22.0,8.39,8.187134502923977,34.29329860763298
Indiana,2022-03-25,"Title 410, Article 18",vital records,indiana department of health,,Health Services,3500004691,30,3886,24,2,0,0,4,21.0,7.04,8.053691275167784,30.983359746434232
Indiana,2022-03-25,"Title 410, Article 2",tuberculosis control,indiana department of health,,Health Services,3500004673,0,165,0,0,0,0,0,6.0,4.74,0.0,45.92134831460674
Indiana,2022-03-25,"Title 410, Article 21",reporting,indiana department of health,,Health Services,3500004692,32,3166,23,2,0,0,7,27.0,8.08,6.0,37.60728565082186
Indiana,2022-03-25,"Title 410, Article 23",grants,indiana department of health,,Health Services,3500004694,17,2659,8,7,1,0,1,25.0,7.62,4.444444444444445,31.01544593921276
Indiana,2022-03-25,"Title 410, Article 24",local health services,indiana department of health,,Health Services,3500004695,6,1177,6,0,0,0,0,25.0,6.71,7.894736842105263,30.544747081712064
Indiana,2022-03-25,"Title 410, Article 25",artificial insemination,indiana department of health,,Health Services,3500004696,17,2154,3,14,0,0,0,22.0,7.05,22.22222222222222,37.83885941644562
Indiana,2022-03-25,"Title 410, Article 26",abortion clinics,indiana department of health,,Health Services,3500004697,237,19017,77,139,5,0,16,21.0,8.58,12.655086848635236,36.39637376069537
Indiana,2022-03-25,"Title 410, Article 26-5",abortion clinics performing drug induced abortions,indiana department of health,,Health Services,3500004698,209,15629,67,122,4,0,16,19.0,8.6,13.268156424581006,37.62584546828997
Indiana,2022-03-25,"Title 410, Article 27",birthing centers,indiana department of health,,Health Services,3500004699,199,18417,44,137,4,0,14,21.0,8.65,13.385826771653544,36.96573186936149
Indiana,2022-03-25,"Title 410, Article 29",reporting monitoring and preventive procedures for an elevated blood lead level,indiana department of health,,Health Services,3500004700,37,7422,21,9,0,0,7,25.0,8.13,11.462450592885377,33.83410138248848
Indiana,2022-03-25,"Title 410, Article 3",maternal and child health,indiana department of health,,Health Services,3500004674,175,9546,155,11,0,0,9,23.0,8.82,17.322834645669293,37.30011862396204
Indiana,2022-03-25,"Title 410, Article 32",lead based paint program,indiana department of health,,Health Services,3500004701,378,40335,296,39,7,2,34,25.0,8.73,10.857142857142858,33.93815751606817
Indiana,2022-03-25,"Title 410, Article 3-2",children with special health care needs,indiana department of health,,Health Services,3500004675,116,12471,97,7,3,0,9,22.0,8.15,13.008130081300814,35.06515459505724
Indiana,2022-03-25,"Title 410, Article 33",indoor air quality,indiana department of health,,Health Services,3500004702,55,4136,41,10,0,1,3,17.0,7.56,14.358974358974358,32.867586206896554
Indiana,2022-03-25,"Title 410, Article 34",state trauma registry,indiana department of health,,Health Services,3500004703,17,2922,7,5,0,0,5,21.0,7.39,7.627118644067797,35.51881096144914
Indiana,2022-03-25,"Title 410, Article 35",disposition of aborted remains,indiana department of health,,Health Services,3500004704,15,1187,1,4,0,0,10,20.0,6.56,8.695652173913043,31.19054054054054
Indiana,2022-03-25,"Title 410, Article 36",indiana developmental disability bracelet and identification card,indiana department of health,,Health Services,3500004705,7,1001,6,1,0,0,0,15.0,6.73,1.7241379310344829,38.43347050754458
Indiana,2022-03-25,"Title 410, Article 3-6",women infants and children program rules penalties and sanctions for wic vendors,indiana department of health,,Health Services,3500004676,99,12579,68,17,5,0,9,25.0,8.05,16.901408450704224,33.37248322147651
Indiana,2022-03-25,"Title 410, Article 37",grants for veterans services,indiana department of health,,Health Services,3500004706,10,1492,4,5,1,0,0,22.0,7.03,1.7857142857142856,36.92417061611374
Indiana,2022-03-25,"Title 410, Article 38",inspection and cleanup of property contaminated with chemicals used in the illegal manufacture of a controlled substance,indiana department of health,,Health Services,3500004707,78,11164,39,13,0,1,25,26.0,7.63,11.079545454545457,36.1663353214049
Indiana,2022-03-25,"Title 410, Article 39",perinatal hospital services,indiana department of health,,Health Services,3500004708,148,10684,125,18,1,0,4,20.0,8.59,6.762295081967213,41.92018930837904
Indiana,2022-03-25,"Title 410, Article 40",certificate of need program,indiana department of health,,Health Services,3500004709,14,1543,7,1,3,0,3,21.0,7.24,6.153846153846154,38.285106382978725
Indiana,2022-03-25,"Title 410, Article 5",radiological health,indiana department of health,,Health Services,3500004677,1567,128956,1340,64,7,9,147,28.0,9.29,17.3414820473644,34.33063244162672
Indiana,2022-03-25,"Title 410, Article 5-1",radon,indiana department of health,,Health Services,3500004678,44,7253,23,7,1,0,13,32.0,7.83,14.814814814814811,34.08958373297526
Indiana,2022-03-25,"Title 410, Article 5-2",radiography nuclear medicine and radiation therapy licensing,indiana department of health,,Health Services,3500004679,77,11018,37,27,4,0,9,25.0,7.7,5.3908355795148255,38.84091483447056
Indiana,2022-03-25,"Title 410, Article 6",sanitary engineering,indiana department of health,,Health Services,3500004680,2020,114166,1625,266,10,15,104,27.0,9.44,16.573853089366217,31.27922708549613
Indiana,2022-03-25,"Title 410, Article 7",food and drugs,indiana department of health,,Health Services,3500004681,1166,112088,983,11,86,17,69,26.0,9.15,17.13231418028466,32.74679579784345
Indiana,2022-03-25,"Title 410, Article 8",dairy products,indiana department of health,,Health Services,3500004682,0,1299,0,0,0,0,0,19.0,6.36,0.0,34.61135857461024
Indiana,2022-03-25,"Title 410, Article 9",meat and meat products inspection,indiana department of health,,Health Services,3500004683,0,1111,0,0,0,0,0,18.0,5.62,0.0,37.604968944099376
Indiana,2022-03-25,"Title 41, Article 1",code of judicial conduct for administrative law judges,office of administrative law proceedings,,"Security, Justice, and Corrections",3500004324,18,2248,14,4,0,0,0,21.0,6.86,8.13953488372093,40.54472049689441
Indiana,2022-03-25,"Title 42, Article 1",indiana code of ethics,office of the inspector general,,"Security, Justice, and Corrections",3500004325,29,6391,26,1,1,0,1,24.0,6.91,9.389671361502346,31.263017679825623
Indiana,2022-03-25,"Title 431, Article 3-1",fire and life safety standards for community residential facilities for persons with developmental disabilities and persons with mental illness,community residential facilities council,,Health Services,3500004712,0,669,0,0,0,0,0,14.0,5.41,0.0,49.87290167865707
Indiana,2022-03-25,"Title 431, Article 4",fire and life safety standards for community residential facilities located in apartment buildings for persons with developmental disabilities and persons with mental illness,community residential facilities council,,Health Services,3500004713,0,757,0,0,0,0,0,14.0,5.53,0.0,49.68993839835729
Indiana,2022-03-25,"Title 440, Article 1",general provisions commissioner of mental health,division of mental health and addiction,,Health Services,3500004714,0,371,0,0,0,0,0,19.0,6.26,0.0,38.260714285714286
Indiana,2022-03-25,"Title 440, Article 10",minimum standards for the provision of services by opioid treatment facilities and programs,division of mental health and addiction,,Health Services,3500004726,356,26910,300,2,8,1,45,20.0,8.56,7.881773399014778,37.21063626867705
Indiana,2022-03-25,"Title 440, Article 11",assertive community treatment teams,division of mental health and addiction,,Health Services,3500004727,134,7145,88,36,4,0,6,20.0,8.2,8.517350157728707,35.464580467675376
Indiana,2022-03-25,"Title 440, Article 1-5",licensure of private mental health institutions,division of mental health and addiction,,Health Services,3500004715,251,14501,189,30,5,0,27,24.0,8.63,11.211573236889691,37.16961101434851
Indiana,2022-03-25,"Title 440, Article 2",division of addiction services,division of mental health and addiction,,Health Services,3500004716,2,6221,0,0,0,1,1,15.0,6.08,0.0,31.38358733880422
Indiana,2022-03-25,"Title 440, Article 4",community mental health centers,division of mental health and addiction,,Health Services,3500004717,19,1862,15,2,0,0,2,18.0,7.01,6.593406593406594,36.73831070889894
Indiana,2022-03-25,"Title 440, Article 4-1",community mental health centers certification,division of mental health and addiction,,Health Services,3500004718,99,6866,71,13,7,0,8,24.0,8.15,12.698412698412698,35.484710593374594
Indiana,2022-03-25,"Title 440, Article 4-3",managed care provider certification,division of mental health and addiction,,Health Services,3500004719,72,5030,42,10,10,0,10,24.0,7.98,15.425531914893616,36.87606318347509
Indiana,2022-03-25,"Title 440, Article 4-4",addiction treatment services provider certification,division of mental health and addiction,,Health Services,3500004720,82,4995,45,27,6,0,4,25.0,8.05,14.673913043478262,38.83435884814177
Indiana,2022-03-25,"Title 440, Article 5",community care,division of mental health and addiction,,Health Services,3500004721,8,1965,6,2,0,0,0,28.0,7.52,11.475409836065571,32.86513823331086
Indiana,2022-03-25,"Title 440, Article 6",residential care providers certification,division of mental health and addiction,,Health Services,3500004722,40,3171,30,7,1,0,2,25.0,7.8,3.571428571428571,36.92650701899257
Indiana,2022-03-25,"Title 440, Article 7-5",residential living facilities for individuals with psychiatric disorders or addictions,division of mental health and addiction,,Health Services,3500004723,261,16785,201,38,4,1,17,24.0,8.81,12.520064205457466,36.30326309628329
Indiana,2022-03-25,"Title 440, Article 8",populations to be served by managed care providers funded by the division of mental health and to be served by community mental health centers,division of mental health and addiction,,Health Services,3500004724,4,2715,0,4,0,0,0,23.0,7.29,4.081632653061225,35.17994722955145
Indiana,2022-03-25,"Title 440, Article 9",minimum standards for the provision of services by community mental health centers and managed care providers,division of mental health and addiction,,Health Services,3500004725,183,9589,125,54,1,0,3,22.0,8.41,8.461538461538462,40.140770586753966
Indiana,2022-03-25,"Title 455, Article 1",aging,division of aging,,Social Assistance,3500004728,386,42339,296,44,9,2,35,28.0,8.64,14.69933184855234,35.28846855613672
Indiana,2022-03-25,"Title 455, Article 2",home and community based services,division of aging,,Social Assistance,3500004729,129,17217,102,8,0,0,19,20.0,7.77,9.645390070921986,35.259289639898284
Indiana,2022-03-25,"Title 455, Article 3",assisted living medicaid waiver services,division of aging,,Social Assistance,3500004730,57,5203,47,4,1,0,5,26.0,8.18,16.756756756756758,36.55998147290412
Indiana,2022-03-25,"Title 45, Article 1",gross income tax,department of state revenue,,Taxes and Public Finance,3500004326,3,7855,0,0,0,2,1,15.0,6.16,0.2132196162046908,31.57286742034944
Indiana,2022-03-25,"Title 45, Article 10",special fuel tax,department of state revenue,,Taxes and Public Finance,3500004334,43,9441,19,14,0,2,8,23.0,7.83,10.826210826210826,31.665582119111612
Indiana,2022-03-25,"Title 45, Article 11",hazardous waste land disposal tax,department of state revenue,,Taxes and Public Finance,3500004335,0,610,0,0,0,0,0,11.0,5.41,0.0,32.036458333333336
Indiana,2022-03-25,"Title 45, Article 12",gasoline tax,department of state revenue,,Taxes and Public Finance,3500004336,93,14336,54,23,5,0,11,28.0,8.0,17.787418655097614,32.91786756254973
Indiana,2022-03-25,"Title 45, Article 13",motor carrier fuel tax,department of state revenue,,Taxes and Public Finance,3500004337,25,7070,9,5,2,0,9,25.0,7.55,15.702479338842975,30.04955820207453
Indiana,2022-03-25,"Title 45, Article 15",tax administration general provisions,department of state revenue,,Taxes and Public Finance,3500004338,84,9256,38,29,3,0,14,22.0,8.52,19.642857142857142,33.2997247935952
Indiana,2022-03-25,"Title 45, Article 16",motor carriers,department of state revenue,,Taxes and Public Finance,3500004339,1220,68636,894,205,39,5,77,25.0,9.46,31.076454925827317,33.9870346739764
Indiana,2022-03-25,"Title 45, Article 17",taxation of financial institutions,department of state revenue,,Taxes and Public Finance,3500004340,51,10355,9,32,0,0,10,27.0,8.55,17.759562841530055,34.64189558936194
Indiana,2022-03-25,"Title 45, Article 18",charity gaming,department of state revenue,,Taxes and Public Finance,3500004341,0,3009,0,0,0,0,0,13.0,6.2,0.0,33.95880535530381
Indiana,2022-03-25,"Title 45, Article 21",aggregate registrations,department of state revenue,,Taxes and Public Finance,3500004344,1,179,1,0,0,0,0,15.0,5.7,0.0,39.45454545454545
Indiana,2022-03-25,"Title 45, Article 2-2",sales and use tax,department of state revenue,,Taxes and Public Finance,3500004327,330,51639,130,131,9,4,56,16.0,9.27,11.092604930046637,35.629839831306924
Indiana,2022-03-25,"Title 45, Article 3-1",adjusted gross income tax,department of state revenue,,Taxes and Public Finance,3500004328,213,33067,58,90,5,3,57,10.0,8.92,8.930899608865712,34.0228482456458
Indiana,2022-03-25,"Title 45, Article 4-1",death taxation,department of state revenue,,Taxes and Public Finance,3500004329,2,3178,0,2,0,0,0,12.0,5.91,2.941176470588235,31.891824526420734
Indiana,2022-03-25,"Title 45, Article 6",petroleum severance tax,department of state revenue,,Taxes and Public Finance,3500004330,11,1420,7,4,0,0,0,19.0,6.92,6.25,30.93134598012647
Indiana,2022-03-25,"Title 45, Article 7",alcoholic beverage excise taxes,department of state revenue,,Taxes and Public Finance,3500004331,16,2656,4,2,1,0,9,23.0,7.0,20.43010752688172,31.24360980699009
Indiana,2022-03-25,"Title 45, Article 8-1",cigarette tax,department of state revenue,,Taxes and Public Finance,3500004332,34,3351,23,10,1,0,0,18.0,7.2,7.096774193548387,33.41904761904762
Indiana,2022-03-25,"Title 45, Article 9",employment agencies,department of state revenue,,Taxes and Public Finance,3500004333,57,2465,48,3,0,0,6,19.0,8.18,17.599999999999998,33.74746584398413
Indiana,2022-03-25,"Title 460, Article 1",aging,division of disability and rehabilitative services,,Social Assistance,3500004731,0,1591,0,0,0,0,0,15.0,6.74,0.0,43.00884173297966
Indiana,2022-03-25,"Title 460, Article 10",fire and life safety standards for community residential facilities for persons with developmental disabilities and persons with mental illness,division of disability and rehabilitative services,,Social Assistance,3500004737,35,3464,34,0,0,0,1,28.0,7.58,13.461538461538462,36.99179655455291
Indiana,2022-03-25,"Title 460, Article 11",fire and life safety standards for community residential facilities located in apartment buildings for persons with developmental disabilities and persons with mental illness,division of disability and rehabilitative services,,Social Assistance,3500004738,37,3645,36,0,0,0,1,28.0,7.52,12.727272727272728,37.20385674931129
Indiana,2022-03-25,"Title 460, Article 12",supported living services and supports,division of disability and rehabilitative services,,Social Assistance,3500004739,27,3489,26,0,0,0,1,28.0,7.02,7.6190476190476195,37.29114971050455
Indiana,2022-03-25,"Title 460, Article 13",objective based allocation,division of disability and rehabilitative services,,Social Assistance,3500004740,10,4385,7,1,0,0,2,25.0,6.99,15.037593984962406,34.03762662807525
Indiana,2022-03-25,"Title 460, Article 14",vocational rehabilitation services,division of disability and rehabilitative services,,Social Assistance,3500004741,232,25057,70,101,11,5,45,29.0,7.99,17.695473251028808,39.06321022727273
Indiana,2022-03-25,"Title 460, Article 2",division of rehabilitation services,division of disability and rehabilitative services,,Social Assistance,3500004732,273,22321,187,64,0,0,22,25.0,8.71,12.424607961399277,34.16729586883832
Indiana,2022-03-25,"Title 460, Article 5",public assistance,division of disability and rehabilitative services,,Social Assistance,3500004733,0,418,0,0,0,0,0,6.0,5.23,0.0,42.51541850220264
Indiana,2022-03-25,"Title 460, Article 6",supported living services and supports,division of disability and rehabilitative services,,Social Assistance,3500004734,438,46092,378,6,1,1,52,28.0,7.63,10.6430155210643,36.82249583173015
Indiana,2022-03-25,"Title 460, Article 7",individualized support plan,division of disability and rehabilitative services,,Social Assistance,3500004735,48,5460,46,0,0,0,2,21.0,7.09,10.344827586206897,35.783525442788864
Indiana,2022-03-25,"Title 460, Article 9",community residential facilities for persons with developmental disabilities,division of disability and rehabilitative services,,Social Assistance,3500004736,116,10170,96,17,1,0,2,28.0,8.21,9.235668789808916,37.522748131637606
Indiana,2022-03-25,"Title 465, Article 1",public assistance,department of child services,,Social Assistance,3500004742,25,2914,18,3,0,0,4,31.0,7.71,13.253012048192772,33.2106450157871
Indiana,2022-03-25,"Title 465, Article 2",child welfare services,department of child services,,Social Assistance,3500004743,2340,163615,2072,79,9,6,174,25.0,8.84,11.09377708441671,32.946966081201474
Indiana,2022-03-25,"Title 465, Article 3",administrative reviews and hearings,department of child services,,Social Assistance,3500004744,62,12891,43,13,1,1,4,35.0,7.96,22.78481012658228,34.727012345679015
Indiana,2022-03-25,"Title 465, Article 4",indiana adoption assistance and guardianship assistance programs,department of child services,,Social Assistance,3500004745,103,16853,48,28,2,2,23,34.0,8.0,22.528735632183903,35.24339133654202
Indiana,2022-03-25,"Title 470, Article 1",general administrative rules,division of family resources,,Social Assistance,3500004746,60,5961,48,6,0,2,4,25.0,8.43,13.953488372093023,32.863357972544875
Indiana,2022-03-25,"Title 470, Article 10",aid to families with dependent children manual,division of family resources,,Social Assistance,3500004756,0,2083,0,0,0,0,0,16.0,6.23,0.0,33.67994100294985
Indiana,2022-03-25,"Title 470, Article 10-3",tanf assistance program,division of family resources,,Social Assistance,3500004758,119,13471,84,10,2,0,23,28.0,8.56,16.312056737588655,33.772803738317755
Indiana,2022-03-25,"Title 470, Article 12",prior review of off site medical services department of correction state board of health and department of mental health,division of family resources,,Social Assistance,3500004759,24,2548,17,3,0,0,4,28.0,7.65,16.25,34.10771620921802
Indiana,2022-03-25,"Title 470, Article 13",federal social services block grant act,division of family resources,,Social Assistance,3500004760,41,3340,36,2,0,1,2,29.0,7.62,24.0,36.22244172263928
Indiana,2022-03-25,"Title 470, Article 14",welfare reform initiative,division of family resources,,Social Assistance,3500004761,0,865,0,0,0,0,0,12.0,5.62,0.0,34.33516483516483
Indiana,2022-03-25,"Title 470, Article 2",public assistance,division of family resources,,Social Assistance,3500004747,0,2734,0,0,0,0,0,16.0,6.66,0.0,36.6384872080089
Indiana,2022-03-25,"Title 470, Article 2-1",public assistance,division of family resources,,Social Assistance,3500004748,42,3465,21,5,0,0,16,32.0,7.81,19.587628865979383,35.45444485429731
Indiana,2022-03-25,"Title 470, Article 3",child welfare services,division of family resources,,Social Assistance,3500004749,1349,71803,1101,164,10,10,64,21.0,9.02,12.078938414426675,31.15308512938802
Indiana,2022-03-25,"Title 470, Article 3-1",first steps early intervention system,division of family resources,,Social Assistance,3500004750,269,29042,145,86,8,0,30,28.0,8.26,12.138084632516705,35.123125747401346
Indiana,2022-03-25,"Title 470, Article 4",crippled children s services,division of family resources,,Social Assistance,3500004751,0,3022,0,0,0,0,0,14.0,6.41,0.0,34.35799275737196
Indiana,2022-03-25,"Title 470, Article 5",medicaid providers and services,division of family resources,,Social Assistance,3500004752,1,6551,0,0,0,0,1,16.0,6.55,0.0,36.37972391943879
Indiana,2022-03-25,"Title 470, Article 6",food stamp program,division of family resources,,Social Assistance,3500004753,79,7896,58,10,0,0,11,27.0,8.39,17.374517374517374,34.35063417890521
Indiana,2022-03-25,"Title 470, Article 9-1",medicaid recipients eligibility,division of family resources,,Social Assistance,3500004755,0,1196,0,0,0,0,0,15.0,5.61,0.0,38.27841634738186
Indiana,2022-03-25,"Title 50, Article 1",general provisions,department of local government finance,,Taxes and Public Finance,3500004345,47,4165,36,2,1,0,8,20.0,8.5,10.27027027027027,32.29864253393665
Indiana,2022-03-25,"Title 50, Article 10",economic revitalization area deduction maritime opportunity district deduction,department of local government finance,,Taxes and Public Finance,3500004354,70,6182,27,31,4,0,8,27.0,7.86,18.461538461538463,36.95039599833264
Indiana,2022-03-25,"Title 50, Article 15",assessor appraisers professional appraisers and tax representatives,department of local government finance,,Taxes and Public Finance,3500004355,78,9504,42,23,2,0,11,27.0,8.04,10.81967213114754,39.016648764769066
Indiana,2022-03-25,"Title 50, Article 16",amended personal property returns,department of local government finance,,Taxes and Public Finance,3500004356,18,1889,6,5,0,2,5,26.0,6.93,30.76923076923077,31.196476964769648
Indiana,2022-03-25,"Title 50, Article 18",industrial facility real property assessment,department of local government finance,,Taxes and Public Finance,3500004357,11,1638,8,2,1,0,0,23.0,6.88,19.672131147540984,35.66036249014972
Indiana,2022-03-25,"Title 50, Article 19",lake county industrial facility real property assessment,department of local government finance,,Taxes and Public Finance,3500004358,10,946,9,1,0,0,0,22.0,6.49,8.333333333333332,36.04398826979472
Indiana,2022-03-25,"Title 50, Article 20",remuneration for initial training and continuing education sessions,department of local government finance,,Taxes and Public Finance,3500004359,7,856,6,1,0,0,0,18.0,5.99,8.108108108108109,36.68458781362007
Indiana,2022-03-25,"Title 50, Article 2-2",real estate property assessment,department of local government finance,,Taxes and Public Finance,3500004346,0,4950,0,0,0,0,0,16.0,5.79,0.0,35.08074741408075
Indiana,2022-03-25,"Title 50, Article 24",standard deduction for homesteads,department of local government finance,,Taxes and Public Finance,3500004361,21,2427,4,14,0,0,3,25.0,7.04,10.588235294117649,34.524377031419284
Indiana,2022-03-25,"Title 50, Article 2-4",real property assessment manual,department of local government finance,,Taxes and Public Finance,3500004347,6,602,4,2,0,0,0,26.0,6.6,5.0,35.59090909090909
Indiana,2022-03-25,"Title 50, Article 26",computer standards for a uniform and common property tax management system,department of local government finance,,Taxes and Public Finance,3500004362,701,63601,146,417,16,1,121,18.0,9.22,5.801621958827199,33.0432792595743
Indiana,2022-03-25,"Title 50, Article 27",annual adjustments and equalization standards,department of local government finance,,Taxes and Public Finance,3500004363,116,10239,72,26,0,0,18,25.0,7.79,23.34293948126801,36.237226277372265
Indiana,2022-03-25,"Title 50, Article 29",procedures for the assessment of golf courses,department of local government finance,,Taxes and Public Finance,3500004364,10,1781,9,1,0,0,0,16.0,7.35,6.666666666666667,37.13422291993721
Indiana,2022-03-25,"Title 50, Article 30",market segmentation of real property improvements,department of local government finance,,Taxes and Public Finance,3500004365,4,2991,0,1,1,0,2,22.0,7.53,5.785123966942149,38.79864636209814
Indiana,2022-03-25,"Title 50, Article 3-3",assessment of mobile homes,department of local government finance,,Taxes and Public Finance,3500004349,13,1864,11,0,0,0,2,26.0,6.64,22.41379310344828,29.99457784663052
Indiana,2022-03-25,"Title 50, Article 4-2",assessment of tangible personal property,department of local government finance,,Taxes and Public Finance,3500004350,223,28677,85,81,4,0,53,30.0,8.76,29.917550058892814,34.25814321790866
Indiana,2022-03-25,"Title 50, Article 5-1",public utility assessment,department of local government finance,,Taxes and Public Finance,3500004351,143,17693,70,32,7,0,34,25.0,7.81,15.719063545150505,34.8730255164034
Indiana,2022-03-25,"Title 50, Article 8",tax increment finance,department of local government finance,,Taxes and Public Finance,3500004352,69,11900,9,39,6,0,15,31.0,7.89,23.303834808259587,35.17286166842661
Indiana,2022-03-25,"Title 50, Article 9",capital projects fund,department of local government finance,,Taxes and Public Finance,3500004353,49,5412,24,21,2,2,0,21.0,8.33,13.733905579399142,34.35611038107753
Indiana,2022-03-25,"Title 510, Article 9",graduation requirements,commission on general education,,Primary and Secondary Education,3500004766,2,443,0,0,0,0,2,13.0,5.34,0.0,38.79432624113476
Indiana,2022-03-25,"Title 511, Article 1",administration information collection processing school finance general provisions,indiana state board of education,,Primary and Secondary Education,3500004767,82,8321,71,7,2,0,2,24.0,8.21,7.947019867549669,33.12157809983897
Indiana,2022-03-25,"Title 511, Article 10",teacher training and licensing requirements for education begun after academic year 1977 78,indiana state board of education,,Primary and Secondary Education,3500004778,29,8537,21,6,0,0,2,16.0,6.85,2.197802197802198,41.474752824858754
Indiana,2022-03-25,"Title 511, Article 10-1",teacher training and licensing,indiana state board of education,,Primary and Secondary Education,3500004779,41,5221,25,5,0,0,11,24.0,7.85,13.333333333333334,39.36118468576933
Indiana,2022-03-25,"Title 511, Article 11",adult education,indiana state board of education,,Primary and Secondary Education,3500004780,2,581,1,0,0,0,1,14.0,6.27,6.25,32.47058823529412
Indiana,2022-03-25,"Title 511, Article 12",summer school programs,indiana state board of education,,Primary and Secondary Education,3500004781,10,1019,9,1,0,0,0,26.0,6.47,3.225806451612903,30.949013157894736
Indiana,2022-03-25,"Title 511, Article 13",accreditation of teacher preparation programs,indiana state board of education,,Primary and Secondary Education,3500004782,11,1192,7,4,0,0,0,22.0,7.75,7.84313725490196,42.92718446601942
Indiana,2022-03-25,"Title 511, Article 14",initial practitioner and practitioner licenses,indiana state board of education,,Primary and Secondary Education,3500004783,15,2279,9,5,0,0,1,21.0,7.27,14.736842105263156,39.81718569780853
Indiana,2022-03-25,"Title 511, Article 15",school settings and license content areas,indiana state board of education,,Primary and Secondary Education,3500004784,73,10118,51,10,0,0,12,27.0,7.46,18.404907975460123,35.972114639814095
Indiana,2022-03-25,"Title 511, Article 16",issuance and revocation of various licenses and permits,indiana state board of education,,Primary and Secondary Education,3500004785,66,4971,40,17,2,0,7,22.0,8.24,13.043478260869565,38.00501792114695
Indiana,2022-03-25,"Title 511, Article 17",workplace specialist licenses,indiana state board of education,,Primary and Secondary Education,3500004786,17,2007,4,11,0,0,2,20.0,7.5,2.247191011235955,38.71665642286417
Indiana,2022-03-25,"Title 511, Article 18",educational interpreter permit,indiana state board of education,,Primary and Secondary Education,3500004787,17,1436,13,4,0,0,0,19.0,7.42,12.12121212121212,38.75022143489814
Indiana,2022-03-25,"Title 511, Article 19",endorsement of school psychologists as independent practice school psychologists,indiana state board of education,,Primary and Secondary Education,3500004788,12,1904,4,5,1,0,2,31.0,7.62,14.285714285714285,39.40679051889814
Indiana,2022-03-25,"Title 511, Article 2",school construction,indiana state board of education,,Primary and Secondary Education,3500004768,0,223,0,0,0,0,0,12.0,5.64,0.0,43.94701986754967
Indiana,2022-03-25,"Title 511, Article 20",certificate of multilingual proficiency,indiana state board of education,,Primary and Secondary Education,3500004789,7,733,4,1,0,0,2,18.0,6.94,2.7777777777777777,39.025597269624576
Indiana,2022-03-25,"Title 511, Article 21",teacher preparation program,indiana state board of education,,Primary and Secondary Education,3500004790,7,551,2,1,0,0,4,23.0,6.74,9.523809523809524,39.42270531400966
Indiana,2022-03-25,"Title 511, Article 3",reorganization of school corporations,indiana state board of education,,Primary and Secondary Education,3500004769,1,268,1,0,0,0,0,12.0,6.37,0.0,38.64705882352941
Indiana,2022-03-25,"Title 511, Article 4",pupil personnel services student health testing food and nutrition programs extended services,indiana state board of education,,Primary and Secondary Education,3500004770,85,6620,81,2,1,0,1,28.0,8.58,10.50228310502283,37.50584307178631
Indiana,2022-03-25,"Title 511, Article 5",achievement tests,indiana state board of education,,Primary and Secondary Education,3500004771,48,4103,23,18,1,0,6,24.0,8.05,7.947019867549669,35.790522875817
Indiana,2022-03-25,"Title 511, Article 6",driver education graduation requirements nonstandard programs high ability students postsecondary enrollment,indiana state board of education,,Primary and Secondary Education,3500004772,138,13718,46,58,3,0,31,22.0,8.46,5.714285714285714,37.41404181502784
Indiana,2022-03-25,"Title 511, Article 6-1",school accreditation,indiana state board of education,,Primary and Secondary Education,3500004773,75,11456,55,8,1,1,10,21.0,8.04,7.079646017699115,35.9354879118126
Indiana,2022-03-25,"Title 511, Article 6-2",school performance and growth accountability,indiana state board of education,,Primary and Secondary Education,3500004774,169,16720,118,36,1,2,12,25.0,8.46,12.478920741989882,35.54640845613764
Indiana,2022-03-25,"Title 511, Article 6-3",adult high school performance and improvement accountability,indiana state board of education,,Primary and Secondary Education,3500004775,29,1928,24,4,0,0,1,25.0,7.42,10.606060606060606,33.79240162822252
Indiana,2022-03-25,"Title 511, Article 7",special education,indiana state board of education,,Primary and Secondary Education,3500004776,789,87034,185,472,31,3,98,29.0,8.94,23.634377276037878,36.0718021163015
Indiana,2022-03-25,"Title 511, Article 8",vocational education,indiana state board of education,,Primary and Secondary Education,3500004777,20,1752,18,1,0,0,1,24.0,7.1,4.761904761904762,34.71463414634146
Indiana,2022-03-25,"Title 512, Article 1",threshold of student absences for reporting purposes to local health departments,department of education,,Primary and Secondary Education,3500004791,9,712,7,0,0,0,2,18.0,7.07,5.714285714285714,39.47433628318584
Indiana,2022-03-25,"Title 512, Article 3",school scholarship program,department of education,,Primary and Secondary Education,3500004792,9,1031,4,3,0,0,2,18.0,6.9,8.16326530612245,39.11749680715198
Indiana,2022-03-25,"Title 512, Article 4",choice scholarship program,department of education,,Primary and Secondary Education,3500004793,42,3732,17,13,5,0,7,27.0,7.17,15.32258064516129,37.2154404486968
Indiana,2022-03-25,"Title 512, Article 5",family friendly schools program,department of education,,Primary and Secondary Education,3500004794,26,1657,26,0,0,0,0,18.0,6.97,3.7037037037037033,35.54269752593775
Indiana,2022-03-25,"Title 513, Article 1",seclusion and restraint in schools,commission on seclusion and restraint in schools,,Primary and Secondary Education,3500004795,47,6387,31,11,0,3,2,25.0,7.8,11.659192825112108,34.974550595839226
Indiana,2022-03-25,"Title 515, Article 1",teacher training and licensing beginning residency and license renewal,advisory board of the division of professional standards,,"Industry, Commerce, and Development",3500004796,0,5632,0,0,0,0,0,14.0,6.54,0.0,41.424558587479936
Indiana,2022-03-25,"Title 515, Article 4",professional educator license teachers,advisory board of the division of professional standards,,"Industry, Commerce, and Development",3500004798,0,676,0,0,0,0,0,12.0,5.85,0.0,42.47757847533632
Indiana,2022-03-25,"Title 515, Article 8",initial practitioner and other licenses,advisory board of the division of professional standards,,"Industry, Commerce, and Development",3500004799,0,1661,0,0,0,0,0,7.0,5.89,0.0,42.936763129689176
Indiana,2022-03-25,"Title 515, Article 9",issuance and revocation of various licenses and permits,advisory board of the division of professional standards,,"Industry, Commerce, and Development",3500004800,0,1063,0,0,0,0,0,11.0,6.3,0.0,42.56381486676017
Indiana,2022-03-25,"Title 52, Article 4",procedures for appeals before the indiana board of tax review,indiana board of tax review,,Taxes and Public Finance,3500004367,93,10349,50,30,8,1,4,22.0,7.78,14.734299516908212,31.012378968010783
Indiana,2022-03-25,"Title 530, Article 2",requirements for education begun after academic year 1977 78,commission on teacher training and licensing,,Primary and Secondary Education,3500004803,0,4362,0,0,0,0,0,14.0,5.91,0.0,39.87585217079297
Indiana,2022-03-25,"Title 550, Article 2",indiana state teachers retirement fund,board of trustees of the indiana state teachers retirement fund,,Primary and Secondary Education,3500004805,4,5498,0,0,0,0,4,16.0,5.78,0.0,35.42109436954798
Indiana,2022-03-25,"Title 560, Article 2",general provisions,indiana education employment relations board,,Primary and Secondary Education,3500004807,270,15547,237,6,3,0,24,25.0,8.42,19.02268760907504,34.454833475001934
Indiana,2022-03-25,"Title 575, Article 1",minimum specifications for school buses,state school bus committee,,Primary and Secondary Education,3500004808,505,29595,17,460,10,8,10,19.0,8.5,9.038322487346347,28.157894736842103
Indiana,2022-03-25,"Title 590, Article 3",statewide library card program,indiana library and historical board,,"Culture, Recreation, and the Arts",3500004810,35,2794,21,7,1,0,6,23.0,7.3,14.285714285714285,28.56191806331471
Indiana,2022-03-25,"Title 590, Article 5",librarian certification,indiana library and historical board,,"Culture, Recreation, and the Arts",3500004811,75,7458,42,15,0,0,18,26.0,7.88,4.743083003952568,38.6804068522484
Indiana,2022-03-25,"Title 590, Article 6",general provisions,indiana library and historical board,,"Culture, Recreation, and the Arts",3500004812,51,3473,36,11,0,0,4,21.0,8.1,4.666666666666667,34.8580915763719
Indiana,2022-03-25,"Title 60, Article 2",microfilming standards,oversight committee on public records,,Administration,3500004369,26,2473,12,11,0,0,3,23.0,7.84,5.434782608695652,35.67665002773156
Indiana,2022-03-25,"Title 60, Article 3",electronic copies of forms,oversight committee on public records,,Administration,3500004370,3,652,2,1,0,0,0,21.0,6.22,12.5,30.321342925659472
Indiana,2022-03-25,"Title 60, Article 4",commercial use of governmental records of the administration,oversight committee on public records,,Administration,3500004371,2,481,0,0,1,1,0,22.0,6.11,6.25,31.645390070921987
Indiana,2022-03-25,"Title 60, Article 5",access to health records,oversight committee on public records,,Administration,3500004372,6,425,2,4,0,0,0,19.0,6.36,5.263157894736842,36.48534201954397
Indiana,2022-03-25,"Title 610, Article 10",youth employment,department of labor,,Labor and Workforce Development,3500004818,17,1530,8,0,0,0,9,21.0,6.52,5.357142857142857,30.736216216216217
Indiana,2022-03-25,"Title 610, Article 11",right to work,department of labor,,Labor and Workforce Development,3500004819,27,1964,19,2,0,0,6,24.0,7.61,21.333333333333336,31.891840607210625
Indiana,2022-03-25,"Title 610, Article 4",safety education and training occupational safety,department of labor,,Labor and Workforce Development,3500004813,0,2669,0,0,0,0,0,13.0,6.23,0.5882352941176471,36.62753036437247
Indiana,2022-03-25,"Title 610, Article 6",wages and hours,department of labor,,Labor and Workforce Development,3500004814,13,1609,8,2,0,0,3,21.0,6.67,14.516129032258066,31.66481481481481
Indiana,2022-03-25,"Title 610, Article 7",discrimination against employees exercising their rights under the indiana occupational safety and health act,department of labor,,Labor and Workforce Development,3500004815,9,743,9,0,0,0,0,21.0,6.69,7.142857142857142,35.21906693711968
Indiana,2022-03-25,"Title 610, Article 8",safety education and training,department of labor,,Labor and Workforce Development,3500004816,14,2894,13,0,1,0,0,26.0,7.24,15.384615384615383,34.42054728756601
Indiana,2022-03-25,"Title 610, Article 9",occupational safety and health,department of labor,,Labor and Workforce Development,3500004817,54,3944,42,2,2,1,7,25.0,7.6,19.84732824427481,35.225366876310275
Indiana,2022-03-25,"Title 615, Article 1",occupational health and safety proceedings before the board of safety review,board of safety review,,"Security, Justice, and Corrections",3500004820,74,5651,58,3,0,0,13,35.0,7.7,33.57142857142857,30.41287878787879
Indiana,2022-03-25,"Title 620, Article 1",health and safety standards,occupational safety standards commission,,Labor and Workforce Development,3500004821,74,19121,63,4,0,0,7,20.0,8.96,5.915813424345847,39.04052004333695
Indiana,2022-03-25,"Title 62, Article 1",formal complaints,office of the public access counselor,,Administration,3500004373,4,680,3,1,0,0,0,29.0,6.83,30.0,30.357001972386588
Indiana,2022-03-25,"Title 630, Article 1",workmen s compensation,industrial board of indiana,,"Industry, Commerce, and Development",3500004822,0,2031,0,0,0,0,0,14.0,5.81,0.0,37.14699162223915
Indiana,2022-03-25,"Title 631, Article 1",worker s compensation,worker s compensation board of indiana,,Labor and Workforce Development,3500004823,126,10994,99,16,2,0,9,30.0,8.21,19.384615384615383,30.24662242237497
Indiana,2022-03-25,"Title 646, Article 2",employment and training services policies and procedures,department of workforce development,,Labor and Workforce Development,3500004824,0,1001,0,0,0,0,0,6.0,5.28,0.0,44.39338235294117
Indiana,2022-03-25,"Title 646, Article 3",indiana employment security act administration,department of workforce development,,Labor and Workforce Development,3500004825,0,3940,0,0,0,0,0,9.0,6.38,0.0,43.58497691984893
Indiana,2022-03-25,"Title 646, Article 5",indiana employment and training services act administration,department of workforce development,,Labor and Workforce Development,3500004826,239,25372,164,46,1,1,27,28.0,8.42,24.652338811630848,34.196865077365054
Indiana,2022-03-25,"Title 650, Article 11",liquefied petroleum gas,state fire marshal,,"Security, Justice, and Corrections",3500004827,2,841,0,2,0,0,0,13.0,5.91,0.0,38.07821229050279
Indiana,2022-03-25,"Title 655, Article 1",personnel standards and education,board of firefighting personnel standards and education,,"Security, Justice, and Corrections",3500004828,223,25689,199,5,2,0,17,29.0,7.98,15.19674355495251,35.904609510976364
Indiana,2022-03-25,"Title 65, Article 1",the commission,state lottery commission,,Taxes and Public Finance,3500004374,36,5732,22,8,1,4,1,23.0,7.9,7.76255707762557,34.16065573770492
Indiana,2022-03-25,"Title 65, Article 2",procurement,state lottery commission,,Taxes and Public Finance,3500004375,55,5937,35,4,1,1,14,27.0,7.74,21.052631578947366,32.5146958304853
Indiana,2022-03-25,"Title 65, Article 3",retailers,state lottery commission,,Taxes and Public Finance,3500004376,32,5717,16,8,3,2,3,24.0,7.62,7.804878048780488,34.34582065090143
Indiana,2022-03-25,"Title 65, Article 4",scratch off games,state lottery commission,,Taxes and Public Finance,3500004377,0,11259,0,0,0,0,0,19.0,6.17,0.0,33.81173081958628
Indiana,2022-03-25,"Title 65, Article 7",lottery games,state lottery commission,,Taxes and Public Finance,3500004380,14,5390,13,1,0,0,0,16.0,6.52,7.857142857142857,30.982991360691145
Indiana,2022-03-25,"Title 65, Article 8",prize claims validation and payment,state lottery commission,,Taxes and Public Finance,3500004381,54,4406,23,29,0,0,2,29.0,7.9,21.16788321167883,30.67964404894327
Indiana,2022-03-25,"Title 660, Article 1",general building requirements,administrative building council of indiana,,"Industry, Commerce, and Development",3500004829,0,2369,0,0,0,0,0,16.0,5.82,0.0,43.93937460114869
Indiana,2022-03-25,"Title 660, Article 5",swimming pool code,administrative building council of indiana,,"Industry, Commerce, and Development",3500004832,0,592,0,0,0,0,0,15.0,5.95,0.0,44.97555012224939
Indiana,2022-03-25,"Title 675, Article 12",administration,fire prevention and building safety commission,,"Security, Justice, and Corrections",3500004838,375,41953,283,14,7,4,67,24.0,8.69,12.916111850865514,33.42267411976356
Indiana,2022-03-25,"Title 675, Article 13",building codes,fire prevention and building safety commission,,"Security, Justice, and Corrections",3500004839,328,37930,224,2,0,0,102,31.0,8.08,13.422131147540984,33.95560263436651
Indiana,2022-03-25,"Title 675, Article 14",one and two family dwelling code,fire prevention and building safety commission,,"Security, Justice, and Corrections",3500004840,859,75125,744,3,1,11,100,20.0,8.64,8.794371602174609,32.739690819784485
Indiana,2022-03-25,"Title 675, Article 15",industrialized building systems,fire prevention and building safety commission,,"Security, Justice, and Corrections",3500004841,1084,58566,987,10,3,10,74,23.0,9.17,12.279190004308488,33.01057589568024
Indiana,2022-03-25,"Title 675, Article 16",plumbing code,fire prevention and building safety commission,,"Security, Justice, and Corrections",3500004842,62,7016,54,0,0,2,6,26.0,8.44,11.11111111111111,33.37805796010538
Indiana,2022-03-25,"Title 675, Article 17",electrical codes,fire prevention and building safety commission,,"Security, Justice, and Corrections",3500004843,24,5108,19,0,0,3,2,27.0,7.34,11.76470588235294,32.65013690295102
Indiana,2022-03-25,"Title 675, Article 18",mechanical code,fire prevention and building safety commission,,"Security, Justice, and Corrections",3500004844,51,5177,36,1,0,0,14,24.0,8.55,15.18324607329843,35.980797636632204
Indiana,2022-03-25,"Title 675, Article 19",energy conservation codes,fire prevention and building safety commission,,"Security, Justice, and Corrections",3500004845,13,2592,4,1,0,0,8,21.0,7.42,11.650485436893204,37.52412280701754
Indiana,2022-03-25,"Title 675, Article 20",swimming pool code,fire prevention and building safety commission,,"Security, Justice, and Corrections",3500004846,700,38210,652,21,2,3,22,26.0,8.95,11.791044776119405,29.55954866958572
Indiana,2022-03-25,"Title 675, Article 21",safety codes for elevators escalators manlifts and hoists,fire prevention and building safety commission,,"Security, Justice, and Corrections",3500004847,166,15146,119,7,1,0,39,23.0,8.33,11.091854419410744,36.41728801803364
Indiana,2022-03-25,"Title 675, Article 22",fire prevention codes,fire prevention and building safety commission,,"Security, Justice, and Corrections",3500004848,739,87686,564,20,4,16,135,18.0,8.55,5.860202400564838,35.206808037539034
Indiana,2022-03-25,"Title 675, Article 23",recreational facilities,fire prevention and building safety commission,,"Security, Justice, and Corrections",3500004849,6,2845,5,0,0,1,0,14.0,6.37,0.6024096385542169,38.33387888707038
Indiana,2022-03-25,"Title 675, Article 24",supplementary fire safety rules,fire prevention and building safety commission,,"Security, Justice, and Corrections",3500004850,41,2986,38,0,0,0,3,26.0,7.57,13.26530612244898,29.98173076923077
Indiana,2022-03-25,"Title 675, Article 25",fuel gas code,fire prevention and building safety commission,,"Security, Justice, and Corrections",3500004851,29,2945,23,0,0,0,6,19.0,8.07,9.352517985611511,37.067896060352055
Indiana,2022-03-25,"Title 675, Article 26",regulated explosives use and licensure,fire prevention and building safety commission,,"Security, Justice, and Corrections",3500004852,69,4981,62,1,0,0,6,17.0,8.39,5.617977528089887,35.01992709599028
Indiana,2022-03-25,"Title 675, Article 27",indiana visitability rule for one and two family dwellings and townhouses,fire prevention and building safety commission,,"Security, Justice, and Corrections",3500004853,144,6921,138,1,1,0,4,30.0,8.33,19.71153846153846,31.8302752293578
Indiana,2022-03-25,"Title 675, Article 28",national fire protection association,fire prevention and building safety commission,,"Security, Justice, and Corrections",3500004854,432,38199,346,0,0,2,84,19.0,8.72,8.047852093529093,37.55725215482455
Indiana,2022-03-25,"Title 675, Article 29",outdoor event equipment,fire prevention and building safety commission,,"Security, Justice, and Corrections",3500004855,19,2362,13,0,0,0,6,28.0,7.25,9.58904109589041,35.93398957730168
Indiana,2022-03-25,"Title 675, Article 30",indiana boiler and pressure vessel rules,fire prevention and building safety commission,,"Security, Justice, and Corrections",3500004856,364,36105,321,16,2,7,18,31.0,8.17,16.59877800407332,29.84907918613181
Indiana,2022-03-25,"Title 675, Article 31",indiana amusement device code,fire prevention and building safety commission,,"Security, Justice, and Corrections",3500004857,191,22692,174,6,0,0,11,27.0,7.84,13.642960812772134,34.10141047407601
Indiana,2022-03-25,"Title 68, Article 1",general provisions,indiana gaming commission,,"Industry, Commerce, and Development",3500004382,214,35034,138,48,6,1,21,26.0,8.0,7.754010695187167,32.18249813014211
Indiana,2022-03-25,"Title 68, Article 10",conduct of gaming,indiana gaming commission,,"Industry, Commerce, and Development",3500004391,493,37371,252,205,25,3,8,23.0,8.17,20.175438596491222,24.463689792609607
Indiana,2022-03-25,"Title 68, Article 11",internal control procedures,indiana gaming commission,,"Industry, Commerce, and Development",3500004392,237,11997,205,26,0,2,4,24.0,8.27,9.032258064516128,31.166479877738155
Indiana,2022-03-25,"Title 68, Article 12",security and surveillance,indiana gaming commission,,"Industry, Commerce, and Development",3500004393,84,6636,18,56,2,0,8,19.0,8.47,8.038585209003216,34.43484819913257
Indiana,2022-03-25,"Title 68, Article 13",seizure forfeiture and disciplinary hearings,indiana gaming commission,,"Industry, Commerce, and Development",3500004394,39,6570,0,37,2,0,0,22.0,7.73,11.583011583011585,32.76255336450498
Indiana,2022-03-25,"Title 68, Article 14",gaming equipment,indiana gaming commission,,"Industry, Commerce, and Development",3500004395,275,14096,186,84,3,0,2,22.0,8.26,7.773851590106007,29.68709939514309
Indiana,2022-03-25,"Title 68, Article 15",accounting records and procedures,indiana gaming commission,,"Industry, Commerce, and Development",3500004396,414,24213,301,92,4,1,16,24.0,8.65,11.391018619934282,33.22441227800021
Indiana,2022-03-25,"Title 68, Article 16",credit,indiana gaming commission,,"Industry, Commerce, and Development",3500004397,61,3957,47,7,2,0,5,20.0,7.72,11.627906976744184,33.431915595120344
Indiana,2022-03-25,"Title 68, Article 17",movement of gaming equipment,indiana gaming commission,,"Industry, Commerce, and Development",3500004398,27,2890,11,12,2,0,2,25.0,7.29,19.41747572815534,32.413327526132406
Indiana,2022-03-25,"Title 68, Article 18",dispute procedures,indiana gaming commission,,"Industry, Commerce, and Development",3500004399,10,866,9,1,0,0,0,21.0,6.84,11.428571428571429,30.437603993344425
Indiana,2022-03-25,"Title 68, Article 19",warehouses,indiana gaming commission,,"Industry, Commerce, and Development",3500004400,9,783,0,8,1,0,0,23.0,6.49,3.7037037037037033,30.696428571428573
Indiana,2022-03-25,"Title 68, Article 2",licenses and approval of associated equipment,indiana gaming commission,,"Industry, Commerce, and Development",3500004383,640,44686,312,277,14,1,36,26.0,8.64,16.169648774022534,34.39970926089559
Indiana,2022-03-25,"Title 68, Article 21",charity gaming,indiana gaming commission,,"Industry, Commerce, and Development",3500004401,170,12485,51,92,8,3,16,23.0,8.38,21.487603305785125,34.83185495662345
Indiana,2022-03-25,"Title 68, Article 24",boxing and mixed martial arts,indiana gaming commission,,"Industry, Commerce, and Development",3500004402,403,31786,53,253,25,26,46,28.0,8.61,21.09300095877277,32.46110395026158
Indiana,2022-03-25,"Title 68, Article 25",limited mobile gaming,indiana gaming commission,,"Industry, Commerce, and Development",3500004403,182,10357,116,47,1,1,17,18.0,8.12,10.038610038610038,34.945337620578776
Indiana,2022-03-25,"Title 68, Article 26",paid fantasy sports,indiana gaming commission,,"Industry, Commerce, and Development",3500004404,123,8138,74,27,7,3,12,23.0,8.17,12.386706948640484,35.036583588398194
Indiana,2022-03-25,"Title 68, Article 27",sports wagering,indiana gaming commission,,"Industry, Commerce, and Development",3500004405,340,19432,224,61,7,25,23,25.0,8.61,16.459197786998615,36.93890093998554
Indiana,2022-03-25,"Title 68, Article 3",minority and women s business enterprises,indiana gaming commission,,"Industry, Commerce, and Development",3500004384,39,5065,31,1,4,0,3,30.0,7.52,11.11111111111111,35.76431424766977
Indiana,2022-03-25,"Title 68, Article 4",corporations,indiana gaming commission,,"Industry, Commerce, and Development",3500004385,38,3560,25,7,0,1,5,35.0,7.89,16.842105263157894,33.51001697792869
Indiana,2022-03-25,"Title 68, Article 5",transfer of ownership,indiana gaming commission,,"Industry, Commerce, and Development",3500004386,68,6452,25,30,5,0,8,30.0,7.84,12.755102040816327,35.21724932769881
Indiana,2022-03-25,"Title 68, Article 6",exclusion and eviction of persons,indiana gaming commission,,"Industry, Commerce, and Development",3500004387,91,7120,50,39,1,1,0,24.0,8.06,12.592592592592592,32.29138956947848
Indiana,2022-03-25,"Title 68, Article 7",denial and exclusion hearings,indiana gaming commission,,"Industry, Commerce, and Development",3500004388,39,3333,31,6,2,0,0,25.0,7.55,15.517241379310343,30.763527054108216
Indiana,2022-03-25,"Title 68, Article 8",public safety and excursions,indiana gaming commission,,"Industry, Commerce, and Development",3500004389,65,6988,63,1,0,0,1,21.0,7.65,4.946996466431095,37.05225793729048
Indiana,2022-03-25,"Title 68, Article 9",ethics,indiana gaming commission,,"Industry, Commerce, and Development",3500004390,45,5318,38,1,1,2,3,19.0,7.22,6.0728744939271255,34.595749877870055
Indiana,2022-03-25,"Title 710, Article 1",general provisions,securities division,,"Banking, Insurance, and Securities",3500004858,16,3426,12,2,0,0,2,15.0,7.42,5.445544554455446,36.66398985629755
Indiana,2022-03-25,"Title 710, Article 2",supervision of continuing care contracts,securities division,,"Banking, Insurance, and Securities",3500004859,51,4228,39,4,0,0,8,29.0,8.14,12.12121212121212,34.654637637936176
Indiana,2022-03-25,"Title 710, Article 3",business takeover offers,securities division,,"Banking, Insurance, and Securities",3500004860,15,1125,1,10,0,0,4,27.0,7.09,27.77777777777778,32.144
Indiana,2022-03-25,"Title 710, Article 4",uniform securities,securities division,,"Banking, Insurance, and Securities",3500004861,545,42135,372,56,11,2,104,14.0,9.43,11.924610366074663,35.232614862536124
Indiana,2022-03-25,"Title 71, Article 1",definitions,indiana horse racing commission,,"Culture, Recreation, and the Arts",3500004406,13,16072,5,5,0,1,2,29.0,7.13,3.8901601830663615,29.052368313597388
Indiana,2022-03-25,"Title 71, Article 10",due process and disciplinary action,indiana horse racing commission,,"Culture, Recreation, and the Arts",3500004422,158,14327,99,40,6,1,12,30.0,8.38,21.93995381062356,31.548004501774734
Indiana,2022-03-25,"Title 71, Article 11",permit application requirements and criteria,indiana horse racing commission,,"Culture, Recreation, and the Arts",3500004423,85,7237,54,4,1,0,26,28.0,8.3,14.782608695652174,34.945650316185265
Indiana,2022-03-25,"Title 71, Article 12",satellite facility and simulcasting,indiana horse racing commission,,"Culture, Recreation, and the Arts",3500004424,117,11094,94,3,3,0,17,30.0,8.24,14.37308868501529,34.52800939518497
Indiana,2022-03-25,"Title 71, Article 13",registered horsemen s associations,indiana horse racing commission,,"Culture, Recreation, and the Arts",3500004425,47,4170,26,5,0,1,15,38.0,7.83,22.0,35.176248548199766
Indiana,2022-03-25,"Title 71, Article 13-5",thoroughbred development program,indiana horse racing commission,,"Culture, Recreation, and the Arts",3500004426,51,3955,12,34,0,0,5,27.0,7.79,21.37404580152672,29.64201183431953
Indiana,2022-03-25,"Title 71, Article 14",standardbred development program,indiana horse racing commission,,"Culture, Recreation, and the Arts",3500004427,31,2298,3,28,0,0,0,22.0,7.62,8.333333333333332,31.539045553145336
Indiana,2022-03-25,"Title 71, Article 14-5",quarter horse development program,indiana horse racing commission,,"Culture, Recreation, and the Arts",3500004428,57,4682,5,46,0,0,6,28.0,7.81,19.463087248322147,29.13838550247117
Indiana,2022-03-25,"Title 71, Article 1-5",flat racing definitions,indiana horse racing commission,,"Culture, Recreation, and the Arts",3500004407,8,15669,5,0,0,1,2,31.0,7.07,3.482587064676617,28.747115384615384
Indiana,2022-03-25,"Title 71, Article 2",commission,indiana horse racing commission,,"Culture, Recreation, and the Arts",3500004408,41,3689,25,7,4,1,4,28.0,7.95,13.157894736842104,32.05827672506257
Indiana,2022-03-25,"Title 71, Article 3",officials,indiana horse racing commission,,"Culture, Recreation, and the Arts",3500004409,104,9802,91,3,1,2,7,27.0,7.86,12.779552715654953,30.694808899030235
Indiana,2022-03-25,"Title 71, Article 3-5",flat racing officials,indiana horse racing commission,,"Culture, Recreation, and the Arts",3500004410,136,11461,120,2,1,2,11,31.0,7.93,12.037037037037036,31.158788598574823
Indiana,2022-03-25,"Title 71, Article 4",associations,indiana horse racing commission,,"Culture, Recreation, and the Arts",3500004411,176,9417,130,27,2,1,16,29.0,8.35,10.580204778156997,31.89801699716714
Indiana,2022-03-25,"Title 71, Article 4-5",flat racing associations,indiana horse racing commission,,"Culture, Recreation, and the Arts",3500004412,178,9043,131,29,2,1,15,29.0,8.28,8.60215053763441,32.31
Indiana,2022-03-25,"Title 71, Article 5",licensees,indiana horse racing commission,,"Culture, Recreation, and the Arts",3500004413,166,12953,118,11,2,10,25,28.0,8.39,11.08433734939759,31.953159041394336
Indiana,2022-03-25,"Title 71, Article 5-5",flat racing licensees,indiana horse racing commission,,"Culture, Recreation, and the Arts",3500004414,210,16000,162,8,2,13,25,28.0,8.35,11.6370808678501,31.64223257334314
Indiana,2022-03-25,"Title 71, Article 6",types of races,indiana horse racing commission,,"Culture, Recreation, and the Arts",3500004415,150,6705,106,33,3,1,7,29.0,8.52,29.629629629629623,28.04378801042572
Indiana,2022-03-25,"Title 71, Article 6-5",flat racing claiming races,indiana horse racing commission,,"Culture, Recreation, and the Arts",3500004416,47,2957,42,1,1,1,2,35.0,7.93,25.97402597402597,27.406441092539747
Indiana,2022-03-25,"Title 71, Article 7",rules of the race,indiana horse racing commission,,"Culture, Recreation, and the Arts",3500004417,303,22475,232,50,5,3,13,30.0,8.28,25.602409638554217,26.65272856130404
Indiana,2022-03-25,"Title 71, Article 7-5",flat racing rules of the race,indiana horse racing commission,,"Culture, Recreation, and the Arts",3500004418,266,18550,219,28,4,2,13,34.0,8.7,35.88709677419355,27.96238161467647
Indiana,2022-03-25,"Title 71, Article 8",human and equine health,indiana horse racing commission,,"Culture, Recreation, and the Arts",3500004419,338,24211,254,41,5,32,6,32.0,8.93,19.530102790014684,32.92579075425791
Indiana,2022-03-25,"Title 71, Article 8-5",flat racing human and equine health,indiana horse racing commission,,"Culture, Recreation, and the Arts",3500004420,404,27362,318,37,4,36,9,32.0,8.95,19.6870925684485,33.22038800391564
Indiana,2022-03-25,"Title 71, Article 9",pari mutuel wagering,indiana horse racing commission,,"Culture, Recreation, and the Arts",3500004421,472,30673,391,47,3,8,23,33.0,8.54,44.16184971098266,31.400423008649017
Indiana,2022-03-25,"Title 750, Article 1",uniform consumer credit code,department of financial institutions,,"Banking, Insurance, and Securities",3500004862,6,889,3,0,0,0,3,98.0,6.81,0.0,26.08879492600423
Indiana,2022-03-25,"Title 750, Article 9",mortgage lenders and originators,department of financial institutions,,"Banking, Insurance, and Securities",3500004867,129,15975,61,30,13,2,23,38.0,8.83,21.09375,35.50207684319834
Indiana,2022-03-25,"Title 75, Article 3",salvage vehicle regulations,secretary of state,,Administration,3500004429,35,3940,12,16,1,0,6,24.0,7.7,12.05673758865248,32.05184683158252
Indiana,2022-03-25,"Title 75, Article 5",watercraft,secretary of state,,Administration,3500004430,45,5420,13,22,5,0,5,22.0,7.37,6.220095693779904,31.963156519466946
Indiana,2022-03-25,"Title 75, Article 6",auto dealer services,secretary of state,,Administration,3500004431,119,8964,21,66,13,0,19,24.0,7.97,13.017751479289942,33.083288983501866
Indiana,2022-03-25,"Title 75, Article 7",notary public governance,secretary of state,,Administration,3500004432,79,5619,18,56,0,3,2,23.0,7.9,16.363636363636363,35.72901261418008
Indiana,2022-03-25,"Title 760, Article 1",general provisions,department of insurance,,"Banking, Insurance, and Securities",3500004868,2539,247579,1763,308,61,26,381,32.0,9.9,24.08940397350993,34.780910083366415
Indiana,2022-03-25,"Title 760, Article 2",long term care insurance coverage,department of insurance,,"Banking, Insurance, and Securities",3500004869,435,40172,309,44,16,4,62,29.0,8.96,21.42298670836591,34.31854679877587
Indiana,2022-03-25,"Title 760, Article 3",medicare supplement insurance minimum standards,department of insurance,,"Banking, Insurance, and Securities",3500004870,356,33346,301,18,14,5,18,30.0,9.02,22.48062015503876,36.29285266894008
Indiana,2022-03-25,"Title 760, Article 4",navigators and application organizations,department of insurance,,"Banking, Insurance, and Securities",3500004871,135,10828,107,14,1,2,11,28.0,8.19,15.32033426183844,41.99439594783921
Indiana,2022-03-25,"Title 762, Article 2",membership in political subdivision risk management fund and catastrophic liability fund,indiana political subdivision risk management commission,,"Banking, Insurance, and Securities",3500004872,9,1157,9,0,0,0,0,24.0,7.01,14.634146341463412,36.553386911595865
Indiana,2022-03-25,"Title 804, Article 1-1",registration code of conduct for architects,board of registration for architects and landscape architects,,"Industry, Commerce, and Development",3500004873,140,12681,102,15,2,0,21,25.0,8.25,7.6923076923076925,38.192070578231295
Indiana,2022-03-25,"Title 808, Article 1",general provisions,state athletic commission,,"Culture, Recreation, and the Arts",3500004874,2,1372,0,1,0,1,0,12.0,6.03,0.0,38.936268829663966
Indiana,2022-03-25,"Title 808, Article 2",boxing and other ring exhibitions,state athletic commission,,"Culture, Recreation, and the Arts",3500004875,1,2262,0,0,0,1,0,14.0,5.98,0.0,39.798507462686565
Indiana,2022-03-25,"Title 80, Article 1",procurement of property,state fair commission,,"Culture, Recreation, and the Arts",3500004433,1,2023,0,0,0,1,0,11.0,5.65,0.0,35.876106194690266
Indiana,2022-03-25,"Title 80, Article 10",disposal of property,state fair commission,,"Culture, Recreation, and the Arts",3500004438,25,1595,16,9,0,0,0,20.0,7.34,6.666666666666667,33.75701624815362
Indiana,2022-03-25,"Title 80, Article 11",general operations,state fair commission,,"Culture, Recreation, and the Arts",3500004439,21,2092,11,3,0,7,0,21.0,7.7,12.22222222222222,34.46076696165192
Indiana,2022-03-25,"Title 80, Article 12",code of ethics,state fair commission,,"Culture, Recreation, and the Arts",3500004440,1,76,1,0,0,0,0,10.0,5.32,0.0,32.93877551020408
Indiana,2022-03-25,"Title 80, Article 2",real property contracting procedures,state fair commission,,"Culture, Recreation, and the Arts",3500004434,0,521,0,0,0,0,0,13.0,5.58,0.0,36.19825072886297
Indiana,2022-03-25,"Title 80, Article 7",definitions,state fair commission,,"Culture, Recreation, and the Arts",3500004435,1,3723,0,0,0,0,1,20.0,7.16,5.844155844155844,37.31055900621118
Indiana,2022-03-25,"Title 80, Article 8",procurement of services and supplies,state fair commission,,"Culture, Recreation, and the Arts",3500004436,91,5271,56,17,4,2,12,24.0,8.15,29.850746268656717,36.95077895687514
Indiana,2022-03-25,"Title 80, Article 9",commission works,state fair commission,,"Culture, Recreation, and the Arts",3500004437,101,6292,74,15,2,1,9,26.0,7.97,20.444444444444446,35.2333396620467
Indiana,2022-03-25,"Title 810, Article 1",pilot program for state registration of privately certified individuals,indiana professional licensing agency,,"Industry, Commerce, and Development",3500004876,16,1198,13,0,0,0,3,24.0,6.85,13.636363636363637,38.82636655948553
Indiana,2022-03-25,"Title 810, Article 2",health care volunteer registry,indiana professional licensing agency,,"Industry, Commerce, and Development",3500004877,10,794,9,0,0,0,1,22.0,6.51,6.666666666666667,35.58392857142857
Indiana,2022-03-25,"Title 812, Article 1",general provisions,indiana auctioneer commission,,"Industry, Commerce, and Development",3500004878,40,5466,30,4,0,2,4,25.0,7.38,9.03954802259887,32.402905839620004
Indiana,2022-03-25,"Title 812, Article 2",auctioneer courses and initial education course providers,indiana auctioneer commission,,"Industry, Commerce, and Development",3500004879,97,6510,33,37,7,4,16,22.0,7.49,12.195121951219512,35.052274270196875
Indiana,2022-03-25,"Title 812, Article 3",continuing education,indiana auctioneer commission,,"Industry, Commerce, and Development",3500004880,66,5170,26,25,1,1,13,22.0,7.8,10.83743842364532,36.13927932532584
Indiana,2022-03-25,"Title 816, Article 1",barber schools and shops,board of barber examiners,,"Industry, Commerce, and Development",3500004881,4,715,0,0,0,3,1,14.0,5.81,0.0,34.73430962343096
Indiana,2022-03-25,"Title 820, Article 2",licensing,state board of cosmetology and barber examiners,,"Industry, Commerce, and Development",3500004882,24,2492,12,5,2,2,3,24.0,7.17,9.195402298850574,33.715808170515096
Indiana,2022-03-25,"Title 820, Article 3",sanitary and equipment requirements,state board of cosmetology and barber examiners,,"Industry, Commerce, and Development",3500004883,134,8039,91,25,1,3,14,25.0,7.79,8.540925266903916,32.56373491869208
Indiana,2022-03-25,"Title 820, Article 4",cosmetology schools,state board of cosmetology and barber examiners,,"Industry, Commerce, and Development",3500004884,185,14430,70,44,10,5,56,30.0,8.58,3.4562211981566824,35.48910129385709
Indiana,2022-03-25,"Title 820, Article 5",tanning facilities,state board of cosmetology and barber examiners,,"Industry, Commerce, and Development",3500004885,96,9207,66,17,4,0,9,27.0,7.92,8.680555555555555,31.969595621769532
Indiana,2022-03-25,"Title 820, Article 7",fees,state board of cosmetology and barber examiners,,"Industry, Commerce, and Development",3500004886,3,375,3,0,0,0,0,31.0,6.32,0.0,44.09722222222222
Indiana,2022-03-25,"Title 820, Article 8",barber schools and shops,state board of cosmetology and barber examiners,,"Industry, Commerce, and Development",3500004887,77,9426,30,27,1,1,18,34.0,8.21,5.761316872427984,31.385017421602782
Indiana,2022-03-25,"Title 820, Article 9",convictions of concern,state board of cosmetology and barber examiners,,"Industry, Commerce, and Development",3500004888,4,4501,2,0,0,2,0,11.0,7.54,0.3496503496503496,40.227695888285496
Indiana,2022-03-25,"Title 824, Article 2",grain buyers and warehouse licensing and bonding,indiana grain buyers and warehouse licensing agency,,"Industry, Commerce, and Development",3500004889,323,16114,276,18,1,2,26,24.0,8.51,17.42671009771987,31.50305222699525
Indiana,2022-03-25,"Title 825, Article 1",grain indemnity corporation,indiana grain indemnity corporation,,"Industry, Commerce, and Development",3500004890,10,1387,10,0,0,0,0,20.0,6.68,1.7241379310344829,32.13238512035011
Indiana,2022-03-25,"Title 828, Article 0-5",general provisions,state board of dentistry,,Health Services,3500004891,4,3412,3,1,0,0,0,30.0,6.98,2.3255813953488373,34.64637239979706
Indiana,2022-03-25,"Title 828, Article 1",licensure of dentists and dental hygienists,state board of dentistry,,Health Services,3500004892,161,14292,70,65,5,1,20,25.0,8.45,9.270216962524657,33.55313250785437
Indiana,2022-03-25,"Title 828, Article 3",anesthesia and sedation,state board of dentistry,,Health Services,3500004893,80,5554,27,41,0,0,12,23.0,8.27,7.79816513761468,37.85136062199863
Indiana,2022-03-25,"Title 828, Article 4",mobile dental facilities and portable dental operations,state board of dentistry,,Health Services,3500004894,42,3197,33,4,0,2,3,29.0,7.52,18.75,33.93674456083804
Indiana,2022-03-25,"Title 828, Article 5",instructor s licenses,state board of dentistry,,Health Services,3500004895,48,2769,25,12,1,0,10,30.0,7.56,15.853658536585366,34.34765625
Indiana,2022-03-25,"Title 828, Article 6",dental assistants,state board of dentistry,,Health Services,3500004896,12,1183,6,3,3,0,0,25.0,7.16,4.545454545454546,36.93587174348698
Indiana,2022-03-25,"Title 832, Article 2",general provisions,state board of funeral and cemetery service,,"Industry, Commerce, and Development",3500004899,30,2745,21,5,0,0,4,31.0,7.74,12.987012987012983,29.99900695134061
Indiana,2022-03-25,"Title 832, Article 3",education examination and licensure,state board of funeral and cemetery service,,"Industry, Commerce, and Development",3500004900,22,1936,11,7,0,0,4,22.0,7.36,1.2987012987012987,32.93120926864591
Indiana,2022-03-25,"Title 832, Article 4",continuing education license restoration and renewal,state board of funeral and cemetery service,,"Industry, Commerce, and Development",3500004901,29,2171,9,14,0,0,6,25.0,7.4,9.333333333333334,33.94267515923567
Indiana,2022-03-25,"Title 832, Article 5",licensure and operation of funeral homes,state board of funeral and cemetery service,,"Industry, Commerce, and Development",3500004902,35,2555,21,10,0,0,4,26.0,7.49,14.117647058823527,29.696360673546984
Indiana,2022-03-25,"Title 832, Article 6",funeral trust funds,state board of funeral and cemetery service,,"Industry, Commerce, and Development",3500004903,6,781,3,1,1,0,1,34.0,7.09,30.0,32.870370370370374
Indiana,2022-03-25,"Title 832, Article 7",preneed funeral burial services or merchandise contracts,state board of funeral and cemetery service,,"Industry, Commerce, and Development",3500004904,35,3802,25,1,1,2,6,32.0,7.58,17.307692307692307,30.73244382022472
Indiana,2022-03-25,"Title 832, Article 8",consumer protection funds,state board of funeral and cemetery service,,"Industry, Commerce, and Development",3500004905,14,1699,10,3,0,0,1,20.0,7.39,8.0,34.68562644119908
Indiana,2022-03-25,"Title 832, Article 9",convictions of concern,state board of funeral and cemetery service,,"Industry, Commerce, and Development",3500004906,7,6002,2,0,0,5,0,11.0,7.77,0.2518891687657431,40.68468731735827
Indiana,2022-03-25,"Title 836, Article 1",emergency medical services,indiana emergency medical services commission,,Health Services,3500004907,304,21985,254,5,1,2,42,19.0,9.25,7.921714818266542,40.09227515583259
Indiana,2022-03-25,"Title 836, Article 2",advanced life support,indiana emergency medical services commission,,Health Services,3500004908,213,10961,179,7,0,2,25,23.0,8.44,9.90990990990991,44.045164085346045
Indiana,2022-03-25,"Title 836, Article 3",air ambulances,indiana emergency medical services commission,,Health Services,3500004909,173,8963,141,3,0,1,28,23.0,8.43,7.82122905027933,39.44658927872701
Indiana,2022-03-25,"Title 836, Article 4",training and certification,indiana emergency medical services commission,,Health Services,3500004910,189,13182,137,12,0,4,36,26.0,8.19,5.615550755939525,43.084115589913495
Indiana,2022-03-25,"Title 839, Article 1",general provisions,behavioral health and human services licensing board,,Social Assistance,3500004911,238,18285,136,48,5,0,49,24.0,8.63,9.763313609467456,37.54216949614781
Indiana,2022-03-25,"Title 840, Article 1",general provisions,indiana state board of health facility administrators,,Health Services,3500004912,81,8452,40,14,3,0,24,30.0,8.3,12.8,33.84285927473511
Indiana,2022-03-25,"Title 840, Article 2",standards of competent practice,indiana state board of health facility administrators,,Health Services,3500004913,9,1436,6,0,1,0,2,25.0,7.42,4.081632653061225,35.523809523809526
Indiana,2022-03-25,"Title 842, Article 1",physical therapists and physical therapists assistants,indiana board of physical therapy,,Health Services,3500004914,119,9629,83,16,5,0,15,31.0,8.6,17.562724014336915,36.54594180704441
Indiana,2022-03-25,"Title 844, Article 1",general provisions,medical licensing board of indiana,,Health Services,3500004915,0,427,0,0,0,0,0,14.0,5.8,0.0,40.4336917562724
Indiana,2022-03-25,"Title 844, Article 10",occupational therapists and occupational therapy assistants,medical licensing board of indiana,,Health Services,3500004922,69,6746,37,11,5,1,15,25.0,7.61,10.222222222222223,36.72729248152977
Indiana,2022-03-25,"Title 844, Article 11",respiratory care practitioners,medical licensing board of indiana,,Health Services,3500004923,54,5353,38,3,1,0,12,25.0,7.85,7.027027027027027,37.88248966942149
Indiana,2022-03-25,"Title 844, Article 13",acupuncturists,medical licensing board of indiana,,Health Services,3500004924,87,7172,70,8,3,0,6,29.0,7.86,15.59633027522936,38.05907859078591
Indiana,2022-03-25,"Title 844, Article 14",genetic counselors,medical licensing board of indiana,,Health Services,3500004925,16,1825,8,2,0,0,6,21.0,6.69,5.797101449275362,34.052545155993435
Indiana,2022-03-25,"Title 844, Article 15",anesthesiologist assistants,medical licensing board of indiana,,Health Services,3500004926,18,1724,7,6,1,1,3,23.0,7.87,11.594202898550725,48.08321775312066
Indiana,2022-03-25,"Title 844, Article 16",high breast density guidelines,medical licensing board of indiana,,Health Services,3500004927,4,738,3,0,0,0,1,23.0,7.24,7.142857142857142,34.26655629139073
Indiana,2022-03-25,"Title 844, Article 17",certified direct entry midwives,medical licensing board of indiana,,Health Services,3500004928,46,3553,32,9,1,0,4,18.0,8.38,11.731843575418994,40.94113667117727
Indiana,2022-03-25,"Title 844, Article 18",diabetes educators,medical licensing board of indiana,,Health Services,3500004929,17,1720,15,1,1,0,0,22.0,7.31,6.25,41.51209992193599
Indiana,2022-03-25,"Title 844, Article 19",dietitians certification,medical licensing board of indiana,,Health Services,3500004930,59,3743,48,7,0,0,4,25.0,7.8,8.59375,39.96622349982034
Indiana,2022-03-25,"Title 844, Article 2-2",physician assistants,medical licensing board of indiana,,Health Services,3500004916,82,8069,50,16,2,1,13,26.0,8.37,20.727272727272727,37.48295809881176
Indiana,2022-03-25,"Title 844, Article 4",medical doctors osteopathic doctors,medical licensing board of indiana,,Health Services,3500004917,86,8785,47,28,0,0,11,27.0,7.82,11.913357400722022,34.06805960977108
Indiana,2022-03-25,"Title 844, Article 5",standards of professional conduct and competent practice of medicine,medical licensing board of indiana,,Health Services,3500004918,218,18630,136,48,6,4,24,26.0,8.77,16.938110749185668,37.60482310668878
Indiana,2022-03-25,"Title 844, Article 6",physical therapists and physical therapists assistants,medical licensing board of indiana,,Health Services,3500004919,0,945,0,0,0,0,0,13.0,5.76,0.0,38.819047619047616
Indiana,2022-03-25,"Title 844, Article 7",reinstatement to practice,medical licensing board of indiana,,Health Services,3500004920,8,893,8,0,0,0,0,24.0,7.14,11.76470588235294,36.159217877094974
Indiana,2022-03-25,"Title 844, Article 9",hearing aid dealers,medical licensing board of indiana,,Health Services,3500004921,26,3341,16,6,1,0,3,25.0,8.01,13.445378151260504,35.08213870592793
Indiana,2022-03-25,"Title 845, Article 1",podiatrists,board of podiatric medicine,,Health Services,3500004931,83,8342,63,8,3,0,9,32.0,8.45,19.742489270386265,34.351458683366424
Indiana,2022-03-25,"Title 845, Article 2",opioid prescribing requirements,board of podiatric medicine,,Health Services,3500004932,36,2592,21,6,1,0,8,25.0,8.17,33.6734693877551,37.54257690592956
Indiana,2022-03-25,"Title 846, Article 1",general provisions,board of chiropractic examiners,,Health Services,3500004933,122,8054,81,20,4,2,15,27.0,8.29,11.877394636015326,35.83309306423194
Indiana,2022-03-25,"Title 847, Article 1",massage therapist licensure,state board of massage therapy,,Health Services,3500004934,28,3898,15,5,0,0,8,25.0,7.41,15.151515151515152,33.71796707229778
Indiana,2022-03-25,"Title 847, Article 2",fees,state board of massage therapy,,Health Services,3500004935,3,132,2,0,0,0,1,18.0,5.92,0.0,41.60919540229885
Indiana,2022-03-25,"Title 848, Article 1",registered nurses and practical nurses,indiana state board of nursing,,Health Services,3500004936,191,11066,180,2,1,0,8,22.0,8.42,5.446623093681917,35.98013018156903
Indiana,2022-03-25,"Title 848, Article 2",standards for the competent practice of registered and licensed practical nursing,indiana state board of nursing,,Health Services,3500004937,8,2230,8,0,0,0,0,22.0,7.58,8.98876404494382,39.29897494305239
Indiana,2022-03-25,"Title 848, Article 3",nurse midwives,indiana state board of nursing,,Health Services,3500004938,20,2894,18,0,0,0,2,22.0,7.06,3.669724770642202,30.38155136268344
Indiana,2022-03-25,"Title 848, Article 4",advanced practice nursing and prescriptive authority for advanced practice nursing,indiana state board of nursing,,Health Services,3500004939,7,2356,4,1,0,0,2,25.0,7.65,5.952380952380952,39.1350774159103
Indiana,2022-03-25,"Title 848, Article 5",prescriptive authority for advanced practice nursing,indiana state board of nursing,,Health Services,3500004940,61,4946,39,11,1,0,10,27.0,8.48,27.167630057803464,38.50842302292934
Indiana,2022-03-25,"Title 848, Article 7",indiana state nurses assistance program,indiana state board of nursing,,Health Services,3500004941,25,2165,20,5,0,0,0,22.0,7.59,26.373626373626376,35.16630196936543
Indiana,2022-03-25,"Title 852, Article 1",general provisions,indiana optometry board,,Health Services,3500004942,124,11296,69,17,6,0,32,25.0,8.38,14.925373134328357,36.04200605073307
Indiana,2022-03-25,"Title 852, Article 3",formulary of legend drugs,indiana optometry board,,Health Services,3500004943,2,380,0,0,0,1,1,14.0,6.19,0.0,33.64502164502164
Indiana,2022-03-25,"Title 856, Article 1",pharmacies and pharmacists,indiana board of pharmacy,,Health Services,3500004944,399,38038,251,83,6,6,53,25.0,8.88,14.393368500376791,35.69061042667224
Indiana,2022-03-25,"Title 856, Article 2",controlled substances,indiana board of pharmacy,,Health Services,3500004945,355,31518,268,26,4,3,54,2.0,9.02,1.489524604997564,38.60586860967014
Indiana,2022-03-25,"Title 856, Article 3",wholesale legend drugs,indiana board of pharmacy,,Health Services,3500004946,20,1967,19,0,0,0,1,20.0,7.09,7.5,33.9424743892829
Indiana,2022-03-25,"Title 856, Article 4",pharmacist vaccinations administered via protocol authority,indiana board of pharmacy,,Health Services,3500004947,22,1546,6,7,1,1,7,20.0,7.47,10.144927536231885,43.88009991673605
Indiana,2022-03-25,"Title 856, Article 5",automated medication systems,indiana board of pharmacy,,Health Services,3500004948,13,1734,11,1,0,0,1,30.0,7.14,6.0,37.82481203007519
Indiana,2022-03-25,"Title 856, Article 7",prescription drug take back programs,indiana board of pharmacy,,Health Services,3500004949,52,4887,20,19,1,0,12,26.0,7.76,15.24390243902439,33.41884133611691
Indiana,2022-03-25,"Title 857, Article 2",formulary of legend drugs,indiana optometric legend drug prescription advisory committee,,Health Services,3500004950,1,978,0,0,0,0,1,13.0,5.7,0.0,44.92209856915739
Indiana,2022-03-25,"Title 860, Article 1",general provisions,indiana plumbing commission,,"Industry, Commerce, and Development",3500004951,58,5199,31,15,0,1,11,27.0,7.6,16.666666666666664,33.5926568372362
Indiana,2022-03-25,"Title 860, Article 2",apprentice plumber,indiana plumbing commission,,"Industry, Commerce, and Development",3500004952,17,1686,7,7,1,0,2,27.0,7.06,2.0,35.308181818181815
Indiana,2022-03-25,"Title 864, Article 1-1",administration general requirements,state board of registration for professional engineers,,"Industry, Commerce, and Development",3500004953,184,18264,116,25,2,4,37,26.0,8.16,11.69686985172982,37.34073166998317
Indiana,2022-03-25,"Title 865, Article 1",general provisions,state board of registration for professional surveyors,,"Industry, Commerce, and Development",3500004954,312,30995,180,54,7,4,67,27.0,8.67,17.16269841269841,34.35979758462324
Indiana,2022-03-25,"Title 868, Article 1-1",general provisions,state psychology board,,Health Services,3500004955,208,15278,129,42,5,2,30,24.0,8.65,11.545293072824157,38.659883236030026
Indiana,2022-03-25,"Title 872, Article 1",general provisions,indiana board of accountancy,,"Industry, Commerce, and Development",3500004956,137,17157,68,31,3,1,34,28.0,8.38,9.88593155893536,33.25204315135665
Indiana,2022-03-25,"Title 874, Article 1",private investigator firms and security guard agencies,private investigator and security guard licensing board,,"Security, Justice, and Corrections",3500004957,26,3175,13,7,0,0,6,29.0,7.56,6.0606060606060606,35.53888024883359
Indiana,2022-03-25,"Title 874, Article 2",private investigator firms and security guard agencies,private investigator and security guard licensing board,,"Security, Justice, and Corrections",3500004958,4,248,4,0,0,0,0,21.0,5.9,36.36363636363637,32.65841584158416
Indiana,2022-03-25,"Title 876, Article 1",general provisions,indiana real estate commission,,"Industry, Commerce, and Development",3500004959,0,1634,0,0,0,0,0,14.0,6.17,1.0101010101010102,36.69892473118279
Indiana,2022-03-25,"Title 876, Article 2",real estate courses and licensing requirements for brokers and salespersons,indiana real estate commission,,"Industry, Commerce, and Development",3500004960,4,1537,0,0,0,0,4,13.0,5.83,0.0,36.68562564632885
Indiana,2022-03-25,"Title 876, Article 3",real estate appraiser licensure and certification,indiana real estate commission,,"Industry, Commerce, and Development",3500004961,189,20005,73,67,9,1,39,33.0,8.52,14.656771799628942,37.44769987202802
Indiana,2022-03-25,"Title 876, Article 5",general provisions,indiana real estate commission,,"Industry, Commerce, and Development",3500004962,3,2044,2,0,0,0,1,21.0,6.2,1.4285714285714286,32.270270270270274
Indiana,2022-03-25,"Title 876, Article 6",real estate schools prelicensing education examination,indiana real estate commission,,"Industry, Commerce, and Development",3500004963,124,8398,73,19,4,4,24,16.0,8.19,6.753812636165578,35.688947205927754
Indiana,2022-03-25,"Title 876, Article 7",managing broker education postlicensure education continuing education instructor education,indiana real estate commission,,"Industry, Commerce, and Development",3500004964,121,9744,53,29,1,2,36,14.0,8.52,4.241435562805873,37.83953458637003
Indiana,2022-03-25,"Title 876, Article 8",operation of broker companies and other provisions concerning real estate practice,indiana real estate commission,,"Industry, Commerce, and Development",3500004965,64,4521,52,6,3,0,3,29.0,7.77,20.588235294117645,32.70005595970901
Indiana,2022-03-25,"Title 876, Article 9",residential real estate sales disclosure,indiana real estate commission,,"Industry, Commerce, and Development",3500004966,6,1410,0,1,2,0,3,21.0,8.26,19.047619047619047,34.07175226586103
Indiana,2022-03-25,"Title 877, Article 1",real estate appraisal management companies,real estate appraiser licensure and certification board,,Taxes and Public Finance,3500004967,1,167,1,0,0,0,0,14.0,6.04,0.0,45.723214285714285
Indiana,2022-03-25,"Title 878, Article 1",general provisions,home inspectors licensing board,,"Industry, Commerce, and Development",3500004968,124,9023,65,17,1,0,41,26.0,8.4,11.538461538461538,36.890125173852574
Indiana,2022-03-25,"Title 879, Article 1",general provisions,manufactured home installer licensing board,,"Industry, Commerce, and Development",3500004969,91,8423,33,29,7,2,20,21.0,7.95,4.398826979472141,38.42852619914516
Indiana,2022-03-25,"Title 880, Article 1",general provisions,speech language pathology and audiology board,,Health Services,3500004970,112,9044,36,39,9,1,27,22.0,8.45,8.707865168539326,36.7227159122466
Indiana,2022-03-25,"Title 888, Article 1-1",professional competence,indiana board of veterinary medical examiners,,"Industry, Commerce, and Development",3500004971,104,7102,46,27,1,0,30,25.0,8.21,16.93548387096774,37.5499625748503
Indiana,2022-03-25,"Title 898, Article 1",athletic trainers licensure,indiana athletic trainers board,,"Culture, Recreation, and the Arts",3500004973,58,4953,13,33,2,0,10,25.0,7.42,6.25,33.19320214669052
Indiana,2022-03-25,"Title 905, Article 1",general provisions,alcohol and tobacco commission,,"Industry, Commerce, and Development",3500004974,621,56329,373,145,26,28,49,28.0,8.62,15.236427320490368,31.53673845858988
Indiana,2022-03-25,"Title 910, Article 1",practice and procedure before the commission,civil rights commission,,"Security, Justice, and Corrections",3500004975,182,14279,165,10,0,0,7,29.0,8.17,27.455357142857142,30.967283950617283
Indiana,2022-03-25,"Title 910, Article 2",fair housing complaints,civil rights commission,,"Security, Justice, and Corrections",3500004976,244,27414,172,36,8,12,16,28.0,9.09,21.208791208791208,34.39778534923339
Indiana,2022-03-25,"Title 910, Article 3",employment discrimination against disabled persons,civil rights commission,,"Security, Justice, and Corrections",3500004977,31,8678,15,4,3,3,6,28.0,8.11,14.909090909090908,36.19690036900369
Indiana,2022-03-25,"Title 914, Article 1",grants for veterans services,indiana department of veterans affairs,,"Security, Justice, and Corrections",3500004978,43,3799,25,15,0,0,3,20.0,7.53,8.433734939759036,36.55822741326005
Indiana,2022-03-25,"Title 915, Article 1",organization and administration,indiana veterans affairs commission,,"Security, Justice, and Corrections",3500004979,9,1011,6,2,0,1,0,25.0,6.9,5.714285714285714,34.27248322147651
Indiana,2022-03-25,"Title 915, Article 2",special institutions,indiana veterans affairs commission,,"Security, Justice, and Corrections",3500004980,56,5182,40,0,0,0,16,25.0,7.43,14.689265536723164,34.47991487097632
Indiana,2022-03-25,"Title 915, Article 3",military family relief fund,indiana veterans affairs commission,,"Security, Justice, and Corrections",3500004981,49,4586,32,12,2,0,3,24.0,8.02,11.931818181818182,36.51444444444444
Indiana,2022-03-25,"Title 920, Article 1",general provisions,indiana war memorials commission,,"Culture, Recreation, and the Arts",3500004982,47,3803,43,0,0,3,1,21.0,7.23,2.564102564102564,31.36235204276441
Indiana,2022-03-25,"Title 925, Article 2",general provisions,meridian street preservation commission,,"Culture, Recreation, and the Arts",3500004983,63,5108,54,2,1,1,5,26.0,8.03,17.058823529411764,33.882159979813274
Indiana,2022-03-25,"Title 930, Article 1",single family mortgage program,indiana housing and community development authority,,"Industry, Commerce, and Development",3500004984,0,500,0,0,0,0,0,13.0,5.58,0.0,37.19018404907976
Indiana,2022-03-25,"Title 935, Article 1",park operations,indiana white river state park development commission,,"Culture, Recreation, and the Arts",3500004985,9,2043,5,0,0,4,0,21.0,7.72,4.49438202247191,33.495590828924165
Indiana,2023-05-17,"Title 100, Article 3",airports,department of transportation,,Transportation,3500005152,0,189,0,0,0,0,0,13.0,5.24,0.0,55.04285714285714
Indiana,2023-05-17,"Title 105, Article 1",procedural requirements,indiana department of transportation,,Transportation,3500005153,35,3296,23,8,0,0,4,24.0,7.83,19.00826446280992,34.655712648070306
Indiana,2023-05-17,"Title 105, Article 10",oversize and or overweight vehicular permits for highways,indiana department of transportation,,Transportation,3500005161,57,5097,53,3,1,0,0,26.0,8.09,7.6923076923076925,33.03478260869565
Indiana,2023-05-17,"Title 105, Article 11",prequalification of contractors and bidding,indiana department of transportation,,Transportation,3500005162,126,17327,51,51,6,2,16,29.0,8.41,26.91588785046729,36.05392516507703
Indiana,2023-05-17,"Title 105, Article 12",procurement of supplies and services,indiana department of transportation,,Transportation,3500005163,64,10331,35,15,2,1,11,28.0,7.49,14.19141914191419,33.5369728480647
Indiana,2023-05-17,"Title 105, Article 13",utility facility relocations on construction contracts,indiana department of transportation,,Transportation,3500005164,52,4996,41,1,0,0,10,23.0,7.47,17.46031746031746,35.60010851871948
Indiana,2023-05-17,"Title 105, Article 16",broadband requirements and criteria,indiana department of transportation,,Transportation,3500005165,206,9035,162,30,1,0,13,23.0,9.05,13.783783783783784,35.758698940998485
Indiana,2023-05-17,"Title 105, Article 17",relocation assistance,indiana department of transportation,,Transportation,3500005166,8,864,6,1,0,1,0,26.0,6.78,14.814814814814811,35.1957928802589
Indiana,2023-05-17,"Title 105, Article 2",aircraft operation,indiana department of transportation,,Transportation,3500005154,15,1692,12,0,0,0,3,23.0,6.8,1.694915254237288,38.06238859180036
Indiana,2023-05-17,"Title 105, Article 3",airports,indiana department of transportation,,Transportation,3500005155,156,15936,99,38,2,1,16,31.0,8.35,14.541387024608502,36.67926521986507
Indiana,2023-05-17,"Title 105, Article 4",lighter than air aircraft,indiana department of transportation,,Transportation,3500005156,19,1230,14,1,0,0,4,24.0,7.3,11.627906976744184,34.83050847457627
Indiana,2023-05-17,"Title 105, Article 5",railroads,indiana department of transportation,,Transportation,3500005157,343,33837,292,17,7,0,27,29.0,8.53,18.70646766169154,35.73032242769085
Indiana,2023-05-17,"Title 105, Article 6",general provisions for highways,indiana department of transportation,,Transportation,3500005158,12,643,4,0,0,4,4,27.0,7.05,19.047619047619047,40.53549695740365
Indiana,2023-05-17,"Title 105, Article 7",permits for highways,indiana department of transportation,,Transportation,3500005159,344,38536,249,38,5,9,43,24.0,9.21,15.128900949796472,31.36434324659232
Indiana,2023-05-17,"Title 105, Article 9",traffic control devices for highways,indiana department of transportation,,Transportation,3500005160,102,17495,60,27,2,9,4,13.0,8.19,4.098360655737705,33.54030373831776
Indiana,2023-05-17,"Title 10, Article 1-5",unclaimed property,office of attorney general for the state,,"Security, Justice, and Corrections",3500004986,85,9908,52,20,2,1,10,29.0,7.69,19.377162629757784,30.461321287408243
Indiana,2023-05-17,"Title 10, Article 2",contract approval,office of attorney general for the state,,"Security, Justice, and Corrections",3500004987,14,2271,6,6,0,0,2,36.0,7.39,17.24137931034483,35.52299741602067
Indiana,2023-05-17,"Title 10, Article 3",tort claims,office of attorney general for the state,,"Security, Justice, and Corrections",3500004988,7,1782,4,3,0,0,0,27.0,8.37,43.333333333333336,32.61739699149771
Indiana,2023-05-17,"Title 10, Article 4",athlete agents,office of attorney general for the state,,"Security, Justice, and Corrections",3500004989,8,1429,7,0,0,0,1,22.0,6.3,2.0408163265306123,32.16466346153846
Indiana,2023-05-17,"Title 10, Article 5",release of social security numbers by state agencies,office of attorney general for the state,,"Security, Justice, and Corrections",3500004990,2,1109,2,0,0,0,0,20.0,6.74,4.25531914893617,34.23852040816327
Indiana,2023-05-17,"Title 10, Article 6",tobacco enforcement,office of attorney general for the state,,"Security, Justice, and Corrections",3500004991,19,2035,10,4,0,1,4,23.0,6.89,9.333333333333334,37.91295407813571
Indiana,2023-05-17,"Title 10, Article 7",tax sale blight registry,office of attorney general for the state,,"Security, Justice, and Corrections",3500004992,8,1580,7,0,0,1,0,19.0,6.55,1.4925373134328357,33.12183235867447
Indiana,2023-05-17,"Title 11, Article 1",telephone solicitations,consumer protection division of the office of the attorney general,,"Security, Justice, and Corrections",3500004993,14,2964,6,3,0,0,5,35.0,6.96,4.411764705882353,33.73665297741273
Indiana,2023-05-17,"Title 11, Article 2",provision of listing of telephone numbers not to be solicited,consumer protection division of the office of the attorney general,,"Security, Justice, and Corrections",3500004994,32,4794,24,1,1,3,3,36.0,6.9,10.091743119266056,33.451753025131865
Indiana,2023-05-17,"Title 11, Article 3",professional fundraiser consultants and professional solicitors,consumer protection division of the office of the attorney general,,"Security, Justice, and Corrections",3500004995,21,4572,10,4,0,2,5,31.0,6.72,14.166666666666666,34.565130260521045
Indiana,2023-05-17,"Title 120, Article 2",permits,department of highways,,Transportation,3500005167,6,1956,0,0,0,2,4,14.0,5.58,1.818181818181818,49.2648835202761
Indiana,2023-05-17,"Title 120, Article 4",traffic control devices,department of highways,,Transportation,3500005168,0,239,0,0,0,0,0,14.0,5.56,0.0,45.4093567251462
Indiana,2023-05-17,"Title 130, Article 2",applicability and definitions,ports of indiana,,Transportation,3500005169,1,1721,1,0,0,0,0,26.0,6.37,1.96078431372549,30.225099601593627
Indiana,2023-05-17,"Title 130, Article 3",traffic control,ports of indiana,,Transportation,3500005170,45,4046,38,1,1,5,0,32.0,7.47,33.63636363636363,27.192759295499023
Indiana,2023-05-17,"Title 130, Article 4",port use,ports of indiana,,Transportation,3500005171,63,4212,42,5,0,12,4,30.0,7.37,11.11111111111111,29.406988352745422
Indiana,2023-05-17,"Title 135, Article 2",general provisions,indiana finance authority,,Taxes and Public Finance,3500005172,160,15457,121,11,2,14,12,28.0,7.84,12.147505422993492,29.790937470437992
Indiana,2023-05-17,"Title 135, Article 2-5",public private agreements for indiana east west toll road,indiana finance authority,,Taxes and Public Finance,3500005173,22,6145,20,0,1,0,1,54.0,7.78,12.941176470588236,33.39450867052023
Indiana,2023-05-17,"Title 135, Article 4",tolls and toll enforcement on the ohio river bridges,indiana finance authority,,Taxes and Public Finance,3500005174,51,7074,43,2,0,0,6,25.0,7.98,4.8979591836734695,35.03846153846154
Indiana,2023-05-17,"Title 140, Article 1",safety and responsibility,bureau of motor vehicles,,Transportation,3500005175,124,13396,90,23,0,0,11,31.0,8.51,14.887640449438203,33.432483081728265
Indiana,2023-05-17,"Title 140, Article 2",excise tax and registration,bureau of motor vehicles,,Transportation,3500005176,19,4181,14,3,1,0,1,20.0,7.2,8.571428571428571,32.59028511087645
Indiana,2023-05-17,"Title 140, Article 3",special sales,bureau of motor vehicles,,Transportation,3500005177,0,324,0,0,0,0,0,12.0,5.81,0.0,36.25114155251141
Indiana,2023-05-17,"Title 140, Article 3-5",dealer plates,bureau of motor vehicles,,Transportation,3500005178,0,1164,0,0,0,0,0,15.0,5.68,0.0,38.27873563218391
Indiana,2023-05-17,"Title 140, Article 4",driver examiner division,bureau of motor vehicles,,Transportation,3500005179,94,8961,46,36,2,0,10,25.0,8.26,16.927899686520377,33.207552567586895
Indiana,2023-05-17,"Title 140, Article 6",titles,bureau of motor vehicles,,Transportation,3500005180,26,3270,0,23,1,0,2,23.0,7.38,11.570247933884298,31.743153526970957
Indiana,2023-05-17,"Title 140, Article 7",driver s license division,bureau of motor vehicles,,Transportation,3500005181,147,14063,32,85,7,1,22,27.0,8.57,10.217391304347826,33.45882775979863
Indiana,2023-05-17,"Title 140, Article 8",license branches,bureau of motor vehicles,,Transportation,3500005182,14,4055,10,1,2,0,1,13.0,6.83,1.96078431372549,37.5018698578908
Indiana,2023-05-17,"Title 140, Article 9",watercraft,bureau of motor vehicles,,Transportation,3500005183,6,4184,5,1,0,0,0,16.0,6.51,0.0,36.0488922841864
Indiana,2023-05-17,"Title 170, Article 1",general provisions,indiana utility regulatory commission,,"Environmental Protection, Public Utilities, and Natural Resources",3500005184,381,33977,253,69,10,4,45,23.0,8.98,16.717557251908396,33.559568090715395
Indiana,2023-05-17,"Title 170, Article 10",preservation of records,indiana utility regulatory commission,,"Environmental Protection, Public Utilities, and Natural Resources",3500005193,0,1033,0,0,0,0,0,29.0,6.96,3.225806451612903,36.52557544757033
Indiana,2023-05-17,"Title 170, Article 11",combination gas and electric private utilities,indiana utility regulatory commission,,"Environmental Protection, Public Utilities, and Natural Resources",3500005194,0,263,0,0,0,0,0,26.0,6.52,0.0,43.03921568627451
Indiana,2023-05-17,"Title 170, Article 14",small utilities,indiana utility regulatory commission,,"Environmental Protection, Public Utilities, and Natural Resources",3500005195,26,2870,15,7,0,0,4,35.0,7.5,23.61111111111111,30.985921889191644
Indiana,2023-05-17,"Title 170, Article 15",landlord distributing water or sewage disposal service,indiana utility regulatory commission,,"Environmental Protection, Public Utilities, and Natural Resources",3500005196,21,3765,18,0,1,0,2,26.0,7.23,20.161290322580644,30.54433929197336
Indiana,2023-05-17,"Title 170, Article 16",customer complaints,indiana utility regulatory commission,,"Environmental Protection, Public Utilities, and Natural Resources",3500005197,23,2146,18,4,0,0,1,25.0,7.49,18.421052631578945,34.13440551407237
Indiana,2023-05-17,"Title 170, Article 17-1",indiana voluntary clean energy portfolio standard program,indiana utility regulatory commission,,"Environmental Protection, Public Utilities, and Natural Resources",3500005198,43,5942,27,9,0,0,7,30.0,7.53,15.789473684210526,37.38218965134355
Indiana,2023-05-17,"Title 170, Article 3",railroads,indiana utility regulatory commission,,"Environmental Protection, Public Utilities, and Natural Resources",3500005185,0,384,0,0,0,0,0,14.0,5.76,0.0,50.47872340425532
Indiana,2023-05-17,"Title 170, Article 4",electric utilities,indiana utility regulatory commission,,"Environmental Protection, Public Utilities, and Natural Resources",3500005186,807,71285,641,77,5,2,82,30.0,9.31,20.543528327959464,35.78478638889836
Indiana,2023-05-17,"Title 170, Article 5",gas utilities,indiana utility regulatory commission,,"Environmental Protection, Public Utilities, and Natural Resources",3500005187,344,22998,250,33,7,7,47,30.0,9.13,21.906116642958747,33.160235032555185
Indiana,2023-05-17,"Title 170, Article 6",water utilities,indiana utility regulatory commission,,"Environmental Protection, Public Utilities, and Natural Resources",3500005188,264,22809,190,21,8,2,43,34.0,8.26,22.81303602058319,31.15207076328276
Indiana,2023-05-17,"Title 170, Article 7",telephone utilities,indiana utility regulatory commission,,"Environmental Protection, Public Utilities, and Natural Resources",3500005189,217,18099,147,42,1,5,22,29.0,8.7,14.45993031358885,36.373263771258216
Indiana,2023-05-17,"Title 170, Article 8",private rural sewage utilities,indiana utility regulatory commission,,"Environmental Protection, Public Utilities, and Natural Resources",3500005190,0,334,0,0,0,0,0,23.0,6.47,0.0,42.6530612244898
Indiana,2023-05-17,"Title 170, Article 8-5",sewage disposal services,indiana utility regulatory commission,,"Environmental Protection, Public Utilities, and Natural Resources",3500005191,202,17332,147,12,7,0,36,34.0,8.29,26.95852534562212,32.13791267305644
Indiana,2023-05-17,"Title 170, Article 8-6",sewer tracker,indiana utility regulatory commission,,"Environmental Protection, Public Utilities, and Natural Resources",3500005192,8,956,3,3,0,0,2,24.0,6.9,2.941176470588235,32.646005509641874
Indiana,2023-05-17,"Title 17, Article 1",debarment procedure,office of community and rural affairs,,Administration,3500004996,12,1339,12,0,0,0,0,20.0,6.98,12.280701754385964,34.7204843592331
Indiana,2023-05-17,"Title 203, Article 1",administrative procedure,victim services division,,"Security, Justice, and Corrections",3500005199,81,5024,68,9,0,0,4,26.0,8.23,23.626373626373624,33.64109652153881
Indiana,2023-05-17,"Title 205, Article 1",slow moving vehicle emblem,indiana criminal justice institute,,"Security, Justice, and Corrections",3500005200,25,2684,21,0,0,2,2,20.0,7.3,4.464285714285714,33.760224089635855
Indiana,2023-05-17,"Title 205, Article 2",public safety improvement areas,indiana criminal justice institute,,"Security, Justice, and Corrections",3500005201,10,2313,7,3,0,0,0,20.0,6.93,3.260869565217391,34.74341661039838
Indiana,2023-05-17,"Title 205, Article 4",restitution for wrongfully incarcerated persons,indiana criminal justice institute,,"Security, Justice, and Corrections",3500005202,16,2010,13,2,1,0,0,18.0,7.23,9.278350515463918,43.14904793171373
Indiana,2023-05-17,"Title 20, Article 1",field examiners,state board of accounts,,"Industry, Commerce, and Development",3500004997,21,1516,18,1,0,0,2,28.0,7.06,6.521739130434782,32.729729729729726
Indiana,2023-05-17,"Title 20, Article 3",digital signatures,state board of accounts,,"Industry, Commerce, and Development",3500004998,0,269,0,0,0,0,0,8.0,4.81,0.0,53.6578947368421
Indiana,2023-05-17,"Title 210, Article 1",general provisions,department of correction,,"Security, Justice, and Corrections",3500005203,141,12245,125,5,3,0,8,29.0,8.27,17.158176943699733,35.11761511728931
Indiana,2023-05-17,"Title 210, Article 2",community based corrections,department of correction,,"Security, Justice, and Corrections",3500005204,42,3130,32,4,0,0,6,23.0,8.28,8.73015873015873,36.69630746043708
Indiana,2023-05-17,"Title 210, Article 3",county jail standards,department of correction,,"Security, Justice, and Corrections",3500005205,308,12271,256,18,3,19,12,18.0,9.27,11.178247734138973,35.41327862737784
Indiana,2023-05-17,"Title 210, Article 5",release authority for juveniles,department of correction,,"Security, Justice, and Corrections",3500005206,69,3464,64,4,1,0,0,26.0,8.0,27.55905511811024,39.651140379055576
Indiana,2023-05-17,"Title 210, Article 7",offender health care co payment procedures,department of correction,,"Security, Justice, and Corrections",3500005207,83,4093,75,0,0,0,8,24.0,7.5,13.60544217687075,31.970550981633945
Indiana,2023-05-17,"Title 210, Article 8",juvenile detention facilities,department of correction,,"Security, Justice, and Corrections",3500005208,156,42374,75,39,0,14,28,18.0,8.32,7.326540514313439,39.82505607177187
Indiana,2023-05-17,"Title 220, Article 1-1",general provisions,parole board,,"Security, Justice, and Corrections",3500005209,71,7331,46,11,7,1,6,30.0,8.02,22.22222222222222,33.32482963480692
Indiana,2023-05-17,"Title 240, Article 1",personnel,state police department,,"Security, Justice, and Corrections",3500005210,42,5346,28,4,1,1,8,24.0,7.48,6.806282722513089,38.54796392456956
Indiana,2023-05-17,"Title 240, Article 3",firearms licensing,state police department,,"Security, Justice, and Corrections",3500005211,7,949,1,6,0,0,0,17.0,7.19,14.285714285714285,35.38769670958512
Indiana,2023-05-17,"Title 240, Article 4-1",private detectives,state police department,,"Security, Justice, and Corrections",3500005212,0,571,0,0,0,0,0,13.0,5.2,0.0,48.06501547987616
Indiana,2023-05-17,"Title 240, Article 5",communication systems,state police department,,"Security, Justice, and Corrections",3500005213,89,5097,87,0,0,0,2,25.0,8.39,12.105263157894736,38.19560645010517
Indiana,2023-05-17,"Title 240, Article 6",criminal history record information,state police department,,"Security, Justice, and Corrections",3500005214,61,3066,54,5,0,0,2,30.0,7.92,11.702127659574469,38.395711500974656
Indiana,2023-05-17,"Title 240, Article 7",polygraph examiners,state police department,,"Security, Justice, and Corrections",3500005215,10,1199,7,1,0,0,2,23.0,6.73,11.627906976744184,34.93037974683544
Indiana,2023-05-17,"Title 240, Article 8",indiana dna data base,state police department,,"Security, Justice, and Corrections",3500005216,34,3339,26,3,0,0,5,26.0,7.15,8.411214953271028,32.04274670304684
Indiana,2023-05-17,"Title 240, Article 9",regulation of deadly weapons and devices,state police department,,"Security, Justice, and Corrections",3500005217,8,1341,4,0,0,4,0,23.0,7.42,2.083333333333333,32.07172131147541
Indiana,2023-05-17,"Title 250, Article 1",general provisions,law enforcement training board,,"Security, Justice, and Corrections",3500005218,2,1179,0,0,0,0,2,10.0,6.12,0.0,46.31983805668016
Indiana,2023-05-17,"Title 250, Article 2",general provisions,law enforcement training board,,"Security, Justice, and Corrections",3500005219,123,11199,76,27,3,0,17,30.0,7.91,11.65644171779141,35.76179328104881
Indiana,2023-05-17,"Title 25, Article 1-1",state procurement,indiana department of administration,,Administration,3500004999,103,8642,67,14,3,4,15,31.0,8.3,25.506072874493928,36.20318379160637
Indiana,2023-05-17,"Title 25, Article 1-5",small business procurements and projects,indiana department of administration,,Administration,3500005000,19,4739,19,0,0,0,0,37.0,6.66,16.3265306122449,31.90078236130868
Indiana,2023-05-17,"Title 25, Article 2",public works division,indiana department of administration,,Administration,3500005001,112,14844,82,13,0,0,17,28.0,7.87,15.80135440180587,37.02299739105228
Indiana,2023-05-17,"Title 25, Article 4",operation of motor vehicles,indiana department of administration,,Administration,3500005002,2,371,1,0,0,1,0,27.0,6.7,0.0,38.82456140350877
Indiana,2023-05-17,"Title 25, Article 5",minority and women s business enterprises,indiana department of administration,,Administration,3500005003,171,17174,83,66,10,0,12,29.0,8.72,22.490706319702603,37.337439779766
Indiana,2023-05-17,"Title 25, Article 6",executive branch lobbyists,indiana department of administration,,Administration,3500005004,38,3612,23,5,2,1,7,29.0,8.07,9.482758620689657,36.97553719008265
Indiana,2023-05-17,"Title 25, Article 7",indiana government center code adam safety protocol,indiana department of administration,,Administration,3500005005,7,1208,5,2,0,0,0,16.0,6.93,6.349206349206349,34.953434225844006
Indiana,2023-05-17,"Title 25, Article 8",regulation of deadly weapons and devices,indiana department of administration,,Administration,3500005006,8,1283,4,0,0,4,0,21.0,7.07,0.0,33.142857142857146
Indiana,2023-05-17,"Title 25, Article 9",indiana veteran owned small businesses,indiana department of administration,,Administration,3500005007,53,5364,22,24,2,0,5,24.0,8.19,15.07537688442211,38.49698375870069
Indiana,2023-05-17,"Title 260, Article 1-1",breath test operators and instruments,state department of toxicology,,Health Services,3500005220,0,554,0,0,0,0,0,13.0,5.71,0.0,41.16666666666666
Indiana,2023-05-17,"Title 260, Article 2-5",breath test operators and instruments,state department of toxicology,,Health Services,3500005221,24,2630,19,5,0,0,0,23.0,7.23,20.0,37.9418661455789
Indiana,2023-05-17,"Title 260, Article 3",ignition interlock devices,state department of toxicology,,Health Services,3500005222,38,3051,11,8,1,0,18,27.0,7.44,11.458333333333332,36.6861725184222
Indiana,2023-05-17,"Title 290, Article 1",state disaster relief fund,department of homeland security,,"Security, Justice, and Corrections",3500005223,54,5425,31,10,0,5,8,24.0,8.28,9.569377990430622,36.34804905239688
Indiana,2023-05-17,"Title 290, Article 2",severe weather warning sirens,department of homeland security,,"Security, Justice, and Corrections",3500005224,78,5937,55,11,1,0,11,32.0,8.35,20.348837209302324,34.66507724585161
Indiana,2023-05-17,"Title 305, Article 1",professional geologists,indiana board of licensure for professional geologists,,"Industry, Commerce, and Development",3500005225,67,7590,25,37,1,0,4,28.0,7.95,9.565217391304348,36.87490855888807
Indiana,2023-05-17,"Title 307, Article 1",indiana registry of soil scientists,indiana board of registration for soil scientists,,"Industry, Commerce, and Development",3500005226,45,6035,22,14,1,3,5,19.0,8.2,5.2264808362369335,34.400213219616205
Indiana,2023-05-17,"Title 310, Article 12",coal mining and reclamation operations,department of natural resources,,"Environmental Protection, Public Utilities, and Natural Resources",3500005228,2,19224,0,0,0,0,2,23.0,6.82,0.5333333333333333,46.969429241595
Indiana,2023-05-17,"Title 310, Article 5",general use regulations department land and water areas,department of natural resources,,"Environmental Protection, Public Utilities, and Natural Resources",3500005227,0,999,0,0,0,0,0,21.0,6.24,0.0,41.266666666666666
Indiana,2023-05-17,"Title 312, Article 1",definitions,natural resources commission,,"Environmental Protection, Public Utilities, and Natural Resources",3500005229,3,4589,0,0,0,0,3,23.0,6.93,9.740259740259742,29.58117123795404
Indiana,2023-05-17,"Title 312, Article 10",flood plain management,natural resources commission,,"Environmental Protection, Public Utilities, and Natural Resources",3500005241,118,21424,49,56,0,0,13,29.0,8.49,21.517027863777088,32.18984242576433
Indiana,2023-05-17,"Title 312, Article 10-5",regulation of dams,natural resources commission,,"Environmental Protection, Public Utilities, and Natural Resources",3500005242,11,2804,9,1,0,0,1,21.0,7.42,14.814814814814811,35.09760956175299
Indiana,2023-05-17,"Title 312, Article 11",public freshwater lakes,natural resources commission,,"Environmental Protection, Public Utilities, and Natural Resources",3500005243,100,16189,21,57,3,4,15,28.0,8.23,17.718940936863543,31.46843455945252
Indiana,2023-05-17,"Title 312, Article 11-5",surface water emergencies on lakes,natural resources commission,,"Environmental Protection, Public Utilities, and Natural Resources",3500005244,2,1387,1,0,0,0,1,23.0,6.63,2.1739130434782608,34.98192771084337
Indiana,2023-05-17,"Title 312, Article 11-8",surface water disputes mediation,natural resources commission,,"Environmental Protection, Public Utilities, and Natural Resources",3500005245,16,1122,11,3,0,0,2,22.0,7.17,20.454545454545457,36.176540284360186
Indiana,2023-05-17,"Title 312, Article 12",water well drilling and ground water,natural resources commission,,"Environmental Protection, Public Utilities, and Natural Resources",3500005246,9,2574,6,3,0,0,0,29.0,6.86,4.166666666666666,31.154362416107386
Indiana,2023-05-17,"Title 312, Article 13",water well drillers and water well pump installers,natural resources commission,,"Environmental Protection, Public Utilities, and Natural Resources",3500005247,219,16995,169,42,0,0,8,26.0,8.23,9.683098591549296,31.229876160990717
Indiana,2023-05-17,"Title 312, Article 14",timber buyers their agents and timber growers,natural resources commission,,"Environmental Protection, Public Utilities, and Natural Resources",3500005248,33,6203,25,5,1,0,2,27.0,7.46,12.16931216931217,30.664669278635632
Indiana,2023-05-17,"Title 312, Article 15",forest and resource management,natural resources commission,,"Environmental Protection, Public Utilities, and Natural Resources",3500005249,8,2718,4,3,0,0,1,31.0,6.91,5.714285714285714,32.43892460549387
Indiana,2023-05-17,"Title 312, Article 17",other petroleum regulation,natural resources commission,,"Environmental Protection, Public Utilities, and Natural Resources",3500005250,90,6707,67,8,0,1,14,29.0,7.81,18.181818181818183,30.70096529061409
Indiana,2023-05-17,"Title 312, Article 18",entomology and plant pathology,natural resources commission,,"Environmental Protection, Public Utilities, and Natural Resources",3500005251,176,19911,84,56,1,12,23,24.0,9.11,15.657894736842104,34.47045177045177
Indiana,2023-05-17,"Title 312, Article 19",research collection quotas and sales of plants,natural resources commission,,"Environmental Protection, Public Utilities, and Natural Resources",3500005252,25,2126,5,16,0,0,4,24.0,7.32,14.666666666666666,30.899736147757256
Indiana,2023-05-17,"Title 312, Article 2",procedures and delegations,natural resources commission,,"Environmental Protection, Public Utilities, and Natural Resources",3500005230,54,6116,32,9,1,0,12,28.0,7.85,18.65284974093264,32.90967881008838
Indiana,2023-05-17,"Title 312, Article 20",historic preservation review board,natural resources commission,,"Environmental Protection, Public Utilities, and Natural Resources",3500005253,48,7190,34,8,2,0,4,27.0,7.94,20.70484581497797,35.38695163104612
Indiana,2023-05-17,"Title 312, Article 21",archaeological review and recovery,natural resources commission,,"Environmental Protection, Public Utilities, and Natural Resources",3500005254,62,4195,13,39,0,0,10,21.0,8.11,10.555555555555555,42.13375603864734
Indiana,2023-05-17,"Title 312, Article 22",human remains burial objects and artifacts,natural resources commission,,"Environmental Protection, Public Utilities, and Natural Resources",3500005255,67,10345,22,30,0,0,15,26.0,8.12,11.461318051575931,38.28543486764897
Indiana,2023-05-17,"Title 312, Article 22-5",cemeteries and burial grounds registration and management,natural resources commission,,"Environmental Protection, Public Utilities, and Natural Resources",3500005256,10,2218,3,5,0,0,2,22.0,7.18,5.0,34.2774762550882
Indiana,2023-05-17,"Title 312, Article 25",coal mining and reclamation operations,natural resources commission,,"Environmental Protection, Public Utilities, and Natural Resources",3500005257,2705,195164,2093,189,12,20,391,31.0,9.46,22.41924157303371,35.81902090928921
Indiana,2023-05-17,"Title 312, Article 26",grant programs,natural resources commission,,"Environmental Protection, Public Utilities, and Natural Resources",3500005258,99,11442,36,59,0,0,4,23.0,8.21,9.90566037735849,36.90294811320755
Indiana,2023-05-17,"Title 312, Article 28",state land office,natural resources commission,,"Environmental Protection, Public Utilities, and Natural Resources",3500005259,2,415,2,0,0,0,0,17.0,5.92,0.0,35.03968253968254
Indiana,2023-05-17,"Title 312, Article 29",oil and gas,natural resources commission,,"Environmental Protection, Public Utilities, and Natural Resources",3500005260,860,78987,627,105,2,16,110,30.0,8.98,18.464730290456437,33.202852121984975
Indiana,2023-05-17,"Title 312, Article 3",adjudicatory proceedings,natural resources commission,,"Environmental Protection, Public Utilities, and Natural Resources",3500005231,94,10713,63,12,3,1,15,32.0,8.31,24.914675767918087,34.61138790035587
Indiana,2023-05-17,"Title 312, Article 4",law enforcement,natural resources commission,,"Environmental Protection, Public Utilities, and Natural Resources",3500005232,31,6908,20,11,0,0,0,23.0,7.37,6.122448979591836,35.52351375332742
Indiana,2023-05-17,"Title 312, Article 5",boating on public waters of indiana,natural resources commission,,"Environmental Protection, Public Utilities, and Natural Resources",3500005233,354,48943,73,253,3,4,21,30.0,8.79,12.221423436376709,29.690931089788684
Indiana,2023-05-17,"Title 312, Article 6",navigable waters,natural resources commission,,"Environmental Protection, Public Utilities, and Natural Resources",3500005234,90,13228,36,30,1,1,22,26.0,8.06,19.95412844036697,31.861205073995773
Indiana,2023-05-17,"Title 312, Article 6-2",great lakes basin water management,natural resources commission,,"Environmental Protection, Public Utilities, and Natural Resources",3500005235,41,5710,13,19,0,0,9,23.0,8.17,13.18181818181818,36.51072297147911
Indiana,2023-05-17,"Title 312, Article 6-3",water withdrawal contracts from state reservoirs,natural resources commission,,"Environmental Protection, Public Utilities, and Natural Resources",3500005236,33,4685,25,5,0,0,3,23.0,7.53,15.294117647058824,33.14525139664804
Indiana,2023-05-17,"Title 312, Article 7",trails and scenic rivers,natural resources commission,,"Environmental Protection, Public Utilities, and Natural Resources",3500005237,5,1173,2,1,0,2,0,27.0,6.74,11.11111111111111,31.32383419689119
Indiana,2023-05-17,"Title 312, Article 8",public use of natural and recreational areas,natural resources commission,,"Environmental Protection, Public Utilities, and Natural Resources",3500005238,143,14629,20,110,3,5,5,23.0,8.52,18.46435100548446,29.654063571494763
Indiana,2023-05-17,"Title 312, Article 9",fish and wildlife,natural resources commission,,"Environmental Protection, Public Utilities, and Natural Resources",3500005239,1040,95415,241,699,13,15,72,25.0,9.49,18.77297144472717,30.09616534511894
Indiana,2023-05-17,"Title 312, Article 9-5",in lieu fee mitigation,natural resources commission,,"Environmental Protection, Public Utilities, and Natural Resources",3500005240,7,1383,3,3,0,0,1,20.0,6.75,5.555555555555555,31.49346405228758
Indiana,2023-05-17,"Title 313, Article 1",acquisition and disposition of artifacts and historic property,indiana state museum and historic sites corporation,,"Culture, Recreation, and the Arts",3500005261,0,299,0,0,0,0,0,18.0,6.07,0.0,40.18942731277533
Indiana,2023-05-17,"Title 313, Article 2",definitions,indiana state museum and historic sites corporation,,"Culture, Recreation, and the Arts",3500005262,0,1290,0,0,0,0,0,21.0,6.15,4.081632653061225,39.21181001283697
Indiana,2023-05-17,"Title 313, Article 3",artifacts,indiana state museum and historic sites corporation,,"Culture, Recreation, and the Arts",3500005263,16,1961,11,5,0,0,0,24.0,7.37,20.27027027027027,38.52523961661342
Indiana,2023-05-17,"Title 313, Article 4",historic properties,indiana state museum and historic sites corporation,,"Culture, Recreation, and the Arts",3500005264,8,1067,7,1,0,0,0,28.0,6.97,5.88235294117647,39.63657957244656
Indiana,2023-05-17,"Title 313, Article 5",ethics,indiana state museum and historic sites corporation,,"Culture, Recreation, and the Arts",3500005265,0,185,0,0,0,0,0,13.0,5.66,9.090909090909092,37.582608695652176
Indiana,2023-05-17,"Title 313, Article 6",public use of cultural and historic sites,indiana state museum and historic sites corporation,,"Culture, Recreation, and the Arts",3500005266,44,3820,7,32,2,2,1,17.0,8.05,12.195121951219512,32.35932423651722
Indiana,2023-05-17,"Title 315, Article 1",adjudicatory proceedings before environmental law judges,office of environmental adjudication,,"Environmental Protection, Public Utilities, and Natural Resources",3500005267,102,9527,80,9,1,3,9,26.0,8.33,16.97530864197531,33.88717812582957
Indiana,2023-05-17,"Title 31, Article 1",non merit employees,state personnel department,,Administration,3500005008,0,759,0,0,0,0,0,9.0,5.82,0.0,37.26993865030675
Indiana,2023-05-17,"Title 31, Article 2",state employees,state personnel department,,Administration,3500005009,0,983,0,0,0,0,0,10.0,6.18,0.0,38.05754276827372
Indiana,2023-05-17,"Title 31, Article 4",retiree flexible spending program,state personnel department,,Administration,3500005010,0,296,0,0,0,0,0,9.0,5.54,6.896551724137931,38.08673469387755
Indiana,2023-05-17,"Title 31, Article 5",state employees,state personnel department,,Administration,3500005011,183,16638,149,19,2,2,11,27.0,8.26,21.052631578947366,32.922935919957226
Indiana,2023-05-17,"Title 320-1, Article 5",refuse disposal act solid waste management permits industrial waste hauler permits,solid waste management board,,"Environmental Protection, Public Utilities, and Natural Resources",3500005270,0,689,0,0,0,0,0,28.0,5.49,0.0,36.41422594142259
Indiana,2023-05-17,"Title 320, Article 3",water sanitation,indiana environmental management board,,"Environmental Protection, Public Utilities, and Natural Resources",3500005268,0,772,0,0,0,0,0,18.0,5.93,0.0,43.52807017543859
Indiana,2023-05-17,"Title 320, Article 4-1",hazardous waste management permit program and related hazardous waste management requirements,indiana environmental management board,,"Environmental Protection, Public Utilities, and Natural Resources",3500005269,0,5833,0,0,0,0,0,19.0,6.13,0.0,46.37056737588652
Indiana,2023-05-17,"Title 325, Article 1-1",general provisions,air pollution control board of the state of indiana,,"Environmental Protection, Public Utilities, and Natural Resources",3500005271,0,566,0,0,0,0,0,18.0,5.68,0.0,42.57971014492754
Indiana,2023-05-17,"Title 325, Article 13",motor vehicle emission and fuel standards,air pollution control board of the state of indiana,,"Environmental Protection, Public Utilities, and Natural Resources",3500005276,0,1153,0,0,0,0,0,18.0,5.64,0.0,35.1636863823934
Indiana,2023-05-17,"Title 325, Article 2",permit review regulations,air pollution control board of the state of indiana,,"Environmental Protection, Public Utilities, and Natural Resources",3500005272,0,297,0,0,0,0,0,16.0,5.37,0.0,38.4212962962963
Indiana,2023-05-17,"Title 325, Article 6",particulate regulations,air pollution control board of the state of indiana,,"Environmental Protection, Public Utilities, and Natural Resources",3500005273,0,1864,0,0,0,0,0,19.0,5.64,0.0,35.32336297493937
Indiana,2023-05-17,"Title 325, Article 7",sulfur dioxide regulations,air pollution control board of the state of indiana,,"Environmental Protection, Public Utilities, and Natural Resources",3500005274,0,797,0,0,0,0,0,18.0,5.32,0.0,37.159844054580894
Indiana,2023-05-17,"Title 325, Article 8",volatile organic compound regulations,air pollution control board of the state of indiana,,"Environmental Protection, Public Utilities, and Natural Resources",3500005275,0,1570,0,0,0,0,0,18.0,5.66,0.0,38.08687258687259
Indiana,2023-05-17,"Title 326, Article 1",general provisions,air pollution control division,,"Environmental Protection, Public Utilities, and Natural Resources",3500005277,100,40393,59,27,0,1,13,21.0,7.98,4.511278195488721,38.96693665140666
Indiana,2023-05-17,"Title 326, Article 10",nitrogen oxides rules,air pollution control division,,"Environmental Protection, Public Utilities, and Natural Resources",3500005288,173,18282,118,23,3,0,29,32.0,8.92,18.81918819188192,33.87266318373513
Indiana,2023-05-17,"Title 326, Article 11",emission limitations for specific types of operations,air pollution control division,,"Environmental Protection, Public Utilities, and Natural Resources",3500005289,157,14564,141,4,0,0,12,28.0,8.66,10.526315789473683,35.25922939068101
Indiana,2023-05-17,"Title 326, Article 12",new source performance standards,air pollution control division,,"Environmental Protection, Public Utilities, and Natural Resources",3500005290,4,638,4,0,0,0,0,23.0,6.94,12.5,37.3882618510158
Indiana,2023-05-17,"Title 326, Article 13",motor vehicle emission and fuel standards,air pollution control division,,"Environmental Protection, Public Utilities, and Natural Resources",3500005291,185,12882,150,12,1,1,21,24.0,8.84,11.22244488977956,34.5483080403431
Indiana,2023-05-17,"Title 326, Article 14",emission standards for hazardous air pollutants,air pollution control division,,"Environmental Protection, Public Utilities, and Natural Resources",3500005292,151,15324,80,43,1,0,27,30.0,9.08,21.604938271604937,35.222359672181845
Indiana,2023-05-17,"Title 326, Article 15",lead rules,air pollution control division,,"Environmental Protection, Public Utilities, and Natural Resources",3500005293,36,1935,36,0,0,0,0,35.0,7.8,8.333333333333332,31.77619387027797
Indiana,2023-05-17,"Title 326, Article 16",state environmental policy,air pollution control division,,"Environmental Protection, Public Utilities, and Natural Resources",3500005294,14,2603,8,2,0,0,4,22.0,7.79,9.615384615384617,40.43387589013225
Indiana,2023-05-17,"Title 326, Article 17-1",public records confidential information confidentiality agreements,air pollution control division,,"Environmental Protection, Public Utilities, and Natural Resources",3500005295,46,5602,37,3,2,0,4,26.0,7.43,17.22222222222222,39.33614088820827
Indiana,2023-05-17,"Title 326, Article 18",asbestos management,air pollution control division,,"Environmental Protection, Public Utilities, and Natural Resources",3500005296,132,15819,53,58,1,2,18,17.0,8.81,5.292792792792793,40.40132694434206
Indiana,2023-05-17,"Title 326, Article 19",mobile source rules,air pollution control division,,"Environmental Protection, Public Utilities, and Natural Resources",3500005297,59,6352,39,2,4,0,14,21.0,8.57,10.714285714285714,33.12707686689794
Indiana,2023-05-17,"Title 326, Article 2",permit review rules,air pollution control division,,"Environmental Protection, Public Utilities, and Natural Resources",3500005278,1679,134115,1160,229,16,5,269,28.0,9.48,19.86194611445112,35.527594276486795
Indiana,2023-05-17,"Title 326, Article 20",hazardous air pollutants,air pollution control division,,"Environmental Protection, Public Utilities, and Natural Resources",3500005298,237,37552,157,36,0,0,44,24.0,8.81,7.824838478104809,39.46658217716115
Indiana,2023-05-17,"Title 326, Article 21",acid deposition control,air pollution control division,,"Environmental Protection, Public Utilities, and Natural Resources",3500005299,0,314,0,0,0,0,0,23.0,6.91,8.333333333333332,41.80434782608695
Indiana,2023-05-17,"Title 326, Article 22",stratospheric ozone protection,air pollution control division,,"Environmental Protection, Public Utilities, and Natural Resources",3500005300,3,273,3,0,0,0,0,22.0,6.89,9.090909090909092,41.50970873786408
Indiana,2023-05-17,"Title 326, Article 23",lead based paint program,air pollution control division,,"Environmental Protection, Public Utilities, and Natural Resources",3500005301,0,5822,0,0,0,0,0,15.0,5.97,0.0,39.08950182943991
Indiana,2023-05-17,"Title 326, Article 24",cross state air pollution rule,air pollution control division,,"Environmental Protection, Public Utilities, and Natural Resources",3500005302,72,9746,48,24,0,0,0,31.0,7.63,16.608996539792386,31.453074849146237
Indiana,2023-05-17,"Title 326, Article 25",voluntary performance based leadership programs,air pollution control division,,"Environmental Protection, Public Utilities, and Natural Resources",3500005303,56,5263,44,9,0,0,3,27.0,8.09,11.666666666666666,41.63307013469577
Indiana,2023-05-17,"Title 326, Article 26",regional haze,air pollution control division,,"Environmental Protection, Public Utilities, and Natural Resources",3500005304,34,3265,26,3,0,0,5,27.0,7.9,9.174311926605505,36.64837244511734
Indiana,2023-05-17,"Title 326, Article 3",monitoring requirements,air pollution control division,,"Environmental Protection, Public Utilities, and Natural Resources",3500005279,275,16053,208,21,1,0,45,27.0,9.05,18.97163120567376,36.21705258602034
Indiana,2023-05-17,"Title 326, Article 4",burning regulations,air pollution control division,,"Environmental Protection, Public Utilities, and Natural Resources",3500005280,145,8388,101,34,5,4,1,25.0,8.76,15.755627009646304,33.87950078898293
Indiana,2023-05-17,"Title 326, Article 5",opacity regulations,air pollution control division,,"Environmental Protection, Public Utilities, and Natural Resources",3500005281,67,5302,57,7,0,0,3,31.0,8.49,26.08695652173913,36.355366492146594
Indiana,2023-05-17,"Title 326, Article 6",particulate rules,air pollution control division,,"Environmental Protection, Public Utilities, and Natural Resources",3500005282,206,14982,179,8,1,0,18,23.0,8.91,17.435897435897434,35.980307794141986
Indiana,2023-05-17,"Title 326, Article 6-5",particulate matter limitations except lake county,air pollution control division,,"Environmental Protection, Public Utilities, and Natural Resources",3500005283,154,18826,145,6,0,0,3,21.0,7.92,10.78014184397163,32.55526067973632
Indiana,2023-05-17,"Title 326, Article 6-8",particulate matter limitations for lake county,air pollution control division,,"Environmental Protection, Public Utilities, and Natural Resources",3500005284,404,30578,369,8,2,0,25,25.0,9.18,10.42654028436019,35.49229784510348
Indiana,2023-05-17,"Title 326, Article 7",sulfur dioxide rules,air pollution control division,,"Environmental Protection, Public Utilities, and Natural Resources",3500005285,202,18182,182,14,3,0,3,31.0,8.64,11.60541586073501,33.74541101356744
Indiana,2023-05-17,"Title 326, Article 8",volatile organic compound rules,air pollution control division,,"Environmental Protection, Public Utilities, and Natural Resources",3500005286,1463,137108,1168,138,4,2,151,26.0,10.07,17.882775119617225,35.32955995554275
Indiana,2023-05-17,"Title 326, Article 9",carbon monoxide emission rules,air pollution control division,,"Environmental Protection, Public Utilities, and Natural Resources",3500005287,7,654,6,0,0,0,1,22.0,7.46,22.22222222222222,35.72673267326733
Indiana,2023-05-17,"Title 327, Article 1",general provisions,water pollution control division,,"Environmental Protection, Public Utilities, and Natural Resources",3500005305,1,534,1,0,0,0,0,27.0,6.4,6.25,32.400621118012424
Indiana,2023-05-17,"Title 327, Article 11",state environmental policy,water pollution control division,,"Environmental Protection, Public Utilities, and Natural Resources",3500005315,12,2465,6,2,0,0,4,22.0,7.63,9.375,39.75323974082073
Indiana,2023-05-17,"Title 327, Article 12-1",public records confidential information confidentiality agreements,water pollution control division,,"Environmental Protection, Public Utilities, and Natural Resources",3500005316,46,6497,36,4,2,0,4,26.0,7.52,15.048543689320388,39.27142542410223
Indiana,2023-05-17,"Title 327, Article 15",npdes general permits and specific category individual permit requirements,water pollution control division,,"Environmental Protection, Public Utilities, and Natural Resources",3500005317,340,30648,128,132,3,5,72,29.0,9.29,16.95786228160329,36.63215745406929
Indiana,2023-05-17,"Title 327, Article 17",wetland activity permits,water pollution control division,,"Environmental Protection, Public Utilities, and Natural Resources",3500005318,74,11650,26,31,2,0,15,25.0,8.7,14.182692307692308,35.81818181818182
Indiana,2023-05-17,"Title 327, Article 18",voluntary performance based leadership programs,water pollution control division,,"Environmental Protection, Public Utilities, and Natural Resources",3500005319,65,6679,50,11,0,0,4,31.0,8.02,15.104166666666666,40.212190914318576
Indiana,2023-05-17,"Title 327, Article 19",confined feeding operations,water pollution control division,,"Environmental Protection, Public Utilities, and Natural Resources",3500005320,253,23286,52,157,5,7,32,25.0,8.43,13.400758533501897,34.315113847583646
Indiana,2023-05-17,"Title 327, Article 2",water quality standards,water pollution control division,,"Environmental Protection, Public Utilities, and Natural Resources",3500005306,760,90006,254,435,10,10,51,33.0,10.06,32.293722858270826,34.926431845724224
Indiana,2023-05-17,"Title 327, Article 20",satellite manure storage structure permitting program,water pollution control division,,"Environmental Protection, Public Utilities, and Natural Resources",3500005321,105,7865,39,54,1,0,11,28.0,8.32,19.51219512195122,34.22871479443185
Indiana,2023-05-17,"Title 327, Article 3",wastewater treatment facilities issuance of permits construction and permit requirements,water pollution control division,,"Environmental Protection, Public Utilities, and Natural Resources",3500005307,223,20320,109,90,0,0,24,28.0,8.94,11.464968152866245,35.64478364918181
Indiana,2023-05-17,"Title 327, Article 4",wastewater treatment facilities overload condition,water pollution control division,,"Environmental Protection, Public Utilities, and Natural Resources",3500005308,13,3263,11,0,0,0,2,26.0,7.86,15.315315315315312,34.40968801313629
Indiana,2023-05-17,"Title 327, Article 5",industrial wastewater pretreatment programs and npdes,water pollution control division,,"Environmental Protection, Public Utilities, and Natural Resources",3500005309,1493,130665,926,269,17,12,269,34.0,9.31,27.752027809965234,37.50389632713868
Indiana,2023-05-17,"Title 327, Article 6",land application of sludge and wastewater,water pollution control division,,"Environmental Protection, Public Utilities, and Natural Resources",3500005310,0,549,0,0,0,0,0,14.0,5.54,0.0,42.05817174515236
Indiana,2023-05-17,"Title 327, Article 6-1",land application of biosolid industrial waste product and pollutant bearing water,water pollution control division,,"Environmental Protection, Public Utilities, and Natural Resources",3500005311,416,45065,85,280,1,16,34,34.0,8.32,16.69642857142857,33.3059369318538
Indiana,2023-05-17,"Title 327, Article 7",management of sewage disposal system wastewater,water pollution control division,,"Environmental Protection, Public Utilities, and Natural Resources",3500005312,0,905,0,0,0,0,0,15.0,5.5,0.0,40.63557858376511
Indiana,2023-05-17,"Title 327, Article 7-1",wastewater management,water pollution control division,,"Environmental Protection, Public Utilities, and Natural Resources",3500005313,176,17937,18,142,0,8,8,26.0,8.29,11.262798634812286,33.57617728531856
Indiana,2023-05-17,"Title 327, Article 8",public water supply,water pollution control division,,"Environmental Protection, Public Utilities, and Natural Resources",3500005314,2658,215050,1282,789,36,2,549,29.0,9.8,18.248929573305773,35.93128133736263
Indiana,2023-05-17,"Title 328, Article 1",excess liability trust fund corrective action and eltf liability indemnity claim payments,underground storage tank financial assurance board,,"Banking, Insurance, and Securities",3500005322,95,13169,33,43,4,0,15,29.0,8.78,16.911764705882355,36.520196078431375
Indiana,2023-05-17,"Title 329, Article 1",general provisions,solid waste management division,,"Environmental Protection, Public Utilities, and Natural Resources",3500005323,16,1959,8,5,0,0,3,26.0,7.26,6.451612903225806,37.32752360203341
Indiana,2023-05-17,"Title 329, Article 10",solid waste land disposal facilities,solid waste management division,,"Environmental Protection, Public Utilities, and Natural Resources",3500005331,2134,173564,427,1304,9,34,360,5.0,9.49,2.915228231683928,34.84783575506157
Indiana,2023-05-17,"Title 329, Article 11",solid waste processing facilities,solid waste management division,,"Environmental Protection, Public Utilities, and Natural Resources",3500005332,300,38953,57,167,3,11,62,26.0,8.14,11.676396997497914,33.43249331806033
Indiana,2023-05-17,"Title 329, Article 11-5",biomass anaerobic digestion facilities and biomass gasification facilities,solid waste management division,,"Environmental Protection, Public Utilities, and Natural Resources",3500005333,88,8759,10,49,3,2,24,24.0,8.1,12.111801242236025,37.25921504253097
Indiana,2023-05-17,"Title 329, Article 11-6",mobile home salvaging facilities,solid waste management division,,"Environmental Protection, Public Utilities, and Natural Resources",3500005334,84,7698,10,49,2,2,21,22.0,8.02,9.523809523809524,34.91421568627451
Indiana,2023-05-17,"Title 329, Article 11-7",alternative fuel source,solid waste management division,,"Environmental Protection, Public Utilities, and Natural Resources",3500005335,74,7578,11,38,2,2,21,22.0,7.9,11.379310344827587,34.5638702663526
Indiana,2023-05-17,"Title 329, Article 12",solid waste management activity registration,solid waste management division,,"Environmental Protection, Public Utilities, and Natural Resources",3500005336,95,13766,41,35,5,0,14,24.0,7.55,6.236559139784946,37.69853022433418
Indiana,2023-05-17,"Title 329, Article 13",used oil management,solid waste management division,,"Environmental Protection, Public Utilities, and Natural Resources",3500005337,260,24148,25,208,8,4,15,30.0,8.24,20.027624309392262,32.6454816285998
Indiana,2023-05-17,"Title 329, Article 15",waste tire management,solid waste management division,,"Environmental Protection, Public Utilities, and Natural Resources",3500005338,251,23389,100,68,13,1,69,29.0,7.93,12.769010043041607,32.59153005464481
Indiana,2023-05-17,"Title 329, Article 16",electronics waste management,solid waste management division,,"Environmental Protection, Public Utilities, and Natural Resources",3500005339,109,13322,26,57,3,3,20,25.0,7.95,9.010989010989013,34.4813369886124
Indiana,2023-05-17,"Title 329, Article 18",voluntary performance based leadership programs,solid waste management division,,"Environmental Protection, Public Utilities, and Natural Resources",3500005340,55,5291,43,9,0,0,3,28.0,8.13,12.352941176470589,40.93978693839741
Indiana,2023-05-17,"Title 329, Article 3-1",hazardous waste management permit program and related hazardous waste management,solid waste management division,,"Environmental Protection, Public Utilities, and Natural Resources",3500005324,1336,103234,543,550,34,7,202,31.0,9.32,21.808851828094934,33.75187298096089
Indiana,2023-05-17,"Title 329, Article 4-1",regulation of wastes containing pcbs,solid waste management division,,"Environmental Protection, Public Utilities, and Natural Resources",3500005325,93,8758,43,23,0,0,27,24.0,7.67,12.258064516129032,35.27665847665848
Indiana,2023-05-17,"Title 329, Article 5",state environmental policy,solid waste management division,,"Environmental Protection, Public Utilities, and Natural Resources",3500005326,12,2469,6,2,0,0,4,22.0,7.62,9.375,39.56341068537507
Indiana,2023-05-17,"Title 329, Article 6-1",public records confidential information confidentiality agreements,solid waste management division,,"Environmental Protection, Public Utilities, and Natural Resources",3500005327,47,5511,37,4,2,0,4,25.0,7.27,15.384615384615383,39.46566692975533
Indiana,2023-05-17,"Title 329, Article 7-1",priority ranking system for hazardous substances response sites,solid waste management division,,"Environmental Protection, Public Utilities, and Natural Resources",3500005328,4,3995,1,1,0,0,2,27.0,7.45,5.785123966942149,36.712609970674485
Indiana,2023-05-17,"Title 329, Article 8",household hazardous waste grants program,solid waste management division,,"Environmental Protection, Public Utilities, and Natural Resources",3500005329,21,4202,12,5,2,0,2,25.0,7.42,4.25531914893617,35.519529899758034
Indiana,2023-05-17,"Title 329, Article 9",underground storage tanks,solid waste management division,,"Environmental Protection, Public Utilities, and Natural Resources",3500005330,521,49195,246,189,3,1,82,27.0,9.37,17.785630153121318,35.31204160874359
Indiana,2023-05-17,"Title 330, Article 1",water quality standards generally,stream pollution control board of the state of indiana,,"Environmental Protection, Public Utilities, and Natural Resources",3500005341,2,1391,0,0,0,2,0,21.0,5.93,0.0,36.82716049382716
Indiana,2023-05-17,"Title 330, Article 2",water quality standards specific waters of the state,stream pollution control board of the state of indiana,,"Environmental Protection, Public Utilities, and Natural Resources",3500005342,0,272,0,0,0,0,0,19.0,5.86,0.0,33.24644549763033
Indiana,2023-05-17,"Title 330, Article 3-1",wastewater treatment facilities issuance of permits construction and permit requirements,stream pollution control board of the state of indiana,,"Environmental Protection, Public Utilities, and Natural Resources",3500005343,0,1220,0,0,0,0,0,18.0,5.95,0.0,38.22846441947566
Indiana,2023-05-17,"Title 330, Article 3-3",land application of sludge and wastewater,stream pollution control board of the state of indiana,,"Environmental Protection, Public Utilities, and Natural Resources",3500005344,0,870,0,0,0,0,0,17.0,5.82,0.0,39.30338983050847
Indiana,2023-05-17,"Title 330, Article 5",industrial wastewater pretreatment programs,stream pollution control board of the state of indiana,,"Environmental Protection, Public Utilities, and Natural Resources",3500005345,0,1562,0,0,0,0,0,19.0,6.14,0.0,40.00357142857143
Indiana,2023-05-17,"Title 345, Article 1",domestic animal disease control general provisions,indiana state board of animal health,,"Industry, Commerce, and Development",3500005346,314,30647,69,170,18,3,54,23.0,8.94,13.513513513513514,34.67576583540133
Indiana,2023-05-17,"Title 345, Article 10",poultry and poultry products inspection,indiana state board of animal health,,"Industry, Commerce, and Development",3500005356,90,12719,62,14,0,0,14,28.0,8.2,12.15880893300248,32.52184621974727
Indiana,2023-05-17,"Title 345, Article 12",grading and certification programs,indiana state board of animal health,,"Industry, Commerce, and Development",3500005357,8,1974,4,4,0,0,0,29.0,7.7,13.114754098360656,35.517913262099306
Indiana,2023-05-17,"Title 345, Article 13",commercial dog breeders and brokers,indiana state board of animal health,,"Industry, Commerce, and Development",3500005358,9,866,0,4,1,0,4,27.0,6.84,10.714285714285714,32.17571884984026
Indiana,2023-05-17,"Title 345, Article 14",livestock and poultry care,indiana state board of animal health,,"Industry, Commerce, and Development",3500005359,8,1028,1,6,0,0,1,21.0,6.87,4.761904761904762,31.99486521181001
Indiana,2023-05-17,"Title 345, Article 2",cattle goats and other tuberculosis or brucellosis carrying animals,indiana state board of animal health,,"Industry, Commerce, and Development",3500005347,240,22874,107,101,4,0,28,27.0,8.97,19.270833333333336,33.32960192498823
Indiana,2023-05-17,"Title 345, Article 2-5",tuberculosis control,indiana state board of animal health,,"Industry, Commerce, and Development",3500005348,134,17202,62,58,6,0,8,28.0,8.03,14.417744916820702,33.106044697765114
Indiana,2023-05-17,"Title 345, Article 3",swine,indiana state board of animal health,,"Industry, Commerce, and Development",3500005349,136,12805,54,63,1,1,17,29.0,8.3,15.18987341772152,32.35855528652139
Indiana,2023-05-17,"Title 345, Article 4",poultry,indiana state board of animal health,,"Industry, Commerce, and Development",3500005350,6,1436,3,3,0,0,0,21.0,7.44,10.344827586206897,35.67909715407262
Indiana,2023-05-17,"Title 345, Article 5",scrapie,indiana state board of animal health,,"Industry, Commerce, and Development",3500005351,97,14698,37,27,2,2,29,24.0,8.01,10.497237569060774,32.90582437275986
Indiana,2023-05-17,"Title 345, Article 6",equine,indiana state board of animal health,,"Industry, Commerce, and Development",3500005352,58,4601,14,29,1,2,12,20.0,8.0,10.784313725490197,30.857104121475054
Indiana,2023-05-17,"Title 345, Article 7",livestock dealers marketing exhibitions and slaughter livestock,indiana state board of animal health,,"Industry, Commerce, and Development",3500005353,296,21612,119,95,16,13,53,27.0,8.81,13.006993006993008,32.46921049478855
Indiana,2023-05-17,"Title 345, Article 8",dairy products,indiana state board of animal health,,"Industry, Commerce, and Development",3500005354,299,18693,208,73,6,1,11,26.0,9.14,14.457831325301203,31.96126541287832
Indiana,2023-05-17,"Title 345, Article 9",meat and meat products inspection,indiana state board of animal health,,"Industry, Commerce, and Development",3500005355,158,17867,91,35,5,2,25,26.0,8.53,12.76595744680851,33.16376383763838
Indiana,2023-05-17,"Title 355, Article 10",distribution of manure based fertilizer,state chemist of the state of indiana,,"Industry, Commerce, and Development",3500005368,86,7920,32,43,2,0,9,24.0,8.35,15.384615384615383,35.312655860349125
Indiana,2023-05-17,"Title 355, Article 2",commercial fertilizers,state chemist of the state of indiana,,"Industry, Commerce, and Development",3500005360,160,13177,136,6,3,3,12,31.0,8.09,9.866666666666667,31.68148763764804
Indiana,2023-05-17,"Title 355, Article 3",agricultural ammonia,state chemist of the state of indiana,,"Industry, Commerce, and Development",3500005361,418,27431,367,17,0,4,30,29.0,8.43,14.492753623188406,31.17730319095729
Indiana,2023-05-17,"Title 355, Article 4",pesticide use and application,state chemist of the state of indiana,,"Industry, Commerce, and Development",3500005362,110,9895,52,41,6,0,11,20.0,8.29,9.24170616113744,37.69324986390855
Indiana,2023-05-17,"Title 355, Article 5",storage and secondary containment of pesticides,state chemist of the state of indiana,,"Industry, Commerce, and Development",3500005363,93,8185,84,0,1,3,5,31.0,7.6,11.415525114155251,31.63612241287812
Indiana,2023-05-17,"Title 355, Article 6",animal foods,state chemist of the state of indiana,,"Industry, Commerce, and Development",3500005364,224,15741,159,14,1,2,48,26.0,8.99,31.77892918825561,32.80310322534301
Indiana,2023-05-17,"Title 355, Article 7",certification for distributors and users of fertilizer material,state chemist of the state of indiana,,"Industry, Commerce, and Development",3500005365,50,5581,22,17,2,0,9,25.0,7.64,7.291666666666667,35.748399803052685
Indiana,2023-05-17,"Title 355, Article 8",fertilizer material use distribution and record keeping,state chemist of the state of indiana,,"Industry, Commerce, and Development",3500005366,23,5244,15,1,0,0,7,21.0,7.46,5.188679245283019,34.85824387558492
Indiana,2023-05-17,"Title 355, Article 9",fertilizer civil penalty schedule,state chemist of the state of indiana,,"Industry, Commerce, and Development",3500005367,12,3227,10,0,0,0,2,22.0,7.25,8.73015873015873,33.26748005631159
Indiana,2023-05-17,"Title 357, Article 1",definition use of pesticides,indiana pesticide review board,,"Environmental Protection, Public Utilities, and Natural Resources",3500005369,21,3919,10,7,1,0,3,18.0,7.57,9.836065573770492,36.03053715967624
Indiana,2023-05-17,"Title 35, Article 11",public employees retirement fund additional contributions,board of trustees of the indiana public retirement system,,Administration,3500005018,19,1057,15,1,1,0,2,28.0,7.27,19.444444444444446,39.23419689119171
Indiana,2023-05-17,"Title 35, Article 12",public employees retirement fund annual compensation limit,board of trustees of the indiana public retirement system,,Administration,3500005019,3,1367,2,0,1,0,0,24.0,7.06,10.638297872340424,34.579814624098866
Indiana,2023-05-17,"Title 35, Article 1-2",public employees retirement fund,board of trustees of the indiana public retirement system,,Administration,3500005012,258,30074,179,27,16,4,32,31.0,8.56,24.161849710982658,33.530039827133294
Indiana,2023-05-17,"Title 35, Article 13",required minimum distributions,board of trustees of the indiana public retirement system,,Administration,3500005020,28,982,3,5,2,0,18,36.0,7.08,44.0,33.836185819070906
Indiana,2023-05-17,"Title 35, Article 1-3",public employees retirement fund defined contribution program,board of trustees of the indiana public retirement system,,Administration,3500005013,60,7565,40,4,5,1,10,26.0,7.59,19.58333333333333,35.27914939628762
Indiana,2023-05-17,"Title 35, Article 14",indiana state teachers retirement fund,board of trustees of the indiana public retirement system,,Administration,3500005021,180,28943,94,35,9,3,39,32.0,8.12,18.96774193548387,32.874675685693106
Indiana,2023-05-17,"Title 35, Article 14-1",indiana state teachers retirement fund defined contribution program,board of trustees of the indiana public retirement system,,Administration,3500005022,42,5875,28,5,4,0,5,26.0,7.25,11.229946524064172,35.49486014821898
Indiana,2023-05-17,"Title 35, Article 15",indiana state teachers retirement fund model plan amendment,board of trustees of the indiana public retirement system,,Administration,3500005023,2,1168,0,1,0,0,1,45.0,7.18,8.333333333333332,37.3717277486911
Indiana,2023-05-17,"Title 35, Article 16",indiana state teachers retirement fund contributions and benefits,board of trustees of the indiana public retirement system,,Administration,3500005024,35,4193,28,0,3,0,4,75.0,7.93,72.72727272727273,33.9384376616658
Indiana,2023-05-17,"Title 35, Article 17",annual compensation limits,board of trustees of the indiana public retirement system,,Administration,3500005025,3,1353,2,0,1,0,0,26.0,7.05,10.869565217391305,34.17567567567568
Indiana,2023-05-17,"Title 35, Article 18",rollovers service purchases and enhanced retirement savings opportunities,board of trustees of the indiana public retirement system,,Administration,3500005026,1,1281,0,0,0,0,1,34.0,6.95,6.451612903225806,32.934994582881906
Indiana,2023-05-17,"Title 35, Article 19",indiana state teachers retirement fund additional contributions,board of trustees of the indiana public retirement system,,Administration,3500005027,18,1021,16,1,0,0,1,29.0,7.34,23.52941176470588,38.81513513513514
Indiana,2023-05-17,"Title 35, Article 2",police and firefighters pension and disability fund,board of trustees of the indiana public retirement system,,Administration,3500005014,147,16200,100,22,2,0,23,24.0,9.0,19.230769230769237,35.02363413136894
Indiana,2023-05-17,"Title 35, Article 20",401 h medical benefits accounts,board of trustees of the indiana public retirement system,,Administration,3500005028,7,1905,6,0,0,0,1,28.0,7.17,18.33333333333333,32.743893928820654
Indiana,2023-05-17,"Title 35, Article 21",public employees retirement fund separate employer accounts procedure,board of trustees of the indiana public retirement system,,Administration,3500005029,0,559,0,0,0,0,0,20.0,6.55,8.333333333333332,36.51724137931034
Indiana,2023-05-17,"Title 35, Article 22",internal revenue code section 415,board of trustees of the indiana public retirement system,,Administration,3500005030,10,1156,9,0,0,0,1,49.0,7.28,,34.80687563195146
Indiana,2023-05-17,"Title 35, Article 23",retiree medical benefits account plan,board of trustees of the indiana public retirement system,,Administration,3500005031,25,3444,20,4,0,0,1,32.0,7.58,15.625,36.29803493449781
Indiana,2023-05-17,"Title 35, Article 4",state excise police gaming agent gaming control officer conservation enforcement officers retirement plan,board of trustees of the indiana public retirement system,,Administration,3500005015,29,3465,21,3,1,1,3,26.0,8.01,21.1864406779661,34.29546279491833
Indiana,2023-05-17,"Title 35, Article 6",pension relief fund,board of trustees of the indiana public retirement system,,Administration,3500005016,5,311,4,0,0,0,1,17.0,6.27,0.0,33.828947368421055
Indiana,2023-05-17,"Title 35, Article 9",annual compensation limits implementation of annual compensation limitations pursuant to internal revenue code section 401 a 17,board of trustees of the indiana public retirement system,,Administration,3500005017,3,1262,2,0,1,0,0,24.0,6.99,6.976744186046512,33.58837772397094
Indiana,2023-05-17,"Title 360, Article 1",standards for seed and seed labeling,state seed commissioner,,"Industry, Commerce, and Development",3500005370,78,7642,46,12,1,3,16,1.0,7.95,0.6597394029358403,31.193050193050198
Indiana,2023-05-17,"Title 365, Article 2",dairy processing plant and receiving stations,creamery examining board,,"Industry, Commerce, and Development",3500005371,96,6731,23,70,0,0,3,26.0,8.23,12.831858407079649,30.816314779270638
Indiana,2023-05-17,"Title 370, Article 1",general provisions,state egg board,,"Industry, Commerce, and Development",3500005372,63,6304,47,11,0,0,5,28.0,8.08,6.63265306122449,29.81230903535574
Indiana,2023-05-17,"Title 405, Article 1",medicaid providers and services,office of the secretary of family and social services,,Social Assistance,3500005373,1220,98345,955,158,11,2,94,31.0,9.56,16.910513780197345,34.260069520406425
Indiana,2023-05-17,"Title 405, Article 10",healthy indiana plan,office of the secretary of family and social services,,Social Assistance,3500005381,363,24920,292,12,2,0,57,27.0,8.61,20.286396181384248,33.73654322186089
Indiana,2023-05-17,"Title 405, Article 11",children s health insurance program general provisions providers,office of the secretary of family and social services,,Social Assistance,3500005382,42,8618,29,7,2,0,4,31.0,7.6,17.22689075630252,31.4592125984252
Indiana,2023-05-17,"Title 405, Article 1-1",appeal procedures for applicants and recipients of medicaid,office of the secretary of family and social services,,Social Assistance,3500005374,37,3121,27,6,0,1,3,34.0,7.93,20.23809523809524,32.05612648221344
Indiana,2023-05-17,"Title 405, Article 12",applicants and members eligibility and enrollment appeal procedures,office of the secretary of family and social services,,Social Assistance,3500005383,27,4306,5,13,2,0,7,29.0,7.53,25.0,30.491772741384665
Indiana,2023-05-17,"Title 405, Article 13",benefits and medical policy,office of the secretary of family and social services,,Social Assistance,3500005384,20,4839,12,3,0,0,5,23.0,7.33,8.98876404494382,33.847650404070635
Indiana,2023-05-17,"Title 405, Article 2",medicaid members eligibility,office of the secretary of family and social services,,Social Assistance,3500005375,242,33790,143,58,11,2,28,30.0,8.99,23.968565815324165,32.83471824086505
Indiana,2023-05-17,"Title 405, Article 4",purchase of products and services of persons with disabilities,office of the secretary of family and social services,,Social Assistance,3500005376,1,172,1,0,0,0,0,20.0,5.98,0.0,33.23809523809524
Indiana,2023-05-17,"Title 405, Article 5",medicaid services,office of the secretary of family and social services,,Social Assistance,3500005377,1088,120498,269,613,50,4,152,24.0,9.04,14.1785957736878,36.639159919355706
Indiana,2023-05-17,"Title 405, Article 6",indiana prescription drug program,office of the secretary of family and social services,,Social Assistance,3500005378,0,1867,0,0,0,0,0,17.0,5.7,0.0,35.96515397082658
Indiana,2023-05-17,"Title 405, Article 7",state supplemental assistance for personal needs,office of the secretary of family and social services,,Social Assistance,3500005379,4,884,2,1,0,0,1,30.0,7.18,18.51851851851852,34.89364640883978
Indiana,2023-05-17,"Title 405, Article 8",indiana prescription drug program medicare part d assistance benefit,office of the secretary of family and social services,,Social Assistance,3500005380,59,9847,45,9,0,1,4,25.0,7.82,9.593023255813954,32.956681651001226
Indiana,2023-05-17,"Title 407, Article 3",benefits and medical policy,office of the children s health insurance program,,Health Services,3500005385,0,707,0,0,0,0,0,16.0,5.62,0.0,37.66481481481482
Indiana,2023-05-17,"Title 40, Article 2",state officers and employees,state ethics commission,,Administration,3500005032,39,3920,33,4,0,0,2,21.0,7.22,6.875000000000001,34.684439608269855
Indiana,2023-05-17,"Title 410, Article 1",communicable disease control,indiana department of health,,Health Services,3500005386,895,81344,585,88,2,1,219,22.0,9.31,13.00462249614792,37.96971837618913
Indiana,2023-05-17,"Title 410, Article 12",weights and measures,indiana department of health,,Health Services,3500005398,17,4045,15,2,0,0,0,38.0,7.88,16.666666666666664,31.051730164278226
Indiana,2023-05-17,"Title 410, Article 12-1",motor fuel,indiana department of health,,Health Services,3500005399,23,3742,9,13,0,0,1,25.0,7.16,6.779661016949152,29.231752577319583
Indiana,2023-05-17,"Title 410, Article 13",sanitary bedding,indiana department of health,,Health Services,3500005400,240,7281,209,18,0,0,13,14.0,9.21,15.568862275449105,31.36930634117297
Indiana,2023-05-17,"Title 410, Article 15",hospital licensure rules,indiana department of health,,Health Services,3500005401,531,40051,356,123,4,0,48,24.0,9.04,13.112582781456952,37.975849956090826
Indiana,2023-05-17,"Title 410, Article 15-1",mobile health care entity,indiana department of health,,Health Services,3500005402,6,1092,3,1,2,0,0,24.0,6.46,5.405405405405405,31.62933333333333
Indiana,2023-05-17,"Title 410, Article 16-2",health facilities licensing and operational standards,indiana department of health,,Health Services,3500005403,1128,71370,721,303,7,2,95,25.0,9.07,16.297468354430382,35.563735860272395
Indiana,2023-05-17,"Title 410, Article 17",home health agencies,indiana department of health,,Health Services,3500005404,149,13162,87,39,5,0,18,22.0,8.36,7.924528301886792,34.62705117001651
Indiana,2023-05-17,"Title 410, Article 18",vital records,indiana department of health,,Health Services,3500005405,32,4036,24,2,0,0,6,21.0,7.12,7.792207792207792,32.55656108597285
Indiana,2023-05-17,"Title 410, Article 2",tuberculosis control,indiana department of health,,Health Services,3500005387,0,232,0,0,0,0,0,7.0,4.81,0.0,47.26923076923077
Indiana,2023-05-17,"Title 410, Article 21",reporting,indiana department of health,,Health Services,3500005406,33,3297,23,2,0,0,8,28.0,8.04,5.825242718446602,37.9771551724138
Indiana,2023-05-17,"Title 410, Article 22",child care facilities,indiana department of health,,Health Services,3500005407,0,108,0,0,0,0,0,12.0,5.2,0.0,41.6025641025641
Indiana,2023-05-17,"Title 410, Article 23",grants,indiana department of health,,Health Services,3500005408,17,2779,8,7,1,0,1,26.0,7.59,4.3478260869565215,31.342677622039638
Indiana,2023-05-17,"Title 410, Article 24",local health services,indiana department of health,,Health Services,3500005409,6,1248,6,0,0,0,0,26.0,6.69,7.5,31.21658415841584
Indiana,2023-05-17,"Title 410, Article 25",artificial insemination,indiana department of health,,Health Services,3500005410,17,2275,3,14,0,0,0,23.0,7.04,25.301204819277107,38.65467171717172
Indiana,2023-05-17,"Title 410, Article 27",birthing centers,indiana department of health,,Health Services,3500005411,200,19188,44,137,4,0,15,21.0,8.61,13.060179257362355,37.28802721088435
Indiana,2023-05-17,"Title 410, Article 29",reporting monitoring and preventive procedures for an elevated blood lead level,indiana department of health,,Health Services,3500005412,34,7691,22,8,0,0,4,27.0,7.98,9.54356846473029,33.77146375791696
Indiana,2023-05-17,"Title 410, Article 3",maternal and child health,indiana department of health,,Health Services,3500005388,173,9872,153,11,0,0,9,24.0,8.84,17.1875,37.20666589782032
Indiana,2023-05-17,"Title 410, Article 32",lead based paint program,indiana department of health,,Health Services,3500005413,378,41555,296,39,7,2,34,26.0,8.7,10.818505338078293,34.20023796850049
Indiana,2023-05-17,"Title 410, Article 3-2",children with special health care needs,indiana department of health,,Health Services,3500005389,115,13155,96,7,3,0,9,23.0,8.14,12.673267326732674,35.16556769008861
Indiana,2023-05-17,"Title 410, Article 33",indoor air quality,indiana department of health,,Health Services,3500005414,55,4397,41,10,0,1,3,18.0,7.52,13.861386138613865,33.28816920026438
Indiana,2023-05-17,"Title 410, Article 34",state trauma registry,indiana department of health,,Health Services,3500005415,19,3178,7,5,0,0,7,21.0,7.33,7.086614173228346,36.10508033000434
Indiana,2023-05-17,"Title 410, Article 35",disposition of aborted remains,indiana department of health,,Health Services,3500005416,15,1288,1,4,0,0,10,20.0,6.59,8.16326530612245,32.03652392947103
Indiana,2023-05-17,"Title 410, Article 36",indiana developmental disability bracelet and identification card,indiana department of health,,Health Services,3500005417,7,1079,6,1,0,0,0,15.0,6.7,1.6666666666666667,40.08171206225681
Indiana,2023-05-17,"Title 410, Article 3-6",women infants and children program rules penalties and sanctions for wic vendors,indiana department of health,,Health Services,3500005390,99,13075,68,17,5,0,9,26.0,8.08,16.359447004608295,33.989572471324294
Indiana,2023-05-17,"Title 410, Article 37",grants for veterans services,indiana department of health,,Health Services,3500005418,10,1595,4,5,1,0,0,22.0,6.81,1.7543859649122806,35.661582459485224
Indiana,2023-05-17,"Title 410, Article 38",inspection and cleanup of property contaminated with chemicals used in the illegal manufacture of a controlled substance,indiana department of health,,Health Services,3500005419,83,11646,39,14,0,2,28,26.0,7.63,11.1731843575419,36.74715872813179
Indiana,2023-05-17,"Title 410, Article 39",perinatal hospital services,indiana department of health,,Health Services,3500005420,148,11178,125,18,1,0,4,21.0,8.53,6.639839034205232,42.25529252268224
Indiana,2023-05-17,"Title 410, Article 40",certificate of need program,indiana department of health,,Health Services,3500005421,14,1628,7,1,3,0,3,20.0,7.19,5.714285714285714,38.75555555555555
Indiana,2023-05-17,"Title 410, Article 41",abortion complications reporting,indiana department of health,,Health Services,3500005422,10,608,5,1,0,0,4,16.0,5.94,0.0,37.28388746803069
Indiana,2023-05-17,"Title 410, Article 5",radiological health,indiana department of health,,Health Services,3500005391,1569,131968,1340,64,7,10,148,29.0,9.26,17.40015263291783,34.534938903817874
Indiana,2023-05-17,"Title 410, Article 5-1",radon,indiana department of health,,Health Services,3500005392,43,7603,21,7,1,0,14,33.0,7.83,14.736842105263156,34.16027422642209
Indiana,2023-05-17,"Title 410, Article 5-2",radiography nuclear medicine and radiation therapy licensing,indiana department of health,,Health Services,3500005393,76,11706,37,26,4,0,9,25.0,7.71,5.154639175257731,39.31192549588776
Indiana,2023-05-17,"Title 410, Article 6",sanitary engineering,indiana department of health,,Health Services,3500005394,2023,118098,1627,266,10,15,105,27.0,9.42,16.426134872736814,31.650560772039647
Indiana,2023-05-17,"Title 410, Article 7",food and drugs,indiana department of health,,Health Services,3500005395,1175,123389,983,11,86,23,72,28.0,9.08,17.106984043944546,32.92653462564967
Indiana,2023-05-17,"Title 410, Article 8",dairy products,indiana department of health,,Health Services,3500005396,0,1644,0,0,0,0,0,19.0,6.47,0.0,38.19792566983578
Indiana,2023-05-17,"Title 410, Article 9",meat and meat products inspection,indiana department of health,,Health Services,3500005397,0,1334,0,0,0,0,0,16.0,5.89,0.0,42.13796576032225
Indiana,2023-05-17,"Title 412, Article 2",qualified medication aides,indiana health facilities council,,Health Services,3500005423,0,544,0,0,0,0,0,8.0,5.12,0.0,46.22184300341297
Indiana,2023-05-17,"Title 41, Article 1",code of judicial conduct for administrative law judges,office of administrative law proceedings,,"Security, Justice, and Corrections",3500005033,18,2402,14,4,0,0,0,22.0,6.86,7.865168539325842,41.46729522687095
Indiana,2023-05-17,"Title 42, Article 1",indiana code of ethics,office of the inspector general,,"Security, Justice, and Corrections",3500005034,29,6817,26,1,1,0,1,24.0,6.92,8.928571428571429,32.1834714548803
Indiana,2023-05-17,"Title 431, Article 1-1",community residential facilities for persons with developmental disabilities,community residential facilities council,,Health Services,3500005424,0,154,0,0,0,0,0,12.0,5.08,0.0,56.972477064220186
Indiana,2023-05-17,"Title 431, Article 3-1",fire and life safety standards for community residential facilities for persons with developmental disabilities and persons with mental illness,community residential facilities council,,Health Services,3500005425,0,790,0,0,0,0,0,15.0,5.37,0.0,52.0062893081761
Indiana,2023-05-17,"Title 431, Article 4",fire and life safety standards for community residential facilities located in apartment buildings for persons with developmental disabilities and persons with mental illness,community residential facilities council,,Health Services,3500005426,0,889,0,0,0,0,0,15.0,5.52,0.0,51.69409660107335
Indiana,2023-05-17,"Title 440, Article 1",general provisions commissioner of mental health,division of mental health and addiction,,Health Services,3500005427,0,450,0,0,0,0,0,18.0,6.26,0.0,42.84457478005865
Indiana,2023-05-17,"Title 440, Article 10",minimum standards for the provision of services by opioid treatment facilities and programs,division of mental health and addiction,,Health Services,3500005439,357,29398,300,2,8,1,46,21.0,8.49,7.855973813420622,37.12532726726469
Indiana,2023-05-17,"Title 440, Article 11",assertive community treatment teams,division of mental health and addiction,,Health Services,3500005440,134,7431,88,36,4,0,6,21.0,8.16,8.4375,35.942288390766144
Indiana,2023-05-17,"Title 440, Article 1-5",licensure of private mental health institutions,division of mental health and addiction,,Health Services,3500005428,251,14866,189,30,5,0,27,24.0,8.59,11.151079136690647,37.37122761102478
Indiana,2023-05-17,"Title 440, Article 2",division of addiction services,division of mental health and addiction,,Health Services,3500005429,4,7241,0,0,0,2,2,17.0,6.32,0.0,34.46404563047464
Indiana,2023-05-17,"Title 440, Article 4",community mental health centers,division of mental health and addiction,,Health Services,3500005430,20,2192,15,2,0,0,3,20.0,6.95,6.185567010309279,39.692708333333336
Indiana,2023-05-17,"Title 440, Article 4-1",community mental health centers certification,division of mental health and addiction,,Health Services,3500005431,99,7127,71,13,7,0,8,25.0,8.1,12.549019607843135,35.93316787803581
Indiana,2023-05-17,"Title 440, Article 4-3",managed care provider certification,division of mental health and addiction,,Health Services,3500005432,72,5170,42,10,10,0,10,25.0,7.95,15.263157894736842,37.28981348637016
Indiana,2023-05-17,"Title 440, Article 4-4",addiction treatment services provider certification,division of mental health and addiction,,Health Services,3500005433,82,5143,45,27,6,0,4,25.0,8.0,14.516129032258066,39.20817214700193
Indiana,2023-05-17,"Title 440, Article 5",community care,division of mental health and addiction,,Health Services,3500005434,9,2040,7,2,0,0,0,28.0,7.51,12.903225806451612,33.265013054830284
Indiana,2023-05-17,"Title 440, Article 6",residential care providers certification,division of mental health and addiction,,Health Services,3500005435,40,3274,30,7,1,0,2,25.0,7.77,3.508771929824561,37.62994350282486
Indiana,2023-05-17,"Title 440, Article 7-5",residential living facilities for individuals with psychiatric disorders or addictions,division of mental health and addiction,,Health Services,3500005436,262,17410,201,38,4,1,18,25.0,8.77,12.302839116719245,36.61537912832584
Indiana,2023-05-17,"Title 440, Article 8",populations to be served by managed care providers funded by the division of mental health and to be served by community mental health centers,division of mental health and addiction,,Health Services,3500005437,4,2839,0,4,0,0,0,24.0,7.26,4.0,35.79959204487506
Indiana,2023-05-17,"Title 440, Article 9",minimum standards for the provision of services by community mental health centers and managed care providers,division of mental health and addiction,,Health Services,3500005438,183,9855,125,54,1,0,3,23.0,8.39,8.418367346938775,40.320913016656384
Indiana,2023-05-17,"Title 455, Article 1",aging,division of aging,,Social Assistance,3500005441,387,43550,296,44,9,2,36,28.0,8.63,14.580265095729017,35.51292975034261
Indiana,2023-05-17,"Title 455, Article 2",home and community based services,division of aging,,Social Assistance,3500005442,131,18108,102,8,0,0,21,21.0,7.78,9.366391184573002,35.67400188619931
Indiana,2023-05-17,"Title 455, Article 3",assisted living medicaid waiver services,division of aging,,Social Assistance,3500005443,57,5478,47,4,1,0,5,27.0,8.17,16.666666666666664,36.54468085106383
Indiana,2023-05-17,"Title 45, Article 1",gross income tax,department of state revenue,,Taxes and Public Finance,3500005035,6,10428,0,0,0,4,2,19.0,6.42,0.425531914893617,35.648815020006154
Indiana,2023-05-17,"Title 45, Article 10",special fuel tax,department of state revenue,,Taxes and Public Finance,3500005043,43,10630,19,14,0,2,8,25.0,7.78,10.526315789473683,32.575649516046866
Indiana,2023-05-17,"Title 45, Article 11",hazardous waste land disposal tax,department of state revenue,,Taxes and Public Finance,3500005044,0,828,0,0,0,0,0,14.0,5.48,0.0,35.102316602316606
Indiana,2023-05-17,"Title 45, Article 12",gasoline tax,department of state revenue,,Taxes and Public Finance,3500005045,94,15605,54,23,5,0,12,29.0,7.99,17.40976645435244,33.6621255642183
Indiana,2023-05-17,"Title 45, Article 13",motor carrier fuel tax,department of state revenue,,Taxes and Public Finance,3500005046,25,7642,9,5,2,0,9,25.0,7.53,14.84375,30.714568701602737
Indiana,2023-05-17,"Title 45, Article 15",tax administration general provisions,department of state revenue,,Taxes and Public Finance,3500005047,84,9591,38,29,3,0,14,22.0,8.48,19.106699751861044,33.59577068817993
Indiana,2023-05-17,"Title 45, Article 16",motor carriers,department of state revenue,,Taxes and Public Finance,3500005048,1221,69759,894,206,39,5,77,25.0,9.44,30.935251798561158,34.16097758658312
Indiana,2023-05-17,"Title 45, Article 17",taxation of financial institutions,department of state revenue,,Taxes and Public Finance,3500005049,52,10647,9,32,0,0,11,27.0,8.53,17.52021563342318,34.88501181017823
Indiana,2023-05-17,"Title 45, Article 18",charity gaming,department of state revenue,,Taxes and Public Finance,3500005050,0,3556,0,0,0,0,0,14.0,6.26,0.0,36.57048166151127
Indiana,2023-05-17,"Title 45, Article 19",controlled substance excise tax,department of state revenue,,Taxes and Public Finance,3500005051,0,593,0,0,0,0,0,11.0,5.33,0.0,36.23661971830986
Indiana,2023-05-17,"Title 45, Article 20",quality assessment on health facilities,department of state revenue,,Taxes and Public Finance,3500005052,0,303,0,0,0,0,0,14.0,5.31,0.0,38.08247422680412
Indiana,2023-05-17,"Title 45, Article 21",aggregate registrations,department of state revenue,,Taxes and Public Finance,3500005053,1,188,1,0,0,0,0,15.0,5.64,0.0,42.2695652173913
Indiana,2023-05-17,"Title 45, Article 2-2",sales and use tax,department of state revenue,,Taxes and Public Finance,3500005036,331,54052,130,131,9,4,57,16.0,9.21,11.365142478462555,35.91521039819162
Indiana,2023-05-17,"Title 45, Article 3-1",adjusted gross income tax,department of state revenue,,Taxes and Public Finance,3500005037,215,35054,58,90,5,4,58,10.0,8.84,8.522550544323483,34.49596858274831
Indiana,2023-05-17,"Title 45, Article 4-1",death taxation,department of state revenue,,Taxes and Public Finance,3500005038,2,4039,0,2,0,0,0,15.0,6.01,2.898550724637681,34.87974172719935
Indiana,2023-05-17,"Title 45, Article 6",petroleum severance tax,department of state revenue,,Taxes and Public Finance,3500005039,11,1562,7,4,0,0,0,21.0,6.88,6.153846153846154,31.873737373737374
Indiana,2023-05-17,"Title 45, Article 7",alcoholic beverage excise taxes,department of state revenue,,Taxes and Public Finance,3500005040,17,2903,4,2,1,0,10,24.0,7.0,19.0,32.2289156626506
Indiana,2023-05-17,"Title 45, Article 8-1",cigarette tax,department of state revenue,,Taxes and Public Finance,3500005041,34,3839,23,10,1,0,0,20.0,7.14,7.051282051282051,34.94351542177629
Indiana,2023-05-17,"Title 45, Article 9",employment agencies,department of state revenue,,Taxes and Public Finance,3500005042,57,2513,48,3,0,0,6,19.0,8.16,17.322834645669293,33.88414634146341
Indiana,2023-05-17,"Title 460, Article 1",aging,division of disability and rehabilitative services,,Social Assistance,3500005444,0,2142,0,0,0,0,0,17.0,6.93,0.0,44.52564102564103
Indiana,2023-05-17,"Title 460, Article 10",fire and life safety standards for community residential facilities for persons with developmental disabilities and persons with mental illness,division of disability and rehabilitative services,,Social Assistance,3500005450,35,3577,34,0,0,0,1,28.0,7.55,13.084112149532707,37.31821829855538
Indiana,2023-05-17,"Title 460, Article 11",fire and life safety standards for community residential facilities located in apartment buildings for persons with developmental disabilities and persons with mental illness,division of disability and rehabilitative services,,Social Assistance,3500005451,37,3776,36,0,0,0,1,28.0,7.49,12.389380530973453,37.5401151631478
Indiana,2023-05-17,"Title 460, Article 12",supported living services and supports,division of disability and rehabilitative services,,Social Assistance,3500005452,27,3658,26,0,0,0,1,27.0,7.02,7.142857142857142,38.11261440509352
Indiana,2023-05-17,"Title 460, Article 13",objective based allocation,division of disability and rehabilitative services,,Social Assistance,3500005453,10,4709,7,1,0,0,2,25.0,7.0,14.084507042253522,34.55341446923597
Indiana,2023-05-17,"Title 460, Article 14",vocational rehabilitation services,division of disability and rehabilitative services,,Social Assistance,3500005454,234,26607,70,101,11,7,45,29.0,8.01,17.108753315649867,39.663922038667984
Indiana,2023-05-17,"Title 460, Article 2",division of rehabilitation services,division of disability and rehabilitative services,,Social Assistance,3500005445,273,23298,187,64,0,0,22,25.0,8.69,12.335329341317363,34.724635408499296
Indiana,2023-05-17,"Title 460, Article 5",public assistance,division of disability and rehabilitative services,,Social Assistance,3500005446,0,591,0,0,0,0,0,9.0,5.32,0.0,43.73413897280967
Indiana,2023-05-17,"Title 460, Article 6",supported living services and supports,division of disability and rehabilitative services,,Social Assistance,3500005447,451,48568,379,6,1,1,64,28.0,7.67,10.367170626349893,37.7160750926408
Indiana,2023-05-17,"Title 460, Article 7",individualized support plan,division of disability and rehabilitative services,,Social Assistance,3500005448,48,5760,46,0,0,0,2,22.0,7.09,10.096153846153848,36.22048937886529
Indiana,2023-05-17,"Title 460, Article 9",community residential facilities for persons with developmental disabilities,division of disability and rehabilitative services,,Social Assistance,3500005449,116,10419,96,17,1,0,2,29.0,8.18,9.14826498422713,37.72449374435703
Indiana,2023-05-17,"Title 465, Article 1",public assistance,department of child services,,Social Assistance,3500005455,25,3126,18,3,0,0,4,32.0,7.67,13.095238095238097,34.2387178405736
Indiana,2023-05-17,"Title 465, Article 2",child welfare services,department of child services,,Social Assistance,3500005456,2342,170630,2072,79,9,6,176,26.0,8.83,11.055449991362927,33.19195335727248
Indiana,2023-05-17,"Title 465, Article 3",administrative reviews and hearings,department of child services,,Social Assistance,3500005457,62,13341,43,13,1,1,4,36.0,7.94,22.884012539184955,35.08370171055161
Indiana,2023-05-17,"Title 465, Article 4",indiana adoption assistance and guardianship assistance programs,department of child services,,Social Assistance,3500005458,103,18261,48,28,2,2,23,36.0,7.96,22.42562929061785,35.33800939889177
Indiana,2023-05-17,"Title 470, Article 1",general administrative rules,division of family resources,,Social Assistance,3500005459,60,6281,48,6,0,2,4,26.0,8.4,13.953488372093023,33.380904319741624
Indiana,2023-05-17,"Title 470, Article 10",aid to families with dependent children manual,division of family resources,,Social Assistance,3500005469,0,2878,0,0,0,0,0,21.0,6.5,0.0,37.56453305351521
Indiana,2023-05-17,"Title 470, Article 10-1",assistance to families with dependent children,division of family resources,,Social Assistance,3500005470,0,1214,0,0,0,0,0,16.0,6.35,0.0,38.88
Indiana,2023-05-17,"Title 470, Article 10-3",tanf assistance program,division of family resources,,Social Assistance,3500005471,119,14004,84,10,2,0,23,28.0,8.52,15.898617511520738,34.25903011554909
Indiana,2023-05-17,"Title 470, Article 11-1",hospital care for the indigent,division of family resources,,Social Assistance,3500005472,0,157,0,0,0,0,0,9.0,5.28,0.0,46.42982456140351
Indiana,2023-05-17,"Title 470, Article 12",prior review of off site medical services department of correction state board of health and department of mental health,division of family resources,,Social Assistance,3500005473,24,2636,17,3,0,0,4,28.0,7.63,16.049382716049383,34.36560766515381
Indiana,2023-05-17,"Title 470, Article 13",federal social services block grant act,division of family resources,,Social Assistance,3500005474,43,3452,36,2,0,2,3,30.0,7.59,23.76237623762376,36.53739398612182
Indiana,2023-05-17,"Title 470, Article 14",welfare reform initiative,division of family resources,,Social Assistance,3500005475,0,1168,0,0,0,0,0,15.0,5.79,0.0,37.65258855585831
Indiana,2023-05-17,"Title 470, Article 2",public assistance,division of family resources,,Social Assistance,3500005460,0,3577,0,0,0,0,0,20.0,6.78,0.0,40.9861693210394
Indiana,2023-05-17,"Title 470, Article 2-1",public assistance,division of family resources,,Social Assistance,3500005461,42,3606,21,5,0,0,16,32.0,7.78,18.81188118811881,35.87379335001788
Indiana,2023-05-17,"Title 470, Article 3",child welfare services,division of family resources,,Social Assistance,3500005462,1352,75254,1101,164,10,11,66,22.0,8.99,11.948838774823292,31.620349384567103
Indiana,2023-05-17,"Title 470, Article 3-1",first steps early intervention system,division of family resources,,Social Assistance,3500005463,271,30199,145,86,8,0,32,29.0,8.23,11.925601750547049,35.575557945684324
Indiana,2023-05-17,"Title 470, Article 4",crippled children s services,division of family resources,,Social Assistance,3500005464,0,3915,0,0,0,0,0,18.0,6.62,0.0,37.79194630872483
Indiana,2023-05-17,"Title 470, Article 5",medicaid providers and services,division of family resources,,Social Assistance,3500005465,2,8440,0,0,0,0,2,19.0,6.82,0.0,40.34803067270826
Indiana,2023-05-17,"Title 470, Article 6",food stamp program,division of family resources,,Social Assistance,3500005466,79,8330,58,10,0,0,11,27.0,8.37,16.666666666666664,35.26812519961673
Indiana,2023-05-17,"Title 470, Article 8-1",public assistance manual for state assistance programs,division of family resources,,Social Assistance,3500005467,0,693,0,0,0,0,0,9.0,5.53,0.0,43.95607235142119
Indiana,2023-05-17,"Title 470, Article 9-1",medicaid recipients eligibility,division of family resources,,Social Assistance,3500005468,0,1468,0,0,0,0,0,18.0,5.71,0.0,42.90794979079498
Indiana,2023-05-17,"Title 480, Article 1",administrative procedure,violent crime compensation division,,"Security, Justice, and Corrections",3500005476,0,444,0,0,0,0,0,9.0,5.35,0.0,49.84860557768924
Indiana,2023-05-17,"Title 50, Article 1",general provisions,department of local government finance,,Taxes and Public Finance,3500005054,47,4372,36,2,1,0,8,21.0,8.45,10.052910052910052,32.70841770321088
Indiana,2023-05-17,"Title 50, Article 10",economic revitalization area deduction maritime opportunity district deduction,department of local government finance,,Taxes and Public Finance,3500005063,70,6473,27,31,4,0,8,28.0,7.84,17.91044776119403,37.634719710669074
Indiana,2023-05-17,"Title 50, Article 15",assessor appraisers professional appraisers and tax representatives,department of local government finance,,Taxes and Public Finance,3500005064,78,9819,42,23,2,0,11,27.0,8.01,10.64516129032258,39.558970317835566
Indiana,2023-05-17,"Title 50, Article 16",amended personal property returns,department of local government finance,,Taxes and Public Finance,3500005065,20,1994,6,5,0,4,5,24.0,6.91,27.027027027027028,32.1437908496732
Indiana,2023-05-17,"Title 50, Article 18",industrial facility real property assessment,department of local government finance,,Taxes and Public Finance,3500005066,11,1756,8,2,1,0,0,23.0,6.87,18.181818181818183,36.457589285714285
Indiana,2023-05-17,"Title 50, Article 19",lake county industrial facility real property assessment,department of local government finance,,Taxes and Public Finance,3500005067,10,1005,9,1,0,0,0,22.0,6.47,7.894736842105263,36.58240223463688
Indiana,2023-05-17,"Title 50, Article 20",remuneration for initial training and continuing education sessions,department of local government finance,,Taxes and Public Finance,3500005068,7,965,6,1,0,0,0,19.0,5.96,7.317073170731707,36.8966613672496
Indiana,2023-05-17,"Title 50, Article 21",annual adjustments,department of local government finance,,Taxes and Public Finance,3500005069,0,506,0,0,0,0,0,14.0,5.49,0.0,42.68478260869565
Indiana,2023-05-17,"Title 50, Article 2-2",real estate property assessment,department of local government finance,,Taxes and Public Finance,3500005055,0,6491,0,0,0,0,0,18.0,5.98,0.0,38.6649337145828
Indiana,2023-05-17,"Title 50, Article 24",standard deduction for homesteads,department of local government finance,,Taxes and Public Finance,3500005070,21,2629,4,14,0,0,3,25.0,7.01,10.0,35.412544620091786
Indiana,2023-05-17,"Title 50, Article 2-4",real property assessment manual,department of local government finance,,Taxes and Public Finance,3500005056,6,627,4,2,0,0,0,26.0,6.57,4.761904761904762,36.45473684210526
Indiana,2023-05-17,"Title 50, Article 26",computer standards for a uniform and common property tax management system,department of local government finance,,Taxes and Public Finance,3500005071,704,65633,146,417,16,1,124,18.0,9.19,5.749613601236476,33.34150921021425
Indiana,2023-05-17,"Title 50, Article 27",annual adjustments and equalization standards,department of local government finance,,Taxes and Public Finance,3500005072,116,10693,72,26,0,0,18,25.0,7.77,22.22222222222222,36.628235888369744
Indiana,2023-05-17,"Title 50, Article 29",procedures for the assessment of golf courses,department of local government finance,,Taxes and Public Finance,3500005073,10,1934,9,1,0,0,0,17.0,7.29,6.451612903225806,37.62371888726208
Indiana,2023-05-17,"Title 50, Article 30",market segmentation of real property improvements,department of local government finance,,Taxes and Public Finance,3500005074,4,3150,0,1,1,0,2,22.0,7.48,5.6000000000000005,39.35344476151651
Indiana,2023-05-17,"Title 50, Article 3-1",taxation of mobile homes,department of local government finance,,Taxes and Public Finance,3500005057,0,507,0,0,0,0,0,18.0,5.75,0.0,40.19875776397515
Indiana,2023-05-17,"Title 50, Article 3-3",assessment of mobile homes,department of local government finance,,Taxes and Public Finance,3500005058,13,1995,11,0,0,0,2,25.0,6.57,20.3125,30.624815361890693
Indiana,2023-05-17,"Title 50, Article 4-2",assessment of tangible personal property,department of local government finance,,Taxes and Public Finance,3500005059,224,30454,85,82,4,0,53,31.0,8.71,29.364161849710985,34.90988407815508
Indiana,2023-05-17,"Title 50, Article 5-1",public utility assessment,department of local government finance,,Taxes and Public Finance,3500005060,144,18733,70,33,7,0,34,26.0,7.76,15.384615384615383,35.344124524992694
Indiana,2023-05-17,"Title 50, Article 8",tax increment finance,department of local government finance,,Taxes and Public Finance,3500005061,70,12217,9,39,6,0,16,32.0,7.88,23.16715542521994,35.47700435052828
Indiana,2023-05-17,"Title 50, Article 9",capital projects fund,department of local government finance,,Taxes and Public Finance,3500005062,51,5613,24,21,2,4,0,22.0,8.29,13.617021276595745,34.68605645851155
Indiana,2023-05-17,"Title 510, Article 2",administration school finance,commission on general education,,Primary and Secondary Education,3500005477,0,570,0,0,0,0,0,15.0,5.54,0.0,43.64341085271318
Indiana,2023-05-17,"Title 510, Article 4",curriculum requirements for commissioned schools,commission on general education,,Primary and Secondary Education,3500005478,0,553,0,0,0,0,0,14.0,5.46,0.0,47.31266846361186
Indiana,2023-05-17,"Title 510, Article 6",extended school services,commission on general education,,Primary and Secondary Education,3500005479,0,190,0,0,0,0,0,13.0,5.31,0.0,41.31884057971015
Indiana,2023-05-17,"Title 510, Article 7",special education,commission on general education,,Primary and Secondary Education,3500005480,0,142,0,0,0,0,0,13.0,5.23,0.0,44.44660194174757
Indiana,2023-05-17,"Title 510, Article 9",graduation requirements,commission on general education,,Primary and Secondary Education,3500005481,4,543,0,0,0,0,4,14.0,5.45,0.0,43.09770114942529
Indiana,2023-05-17,"Title 511, Article 1",administration information collection processing school finance general provisions,indiana state board of education,,Primary and Secondary Education,3500005482,81,8831,71,6,2,0,2,24.0,8.17,7.643312101910828,34.16521340064249
Indiana,2023-05-17,"Title 511, Article 10",teacher training and licensing requirements for education begun after academic year 1977 78,indiana state board of education,,Primary and Secondary Education,3500005493,29,10275,21,6,0,0,2,18.0,6.91,2.1645021645021645,44.371605667060216
Indiana,2023-05-17,"Title 511, Article 10-1",teacher training and licensing,indiana state board of education,,Primary and Secondary Education,3500005494,46,5761,25,8,0,0,13,26.0,7.93,14.07035175879397,39.88607041329543
Indiana,2023-05-17,"Title 511, Article 11",adult education,indiana state board of education,,Primary and Secondary Education,3500005495,2,671,1,0,0,0,1,13.0,6.27,5.0,36.330708661417326
Indiana,2023-05-17,"Title 511, Article 12",summer school programs,indiana state board of education,,Primary and Secondary Education,3500005496,10,1100,9,1,0,0,0,25.0,6.48,2.857142857142857,32.36529680365297
Indiana,2023-05-17,"Title 511, Article 13",accreditation of teacher preparation programs,indiana state board of education,,Primary and Secondary Education,3500005497,11,1216,7,4,0,0,0,22.0,7.72,7.6923076923076925,43.067942583732055
Indiana,2023-05-17,"Title 511, Article 14",initial practitioner and practitioner licenses,indiana state board of education,,Primary and Secondary Education,3500005498,15,2387,9,5,0,0,1,21.0,7.23,14.14141414141414,40.47581989994441
Indiana,2023-05-17,"Title 511, Article 15",school settings and license content areas,indiana state board of education,,Primary and Secondary Education,3500005499,73,10582,51,10,0,0,12,28.0,7.45,18.01801801801802,36.49575212393803
Indiana,2023-05-17,"Title 511, Article 16",issuance and revocation of various licenses and permits,indiana state board of education,,Primary and Secondary Education,3500005500,74,5896,39,22,2,0,11,24.0,8.26,14.732142857142858,38.57263751763047
Indiana,2023-05-17,"Title 511, Article 17",workplace specialist licenses,indiana state board of education,,Primary and Secondary Education,3500005501,17,2106,4,11,0,0,2,21.0,7.46,2.1739130434782608,39.57676348547718
Indiana,2023-05-17,"Title 511, Article 18",educational interpreter permit,indiana state board of education,,Primary and Secondary Education,3500005502,17,1514,13,4,0,0,0,20.0,7.35,11.940298507462686,39.43015332197615
Indiana,2023-05-17,"Title 511, Article 19",endorsement of school psychologists as independent practice school psychologists,indiana state board of education,,Primary and Secondary Education,3500005503,12,1989,4,5,1,0,2,30.0,7.62,13.559322033898304,39.78833022967101
Indiana,2023-05-17,"Title 511, Article 2",school construction,indiana state board of education,,Primary and Secondary Education,3500005483,0,308,0,0,0,0,0,12.0,5.72,0.0,49.10138248847926
Indiana,2023-05-17,"Title 511, Article 20",certificate of multilingual proficiency,indiana state board of education,,Primary and Secondary Education,3500005504,7,826,4,1,0,0,2,19.0,6.96,2.631578947368421,39.06436420722135
Indiana,2023-05-17,"Title 511, Article 21",teacher preparation program,indiana state board of education,,Primary and Secondary Education,3500005505,7,623,2,1,0,0,4,24.0,6.78,9.090909090909092,39.8942731277533
Indiana,2023-05-17,"Title 511, Article 3",reorganization of school corporations,indiana state board of education,,Primary and Secondary Education,3500005484,1,306,1,0,0,0,0,13.0,6.23,0.0,39.146596858638745
Indiana,2023-05-17,"Title 511, Article 4",pupil personnel services student health testing food and nutrition programs extended services,indiana state board of education,,Primary and Secondary Education,3500005485,85,6857,81,2,1,0,1,27.0,8.55,10.13215859030837,37.951210697506326
Indiana,2023-05-17,"Title 511, Article 5",achievement tests,indiana state board of education,,Primary and Secondary Education,3500005486,48,4375,23,18,1,0,6,24.0,7.97,7.6923076923076925,36.64407833385141
Indiana,2023-05-17,"Title 511, Article 6",driver education graduation requirements nonstandard programs high ability students postsecondary enrollment,indiana state board of education,,Primary and Secondary Education,3500005487,156,15431,49,66,3,0,38,23.0,8.47,5.314009661835748,38.35820162148882
Indiana,2023-05-17,"Title 511, Article 6-1",school accreditation,indiana state board of education,,Primary and Secondary Education,3500005488,77,12269,55,8,1,2,11,22.0,7.96,6.896551724137931,36.59983311479319
Indiana,2023-05-17,"Title 511, Article 6-2",school performance and growth accountability,indiana state board of education,,Primary and Secondary Education,3500005489,169,17452,118,36,1,2,12,25.0,8.41,12.211221122112212,35.95434440362846
Indiana,2023-05-17,"Title 511, Article 6-3",adult high school performance and improvement accountability,indiana state board of education,,Primary and Secondary Education,3500005490,29,2064,24,4,0,0,1,26.0,7.44,10.44776119402985,34.22222222222222
Indiana,2023-05-17,"Title 511, Article 7",special education,indiana state board of education,,Primary and Secondary Education,3500005491,791,89977,185,474,31,3,98,29.0,8.94,23.32142857142857,36.37334322977415
Indiana,2023-05-17,"Title 511, Article 8",vocational education,indiana state board of education,,Primary and Secondary Education,3500005492,20,1928,18,1,0,0,1,25.0,7.07,4.615384615384616,35.00907029478458
Indiana,2023-05-17,"Title 512, Article 1",threshold of student absences for reporting purposes to local health departments,department of education,,Primary and Secondary Education,3500005506,9,757,7,0,0,0,2,18.0,7.04,5.405405405405405,39.79026845637584
Indiana,2023-05-17,"Title 512, Article 3",school scholarship program,department of education,,Primary and Secondary Education,3500005507,9,1059,4,3,0,0,2,18.0,6.88,8.0,39.77443609022557
Indiana,2023-05-17,"Title 512, Article 4",choice scholarship program,department of education,,Primary and Secondary Education,3500005508,37,3592,13,13,4,0,7,26.0,7.21,13.333333333333334,37.88533239535702
Indiana,2023-05-17,"Title 512, Article 5",family friendly schools program,department of education,,Primary and Secondary Education,3500005509,26,1756,26,0,0,0,0,17.0,6.95,3.4090909090909087,36.260736196319016
Indiana,2023-05-17,"Title 513, Article 1",seclusion and restraint in schools,commission on seclusion and restraint in schools,,Primary and Secondary Education,3500005510,48,6721,31,11,0,4,2,26.0,7.74,11.50442477876106,35.47251461988304
Indiana,2023-05-17,"Title 515, Article 1",teacher training and licensing beginning residency and license renewal,advisory board of the division of professional standards,,"Industry, Commerce, and Development",3500005511,0,7645,0,0,0,0,0,18.0,6.66,0.0,44.187363401549774
Indiana,2023-05-17,"Title 515, Article 10",workplace specialist licenses requirements,advisory board of the division of professional standards,,"Industry, Commerce, and Development",3500005516,0,771,0,0,0,0,0,11.0,5.95,0.0,50.82590233545648
Indiana,2023-05-17,"Title 515, Article 12",accomplished practitioner license,advisory board of the division of professional standards,,"Industry, Commerce, and Development",3500005517,0,219,0,0,0,0,0,12.0,5.62,0.0,57.2054794520548
Indiana,2023-05-17,"Title 515, Article 3",performance based process for accreditation of teacher preparation programs,advisory board of the division of professional standards,,"Industry, Commerce, and Development",3500005512,0,179,0,0,0,0,0,12.0,5.72,0.0,45.10743801652893
Indiana,2023-05-17,"Title 515, Article 4",professional educator license teachers,advisory board of the division of professional standards,,"Industry, Commerce, and Development",3500005513,0,869,0,0,0,0,0,15.0,5.84,0.0,45.43850267379679
Indiana,2023-05-17,"Title 515, Article 8",initial practitioner and other licenses,advisory board of the division of professional standards,,"Industry, Commerce, and Development",3500005514,0,2279,0,0,0,0,0,10.0,5.94,0.0,45.343144848954296
Indiana,2023-05-17,"Title 515, Article 9",issuance and revocation of various licenses and permits,advisory board of the division of professional standards,,"Industry, Commerce, and Development",3500005515,0,1457,0,0,0,0,0,15.0,6.29,0.0,45.39103869653768
Indiana,2023-05-17,"Title 52, Article 2",procedural rules,indiana board of tax review,,Taxes and Public Finance,3500005075,0,700,0,0,0,0,0,13.0,5.65,0.0,36.61297071129707
Indiana,2023-05-17,"Title 52, Article 4",procedures for appeals before the indiana board of tax review,indiana board of tax review,,Taxes and Public Finance,3500005076,94,11061,50,30,8,1,5,23.0,7.74,14.38679245283019,31.69310626385163
Indiana,2023-05-17,"Title 530, Article 2",requirements for education begun after academic year 1977 78,commission on teacher training and licensing,,Primary and Secondary Education,3500005518,0,5408,0,0,0,0,0,17.0,6.06,0.0,44.25866588989222
Indiana,2023-05-17,"Title 540, Article 1",family college savings trust program procedures and operations,indiana education savings authority,,College and University,3500005519,0,2166,0,0,0,0,0,10.0,5.79,0.0,46.46699266503668
Indiana,2023-05-17,"Title 550, Article 2",indiana state teachers retirement fund,board of trustees of the indiana state teachers retirement fund,,Primary and Secondary Education,3500005520,8,6599,0,0,0,0,8,19.0,6.0,0.0,38.16170212765957
Indiana,2023-05-17,"Title 550, Article 3",model plan amendment,board of trustees of the indiana state teachers retirement fund,,Primary and Secondary Education,3500005521,0,302,0,0,0,0,0,14.0,5.18,0.0,40.785
Indiana,2023-05-17,"Title 55, Article 4",solar energy income tax credit,indiana economic development corporation,,"Industry, Commerce, and Development",3500005077,2,2994,0,0,0,0,2,15.0,5.95,0.0,44.283315844700944
Indiana,2023-05-17,"Title 560, Article 2",general provisions,indiana education employment relations board,,Primary and Secondary Education,3500005522,270,16884,237,6,3,0,24,26.0,8.35,18.900343642611684,34.52392116638582
Indiana,2023-05-17,"Title 575, Article 1",minimum specifications for school buses,state school bus committee,,Primary and Secondary Education,3500005523,505,32335,17,460,10,8,10,20.0,8.41,8.960573476702509,28.90458270613815
Indiana,2023-05-17,"Title 590, Article 1",general provisions,indiana library and historical board,,"Culture, Recreation, and the Arts",3500005524,0,384,0,0,0,0,0,18.0,5.72,0.0,40.39299610894942
Indiana,2023-05-17,"Title 590, Article 3",statewide library card program,indiana library and historical board,,"Culture, Recreation, and the Arts",3500005525,36,2879,21,7,1,0,7,23.0,7.3,14.150943396226417,28.92304189435337
Indiana,2023-05-17,"Title 590, Article 5",librarian certification,indiana library and historical board,,"Culture, Recreation, and the Arts",3500005526,67,6962,31,16,0,0,20,26.0,7.8,5.579399141630901,37.940625
Indiana,2023-05-17,"Title 590, Article 6",general provisions,indiana library and historical board,,"Culture, Recreation, and the Arts",3500005527,52,3620,36,11,0,0,5,22.0,8.06,4.605263157894736,35.34798782549882
Indiana,2023-05-17,"Title 60, Article 1-1",general provisions,oversight committee on public records,,Administration,3500005078,0,160,0,0,0,0,0,9.0,4.9,0.0,53.552083333333336
Indiana,2023-05-17,"Title 60, Article 2",microfilming standards,oversight committee on public records,,Administration,3500005079,26,2621,12,11,0,0,3,23.0,7.74,5.319148936170213,36.17304582210242
Indiana,2023-05-17,"Title 60, Article 3",electronic copies of forms,oversight committee on public records,,Administration,3500005080,3,694,2,1,0,0,0,21.0,6.19,12.0,31.052511415525117
Indiana,2023-05-17,"Title 60, Article 4",commercial use of governmental records of the administration,oversight committee on public records,,Administration,3500005081,2,524,0,0,1,1,0,23.0,6.1,5.88235294117647,32.535714285714285
Indiana,2023-05-17,"Title 60, Article 5",access to health records,oversight committee on public records,,Administration,3500005082,6,451,2,4,0,0,0,19.0,6.29,5.0,37.046875
Indiana,2023-05-17,"Title 610, Article 10",youth employment,department of labor,,Labor and Workforce Development,3500005533,18,1676,8,0,0,0,10,21.0,6.52,4.918032786885246,32.3727634194831
Indiana,2023-05-17,"Title 610, Article 11",right to work,department of labor,,Labor and Workforce Development,3500005534,27,2037,19,2,0,0,6,24.0,7.57,21.052631578947366,32.19802590993214
Indiana,2023-05-17,"Title 610, Article 4",safety education and training occupational safety,department of labor,,Labor and Workforce Development,3500005528,0,3658,0,0,0,0,0,17.0,6.4,1.1363636363636365,40.56572868542629
Indiana,2023-05-17,"Title 610, Article 6",wages and hours,department of labor,,Labor and Workforce Development,3500005529,13,1705,8,2,0,0,3,22.0,6.63,14.0625,32.35612788632327
Indiana,2023-05-17,"Title 610, Article 7",discrimination against employees exercising their rights under the indiana occupational safety and health act,department of labor,,Labor and Workforce Development,3500005530,9,773,9,0,0,0,0,20.0,6.66,6.666666666666667,36.10019646365422
Indiana,2023-05-17,"Title 610, Article 8",safety education and training,department of labor,,Labor and Workforce Development,3500005531,14,3079,13,0,1,0,0,27.0,7.22,14.893617021276595,35.02872777017784
Indiana,2023-05-17,"Title 610, Article 9",occupational safety and health,department of labor,,Labor and Workforce Development,3500005532,56,4138,42,2,3,2,7,26.0,7.59,19.402985074626866,35.77658503857766
Indiana,2023-05-17,"Title 615, Article 1",occupational health and safety proceedings before the board of safety review,board of safety review,,"Security, Justice, and Corrections",3500005535,74,5869,58,3,0,0,13,35.0,7.7,33.098591549295776,31.003900871959612
Indiana,2023-05-17,"Title 620, Article 1",health and safety standards,occupational safety standards commission,,Labor and Workforce Development,3500005536,74,19713,63,4,0,0,7,20.0,8.93,5.895691609977324,39.42445739973309
Indiana,2023-05-17,"Title 62, Article 1",formal complaints,office of the public access counselor,,Administration,3500005083,4,709,3,1,0,0,0,29.0,6.79,28.57142857142857,31.06118546845124
Indiana,2023-05-17,"Title 630, Article 1",workmen s compensation,industrial board of indiana,,"Industry, Commerce, and Development",3500005537,0,2556,0,0,0,0,0,18.0,6.03,0.0,40.21595680863828
Indiana,2023-05-17,"Title 631, Article 1",worker s compensation,worker s compensation board of indiana,,Labor and Workforce Development,3500005538,126,11353,99,16,2,0,9,31.0,8.21,19.32515337423313,30.661392770527776
Indiana,2023-05-17,"Title 646, Article 2",employment and training services policies and procedures,department of workforce development,,Labor and Workforce Development,3500005539,0,1417,0,0,0,0,0,8.0,5.48,0.0,46.02618453865337
Indiana,2023-05-17,"Title 646, Article 3",indiana employment security act administration,department of workforce development,,Labor and Workforce Development,3500005540,0,5615,0,0,0,0,0,12.0,6.65,0.0,45.76225982219673
Indiana,2023-05-17,"Title 646, Article 5",indiana employment and training services act administration,department of workforce development,,Labor and Workforce Development,3500005541,240,26706,164,46,1,2,27,29.0,8.41,24.253731343283583,34.710423026602705
Indiana,2023-05-17,"Title 650, Article 11",liquefied petroleum gas,state fire marshal,,"Security, Justice, and Corrections",3500005542,4,1018,0,4,0,0,0,15.0,6.02,0.0,41.24657534246575
Indiana,2023-05-17,"Title 655, Article 1",personnel standards and education,board of firefighting personnel standards and education,,"Security, Justice, and Corrections",3500005543,223,27674,199,5,2,0,17,31.0,7.92,15.09433962264151,36.60705782762817
Indiana,2023-05-17,"Title 65, Article 1",the commission,state lottery commission,,Taxes and Public Finance,3500005084,38,6201,22,8,1,6,1,24.0,7.84,7.52212389380531,35.30508098513423
Indiana,2023-05-17,"Title 65, Article 2",procurement,state lottery commission,,Taxes and Public Finance,3500005085,57,6353,35,4,1,1,16,28.0,7.71,20.51282051282051,33.27950713359274
Indiana,2023-05-17,"Title 65, Article 3",retailers,state lottery commission,,Taxes and Public Finance,3500005086,34,6280,16,8,3,3,4,26.0,7.54,7.6190476190476195,35.37897950283472
Indiana,2023-05-17,"Title 65, Article 4",scratch off games,state lottery commission,,Taxes and Public Finance,3500005087,0,13963,0,0,0,0,0,13.0,6.32,0.0,34.42316234796404
Indiana,2023-05-17,"Title 65, Article 5",draw games,state lottery commission,,Taxes and Public Finance,3500005088,0,1093,0,0,0,0,0,13.0,5.84,0.0,35.81107954545455
Indiana,2023-05-17,"Title 65, Article 6",pull tab games,state lottery commission,,Taxes and Public Finance,3500005089,0,760,0,0,0,0,0,15.0,5.75,0.0,32.14750542299349
Indiana,2023-05-17,"Title 65, Article 7",lottery games,state lottery commission,,Taxes and Public Finance,3500005090,14,6456,13,1,0,0,0,18.0,6.48,7.560137457044673,32.847089081131635
Indiana,2023-05-17,"Title 65, Article 8",prize claims validation and payment,state lottery commission,,Taxes and Public Finance,3500005091,54,4694,23,29,0,0,2,29.0,7.87,20.422535211267608,31.019430396593027
Indiana,2023-05-17,"Title 660, Article 1",general building requirements,administrative building council of indiana,,"Industry, Commerce, and Development",3500005544,0,3110,0,0,0,0,0,19.0,5.93,0.0,45.406869859700045
Indiana,2023-05-17,"Title 660, Article 3",one and two family dwellings,administrative building council of indiana,,"Industry, Commerce, and Development",3500005545,0,970,0,0,0,0,0,16.0,6.07,0.0,38.11162079510704
Indiana,2023-05-17,"Title 660, Article 4",energy conservation,administrative building council of indiana,,"Industry, Commerce, and Development",3500005546,0,946,0,0,0,0,0,15.0,6.03,0.0,44.09584664536741
Indiana,2023-05-17,"Title 660, Article 5",swimming pool code,administrative building council of indiana,,"Industry, Commerce, and Development",3500005547,0,761,0,0,0,0,0,18.0,6.07,0.0,47.3811320754717
Indiana,2023-05-17,"Title 660, Article 7",electrical rules,administrative building council of indiana,,"Industry, Commerce, and Development",3500005548,0,181,0,0,0,0,0,12.0,5.33,0.0,43.89473684210526
Indiana,2023-05-17,"Title 670, Article 1",general provisions,elevator safety board,,"Industry, Commerce, and Development",3500005549,0,580,0,0,0,0,0,15.0,5.72,0.0,43.71395348837209
Indiana,2023-05-17,"Title 675, Article 11",fire prevention rules,fire prevention and building safety commission,,"Security, Justice, and Corrections",3500005550,0,458,0,0,0,0,0,20.0,5.82,0.0,40.60349854227405
Indiana,2023-05-17,"Title 675, Article 11-1",fire protection in public buildings,fire prevention and building safety commission,,"Security, Justice, and Corrections",3500005551,0,971,0,0,0,0,0,20.0,5.95,0.0,40.52495974235104
Indiana,2023-05-17,"Title 675, Article 11-3",flammable liquids code,fire prevention and building safety commission,,"Security, Justice, and Corrections",3500005552,0,1067,0,0,0,0,0,16.0,5.98,0.0,43.270911360799005
Indiana,2023-05-17,"Title 675, Article 12",administration,fire prevention and building safety commission,,"Security, Justice, and Corrections",3500005553,376,43303,283,14,7,4,68,25.0,8.67,12.788398154251812,33.841114457831324
Indiana,2023-05-17,"Title 675, Article 13",building codes,fire prevention and building safety commission,,"Security, Justice, and Corrections",3500005554,328,38709,224,2,0,0,102,31.0,8.08,13.245702730030334,34.10857065241998
Indiana,2023-05-17,"Title 675, Article 14",one and two family dwelling code,fire prevention and building safety commission,,"Security, Justice, and Corrections",3500005555,883,84409,744,3,1,15,120,22.0,8.57,8.961367954401519,33.593650458441125
Indiana,2023-05-17,"Title 675, Article 15",industrialized building systems,fire prevention and building safety commission,,"Security, Justice, and Corrections",3500005556,1088,60400,987,10,3,11,77,23.0,9.14,12.11087420042644,33.30580928803141
Indiana,2023-05-17,"Title 675, Article 16",plumbing code,fire prevention and building safety commission,,"Security, Justice, and Corrections",3500005557,62,7320,54,0,0,2,6,26.0,8.4,10.843373493975903,33.56887102667154
Indiana,2023-05-17,"Title 675, Article 17",electrical codes,fire prevention and building safety commission,,"Security, Justice, and Corrections",3500005558,24,5513,19,0,0,3,2,27.0,7.32,10.975609756097562,33.225129384703855
Indiana,2023-05-17,"Title 675, Article 18",mechanical code,fire prevention and building safety commission,,"Security, Justice, and Corrections",3500005559,51,5370,36,1,0,0,14,24.0,8.5,14.720812182741115,36.29233725678597
Indiana,2023-05-17,"Title 675, Article 19",energy conservation codes,fire prevention and building safety commission,,"Security, Justice, and Corrections",3500005560,13,2713,4,1,0,0,8,21.0,7.36,11.214953271028037,37.94108280254777
Indiana,2023-05-17,"Title 675, Article 20",swimming pool code,fire prevention and building safety commission,,"Security, Justice, and Corrections",3500005561,700,38995,652,21,2,3,22,26.0,8.92,11.729769858945806,29.744902371686127
Indiana,2023-05-17,"Title 675, Article 21",safety codes for elevators escalators manlifts and hoists,fire prevention and building safety commission,,"Security, Justice, and Corrections",3500005562,166,15507,119,7,1,0,39,23.0,8.32,10.884353741496598,36.71131914893617
Indiana,2023-05-17,"Title 675, Article 22",fire prevention codes,fire prevention and building safety commission,,"Security, Justice, and Corrections",3500005563,765,106022,564,20,4,20,157,21.0,8.42,5.929224279353176,36.6256008418897
Indiana,2023-05-17,"Title 675, Article 23",recreational facilities,fire prevention and building safety commission,,"Security, Justice, and Corrections",3500005564,7,3634,5,0,0,2,0,18.0,6.48,0.5952380952380952,40.80745880312229
Indiana,2023-05-17,"Title 675, Article 24",supplementary fire safety rules,fire prevention and building safety commission,,"Security, Justice, and Corrections",3500005565,41,3100,38,0,0,0,3,26.0,7.55,13.131313131313131,30.547663551401868
Indiana,2023-05-17,"Title 675, Article 25",fuel gas code,fire prevention and building safety commission,,"Security, Justice, and Corrections",3500005566,29,3020,23,0,0,0,6,19.0,8.04,9.15492957746479,37.19851729818781
Indiana,2023-05-17,"Title 675, Article 26",regulated explosives use and licensure,fire prevention and building safety commission,,"Security, Justice, and Corrections",3500005567,69,5099,62,1,0,0,6,17.0,8.36,5.474452554744526,35.30152671755725
Indiana,2023-05-17,"Title 675, Article 27",indiana visitability rule for one and two family dwellings and townhouses,fire prevention and building safety commission,,"Security, Justice, and Corrections",3500005568,144,7054,138,1,1,0,4,30.0,8.32,19.61722488038277,32.06789693593315
Indiana,2023-05-17,"Title 675, Article 28",national fire protection association,fire prevention and building safety commission,,"Security, Justice, and Corrections",3500005569,432,38737,346,0,0,2,84,19.0,8.72,8.097826086956522,37.552419869748434
Indiana,2023-05-17,"Title 675, Article 29",outdoor event equipment,fire prevention and building safety commission,,"Security, Justice, and Corrections",3500005570,19,2493,13,0,0,0,6,28.0,7.22,9.333333333333334,36.62472283813747
Indiana,2023-05-17,"Title 675, Article 30",indiana boiler and pressure vessel rules,fire prevention and building safety commission,,"Security, Justice, and Corrections",3500005571,367,37872,321,16,2,10,18,32.0,8.17,16.398390342052313,30.36685205784205
Indiana,2023-05-17,"Title 675, Article 31",indiana amusement device code,fire prevention and building safety commission,,"Security, Justice, and Corrections",3500005572,193,24990,175,7,0,0,11,29.0,7.78,13.525179856115107,33.92763636363637
Indiana,2023-05-17,"Title 68, Article 1",general provisions,indiana gaming commission,,"Industry, Commerce, and Development",3500005092,215,36855,138,48,6,2,21,27.0,7.99,7.638279192273925,32.75340496065822
Indiana,2023-05-17,"Title 68, Article 10",conduct of gaming,indiana gaming commission,,"Industry, Commerce, and Development",3500005102,496,38440,252,205,25,6,8,23.0,8.16,20.01338688085676,24.65895169034138
Indiana,2023-05-17,"Title 68, Article 11",internal control procedures,indiana gaming commission,,"Industry, Commerce, and Development",3500005103,237,12414,205,26,0,2,4,24.0,8.25,8.860759493670885,31.393734460467428
Indiana,2023-05-17,"Title 68, Article 12",security and surveillance,indiana gaming commission,,"Industry, Commerce, and Development",3500005104,87,6818,18,56,2,0,11,20.0,8.44,8.012820512820513,34.9738792145239
Indiana,2023-05-17,"Title 68, Article 13",seizure forfeiture and disciplinary hearings,indiana gaming commission,,"Industry, Commerce, and Development",3500005105,39,6839,0,37,2,0,0,23.0,7.72,11.494252873563218,33.27924005541263
Indiana,2023-05-17,"Title 68, Article 14",gaming equipment,indiana gaming commission,,"Industry, Commerce, and Development",3500005106,275,14706,186,84,3,0,2,23.0,8.23,7.547169811320755,30.1500744243061
Indiana,2023-05-17,"Title 68, Article 15",accounting records and procedures,indiana gaming commission,,"Industry, Commerce, and Development",3500005107,414,25017,301,92,4,1,16,24.0,8.65,11.21898597626753,33.500150557061126
Indiana,2023-05-17,"Title 68, Article 16",credit,indiana gaming commission,,"Industry, Commerce, and Development",3500005108,61,4114,47,7,2,0,5,21.0,7.7,11.560693641618498,33.559332905708786
Indiana,2023-05-17,"Title 68, Article 17",movement of gaming equipment,indiana gaming commission,,"Industry, Commerce, and Development",3500005109,27,3021,11,12,2,0,2,26.0,7.28,19.047619047619047,32.8167649536647
Indiana,2023-05-17,"Title 68, Article 18",dispute procedures,indiana gaming commission,,"Industry, Commerce, and Development",3500005110,10,932,9,1,0,0,0,22.0,6.83,11.11111111111111,31.05974842767296
Indiana,2023-05-17,"Title 68, Article 19",warehouses,indiana gaming commission,,"Industry, Commerce, and Development",3500005111,9,833,0,8,1,0,0,24.0,6.49,3.571428571428571,32.0
Indiana,2023-05-17,"Title 68, Article 2",licenses and approval of associated equipment,indiana gaming commission,,"Industry, Commerce, and Development",3500005093,644,46091,312,277,14,2,39,27.0,8.62,16.073781291172594,34.69424229750453
Indiana,2023-05-17,"Title 68, Article 21",charity gaming,indiana gaming commission,,"Industry, Commerce, and Development",3500005112,172,13092,51,92,8,4,17,23.0,8.35,20.883534136546185,35.18317158202205
Indiana,2023-05-17,"Title 68, Article 24",boxing and mixed martial arts,indiana gaming commission,,"Industry, Commerce, and Development",3500005113,406,32928,53,253,25,29,46,29.0,8.58,20.972354623450904,32.66754441271372
Indiana,2023-05-17,"Title 68, Article 25",limited mobile gaming,indiana gaming commission,,"Industry, Commerce, and Development",3500005114,182,11698,116,47,1,1,17,19.0,8.08,9.774436090225564,34.78258962833023
Indiana,2023-05-17,"Title 68, Article 26",paid fantasy sports,indiana gaming commission,,"Industry, Commerce, and Development",3500005115,126,8590,74,27,7,4,14,23.0,8.15,12.023460410557185,35.455666059672225
Indiana,2023-05-17,"Title 68, Article 27",sports wagering,indiana gaming commission,,"Industry, Commerce, and Development",3500005116,347,20364,224,61,7,28,27,25.0,8.58,16.14654002713704,37.319388529085714
Indiana,2023-05-17,"Title 68, Article 3",minority and women s business enterprises,indiana gaming commission,,"Industry, Commerce, and Development",3500005094,40,5304,31,1,4,0,4,31.0,7.51,10.738255033557047,36.36113963039014
Indiana,2023-05-17,"Title 68, Article 3-1",additional requirements for licensees,indiana gaming commission,,"Industry, Commerce, and Development",3500005095,26,2268,14,4,0,3,5,28.0,7.08,23.943661971830984,36.48088064889919
Indiana,2023-05-17,"Title 68, Article 4",corporations,indiana gaming commission,,"Industry, Commerce, and Development",3500005096,40,3650,25,7,0,2,6,35.0,7.87,16.666666666666664,33.84435537742151
Indiana,2023-05-17,"Title 68, Article 5",transfer of ownership,indiana gaming commission,,"Industry, Commerce, and Development",3500005097,70,6685,25,30,5,0,10,30.0,7.83,12.562814070351758,35.46990436902306
Indiana,2023-05-17,"Title 68, Article 6",exclusion and eviction of persons,indiana gaming commission,,"Industry, Commerce, and Development",3500005098,91,7330,50,39,1,1,0,24.0,8.04,12.454212454212454,32.47235576923077
Indiana,2023-05-17,"Title 68, Article 7",denial and exclusion hearings,indiana gaming commission,,"Industry, Commerce, and Development",3500005099,39,3485,31,6,2,0,0,25.0,7.53,15.384615384615383,31.273044151820294
Indiana,2023-05-17,"Title 68, Article 8",public safety and excursions,indiana gaming commission,,"Industry, Commerce, and Development",3500005100,61,7225,59,1,0,0,1,22.0,7.63,4.6263345195729535,37.65056266977105
Indiana,2023-05-17,"Title 68, Article 9",ethics,indiana gaming commission,,"Industry, Commerce, and Development",3500005101,45,6418,38,1,1,2,3,22.0,7.13,5.952380952380952,35.63414120126449
Indiana,2023-05-17,"Title 710, Article 1",general provisions,securities division,,"Banking, Insurance, and Securities",3500005573,16,4131,12,2,0,0,2,16.0,7.4,4.867256637168142,39.883245149911815
Indiana,2023-05-17,"Title 710, Article 2",supervision of continuing care contracts,securities division,,"Banking, Insurance, and Securities",3500005574,51,4392,39,4,0,0,8,28.0,8.09,11.594202898550725,35.09652173913044
Indiana,2023-05-17,"Title 710, Article 4",uniform securities,securities division,,"Banking, Insurance, and Securities",3500005575,545,44294,372,56,11,2,104,15.0,9.37,11.739594450373533,35.26877765202181
Indiana,2023-05-17,"Title 71, Article 1",definitions,indiana horse racing commission,,"Culture, Recreation, and the Arts",3500005117,13,17175,5,5,0,1,2,31.0,7.13,3.881278538812785,29.607391640866872
Indiana,2023-05-17,"Title 71, Article 10",due process and disciplinary action,indiana horse racing commission,,"Culture, Recreation, and the Arts",3500005133,158,14675,99,40,6,1,12,30.0,8.36,21.689497716894977,31.762253857301168
Indiana,2023-05-17,"Title 71, Article 11",permit application requirements and criteria,indiana horse racing commission,,"Culture, Recreation, and the Arts",3500005134,85,7471,54,4,1,0,26,29.0,8.27,14.71861471861472,35.26093489148581
Indiana,2023-05-17,"Title 71, Article 12",satellite facility and simulcasting,indiana horse racing commission,,"Culture, Recreation, and the Arts",3500005135,117,11542,94,3,3,0,17,31.0,8.22,14.285714285714285,35.0398451730419
Indiana,2023-05-17,"Title 71, Article 13",registered horsemen s associations,indiana horse racing commission,,"Culture, Recreation, and the Arts",3500005136,47,4268,26,5,0,1,15,38.0,7.82,21.782178217821784,35.50684931506849
Indiana,2023-05-17,"Title 71, Article 13-5",thoroughbred development program,indiana horse racing commission,,"Culture, Recreation, and the Arts",3500005137,51,4118,12,34,0,0,5,26.0,7.76,20.28985507246377,29.96296296296296
Indiana,2023-05-17,"Title 71, Article 14",standardbred development program,indiana horse racing commission,,"Culture, Recreation, and the Arts",3500005138,31,2407,3,28,0,0,0,22.0,7.59,8.0,31.695903361344534
Indiana,2023-05-17,"Title 71, Article 14-5",quarter horse development program,indiana horse racing commission,,"Culture, Recreation, and the Arts",3500005139,64,5176,6,50,0,0,8,27.0,7.84,18.452380952380956,29.495027349577324
Indiana,2023-05-17,"Title 71, Article 1-5",flat racing definitions,indiana horse racing commission,,"Culture, Recreation, and the Arts",3500005118,8,16808,5,0,0,1,2,32.0,7.06,3.4739454094292808,29.302212299573775
Indiana,2023-05-17,"Title 71, Article 2",commission,indiana horse racing commission,,"Culture, Recreation, and the Arts",3500005119,41,3843,25,7,4,1,4,27.0,7.93,11.904761904761903,32.30273640457222
Indiana,2023-05-17,"Title 71, Article 3",officials,indiana horse racing commission,,"Culture, Recreation, and the Arts",3500005120,105,10275,91,3,1,3,7,27.0,7.84,12.232415902140673,31.18070465180292
Indiana,2023-05-17,"Title 71, Article 3-5",flat racing officials,indiana horse racing commission,,"Culture, Recreation, and the Arts",3500005121,137,12026,120,2,1,3,11,31.0,7.89,11.50442477876106,31.508570113884733
Indiana,2023-05-17,"Title 71, Article 4",associations,indiana horse racing commission,,"Culture, Recreation, and the Arts",3500005122,177,9696,130,27,2,1,17,29.0,8.32,10.437710437710438,32.12382465898556
Indiana,2023-05-17,"Title 71, Article 4-5",flat racing associations,indiana horse racing commission,,"Culture, Recreation, and the Arts",3500005123,179,9350,131,29,2,1,16,29.0,8.24,8.480565371024735,32.52942801878972
Indiana,2023-05-17,"Title 71, Article 5",licensees,indiana horse racing commission,,"Culture, Recreation, and the Arts",3500005124,168,13358,118,11,2,10,27,28.0,8.37,10.926365795724466,32.36402444940332
Indiana,2023-05-17,"Title 71, Article 5-5",flat racing licensees,indiana horse racing commission,,"Culture, Recreation, and the Arts",3500005125,214,16659,163,8,2,14,27,28.0,8.32,11.60541586073501,32.0341812400636
Indiana,2023-05-17,"Title 71, Article 6",types of races,indiana horse racing commission,,"Culture, Recreation, and the Arts",3500005126,150,6811,106,33,3,1,7,29.0,8.51,29.09090909090909,28.168931704799583
Indiana,2023-05-17,"Title 71, Article 6-5",flat racing claiming races,indiana horse racing commission,,"Culture, Recreation, and the Arts",3500005127,48,2965,41,1,1,3,2,36.0,7.89,21.62162162162162,27.82382133995037
Indiana,2023-05-17,"Title 71, Article 7",rules of the race,indiana horse racing commission,,"Culture, Recreation, and the Arts",3500005128,311,23349,235,55,5,3,13,31.0,8.27,25.26158445440957,26.87032246939128
Indiana,2023-05-17,"Title 71, Article 7-5",flat racing rules of the race,indiana horse racing commission,,"Culture, Recreation, and the Arts",3500005129,269,19266,222,28,5,2,12,35.0,8.7,35.45816733067729,28.215049607009405
Indiana,2023-05-17,"Title 71, Article 8",human and equine health,indiana horse racing commission,,"Culture, Recreation, and the Arts",3500005130,345,25218,255,43,5,36,6,33.0,8.92,19.054441260744987,33.11926830464421
Indiana,2023-05-17,"Title 71, Article 8-5",flat racing human and equine health,indiana horse racing commission,,"Culture, Recreation, and the Arts",3500005131,414,28577,319,39,4,43,9,33.0,8.92,19.26020408163265,33.42999870806597
Indiana,2023-05-17,"Title 71, Article 9",pari mutuel wagering,indiana horse racing commission,,"Culture, Recreation, and the Arts",3500005132,479,31987,393,49,3,8,26,33.0,8.56,43.11310190369541,31.605798371490124
Indiana,2023-05-17,"Title 750, Article 1",uniform consumer credit code,department of financial institutions,,"Banking, Insurance, and Securities",3500005576,6,929,3,0,0,0,3,,6.83,0.0,26.369477911646587
Indiana,2023-05-17,"Title 750, Article 2",banks and trust companies,department of financial institutions,,"Banking, Insurance, and Securities",3500005577,0,412,0,0,0,0,0,12.0,6.29,0.0,41.80921052631579
Indiana,2023-05-17,"Title 750, Article 5",building and loan associations,department of financial institutions,,"Banking, Insurance, and Securities",3500005578,0,361,0,0,0,0,0,10.0,5.91,0.0,39.65843621399177
Indiana,2023-05-17,"Title 750, Article 6",industrial loan and investment,department of financial institutions,,"Banking, Insurance, and Securities",3500005579,0,452,0,0,0,0,0,10.0,5.64,0.0,43.8029197080292
Indiana,2023-05-17,"Title 750, Article 7",pawnbroking,department of financial institutions,,"Banking, Insurance, and Securities",3500005580,0,193,0,0,0,0,0,8.0,5.16,0.0,40.59649122807018
Indiana,2023-05-17,"Title 750, Article 8",reporting procedures,department of financial institutions,,"Banking, Insurance, and Securities",3500005581,0,89,0,0,0,0,0,8.0,4.67,0.0,40.75438596491228
Indiana,2023-05-17,"Title 750, Article 9",mortgage lenders and originators,department of financial institutions,,"Banking, Insurance, and Securities",3500005582,130,16310,61,30,13,3,23,38.0,8.81,20.822622107969156,35.74029588399004
Indiana,2023-05-17,"Title 75, Article 3",salvage vehicle regulations,secretary of state,,Administration,3500005140,35,4146,12,16,1,0,6,25.0,7.66,11.971830985915492,32.57612231620039
Indiana,2023-05-17,"Title 75, Article 5",watercraft,secretary of state,,Administration,3500005141,45,5825,13,22,5,0,5,23.0,7.32,6.132075471698113,32.85291943828529
Indiana,2023-05-17,"Title 75, Article 6",auto dealer services,secretary of state,,Administration,3500005142,119,9394,21,66,13,0,19,25.0,7.93,12.865497076023392,33.558657062001544
Indiana,2023-05-17,"Title 75, Article 7",notary public governance,secretary of state,,Administration,3500005143,79,5894,18,56,0,3,2,23.0,7.87,15.789473684210526,36.24564715754144
Indiana,2023-05-17,"Title 760, Article 1",general provisions,department of insurance,,"Banking, Insurance, and Securities",3500005583,2643,261754,1799,324,62,39,419,32.0,9.89,24.563992487255167,35.105901812389845
Indiana,2023-05-17,"Title 760, Article 2",long term care insurance coverage,department of insurance,,"Banking, Insurance, and Securities",3500005584,441,42929,309,44,16,4,68,30.0,8.88,21.02839600920952,34.317730990081785
Indiana,2023-05-17,"Title 760, Article 3",medicare supplement insurance minimum standards,department of insurance,,"Banking, Insurance, and Securities",3500005585,358,34196,301,18,14,5,20,30.0,9.01,21.96969696969697,36.637737007229575
Indiana,2023-05-17,"Title 760, Article 4",navigators and application organizations,department of insurance,,"Banking, Insurance, and Securities",3500005586,135,11515,107,14,1,2,11,29.0,8.19,14.905149051490516,42.01947581062882
Indiana,2023-05-17,"Title 760, Article 5",pharmacy benefit manager standards,department of insurance,,"Banking, Insurance, and Securities",3500005587,78,5951,6,60,4,0,8,23.0,7.93,16.228070175438596,37.10679196924392
Indiana,2023-05-17,"Title 762, Article 2",membership in political subdivision risk management fund and catastrophic liability fund,indiana political subdivision risk management commission,,"Banking, Insurance, and Securities",3500005588,9,1186,9,0,0,0,0,24.0,7.0,14.285714285714285,36.89717514124294
Indiana,2023-05-17,"Title 804, Article 1-1",registration code of conduct for architects,board of registration for architects and landscape architects,,"Industry, Commerce, and Development",3500005589,145,13741,102,15,2,0,26,26.0,8.16,7.555555555555555,39.11505397840864
Indiana,2023-05-17,"Title 808, Article 1",general provisions,state athletic commission,,"Culture, Recreation, and the Arts",3500005590,4,1809,0,2,0,2,0,14.0,6.14,0.0,41.48693379790941
Indiana,2023-05-17,"Title 808, Article 2",boxing and other ring exhibitions,state athletic commission,,"Culture, Recreation, and the Arts",3500005591,2,2807,0,0,0,2,0,14.0,6.22,0.0,42.33369214208827
Indiana,2023-05-17,"Title 80, Article 1",procurement of property,state fair commission,,"Culture, Recreation, and the Arts",3500005144,2,2734,0,0,0,2,0,14.0,5.84,0.0,40.89952153110048
Indiana,2023-05-17,"Title 80, Article 10",disposal of property,state fair commission,,"Culture, Recreation, and the Arts",3500005149,25,1776,16,9,0,0,0,21.0,7.31,6.493506493506493,33.52768284347232
Indiana,2023-05-17,"Title 80, Article 11",general operations,state fair commission,,"Culture, Recreation, and the Arts",3500005150,26,2382,11,3,0,12,0,22.0,7.63,11.702127659574469,34.71868250539957
Indiana,2023-05-17,"Title 80, Article 12",code of ethics,state fair commission,,"Culture, Recreation, and the Arts",3500005151,1,103,1,0,0,0,0,12.0,5.36,0.0,30.892307692307693
Indiana,2023-05-17,"Title 80, Article 2",real property contracting procedures,state fair commission,,"Culture, Recreation, and the Arts",3500005145,0,712,0,0,0,0,0,15.0,5.79,0.0,39.84518828451883
Indiana,2023-05-17,"Title 80, Article 7",definitions,state fair commission,,"Culture, Recreation, and the Arts",3500005146,1,4651,0,0,0,0,1,24.0,7.04,5.806451612903226,36.63860572180204
Indiana,2023-05-17,"Title 80, Article 8",procurement of services and supplies,state fair commission,,"Culture, Recreation, and the Arts",3500005147,92,5835,56,17,4,3,12,25.0,8.09,28.98550724637681,37.172857745884336
Indiana,2023-05-17,"Title 80, Article 9",commission works,state fair commission,,"Culture, Recreation, and the Arts",3500005148,101,7071,74,15,2,1,9,28.0,7.93,19.913419913419915,35.391091703056766
Indiana,2023-05-17,"Title 810, Article 2",health care volunteer registry,indiana professional licensing agency,,"Industry, Commerce, and Development",3500005592,10,919,9,0,0,0,1,24.0,6.55,6.451612903225806,35.1952
Indiana,2023-05-17,"Title 812, Article 1",general provisions,indiana auctioneer commission,,"Industry, Commerce, and Development",3500005593,39,5457,26,3,1,4,5,27.0,7.39,10.240963855421686,34.34715606612497
Indiana,2023-05-17,"Title 812, Article 2",auctioneer courses and initial education course providers,indiana auctioneer commission,,"Industry, Commerce, and Development",3500005594,98,6965,33,34,7,4,20,24.0,7.5,12.295081967213116,35.907051973258575
Indiana,2023-05-17,"Title 812, Article 3",continuing education,indiana auctioneer commission,,"Industry, Commerce, and Development",3500005595,61,5203,24,21,1,1,14,23.0,7.73,11.224489795918368,36.978136387298285
Indiana,2023-05-17,"Title 816, Article 1",barber schools and shops,board of barber examiners,,"Industry, Commerce, and Development",3500005596,8,904,0,0,0,6,2,16.0,5.89,0.0,37.69522240527183
Indiana,2023-05-17,"Title 820, Article 2",licensing,state board of cosmetology and barber examiners,,"Industry, Commerce, and Development",3500005597,28,2900,12,5,2,4,5,27.0,7.14,8.98876404494382,35.95284974093264
Indiana,2023-05-17,"Title 820, Article 3",sanitary and equipment requirements,state board of cosmetology and barber examiners,,"Industry, Commerce, and Development",3500005598,134,8934,91,25,1,3,14,27.0,7.76,8.480565371024735,32.6638084452354
Indiana,2023-05-17,"Title 820, Article 4",cosmetology schools,state board of cosmetology and barber examiners,,"Industry, Commerce, and Development",3500005599,191,15319,70,44,10,9,58,31.0,8.54,3.4246575342465757,35.5574439907295
Indiana,2023-05-17,"Title 820, Article 5",tanning facilities,state board of cosmetology and barber examiners,,"Industry, Commerce, and Development",3500005600,98,9639,66,17,4,0,11,28.0,7.9,8.650519031141869,32.52338235294118
Indiana,2023-05-17,"Title 820, Article 7",fees,state board of cosmetology and barber examiners,,"Industry, Commerce, and Development",3500005601,3,406,3,0,0,0,0,30.0,6.3,0.0,44.70512820512821
Indiana,2023-05-17,"Title 820, Article 8",barber schools and shops,state board of cosmetology and barber examiners,,"Industry, Commerce, and Development",3500005602,78,9798,30,27,1,2,18,34.0,8.19,5.64516129032258,32.02151260504202
Indiana,2023-05-17,"Title 820, Article 9",convictions of concern,state board of cosmetology and barber examiners,,"Industry, Commerce, and Development",3500005603,4,4556,2,0,0,2,0,12.0,7.54,0.3484320557491289,40.29639570552147
Indiana,2023-05-17,"Title 824, Article 1",dealers and warehouse licensing and bonding,indiana grain buyers and warehouse licensing agency,,"Industry, Commerce, and Development",3500005604,0,141,0,0,0,0,0,13.0,5.86,0.0,39.20560747663552
Indiana,2023-05-17,"Title 824, Article 2",grain buyers and warehouse licensing and bonding,indiana grain buyers and warehouse licensing agency,,"Industry, Commerce, and Development",3500005605,325,16730,276,18,1,3,27,24.0,8.49,17.432646592709986,31.893663831035493
Indiana,2023-05-17,"Title 825, Article 1",grain indemnity corporation,indiana grain indemnity corporation,,"Industry, Commerce, and Development",3500005606,10,1547,10,0,0,0,0,20.0,6.65,1.5625,33.30860534124629
Indiana,2023-05-17,"Title 828, Article 0-5",general provisions,state board of dentistry,,Health Services,3500005607,4,3686,3,1,0,0,0,31.0,6.95,2.272727272727273,35.34458174904943
Indiana,2023-05-17,"Title 828, Article 1",licensure of dentists and dental hygienists,state board of dentistry,,Health Services,3500005608,164,15065,70,65,5,1,23,26.0,8.4,9.14396887159533,34.48636926889715
Indiana,2023-05-17,"Title 828, Article 3",anesthesia and sedation,state board of dentistry,,Health Services,3500005609,83,5771,27,41,0,0,15,23.0,8.22,7.727272727272727,38.25415466430312
Indiana,2023-05-17,"Title 828, Article 4",mobile dental facilities and portable dental operations,state board of dentistry,,Health Services,3500005610,43,3355,33,4,0,3,3,30.0,7.5,18.181818181818183,34.76866251944013
Indiana,2023-05-17,"Title 828, Article 5",instructor s licenses,state board of dentistry,,Health Services,3500005611,48,2878,25,12,1,0,10,31.0,7.53,15.66265060240964,34.97856242118537
Indiana,2023-05-17,"Title 828, Article 6",dental assistants,state board of dentistry,,Health Services,3500005612,12,1236,6,3,3,0,0,25.0,7.13,4.444444444444445,37.466990291262135
Indiana,2023-05-17,"Title 830, Article 1",dietitians certification,indiana dietitians certification board,,Health Services,3500005613,0,291,0,0,0,0,0,12.0,5.34,0.0,48.54589371980676
Indiana,2023-05-17,"Title 832, Article 1",general provisions,state board of funeral and cemetery service,,"Industry, Commerce, and Development",3500005614,14,1545,0,0,0,6,8,21.0,6.1,0.0,38.37426326129666
Indiana,2023-05-17,"Title 832, Article 2",general provisions,state board of funeral and cemetery service,,"Industry, Commerce, and Development",3500005615,31,2841,21,5,0,0,5,31.0,7.72,12.658227848101266,30.73184898354308
Indiana,2023-05-17,"Title 832, Article 3",education examination and licensure,state board of funeral and cemetery service,,"Industry, Commerce, and Development",3500005616,22,2062,11,7,0,0,4,22.0,7.32,1.25,33.92328767123288
Indiana,2023-05-17,"Title 832, Article 4",continuing education license restoration and renewal,state board of funeral and cemetery service,,"Industry, Commerce, and Development",3500005617,29,2278,9,14,0,0,6,25.0,7.37,9.090909090909092,34.88494492044064
Indiana,2023-05-17,"Title 832, Article 5",licensure and operation of funeral homes,state board of funeral and cemetery service,,"Industry, Commerce, and Development",3500005618,36,2717,21,10,0,0,5,26.0,7.48,14.942528735632186,30.91340206185567
Indiana,2023-05-17,"Title 832, Article 6",funeral trust funds,state board of funeral and cemetery service,,"Industry, Commerce, and Development",3500005619,7,822,3,1,1,0,2,34.0,7.08,28.57142857142857,33.742765273311896
Indiana,2023-05-17,"Title 832, Article 7",preneed funeral burial services or merchandise contracts,state board of funeral and cemetery service,,"Industry, Commerce, and Development",3500005620,35,4031,25,1,1,2,6,33.0,7.54,16.9811320754717,31.476158495634653
Indiana,2023-05-17,"Title 832, Article 8",consumer protection funds,state board of funeral and cemetery service,,"Industry, Commerce, and Development",3500005621,14,1794,10,3,0,0,1,20.0,7.35,7.792207792207792,35.29823269513991
Indiana,2023-05-17,"Title 832, Article 9",convictions of concern,state board of funeral and cemetery service,,"Industry, Commerce, and Development",3500005622,7,6058,2,0,0,5,0,11.0,7.78,0.2512562814070351,40.732618771726536
Indiana,2023-05-17,"Title 836, Article 1",emergency medical services,indiana emergency medical services commission,,Health Services,3500005623,304,22877,254,5,1,2,42,19.0,9.21,7.8125,40.38262987012987
Indiana,2023-05-17,"Title 836, Article 2",advanced life support,indiana emergency medical services commission,,Health Services,3500005624,213,11593,179,7,0,2,25,23.0,8.43,9.67741935483871,44.53507679535077
Indiana,2023-05-17,"Title 836, Article 3",air ambulances,indiana emergency medical services commission,,Health Services,3500005625,173,9350,141,3,0,1,28,23.0,8.43,7.6923076923076925,39.548018292682926
Indiana,2023-05-17,"Title 836, Article 4",training and certification,indiana emergency medical services commission,,Health Services,3500005626,189,14013,137,12,0,4,36,26.0,8.16,5.473684210526316,43.29931131908882
Indiana,2023-05-17,"Title 839, Article 1",general provisions,behavioral health and human services licensing board,,Social Assistance,3500005627,239,19004,136,48,5,0,50,25.0,8.57,9.66325036603221,37.97862484282973
Indiana,2023-05-17,"Title 840, Article 1",general provisions,indiana state board of health facility administrators,,Health Services,3500005628,82,8856,40,14,3,0,25,31.0,8.27,12.648221343873518,34.25912566729188
Indiana,2023-05-17,"Title 840, Article 2",standards of competent practice,indiana state board of health facility administrators,,Health Services,3500005629,9,1499,6,0,1,0,2,26.0,7.38,4.0,36.323076923076925
Indiana,2023-05-17,"Title 842, Article 1",physical therapists and physical therapists assistants,indiana board of physical therapy,,Health Services,3500005630,120,9570,80,19,4,0,17,32.0,8.52,18.014705882352946,36.106217957144736
Indiana,2023-05-17,"Title 844, Article 1",general provisions,medical licensing board of indiana,,Health Services,3500005631,0,578,0,0,0,0,0,17.0,5.8,0.0,45.205263157894734
Indiana,2023-05-17,"Title 844, Article 10",occupational therapists and occupational therapy assistants,medical licensing board of indiana,,Health Services,3500005638,71,7155,37,11,5,2,16,25.0,7.6,9.913793103448276,37.52242198801405
Indiana,2023-05-17,"Title 844, Article 11",respiratory care practitioners,medical licensing board of indiana,,Health Services,3500005639,55,5613,38,3,1,0,13,25.0,7.81,6.842105263157896,38.423690773067335
Indiana,2023-05-17,"Title 844, Article 12",hypnotist committee,medical licensing board of indiana,,Health Services,3500005640,0,166,0,0,0,0,0,7.0,4.91,0.0,42.8
Indiana,2023-05-17,"Title 844, Article 13",acupuncturists,medical licensing board of indiana,,Health Services,3500005641,87,7514,70,8,3,0,6,29.0,7.84,15.11111111111111,38.76225361939648
Indiana,2023-05-17,"Title 844, Article 14",genetic counselors,medical licensing board of indiana,,Health Services,3500005642,16,2181,8,2,0,0,6,24.0,6.63,5.47945205479452,34.065714285714286
Indiana,2023-05-17,"Title 844, Article 15",anesthesiologist assistants,medical licensing board of indiana,,Health Services,3500005643,18,1879,7,6,1,1,3,24.0,7.81,11.428571428571429,47.49933949801849
Indiana,2023-05-17,"Title 844, Article 16",high breast density guidelines,medical licensing board of indiana,,Health Services,3500005644,4,807,3,0,0,0,1,24.0,7.23,6.896551724137931,34.177115987460816
Indiana,2023-05-17,"Title 844, Article 17",certified direct entry midwives,medical licensing board of indiana,,Health Services,3500005645,46,3645,32,9,1,0,4,18.0,8.35,11.666666666666666,41.17172390796932
Indiana,2023-05-17,"Title 844, Article 18",diabetes educators,medical licensing board of indiana,,Health Services,3500005646,17,1923,15,1,1,0,0,24.0,7.3,6.153846153846154,40.89515545914679
Indiana,2023-05-17,"Title 844, Article 19",dietitians certification,medical licensing board of indiana,,Health Services,3500005647,59,4000,48,7,0,0,4,26.0,7.76,8.270676691729323,40.2807679122386
Indiana,2023-05-17,"Title 844, Article 2-2",physician assistants,medical licensing board of indiana,,Health Services,3500005632,82,8820,50,16,2,1,13,27.0,8.22,20.43010752688172,37.44567791592658
Indiana,2023-05-17,"Title 844, Article 4",medical doctors osteopathic doctors,medical licensing board of indiana,,Health Services,3500005633,87,9397,47,28,0,0,12,28.0,7.77,11.538461538461538,34.89305515027721
Indiana,2023-05-17,"Title 844, Article 5",standards of professional conduct and competent practice of medicine,medical licensing board of indiana,,Health Services,3500005634,220,20227,136,48,6,5,25,28.0,8.65,16.693418940609952,37.58281647842266
Indiana,2023-05-17,"Title 844, Article 6",physical therapists and physical therapists assistants,medical licensing board of indiana,,Health Services,3500005635,0,1170,0,0,0,0,0,15.0,5.85,0.0,42.85365853658536
Indiana,2023-05-17,"Title 844, Article 7",reinstatement to practice,medical licensing board of indiana,,Health Services,3500005636,8,965,8,0,0,0,0,25.0,7.06,11.428571428571429,37.18577075098814
Indiana,2023-05-17,"Title 844, Article 9",hearing aid dealers,medical licensing board of indiana,,Health Services,3500005637,26,3547,16,6,1,0,3,25.0,7.93,12.8,35.61609792284867
Indiana,2023-05-17,"Title 845, Article 1",podiatrists,board of podiatric medicine,,Health Services,3500005648,84,8664,63,8,3,0,10,32.0,8.4,18.93004115226337,34.77434220306229
Indiana,2023-05-17,"Title 845, Article 2",opioid prescribing requirements,board of podiatric medicine,,Health Services,3500005649,36,2788,21,6,1,0,8,26.0,8.15,33.33333333333333,37.45845760545377
Indiana,2023-05-17,"Title 846, Article 1",general provisions,board of chiropractic examiners,,Health Services,3500005650,123,8451,81,20,4,2,16,27.0,8.25,11.439114391143912,36.30737199259716
Indiana,2023-05-17,"Title 847, Article 1",massage therapist licensure,state board of massage therapy,,Health Services,3500005651,30,3936,14,3,2,0,11,21.0,7.78,15.0,35.859986504723345
Indiana,2023-05-17,"Title 847, Article 2",fees,state board of massage therapy,,Health Services,3500005652,3,144,2,0,0,0,1,17.0,5.84,0.0,42.96808510638298
Indiana,2023-05-17,"Title 848, Article 1",registered nurses and practical nurses,indiana state board of nursing,,Health Services,3500005653,191,11419,180,2,1,0,8,22.0,8.39,5.42299349240781,36.31845637583893
Indiana,2023-05-17,"Title 848, Article 2",standards for the competent practice of registered and licensed practical nursing,indiana state board of nursing,,Health Services,3500005654,8,2342,8,0,0,0,0,23.0,7.55,8.695652173913043,39.7417943107221
Indiana,2023-05-17,"Title 848, Article 3",nurse midwives,indiana state board of nursing,,Health Services,3500005655,20,3203,18,0,0,0,2,23.0,7.04,3.508771929824561,32.2093690248566
Indiana,2023-05-17,"Title 848, Article 4",advanced practice nursing and prescriptive authority for advanced practice nursing,indiana state board of nursing,,Health Services,3500005656,7,2474,4,1,0,0,2,25.0,7.59,5.681818181818182,39.48203285420944
Indiana,2023-05-17,"Title 848, Article 5",prescriptive authority for advanced practice nursing,indiana state board of nursing,,Health Services,3500005657,61,5285,39,11,1,0,10,28.0,8.42,26.55367231638418,38.54169461211715
Indiana,2023-05-17,"Title 848, Article 7",indiana state nurses assistance program,indiana state board of nursing,,Health Services,3500005658,25,2275,20,5,0,0,0,23.0,7.57,26.08695652173913,35.57802547770701
Indiana,2023-05-17,"Title 852, Article 1",general provisions,indiana optometry board,,Health Services,3500005659,126,12100,69,17,6,0,34,25.0,8.32,14.218009478672986,36.967862645828745
Indiana,2023-05-17,"Title 852, Article 3",formulary of legend drugs,indiana optometry board,,Health Services,3500005660,3,454,0,0,0,1,2,15.0,6.13,0.0,37.09712230215828
Indiana,2023-05-17,"Title 856, Article 1",pharmacies and pharmacists,indiana board of pharmacy,,Health Services,3500005661,404,40218,251,83,7,7,56,25.0,8.86,13.911143481427532,36.36181909045477
Indiana,2023-05-17,"Title 856, Article 2",controlled substances,indiana board of pharmacy,,Health Services,3500005662,359,32480,268,26,4,3,58,2.0,8.99,1.516332459434564,39.00328807396232
Indiana,2023-05-17,"Title 856, Article 3",wholesale legend drugs,indiana board of pharmacy,,Health Services,3500005663,21,2192,19,0,0,0,2,21.0,7.08,6.896551724137931,36.021291696238464
Indiana,2023-05-17,"Title 856, Article 4",pharmacist vaccinations administered via protocol authority,indiana board of pharmacy,,Health Services,3500005664,24,1626,6,7,1,1,9,20.0,7.43,10.0,44.691693290734825
Indiana,2023-05-17,"Title 856, Article 5",automated medication systems,indiana board of pharmacy,,Health Services,3500005665,13,1833,11,1,0,0,1,31.0,7.1,5.88235294117647,38.23559077809799
Indiana,2023-05-17,"Title 856, Article 7",prescription drug take back programs,indiana board of pharmacy,,Health Services,3500005666,53,5260,20,19,1,0,13,26.0,7.74,14.450867052023122,34.04212860310421
Indiana,2023-05-17,"Title 857, Article 2",formulary of legend drugs,indiana optometric legend drug prescription advisory committee,,Health Services,3500005667,2,1228,0,0,0,0,2,15.0,5.77,0.0,47.59922178988327
Indiana,2023-05-17,"Title 860, Article 1",general provisions,indiana plumbing commission,,"Industry, Commerce, and Development",3500005668,62,5535,31,15,0,2,14,28.0,7.58,16.149068322981368,34.80970556161396
Indiana,2023-05-17,"Title 860, Article 2",apprentice plumber,indiana plumbing commission,,"Industry, Commerce, and Development",3500005669,17,1769,7,7,1,0,2,28.0,7.03,1.96078431372549,36.47860262008734
Indiana,2023-05-17,"Title 864, Article 1-1",administration general requirements,state board of registration for professional engineers,,"Industry, Commerce, and Development",3500005670,189,20468,116,25,2,8,38,28.0,8.09,11.378205128205128,38.01673317930407
Indiana,2023-05-17,"Title 865, Article 1",general provisions,state board of registration for professional surveyors,,"Industry, Commerce, and Development",3500005671,318,32569,180,54,7,8,69,28.0,8.64,17.302052785923756,34.9693973442288
Indiana,2023-05-17,"Title 868, Article 1-1",general provisions,state psychology board,,Health Services,3500005672,210,16126,129,42,5,2,32,25.0,8.59,11.20689655172414,39.19818298761859
Indiana,2023-05-17,"Title 872, Article 1",general provisions,indiana board of accountancy,,"Industry, Commerce, and Development",3500005673,158,19006,74,33,4,2,45,30.0,8.34,10.166358595194083,34.514649966450456
Indiana,2023-05-17,"Title 874, Article 1",private investigator firms and security guard agencies,private investigator and security guard licensing board,,"Security, Justice, and Corrections",3500005674,26,3437,13,7,0,0,6,30.0,7.54,5.88235294117647,35.70590405904059
Indiana,2023-05-17,"Title 874, Article 2",private investigator firms and security guard agencies,private investigator and security guard licensing board,,"Security, Justice, and Corrections",3500005675,4,269,4,0,0,0,0,20.0,5.99,33.33333333333333,32.56603773584906
Indiana,2023-05-17,"Title 876, Article 1",general provisions,indiana real estate commission,,"Industry, Commerce, and Development",3500005676,0,2186,0,0,0,0,0,18.0,6.31,1.9417475728155336,41.039045553145336
Indiana,2023-05-17,"Title 876, Article 2",real estate courses and licensing requirements for brokers and salespersons,indiana real estate commission,,"Industry, Commerce, and Development",3500005677,8,2029,0,0,0,0,8,14.0,6.0,0.0,40.62877030162413
Indiana,2023-05-17,"Title 876, Article 3",real estate appraiser licensure and certification,indiana real estate commission,,"Industry, Commerce, and Development",3500005678,191,20817,73,67,9,1,41,34.0,8.49,14.495412844036698,38.06040093725592
Indiana,2023-05-17,"Title 876, Article 5",general provisions,indiana real estate commission,,"Industry, Commerce, and Development",3500005679,3,2206,2,0,0,0,1,22.0,6.19,1.36986301369863,32.68771043771044
Indiana,2023-05-17,"Title 876, Article 6",real estate schools prelicensing education examination,indiana real estate commission,,"Industry, Commerce, and Development",3500005680,125,8833,73,19,4,4,25,17.0,8.14,6.652360515021459,36.2786276548344
Indiana,2023-05-17,"Title 876, Article 7",managing broker education postlicensure education continuing education instructor education,indiana real estate commission,,"Industry, Commerce, and Development",3500005681,124,10177,53,29,1,2,39,15.0,8.46,4.193548387096775,38.42949194547708
Indiana,2023-05-17,"Title 876, Article 8",operation of broker companies and other provisions concerning real estate practice,indiana real estate commission,,"Industry, Commerce, and Development",3500005682,64,4803,52,6,3,0,3,30.0,7.74,20.28985507246377,33.56869519000797
Indiana,2023-05-17,"Title 876, Article 9",residential real estate sales disclosure,indiana real estate commission,,"Industry, Commerce, and Development",3500005683,6,1474,0,1,2,0,3,22.0,8.25,18.75,34.07915758896151
Indiana,2023-05-17,"Title 877, Article 1",real estate appraisal management companies,real estate appraiser licensure and certification board,,Taxes and Public Finance,3500005684,1,177,1,0,0,0,0,13.0,5.95,0.0,45.84615384615385
Indiana,2023-05-17,"Title 878, Article 1",general provisions,home inspectors licensing board,,"Industry, Commerce, and Development",3500005685,124,9417,65,17,1,0,41,26.0,8.34,11.35646687697161,37.3316230083716
Indiana,2023-05-17,"Title 879, Article 1",general provisions,manufactured home installer licensing board,,"Industry, Commerce, and Development",3500005686,92,8891,33,29,7,2,21,22.0,7.91,4.285714285714286,39.09396786905123
Indiana,2023-05-17,"Title 880, Article 1",general provisions,speech language pathology and audiology board,,Health Services,3500005687,113,9375,36,39,9,2,27,23.0,8.4,8.587257617728532,37.21801460643765
Indiana,2023-05-17,"Title 888, Article 1-1",professional competence,indiana board of veterinary medical examiners,,"Industry, Commerce, and Development",3500005688,104,7713,46,27,1,0,30,26.0,8.12,16.216216216216218,37.988722466960354
Indiana,2023-05-17,"Title 896, Article 1",general provisions,board of environmental health specialists,,Health Services,3500005689,0,309,0,0,0,0,0,8.0,5.1,0.0,51.11731843575419
Indiana,2023-05-17,"Title 898, Article 1",athletic trainers licensure,indiana athletic trainers board,,"Culture, Recreation, and the Arts",3500005690,58,5248,13,33,2,0,10,26.0,7.37,5.952380952380952,33.81519565838332
Indiana,2023-05-17,"Title 905, Article 1",general provisions,alcohol and tobacco commission,,"Industry, Commerce, and Development",3500005691,623,59772,363,146,26,35,53,28.0,8.62,14.405829596412556,32.01824725488848
Indiana,2023-05-17,"Title 910, Article 1",practice and procedure before the commission,civil rights commission,,"Security, Justice, and Corrections",3500005692,182,14865,165,10,0,0,7,28.0,8.16,26.394849785407725,31.44558697514996
Indiana,2023-05-17,"Title 910, Article 2",fair housing complaints,civil rights commission,,"Security, Justice, and Corrections",3500005693,246,28025,172,36,8,14,16,28.0,9.07,21.11597374179431,34.63112416107383
Indiana,2023-05-17,"Title 910, Article 3",employment discrimination against disabled persons,civil rights commission,,"Security, Justice, and Corrections",3500005694,33,8990,15,4,3,5,6,29.0,8.09,14.855072463768115,36.728085351787776
Indiana,2023-05-17,"Title 914, Article 1",grants for veterans services,indiana department of veterans affairs,,"Security, Justice, and Corrections",3500005695,41,4240,23,15,1,0,2,21.0,7.49,8.13953488372093,36.9301007556675
Indiana,2023-05-17,"Title 915, Article 1",organization and administration,indiana veterans affairs commission,,"Security, Justice, and Corrections",3500005696,10,1120,6,2,0,2,0,25.0,6.9,5.263157894736842,35.73997569866343
Indiana,2023-05-17,"Title 915, Article 2",special institutions,indiana veterans affairs commission,,"Security, Justice, and Corrections",3500005697,56,5293,40,0,0,0,16,25.0,7.45,14.285714285714285,35.12363919129083
Indiana,2023-05-17,"Title 915, Article 3",military family relief fund,indiana veterans affairs commission,,"Security, Justice, and Corrections",3500005698,49,4861,32,12,2,0,3,24.0,7.96,12.021857923497269,36.93446989877464
Indiana,2023-05-17,"Title 920, Article 1",general provisions,indiana war memorials commission,,"Culture, Recreation, and the Arts",3500005699,49,4105,43,0,0,5,1,22.0,7.25,2.547770700636943,32.148687012065295
Indiana,2023-05-17,"Title 925, Article 2",general provisions,meridian street preservation commission,,"Culture, Recreation, and the Arts",3500005700,65,5373,54,2,1,2,6,27.0,8.0,16.477272727272727,34.57689513199322
Indiana,2023-05-17,"Title 930, Article 1",single family mortgage program,indiana housing and community development authority,,"Industry, Commerce, and Development",3500005701,0,643,0,0,0,0,0,15.0,5.63,0.0,39.360774818401936
Indiana,2023-05-17,"Title 935, Article 1",park operations,indiana white river state park development commission,,"Culture, Recreation, and the Arts",3500005702,11,2163,5,0,0,6,0,21.0,7.65,4.25531914893617,34.00677200902935
